annotations,split,image_id,panoid,heading,gsv_image_path,downloaded
,deploy,6WTqEIYWOq6mEjdMwsfQpw_0,6WTqEIYWOq6mEjdMwsfQpw,0,./data/centercity/images/6WTqEIYWOq6mEjdMwsfQpw_0.jpg,False
,deploy,6WTqEIYWOq6mEjdMwsfQpw_90,6WTqEIYWOq6mEjdMwsfQpw,90,./data/centercity/images/6WTqEIYWOq6mEjdMwsfQpw_90.jpg,False
,deploy,6WTqEIYWOq6mEjdMwsfQpw_180,6WTqEIYWOq6mEjdMwsfQpw,180,./data/centercity/images/6WTqEIYWOq6mEjdMwsfQpw_180.jpg,False
,deploy,6WTqEIYWOq6mEjdMwsfQpw_270,6WTqEIYWOq6mEjdMwsfQpw,270,./data/centercity/images/6WTqEIYWOq6mEjdMwsfQpw_270.jpg,False
,deploy,64Sz9DlAG0ThAh-yJzKk2A_0,64Sz9DlAG0ThAh-yJzKk2A,0,./data/centercity/images/64Sz9DlAG0ThAh-yJzKk2A_0.jpg,False
,deploy,64Sz9DlAG0ThAh-yJzKk2A_90,64Sz9DlAG0ThAh-yJzKk2A,90,./data/centercity/images/64Sz9DlAG0ThAh-yJzKk2A_90.jpg,False
,deploy,64Sz9DlAG0ThAh-yJzKk2A_180,64Sz9DlAG0ThAh-yJzKk2A,180,./data/centercity/images/64Sz9DlAG0ThAh-yJzKk2A_180.jpg,False
,deploy,64Sz9DlAG0ThAh-yJzKk2A_270,64Sz9DlAG0ThAh-yJzKk2A,270,./data/centercity/images/64Sz9DlAG0ThAh-yJzKk2A_270.jpg,False
,deploy,hj4cvmtrp2toj2jdTRVPNA_0,hj4cvmtrp2toj2jdTRVPNA,0,./data/centercity/images/hj4cvmtrp2toj2jdTRVPNA_0.jpg,False
,deploy,hj4cvmtrp2toj2jdTRVPNA_90,hj4cvmtrp2toj2jdTRVPNA,90,./data/centercity/images/hj4cvmtrp2toj2jdTRVPNA_90.jpg,False
,deploy,hj4cvmtrp2toj2jdTRVPNA_180,hj4cvmtrp2toj2jdTRVPNA,180,./data/centercity/images/hj4cvmtrp2toj2jdTRVPNA_180.jpg,False
,deploy,hj4cvmtrp2toj2jdTRVPNA_270,hj4cvmtrp2toj2jdTRVPNA,270,./data/centercity/images/hj4cvmtrp2toj2jdTRVPNA_270.jpg,False
,deploy,CAoSFkNJSE0wb2dLRUlDQWdJRGFxZlBaUHc._0,CAoSFkNJSE0wb2dLRUlDQWdJRGFxZlBaUHc.,0,./data/centercity/images/CAoSFkNJSE0wb2dLRUlDQWdJRGFxZlBaUHc._0.jpg,False
,deploy,CAoSFkNJSE0wb2dLRUlDQWdJRGFxZlBaUHc._90,CAoSFkNJSE0wb2dLRUlDQWdJRGFxZlBaUHc.,90,./data/centercity/images/CAoSFkNJSE0wb2dLRUlDQWdJRGFxZlBaUHc._90.jpg,False
,deploy,CAoSFkNJSE0wb2dLRUlDQWdJRGFxZlBaUHc._180,CAoSFkNJSE0wb2dLRUlDQWdJRGFxZlBaUHc.,180,./data/centercity/images/CAoSFkNJSE0wb2dLRUlDQWdJRGFxZlBaUHc._180.jpg,False
,deploy,CAoSFkNJSE0wb2dLRUlDQWdJRGFxZlBaUHc._270,CAoSFkNJSE0wb2dLRUlDQWdJRGFxZlBaUHc.,270,./data/centercity/images/CAoSFkNJSE0wb2dLRUlDQWdJRGFxZlBaUHc._270.jpg,False
,deploy,M7i4oMFP4mDOYi4Oc9mi7g_0,M7i4oMFP4mDOYi4Oc9mi7g,0,./data/centercity/images/M7i4oMFP4mDOYi4Oc9mi7g_0.jpg,False
,deploy,M7i4oMFP4mDOYi4Oc9mi7g_90,M7i4oMFP4mDOYi4Oc9mi7g,90,./data/centercity/images/M7i4oMFP4mDOYi4Oc9mi7g_90.jpg,False
,deploy,M7i4oMFP4mDOYi4Oc9mi7g_180,M7i4oMFP4mDOYi4Oc9mi7g,180,./data/centercity/images/M7i4oMFP4mDOYi4Oc9mi7g_180.jpg,False
,deploy,M7i4oMFP4mDOYi4Oc9mi7g_270,M7i4oMFP4mDOYi4Oc9mi7g,270,./data/centercity/images/M7i4oMFP4mDOYi4Oc9mi7g_270.jpg,False
,deploy,W_3uSK8GqcpLxqSkmDDsxw_0,W_3uSK8GqcpLxqSkmDDsxw,0,./data/centercity/images/W_3uSK8GqcpLxqSkmDDsxw_0.jpg,False
,deploy,W_3uSK8GqcpLxqSkmDDsxw_90,W_3uSK8GqcpLxqSkmDDsxw,90,./data/centercity/images/W_3uSK8GqcpLxqSkmDDsxw_90.jpg,False
,deploy,W_3uSK8GqcpLxqSkmDDsxw_180,W_3uSK8GqcpLxqSkmDDsxw,180,./data/centercity/images/W_3uSK8GqcpLxqSkmDDsxw_180.jpg,False
,deploy,W_3uSK8GqcpLxqSkmDDsxw_270,W_3uSK8GqcpLxqSkmDDsxw,270,./data/centercity/images/W_3uSK8GqcpLxqSkmDDsxw_270.jpg,False
,deploy,R6afsWCfMLQVkJy-Hxd0fw_0,R6afsWCfMLQVkJy-Hxd0fw,0,./data/centercity/images/R6afsWCfMLQVkJy-Hxd0fw_0.jpg,False
,deploy,R6afsWCfMLQVkJy-Hxd0fw_90,R6afsWCfMLQVkJy-Hxd0fw,90,./data/centercity/images/R6afsWCfMLQVkJy-Hxd0fw_90.jpg,False
,deploy,R6afsWCfMLQVkJy-Hxd0fw_180,R6afsWCfMLQVkJy-Hxd0fw,180,./data/centercity/images/R6afsWCfMLQVkJy-Hxd0fw_180.jpg,False
,deploy,R6afsWCfMLQVkJy-Hxd0fw_270,R6afsWCfMLQVkJy-Hxd0fw,270,./data/centercity/images/R6afsWCfMLQVkJy-Hxd0fw_270.jpg,False
,deploy,081S696M5IybtFfmHhYcoQ_0,081S696M5IybtFfmHhYcoQ,0,./data/centercity/images/081S696M5IybtFfmHhYcoQ_0.jpg,False
,deploy,081S696M5IybtFfmHhYcoQ_90,081S696M5IybtFfmHhYcoQ,90,./data/centercity/images/081S696M5IybtFfmHhYcoQ_90.jpg,False
,deploy,081S696M5IybtFfmHhYcoQ_180,081S696M5IybtFfmHhYcoQ,180,./data/centercity/images/081S696M5IybtFfmHhYcoQ_180.jpg,False
,deploy,081S696M5IybtFfmHhYcoQ_270,081S696M5IybtFfmHhYcoQ,270,./data/centercity/images/081S696M5IybtFfmHhYcoQ_270.jpg,False
,deploy,g499Y3ivIi7NrCRYsqnqww_0,g499Y3ivIi7NrCRYsqnqww,0,./data/centercity/images/g499Y3ivIi7NrCRYsqnqww_0.jpg,False
,deploy,g499Y3ivIi7NrCRYsqnqww_90,g499Y3ivIi7NrCRYsqnqww,90,./data/centercity/images/g499Y3ivIi7NrCRYsqnqww_90.jpg,False
,deploy,g499Y3ivIi7NrCRYsqnqww_180,g499Y3ivIi7NrCRYsqnqww,180,./data/centercity/images/g499Y3ivIi7NrCRYsqnqww_180.jpg,False
,deploy,g499Y3ivIi7NrCRYsqnqww_270,g499Y3ivIi7NrCRYsqnqww,270,./data/centercity/images/g499Y3ivIi7NrCRYsqnqww_270.jpg,False
,deploy,TgSlesuqzXhQ7Mn5OVCTqg_0,TgSlesuqzXhQ7Mn5OVCTqg,0,./data/centercity/images/TgSlesuqzXhQ7Mn5OVCTqg_0.jpg,False
,deploy,TgSlesuqzXhQ7Mn5OVCTqg_90,TgSlesuqzXhQ7Mn5OVCTqg,90,./data/centercity/images/TgSlesuqzXhQ7Mn5OVCTqg_90.jpg,False
,deploy,TgSlesuqzXhQ7Mn5OVCTqg_180,TgSlesuqzXhQ7Mn5OVCTqg,180,./data/centercity/images/TgSlesuqzXhQ7Mn5OVCTqg_180.jpg,False
,deploy,TgSlesuqzXhQ7Mn5OVCTqg_270,TgSlesuqzXhQ7Mn5OVCTqg,270,./data/centercity/images/TgSlesuqzXhQ7Mn5OVCTqg_270.jpg,False
,deploy,CAoSFkNJSE0wb2dLRUlDQWdJRGF5ZUNBZXc._0,CAoSFkNJSE0wb2dLRUlDQWdJRGF5ZUNBZXc.,0,./data/centercity/images/CAoSFkNJSE0wb2dLRUlDQWdJRGF5ZUNBZXc._0.jpg,False
,deploy,CAoSFkNJSE0wb2dLRUlDQWdJRGF5ZUNBZXc._90,CAoSFkNJSE0wb2dLRUlDQWdJRGF5ZUNBZXc.,90,./data/centercity/images/CAoSFkNJSE0wb2dLRUlDQWdJRGF5ZUNBZXc._90.jpg,False
,deploy,CAoSFkNJSE0wb2dLRUlDQWdJRGF5ZUNBZXc._180,CAoSFkNJSE0wb2dLRUlDQWdJRGF5ZUNBZXc.,180,./data/centercity/images/CAoSFkNJSE0wb2dLRUlDQWdJRGF5ZUNBZXc._180.jpg,False
,deploy,CAoSFkNJSE0wb2dLRUlDQWdJRGF5ZUNBZXc._270,CAoSFkNJSE0wb2dLRUlDQWdJRGF5ZUNBZXc.,270,./data/centercity/images/CAoSFkNJSE0wb2dLRUlDQWdJRGF5ZUNBZXc._270.jpg,False
,deploy,aA9mfmSrS9FXnNcDqt_Sjg_0,aA9mfmSrS9FXnNcDqt_Sjg,0,./data/centercity/images/aA9mfmSrS9FXnNcDqt_Sjg_0.jpg,False
,deploy,aA9mfmSrS9FXnNcDqt_Sjg_90,aA9mfmSrS9FXnNcDqt_Sjg,90,./data/centercity/images/aA9mfmSrS9FXnNcDqt_Sjg_90.jpg,False
,deploy,aA9mfmSrS9FXnNcDqt_Sjg_180,aA9mfmSrS9FXnNcDqt_Sjg,180,./data/centercity/images/aA9mfmSrS9FXnNcDqt_Sjg_180.jpg,False
,deploy,aA9mfmSrS9FXnNcDqt_Sjg_270,aA9mfmSrS9FXnNcDqt_Sjg,270,./data/centercity/images/aA9mfmSrS9FXnNcDqt_Sjg_270.jpg,False
,deploy,HHzJKV3iuU5JUicq4MFPSA_0,HHzJKV3iuU5JUicq4MFPSA,0,./data/centercity/images/HHzJKV3iuU5JUicq4MFPSA_0.jpg,False
,deploy,HHzJKV3iuU5JUicq4MFPSA_90,HHzJKV3iuU5JUicq4MFPSA,90,./data/centercity/images/HHzJKV3iuU5JUicq4MFPSA_90.jpg,False
,deploy,HHzJKV3iuU5JUicq4MFPSA_180,HHzJKV3iuU5JUicq4MFPSA,180,./data/centercity/images/HHzJKV3iuU5JUicq4MFPSA_180.jpg,False
,deploy,HHzJKV3iuU5JUicq4MFPSA_270,HHzJKV3iuU5JUicq4MFPSA,270,./data/centercity/images/HHzJKV3iuU5JUicq4MFPSA_270.jpg,False
,deploy,CAoSFkNJSE0wb2dLRUlDQWdJRGF5ZTZISlE._0,CAoSFkNJSE0wb2dLRUlDQWdJRGF5ZTZISlE.,0,./data/centercity/images/CAoSFkNJSE0wb2dLRUlDQWdJRGF5ZTZISlE._0.jpg,False
,deploy,CAoSFkNJSE0wb2dLRUlDQWdJRGF5ZTZISlE._90,CAoSFkNJSE0wb2dLRUlDQWdJRGF5ZTZISlE.,90,./data/centercity/images/CAoSFkNJSE0wb2dLRUlDQWdJRGF5ZTZISlE._90.jpg,False
,deploy,CAoSFkNJSE0wb2dLRUlDQWdJRGF5ZTZISlE._180,CAoSFkNJSE0wb2dLRUlDQWdJRGF5ZTZISlE.,180,./data/centercity/images/CAoSFkNJSE0wb2dLRUlDQWdJRGF5ZTZISlE._180.jpg,False
,deploy,CAoSFkNJSE0wb2dLRUlDQWdJRGF5ZTZISlE._270,CAoSFkNJSE0wb2dLRUlDQWdJRGF5ZTZISlE.,270,./data/centercity/images/CAoSFkNJSE0wb2dLRUlDQWdJRGF5ZTZISlE._270.jpg,False
,deploy,CAoSF0NJSE0wb2dLRUlDQWdJRGFzY1doc1FF_0,CAoSF0NJSE0wb2dLRUlDQWdJRGFzY1doc1FF,0,./data/centercity/images/CAoSF0NJSE0wb2dLRUlDQWdJRGFzY1doc1FF_0.jpg,False
,deploy,CAoSF0NJSE0wb2dLRUlDQWdJRGFzY1doc1FF_90,CAoSF0NJSE0wb2dLRUlDQWdJRGFzY1doc1FF,90,./data/centercity/images/CAoSF0NJSE0wb2dLRUlDQWdJRGFzY1doc1FF_90.jpg,False
,deploy,CAoSF0NJSE0wb2dLRUlDQWdJRGFzY1doc1FF_180,CAoSF0NJSE0wb2dLRUlDQWdJRGFzY1doc1FF,180,./data/centercity/images/CAoSF0NJSE0wb2dLRUlDQWdJRGFzY1doc1FF_180.jpg,False
,deploy,CAoSF0NJSE0wb2dLRUlDQWdJRGFzY1doc1FF_270,CAoSF0NJSE0wb2dLRUlDQWdJRGFzY1doc1FF,270,./data/centercity/images/CAoSF0NJSE0wb2dLRUlDQWdJRGFzY1doc1FF_270.jpg,False
,deploy,CAoSF0NJSE0wb2dLRUlDQWdJRGE4ZmJzOWdF_0,CAoSF0NJSE0wb2dLRUlDQWdJRGE4ZmJzOWdF,0,./data/centercity/images/CAoSF0NJSE0wb2dLRUlDQWdJRGE4ZmJzOWdF_0.jpg,False
,deploy,CAoSF0NJSE0wb2dLRUlDQWdJRGE4ZmJzOWdF_90,CAoSF0NJSE0wb2dLRUlDQWdJRGE4ZmJzOWdF,90,./data/centercity/images/CAoSF0NJSE0wb2dLRUlDQWdJRGE4ZmJzOWdF_90.jpg,False
,deploy,CAoSF0NJSE0wb2dLRUlDQWdJRGE4ZmJzOWdF_180,CAoSF0NJSE0wb2dLRUlDQWdJRGE4ZmJzOWdF,180,./data/centercity/images/CAoSF0NJSE0wb2dLRUlDQWdJRGE4ZmJzOWdF_180.jpg,False
,deploy,CAoSF0NJSE0wb2dLRUlDQWdJRGE4ZmJzOWdF_270,CAoSF0NJSE0wb2dLRUlDQWdJRGE4ZmJzOWdF,270,./data/centercity/images/CAoSF0NJSE0wb2dLRUlDQWdJRGE4ZmJzOWdF_270.jpg,False
,deploy,3lqxGp9ydSxFqCnmxqiw8A_0,3lqxGp9ydSxFqCnmxqiw8A,0,./data/centercity/images/3lqxGp9ydSxFqCnmxqiw8A_0.jpg,False
,deploy,3lqxGp9ydSxFqCnmxqiw8A_90,3lqxGp9ydSxFqCnmxqiw8A,90,./data/centercity/images/3lqxGp9ydSxFqCnmxqiw8A_90.jpg,False
,deploy,3lqxGp9ydSxFqCnmxqiw8A_180,3lqxGp9ydSxFqCnmxqiw8A,180,./data/centercity/images/3lqxGp9ydSxFqCnmxqiw8A_180.jpg,False
,deploy,3lqxGp9ydSxFqCnmxqiw8A_270,3lqxGp9ydSxFqCnmxqiw8A,270,./data/centercity/images/3lqxGp9ydSxFqCnmxqiw8A_270.jpg,False
,deploy,97FTNlSEf5fImq5GdyfeEw_0,97FTNlSEf5fImq5GdyfeEw,0,./data/centercity/images/97FTNlSEf5fImq5GdyfeEw_0.jpg,False
,deploy,97FTNlSEf5fImq5GdyfeEw_90,97FTNlSEf5fImq5GdyfeEw,90,./data/centercity/images/97FTNlSEf5fImq5GdyfeEw_90.jpg,False
,deploy,97FTNlSEf5fImq5GdyfeEw_180,97FTNlSEf5fImq5GdyfeEw,180,./data/centercity/images/97FTNlSEf5fImq5GdyfeEw_180.jpg,False
,deploy,97FTNlSEf5fImq5GdyfeEw_270,97FTNlSEf5fImq5GdyfeEw,270,./data/centercity/images/97FTNlSEf5fImq5GdyfeEw_270.jpg,False
,deploy,rLQ5QXk-UTofWnVb3ReP8g_0,rLQ5QXk-UTofWnVb3ReP8g,0,./data/centercity/images/rLQ5QXk-UTofWnVb3ReP8g_0.jpg,False
,deploy,rLQ5QXk-UTofWnVb3ReP8g_90,rLQ5QXk-UTofWnVb3ReP8g,90,./data/centercity/images/rLQ5QXk-UTofWnVb3ReP8g_90.jpg,False
,deploy,rLQ5QXk-UTofWnVb3ReP8g_180,rLQ5QXk-UTofWnVb3ReP8g,180,./data/centercity/images/rLQ5QXk-UTofWnVb3ReP8g_180.jpg,False
,deploy,rLQ5QXk-UTofWnVb3ReP8g_270,rLQ5QXk-UTofWnVb3ReP8g,270,./data/centercity/images/rLQ5QXk-UTofWnVb3ReP8g_270.jpg,False
,deploy,aw8wNBTZokEz_aFT7kcnRA_0,aw8wNBTZokEz_aFT7kcnRA,0,./data/centercity/images/aw8wNBTZokEz_aFT7kcnRA_0.jpg,False
,deploy,aw8wNBTZokEz_aFT7kcnRA_90,aw8wNBTZokEz_aFT7kcnRA,90,./data/centercity/images/aw8wNBTZokEz_aFT7kcnRA_90.jpg,False
,deploy,aw8wNBTZokEz_aFT7kcnRA_180,aw8wNBTZokEz_aFT7kcnRA,180,./data/centercity/images/aw8wNBTZokEz_aFT7kcnRA_180.jpg,False
,deploy,aw8wNBTZokEz_aFT7kcnRA_270,aw8wNBTZokEz_aFT7kcnRA,270,./data/centercity/images/aw8wNBTZokEz_aFT7kcnRA_270.jpg,False
,deploy,xKV2J4gvJfy2aHWW--JcCQ_0,xKV2J4gvJfy2aHWW--JcCQ,0,./data/centercity/images/xKV2J4gvJfy2aHWW--JcCQ_0.jpg,False
,deploy,xKV2J4gvJfy2aHWW--JcCQ_90,xKV2J4gvJfy2aHWW--JcCQ,90,./data/centercity/images/xKV2J4gvJfy2aHWW--JcCQ_90.jpg,False
,deploy,xKV2J4gvJfy2aHWW--JcCQ_180,xKV2J4gvJfy2aHWW--JcCQ,180,./data/centercity/images/xKV2J4gvJfy2aHWW--JcCQ_180.jpg,False
,deploy,xKV2J4gvJfy2aHWW--JcCQ_270,xKV2J4gvJfy2aHWW--JcCQ,270,./data/centercity/images/xKV2J4gvJfy2aHWW--JcCQ_270.jpg,False
,deploy,KrGty7GzQzT1K3FwGofkqw_0,KrGty7GzQzT1K3FwGofkqw,0,./data/centercity/images/KrGty7GzQzT1K3FwGofkqw_0.jpg,False
,deploy,KrGty7GzQzT1K3FwGofkqw_90,KrGty7GzQzT1K3FwGofkqw,90,./data/centercity/images/KrGty7GzQzT1K3FwGofkqw_90.jpg,False
,deploy,KrGty7GzQzT1K3FwGofkqw_180,KrGty7GzQzT1K3FwGofkqw,180,./data/centercity/images/KrGty7GzQzT1K3FwGofkqw_180.jpg,False
,deploy,KrGty7GzQzT1K3FwGofkqw_270,KrGty7GzQzT1K3FwGofkqw,270,./data/centercity/images/KrGty7GzQzT1K3FwGofkqw_270.jpg,False
,deploy,BGygFFvxmZ59219AbL4CKg_0,BGygFFvxmZ59219AbL4CKg,0,./data/centercity/images/BGygFFvxmZ59219AbL4CKg_0.jpg,False
,deploy,BGygFFvxmZ59219AbL4CKg_90,BGygFFvxmZ59219AbL4CKg,90,./data/centercity/images/BGygFFvxmZ59219AbL4CKg_90.jpg,False
,deploy,BGygFFvxmZ59219AbL4CKg_180,BGygFFvxmZ59219AbL4CKg,180,./data/centercity/images/BGygFFvxmZ59219AbL4CKg_180.jpg,False
,deploy,BGygFFvxmZ59219AbL4CKg_270,BGygFFvxmZ59219AbL4CKg,270,./data/centercity/images/BGygFFvxmZ59219AbL4CKg_270.jpg,False
,deploy,CAoSFkNJSE0wb2dLRUlDQWdJRGE2Y19tUHc._0,CAoSFkNJSE0wb2dLRUlDQWdJRGE2Y19tUHc.,0,./data/centercity/images/CAoSFkNJSE0wb2dLRUlDQWdJRGE2Y19tUHc._0.jpg,False
,deploy,CAoSFkNJSE0wb2dLRUlDQWdJRGE2Y19tUHc._90,CAoSFkNJSE0wb2dLRUlDQWdJRGE2Y19tUHc.,90,./data/centercity/images/CAoSFkNJSE0wb2dLRUlDQWdJRGE2Y19tUHc._90.jpg,False
,deploy,CAoSFkNJSE0wb2dLRUlDQWdJRGE2Y19tUHc._180,CAoSFkNJSE0wb2dLRUlDQWdJRGE2Y19tUHc.,180,./data/centercity/images/CAoSFkNJSE0wb2dLRUlDQWdJRGE2Y19tUHc._180.jpg,False
,deploy,CAoSFkNJSE0wb2dLRUlDQWdJRGE2Y19tUHc._270,CAoSFkNJSE0wb2dLRUlDQWdJRGE2Y19tUHc.,270,./data/centercity/images/CAoSFkNJSE0wb2dLRUlDQWdJRGE2Y19tUHc._270.jpg,False
,deploy,4lgG1SYcxR-y5ha4GDklcQ_0,4lgG1SYcxR-y5ha4GDklcQ,0,./data/centercity/images/4lgG1SYcxR-y5ha4GDklcQ_0.jpg,False
,deploy,4lgG1SYcxR-y5ha4GDklcQ_90,4lgG1SYcxR-y5ha4GDklcQ,90,./data/centercity/images/4lgG1SYcxR-y5ha4GDklcQ_90.jpg,False
,deploy,4lgG1SYcxR-y5ha4GDklcQ_180,4lgG1SYcxR-y5ha4GDklcQ,180,./data/centercity/images/4lgG1SYcxR-y5ha4GDklcQ_180.jpg,False
,deploy,4lgG1SYcxR-y5ha4GDklcQ_270,4lgG1SYcxR-y5ha4GDklcQ,270,./data/centercity/images/4lgG1SYcxR-y5ha4GDklcQ_270.jpg,False
,deploy,2JbwDcnyBLnrQUqNDFXxAw_0,2JbwDcnyBLnrQUqNDFXxAw,0,./data/centercity/images/2JbwDcnyBLnrQUqNDFXxAw_0.jpg,False
,deploy,2JbwDcnyBLnrQUqNDFXxAw_90,2JbwDcnyBLnrQUqNDFXxAw,90,./data/centercity/images/2JbwDcnyBLnrQUqNDFXxAw_90.jpg,False
,deploy,2JbwDcnyBLnrQUqNDFXxAw_180,2JbwDcnyBLnrQUqNDFXxAw,180,./data/centercity/images/2JbwDcnyBLnrQUqNDFXxAw_180.jpg,False
,deploy,2JbwDcnyBLnrQUqNDFXxAw_270,2JbwDcnyBLnrQUqNDFXxAw,270,./data/centercity/images/2JbwDcnyBLnrQUqNDFXxAw_270.jpg,False
,deploy,WaibSujXYnxaWlRIhqB-lg_0,WaibSujXYnxaWlRIhqB-lg,0,./data/centercity/images/WaibSujXYnxaWlRIhqB-lg_0.jpg,False
,deploy,WaibSujXYnxaWlRIhqB-lg_90,WaibSujXYnxaWlRIhqB-lg,90,./data/centercity/images/WaibSujXYnxaWlRIhqB-lg_90.jpg,False
,deploy,WaibSujXYnxaWlRIhqB-lg_180,WaibSujXYnxaWlRIhqB-lg,180,./data/centercity/images/WaibSujXYnxaWlRIhqB-lg_180.jpg,False
,deploy,WaibSujXYnxaWlRIhqB-lg_270,WaibSujXYnxaWlRIhqB-lg,270,./data/centercity/images/WaibSujXYnxaWlRIhqB-lg_270.jpg,False
,deploy,CAoSFkNJSE0wb2dLRUlDQWdJRGE2Y0NoZHc._0,CAoSFkNJSE0wb2dLRUlDQWdJRGE2Y0NoZHc.,0,./data/centercity/images/CAoSFkNJSE0wb2dLRUlDQWdJRGE2Y0NoZHc._0.jpg,False
,deploy,CAoSFkNJSE0wb2dLRUlDQWdJRGE2Y0NoZHc._90,CAoSFkNJSE0wb2dLRUlDQWdJRGE2Y0NoZHc.,90,./data/centercity/images/CAoSFkNJSE0wb2dLRUlDQWdJRGE2Y0NoZHc._90.jpg,False
,deploy,CAoSFkNJSE0wb2dLRUlDQWdJRGE2Y0NoZHc._180,CAoSFkNJSE0wb2dLRUlDQWdJRGE2Y0NoZHc.,180,./data/centercity/images/CAoSFkNJSE0wb2dLRUlDQWdJRGE2Y0NoZHc._180.jpg,False
,deploy,CAoSFkNJSE0wb2dLRUlDQWdJRGE2Y0NoZHc._270,CAoSFkNJSE0wb2dLRUlDQWdJRGE2Y0NoZHc.,270,./data/centercity/images/CAoSFkNJSE0wb2dLRUlDQWdJRGE2Y0NoZHc._270.jpg,False
,deploy,g_Yn9KOeRj0k3NlHr3lSRg_0,g_Yn9KOeRj0k3NlHr3lSRg,0,./data/centercity/images/g_Yn9KOeRj0k3NlHr3lSRg_0.jpg,False
,deploy,g_Yn9KOeRj0k3NlHr3lSRg_90,g_Yn9KOeRj0k3NlHr3lSRg,90,./data/centercity/images/g_Yn9KOeRj0k3NlHr3lSRg_90.jpg,False
,deploy,g_Yn9KOeRj0k3NlHr3lSRg_180,g_Yn9KOeRj0k3NlHr3lSRg,180,./data/centercity/images/g_Yn9KOeRj0k3NlHr3lSRg_180.jpg,False
,deploy,g_Yn9KOeRj0k3NlHr3lSRg_270,g_Yn9KOeRj0k3NlHr3lSRg,270,./data/centercity/images/g_Yn9KOeRj0k3NlHr3lSRg_270.jpg,False
,deploy,5yiQGgfWjWiwCGs3G6pMEg_0,5yiQGgfWjWiwCGs3G6pMEg,0,./data/centercity/images/5yiQGgfWjWiwCGs3G6pMEg_0.jpg,False
,deploy,5yiQGgfWjWiwCGs3G6pMEg_90,5yiQGgfWjWiwCGs3G6pMEg,90,./data/centercity/images/5yiQGgfWjWiwCGs3G6pMEg_90.jpg,False
,deploy,5yiQGgfWjWiwCGs3G6pMEg_180,5yiQGgfWjWiwCGs3G6pMEg,180,./data/centercity/images/5yiQGgfWjWiwCGs3G6pMEg_180.jpg,False
,deploy,5yiQGgfWjWiwCGs3G6pMEg_270,5yiQGgfWjWiwCGs3G6pMEg,270,./data/centercity/images/5yiQGgfWjWiwCGs3G6pMEg_270.jpg,False
,deploy,oUXqyBn4dfNAuFwp5wOpIw_0,oUXqyBn4dfNAuFwp5wOpIw,0,./data/centercity/images/oUXqyBn4dfNAuFwp5wOpIw_0.jpg,False
,deploy,oUXqyBn4dfNAuFwp5wOpIw_90,oUXqyBn4dfNAuFwp5wOpIw,90,./data/centercity/images/oUXqyBn4dfNAuFwp5wOpIw_90.jpg,False
,deploy,oUXqyBn4dfNAuFwp5wOpIw_180,oUXqyBn4dfNAuFwp5wOpIw,180,./data/centercity/images/oUXqyBn4dfNAuFwp5wOpIw_180.jpg,False
,deploy,oUXqyBn4dfNAuFwp5wOpIw_270,oUXqyBn4dfNAuFwp5wOpIw,270,./data/centercity/images/oUXqyBn4dfNAuFwp5wOpIw_270.jpg,False
,deploy,HGzrF48KincVUmmknyW5qQ_0,HGzrF48KincVUmmknyW5qQ,0,./data/centercity/images/HGzrF48KincVUmmknyW5qQ_0.jpg,False
,deploy,HGzrF48KincVUmmknyW5qQ_90,HGzrF48KincVUmmknyW5qQ,90,./data/centercity/images/HGzrF48KincVUmmknyW5qQ_90.jpg,False
,deploy,HGzrF48KincVUmmknyW5qQ_180,HGzrF48KincVUmmknyW5qQ,180,./data/centercity/images/HGzrF48KincVUmmknyW5qQ_180.jpg,False
,deploy,HGzrF48KincVUmmknyW5qQ_270,HGzrF48KincVUmmknyW5qQ,270,./data/centercity/images/HGzrF48KincVUmmknyW5qQ_270.jpg,False
,deploy,CAoSF0NJSE0wb2dLRUlDQWdJRGFxY3FTdndF_0,CAoSF0NJSE0wb2dLRUlDQWdJRGFxY3FTdndF,0,./data/centercity/images/CAoSF0NJSE0wb2dLRUlDQWdJRGFxY3FTdndF_0.jpg,False
,deploy,CAoSF0NJSE0wb2dLRUlDQWdJRGFxY3FTdndF_90,CAoSF0NJSE0wb2dLRUlDQWdJRGFxY3FTdndF,90,./data/centercity/images/CAoSF0NJSE0wb2dLRUlDQWdJRGFxY3FTdndF_90.jpg,False
,deploy,CAoSF0NJSE0wb2dLRUlDQWdJRGFxY3FTdndF_180,CAoSF0NJSE0wb2dLRUlDQWdJRGFxY3FTdndF,180,./data/centercity/images/CAoSF0NJSE0wb2dLRUlDQWdJRGFxY3FTdndF_180.jpg,False
,deploy,CAoSF0NJSE0wb2dLRUlDQWdJRGFxY3FTdndF_270,CAoSF0NJSE0wb2dLRUlDQWdJRGFxY3FTdndF,270,./data/centercity/images/CAoSF0NJSE0wb2dLRUlDQWdJRGFxY3FTdndF_270.jpg,False
,deploy,eaLaqTA4GAO8Bg-g0IYRsQ_0,eaLaqTA4GAO8Bg-g0IYRsQ,0,./data/centercity/images/eaLaqTA4GAO8Bg-g0IYRsQ_0.jpg,False
,deploy,eaLaqTA4GAO8Bg-g0IYRsQ_90,eaLaqTA4GAO8Bg-g0IYRsQ,90,./data/centercity/images/eaLaqTA4GAO8Bg-g0IYRsQ_90.jpg,False
,deploy,eaLaqTA4GAO8Bg-g0IYRsQ_180,eaLaqTA4GAO8Bg-g0IYRsQ,180,./data/centercity/images/eaLaqTA4GAO8Bg-g0IYRsQ_180.jpg,False
,deploy,eaLaqTA4GAO8Bg-g0IYRsQ_270,eaLaqTA4GAO8Bg-g0IYRsQ,270,./data/centercity/images/eaLaqTA4GAO8Bg-g0IYRsQ_270.jpg,False
,deploy,CAoSFkNJSE0wb2dLRUlDQWdJRGEyZUNFTmc._0,CAoSFkNJSE0wb2dLRUlDQWdJRGEyZUNFTmc.,0,./data/centercity/images/CAoSFkNJSE0wb2dLRUlDQWdJRGEyZUNFTmc._0.jpg,False
,deploy,CAoSFkNJSE0wb2dLRUlDQWdJRGEyZUNFTmc._90,CAoSFkNJSE0wb2dLRUlDQWdJRGEyZUNFTmc.,90,./data/centercity/images/CAoSFkNJSE0wb2dLRUlDQWdJRGEyZUNFTmc._90.jpg,False
,deploy,CAoSFkNJSE0wb2dLRUlDQWdJRGEyZUNFTmc._180,CAoSFkNJSE0wb2dLRUlDQWdJRGEyZUNFTmc.,180,./data/centercity/images/CAoSFkNJSE0wb2dLRUlDQWdJRGEyZUNFTmc._180.jpg,False
,deploy,CAoSFkNJSE0wb2dLRUlDQWdJRGEyZUNFTmc._270,CAoSFkNJSE0wb2dLRUlDQWdJRGEyZUNFTmc.,270,./data/centercity/images/CAoSFkNJSE0wb2dLRUlDQWdJRGEyZUNFTmc._270.jpg,False
,deploy,kHEyxvKBfVEWuFbZYLKBeQ_0,kHEyxvKBfVEWuFbZYLKBeQ,0,./data/centercity/images/kHEyxvKBfVEWuFbZYLKBeQ_0.jpg,False
,deploy,kHEyxvKBfVEWuFbZYLKBeQ_90,kHEyxvKBfVEWuFbZYLKBeQ,90,./data/centercity/images/kHEyxvKBfVEWuFbZYLKBeQ_90.jpg,False
,deploy,kHEyxvKBfVEWuFbZYLKBeQ_180,kHEyxvKBfVEWuFbZYLKBeQ,180,./data/centercity/images/kHEyxvKBfVEWuFbZYLKBeQ_180.jpg,False
,deploy,kHEyxvKBfVEWuFbZYLKBeQ_270,kHEyxvKBfVEWuFbZYLKBeQ,270,./data/centercity/images/kHEyxvKBfVEWuFbZYLKBeQ_270.jpg,False
,deploy,1lt_aCSC5Vhy2wwzzpcvdA_0,1lt_aCSC5Vhy2wwzzpcvdA,0,./data/centercity/images/1lt_aCSC5Vhy2wwzzpcvdA_0.jpg,False
,deploy,1lt_aCSC5Vhy2wwzzpcvdA_90,1lt_aCSC5Vhy2wwzzpcvdA,90,./data/centercity/images/1lt_aCSC5Vhy2wwzzpcvdA_90.jpg,False
,deploy,1lt_aCSC5Vhy2wwzzpcvdA_180,1lt_aCSC5Vhy2wwzzpcvdA,180,./data/centercity/images/1lt_aCSC5Vhy2wwzzpcvdA_180.jpg,False
,deploy,1lt_aCSC5Vhy2wwzzpcvdA_270,1lt_aCSC5Vhy2wwzzpcvdA,270,./data/centercity/images/1lt_aCSC5Vhy2wwzzpcvdA_270.jpg,False
,deploy,OBiYpfa1nT8B-_qOz999Og_0,OBiYpfa1nT8B-_qOz999Og,0,./data/centercity/images/OBiYpfa1nT8B-_qOz999Og_0.jpg,False
,deploy,OBiYpfa1nT8B-_qOz999Og_90,OBiYpfa1nT8B-_qOz999Og,90,./data/centercity/images/OBiYpfa1nT8B-_qOz999Og_90.jpg,False
,deploy,OBiYpfa1nT8B-_qOz999Og_180,OBiYpfa1nT8B-_qOz999Og,180,./data/centercity/images/OBiYpfa1nT8B-_qOz999Og_180.jpg,False
,deploy,OBiYpfa1nT8B-_qOz999Og_270,OBiYpfa1nT8B-_qOz999Og,270,./data/centercity/images/OBiYpfa1nT8B-_qOz999Og_270.jpg,False
,deploy,OwtDTG__A2fkizdBjb_7WA_0,OwtDTG__A2fkizdBjb_7WA,0,./data/centercity/images/OwtDTG__A2fkizdBjb_7WA_0.jpg,False
,deploy,OwtDTG__A2fkizdBjb_7WA_90,OwtDTG__A2fkizdBjb_7WA,90,./data/centercity/images/OwtDTG__A2fkizdBjb_7WA_90.jpg,False
,deploy,OwtDTG__A2fkizdBjb_7WA_180,OwtDTG__A2fkizdBjb_7WA,180,./data/centercity/images/OwtDTG__A2fkizdBjb_7WA_180.jpg,False
,deploy,OwtDTG__A2fkizdBjb_7WA_270,OwtDTG__A2fkizdBjb_7WA,270,./data/centercity/images/OwtDTG__A2fkizdBjb_7WA_270.jpg,False
,deploy,fwfIUsGXVSg2BFz-KjsD5Q_0,fwfIUsGXVSg2BFz-KjsD5Q,0,./data/centercity/images/fwfIUsGXVSg2BFz-KjsD5Q_0.jpg,False
,deploy,fwfIUsGXVSg2BFz-KjsD5Q_90,fwfIUsGXVSg2BFz-KjsD5Q,90,./data/centercity/images/fwfIUsGXVSg2BFz-KjsD5Q_90.jpg,False
,deploy,fwfIUsGXVSg2BFz-KjsD5Q_180,fwfIUsGXVSg2BFz-KjsD5Q,180,./data/centercity/images/fwfIUsGXVSg2BFz-KjsD5Q_180.jpg,False
,deploy,fwfIUsGXVSg2BFz-KjsD5Q_270,fwfIUsGXVSg2BFz-KjsD5Q,270,./data/centercity/images/fwfIUsGXVSg2BFz-KjsD5Q_270.jpg,False
,deploy,i-ETjeVj-cnkvFSfFkzv5A_0,i-ETjeVj-cnkvFSfFkzv5A,0,./data/centercity/images/i-ETjeVj-cnkvFSfFkzv5A_0.jpg,False
,deploy,i-ETjeVj-cnkvFSfFkzv5A_90,i-ETjeVj-cnkvFSfFkzv5A,90,./data/centercity/images/i-ETjeVj-cnkvFSfFkzv5A_90.jpg,False
,deploy,i-ETjeVj-cnkvFSfFkzv5A_180,i-ETjeVj-cnkvFSfFkzv5A,180,./data/centercity/images/i-ETjeVj-cnkvFSfFkzv5A_180.jpg,False
,deploy,i-ETjeVj-cnkvFSfFkzv5A_270,i-ETjeVj-cnkvFSfFkzv5A,270,./data/centercity/images/i-ETjeVj-cnkvFSfFkzv5A_270.jpg,False
,deploy,WDf3btTa6vUoYJsfC9lkYw_0,WDf3btTa6vUoYJsfC9lkYw,0,./data/centercity/images/WDf3btTa6vUoYJsfC9lkYw_0.jpg,False
,deploy,WDf3btTa6vUoYJsfC9lkYw_90,WDf3btTa6vUoYJsfC9lkYw,90,./data/centercity/images/WDf3btTa6vUoYJsfC9lkYw_90.jpg,False
,deploy,WDf3btTa6vUoYJsfC9lkYw_180,WDf3btTa6vUoYJsfC9lkYw,180,./data/centercity/images/WDf3btTa6vUoYJsfC9lkYw_180.jpg,False
,deploy,WDf3btTa6vUoYJsfC9lkYw_270,WDf3btTa6vUoYJsfC9lkYw,270,./data/centercity/images/WDf3btTa6vUoYJsfC9lkYw_270.jpg,False
,deploy,CAoSFkNJSE0wb2dLRUlDQWdJRGF5YkNzVlE._0,CAoSFkNJSE0wb2dLRUlDQWdJRGF5YkNzVlE.,0,./data/centercity/images/CAoSFkNJSE0wb2dLRUlDQWdJRGF5YkNzVlE._0.jpg,False
,deploy,CAoSFkNJSE0wb2dLRUlDQWdJRGF5YkNzVlE._90,CAoSFkNJSE0wb2dLRUlDQWdJRGF5YkNzVlE.,90,./data/centercity/images/CAoSFkNJSE0wb2dLRUlDQWdJRGF5YkNzVlE._90.jpg,False
,deploy,CAoSFkNJSE0wb2dLRUlDQWdJRGF5YkNzVlE._180,CAoSFkNJSE0wb2dLRUlDQWdJRGF5YkNzVlE.,180,./data/centercity/images/CAoSFkNJSE0wb2dLRUlDQWdJRGF5YkNzVlE._180.jpg,False
,deploy,CAoSFkNJSE0wb2dLRUlDQWdJRGF5YkNzVlE._270,CAoSFkNJSE0wb2dLRUlDQWdJRGF5YkNzVlE.,270,./data/centercity/images/CAoSFkNJSE0wb2dLRUlDQWdJRGF5YkNzVlE._270.jpg,False
,deploy,HKrhhq_DR5ZeyPGOjHwMKw_0,HKrhhq_DR5ZeyPGOjHwMKw,0,./data/centercity/images/HKrhhq_DR5ZeyPGOjHwMKw_0.jpg,False
,deploy,HKrhhq_DR5ZeyPGOjHwMKw_90,HKrhhq_DR5ZeyPGOjHwMKw,90,./data/centercity/images/HKrhhq_DR5ZeyPGOjHwMKw_90.jpg,False
,deploy,HKrhhq_DR5ZeyPGOjHwMKw_180,HKrhhq_DR5ZeyPGOjHwMKw,180,./data/centercity/images/HKrhhq_DR5ZeyPGOjHwMKw_180.jpg,False
,deploy,HKrhhq_DR5ZeyPGOjHwMKw_270,HKrhhq_DR5ZeyPGOjHwMKw,270,./data/centercity/images/HKrhhq_DR5ZeyPGOjHwMKw_270.jpg,False
,deploy,kzmiXqohJmwzKfuNUIWoAQ_0,kzmiXqohJmwzKfuNUIWoAQ,0,./data/centercity/images/kzmiXqohJmwzKfuNUIWoAQ_0.jpg,False
,deploy,kzmiXqohJmwzKfuNUIWoAQ_90,kzmiXqohJmwzKfuNUIWoAQ,90,./data/centercity/images/kzmiXqohJmwzKfuNUIWoAQ_90.jpg,False
,deploy,kzmiXqohJmwzKfuNUIWoAQ_180,kzmiXqohJmwzKfuNUIWoAQ,180,./data/centercity/images/kzmiXqohJmwzKfuNUIWoAQ_180.jpg,False
,deploy,kzmiXqohJmwzKfuNUIWoAQ_270,kzmiXqohJmwzKfuNUIWoAQ,270,./data/centercity/images/kzmiXqohJmwzKfuNUIWoAQ_270.jpg,False
,deploy,u2tXsSRquyLWDYXJ9zw_mA_0,u2tXsSRquyLWDYXJ9zw_mA,0,./data/centercity/images/u2tXsSRquyLWDYXJ9zw_mA_0.jpg,False
,deploy,u2tXsSRquyLWDYXJ9zw_mA_90,u2tXsSRquyLWDYXJ9zw_mA,90,./data/centercity/images/u2tXsSRquyLWDYXJ9zw_mA_90.jpg,False
,deploy,u2tXsSRquyLWDYXJ9zw_mA_180,u2tXsSRquyLWDYXJ9zw_mA,180,./data/centercity/images/u2tXsSRquyLWDYXJ9zw_mA_180.jpg,False
,deploy,u2tXsSRquyLWDYXJ9zw_mA_270,u2tXsSRquyLWDYXJ9zw_mA,270,./data/centercity/images/u2tXsSRquyLWDYXJ9zw_mA_270.jpg,False
,deploy,ZFtw9d_-P6qlUS27eJOd4A_0,ZFtw9d_-P6qlUS27eJOd4A,0,./data/centercity/images/ZFtw9d_-P6qlUS27eJOd4A_0.jpg,False
,deploy,ZFtw9d_-P6qlUS27eJOd4A_90,ZFtw9d_-P6qlUS27eJOd4A,90,./data/centercity/images/ZFtw9d_-P6qlUS27eJOd4A_90.jpg,False
,deploy,ZFtw9d_-P6qlUS27eJOd4A_180,ZFtw9d_-P6qlUS27eJOd4A,180,./data/centercity/images/ZFtw9d_-P6qlUS27eJOd4A_180.jpg,False
,deploy,ZFtw9d_-P6qlUS27eJOd4A_270,ZFtw9d_-P6qlUS27eJOd4A,270,./data/centercity/images/ZFtw9d_-P6qlUS27eJOd4A_270.jpg,False
,deploy,F_-NdooGkpvIrZrNWRZLUQ_0,F_-NdooGkpvIrZrNWRZLUQ,0,./data/centercity/images/F_-NdooGkpvIrZrNWRZLUQ_0.jpg,False
,deploy,F_-NdooGkpvIrZrNWRZLUQ_90,F_-NdooGkpvIrZrNWRZLUQ,90,./data/centercity/images/F_-NdooGkpvIrZrNWRZLUQ_90.jpg,False
,deploy,F_-NdooGkpvIrZrNWRZLUQ_180,F_-NdooGkpvIrZrNWRZLUQ,180,./data/centercity/images/F_-NdooGkpvIrZrNWRZLUQ_180.jpg,False
,deploy,F_-NdooGkpvIrZrNWRZLUQ_270,F_-NdooGkpvIrZrNWRZLUQ,270,./data/centercity/images/F_-NdooGkpvIrZrNWRZLUQ_270.jpg,False
,deploy,v2Oi7dc6ADBwiRownf-sgQ_0,v2Oi7dc6ADBwiRownf-sgQ,0,./data/centercity/images/v2Oi7dc6ADBwiRownf-sgQ_0.jpg,False
,deploy,v2Oi7dc6ADBwiRownf-sgQ_90,v2Oi7dc6ADBwiRownf-sgQ,90,./data/centercity/images/v2Oi7dc6ADBwiRownf-sgQ_90.jpg,False
,deploy,v2Oi7dc6ADBwiRownf-sgQ_180,v2Oi7dc6ADBwiRownf-sgQ,180,./data/centercity/images/v2Oi7dc6ADBwiRownf-sgQ_180.jpg,False
,deploy,v2Oi7dc6ADBwiRownf-sgQ_270,v2Oi7dc6ADBwiRownf-sgQ,270,./data/centercity/images/v2Oi7dc6ADBwiRownf-sgQ_270.jpg,False
,deploy,CAoSFkNJSE0wb2dLRUlDQWdJRE92c0dXY0E._0,CAoSFkNJSE0wb2dLRUlDQWdJRE92c0dXY0E.,0,./data/centercity/images/CAoSFkNJSE0wb2dLRUlDQWdJRE92c0dXY0E._0.jpg,False
,deploy,CAoSFkNJSE0wb2dLRUlDQWdJRE92c0dXY0E._90,CAoSFkNJSE0wb2dLRUlDQWdJRE92c0dXY0E.,90,./data/centercity/images/CAoSFkNJSE0wb2dLRUlDQWdJRE92c0dXY0E._90.jpg,False
,deploy,CAoSFkNJSE0wb2dLRUlDQWdJRE92c0dXY0E._180,CAoSFkNJSE0wb2dLRUlDQWdJRE92c0dXY0E.,180,./data/centercity/images/CAoSFkNJSE0wb2dLRUlDQWdJRE92c0dXY0E._180.jpg,False
,deploy,CAoSFkNJSE0wb2dLRUlDQWdJRE92c0dXY0E._270,CAoSFkNJSE0wb2dLRUlDQWdJRE92c0dXY0E.,270,./data/centercity/images/CAoSFkNJSE0wb2dLRUlDQWdJRE92c0dXY0E._270.jpg,False
,deploy,AIjBCpz6SF3-TGsBXchmOQ_0,AIjBCpz6SF3-TGsBXchmOQ,0,./data/centercity/images/AIjBCpz6SF3-TGsBXchmOQ_0.jpg,False
,deploy,AIjBCpz6SF3-TGsBXchmOQ_90,AIjBCpz6SF3-TGsBXchmOQ,90,./data/centercity/images/AIjBCpz6SF3-TGsBXchmOQ_90.jpg,False
,deploy,AIjBCpz6SF3-TGsBXchmOQ_180,AIjBCpz6SF3-TGsBXchmOQ,180,./data/centercity/images/AIjBCpz6SF3-TGsBXchmOQ_180.jpg,False
,deploy,AIjBCpz6SF3-TGsBXchmOQ_270,AIjBCpz6SF3-TGsBXchmOQ,270,./data/centercity/images/AIjBCpz6SF3-TGsBXchmOQ_270.jpg,False
,deploy,CB1_TrkhKmHJpDVFeJbfaQ_0,CB1_TrkhKmHJpDVFeJbfaQ,0,./data/centercity/images/CB1_TrkhKmHJpDVFeJbfaQ_0.jpg,False
,deploy,CB1_TrkhKmHJpDVFeJbfaQ_90,CB1_TrkhKmHJpDVFeJbfaQ,90,./data/centercity/images/CB1_TrkhKmHJpDVFeJbfaQ_90.jpg,False
,deploy,CB1_TrkhKmHJpDVFeJbfaQ_180,CB1_TrkhKmHJpDVFeJbfaQ,180,./data/centercity/images/CB1_TrkhKmHJpDVFeJbfaQ_180.jpg,False
,deploy,CB1_TrkhKmHJpDVFeJbfaQ_270,CB1_TrkhKmHJpDVFeJbfaQ,270,./data/centercity/images/CB1_TrkhKmHJpDVFeJbfaQ_270.jpg,False
,deploy,RA_9CCJmJ48-hs95D4-jKQ_0,RA_9CCJmJ48-hs95D4-jKQ,0,./data/centercity/images/RA_9CCJmJ48-hs95D4-jKQ_0.jpg,False
,deploy,RA_9CCJmJ48-hs95D4-jKQ_90,RA_9CCJmJ48-hs95D4-jKQ,90,./data/centercity/images/RA_9CCJmJ48-hs95D4-jKQ_90.jpg,False
,deploy,RA_9CCJmJ48-hs95D4-jKQ_180,RA_9CCJmJ48-hs95D4-jKQ,180,./data/centercity/images/RA_9CCJmJ48-hs95D4-jKQ_180.jpg,False
,deploy,RA_9CCJmJ48-hs95D4-jKQ_270,RA_9CCJmJ48-hs95D4-jKQ,270,./data/centercity/images/RA_9CCJmJ48-hs95D4-jKQ_270.jpg,False
,deploy,CS8HBeDo-L2VSy39Xtss1g_0,CS8HBeDo-L2VSy39Xtss1g,0,./data/centercity/images/CS8HBeDo-L2VSy39Xtss1g_0.jpg,False
,deploy,CS8HBeDo-L2VSy39Xtss1g_90,CS8HBeDo-L2VSy39Xtss1g,90,./data/centercity/images/CS8HBeDo-L2VSy39Xtss1g_90.jpg,False
,deploy,CS8HBeDo-L2VSy39Xtss1g_180,CS8HBeDo-L2VSy39Xtss1g,180,./data/centercity/images/CS8HBeDo-L2VSy39Xtss1g_180.jpg,False
,deploy,CS8HBeDo-L2VSy39Xtss1g_270,CS8HBeDo-L2VSy39Xtss1g,270,./data/centercity/images/CS8HBeDo-L2VSy39Xtss1g_270.jpg,False
,deploy,ZBqPwf4FQXzroo8mPhDXBQ_0,ZBqPwf4FQXzroo8mPhDXBQ,0,./data/centercity/images/ZBqPwf4FQXzroo8mPhDXBQ_0.jpg,False
,deploy,ZBqPwf4FQXzroo8mPhDXBQ_90,ZBqPwf4FQXzroo8mPhDXBQ,90,./data/centercity/images/ZBqPwf4FQXzroo8mPhDXBQ_90.jpg,False
,deploy,ZBqPwf4FQXzroo8mPhDXBQ_180,ZBqPwf4FQXzroo8mPhDXBQ,180,./data/centercity/images/ZBqPwf4FQXzroo8mPhDXBQ_180.jpg,False
,deploy,ZBqPwf4FQXzroo8mPhDXBQ_270,ZBqPwf4FQXzroo8mPhDXBQ,270,./data/centercity/images/ZBqPwf4FQXzroo8mPhDXBQ_270.jpg,False
,deploy,oiG8GIBMX19UrAM47iDecg_0,oiG8GIBMX19UrAM47iDecg,0,./data/centercity/images/oiG8GIBMX19UrAM47iDecg_0.jpg,False
,deploy,oiG8GIBMX19UrAM47iDecg_90,oiG8GIBMX19UrAM47iDecg,90,./data/centercity/images/oiG8GIBMX19UrAM47iDecg_90.jpg,False
,deploy,oiG8GIBMX19UrAM47iDecg_180,oiG8GIBMX19UrAM47iDecg,180,./data/centercity/images/oiG8GIBMX19UrAM47iDecg_180.jpg,False
,deploy,oiG8GIBMX19UrAM47iDecg_270,oiG8GIBMX19UrAM47iDecg,270,./data/centercity/images/oiG8GIBMX19UrAM47iDecg_270.jpg,False
,deploy,CAoSF0NJSE0wb2dLRUlDQWdJRGFpZUtDb0FF_0,CAoSF0NJSE0wb2dLRUlDQWdJRGFpZUtDb0FF,0,./data/centercity/images/CAoSF0NJSE0wb2dLRUlDQWdJRGFpZUtDb0FF_0.jpg,False
,deploy,CAoSF0NJSE0wb2dLRUlDQWdJRGFpZUtDb0FF_90,CAoSF0NJSE0wb2dLRUlDQWdJRGFpZUtDb0FF,90,./data/centercity/images/CAoSF0NJSE0wb2dLRUlDQWdJRGFpZUtDb0FF_90.jpg,False
,deploy,CAoSF0NJSE0wb2dLRUlDQWdJRGFpZUtDb0FF_180,CAoSF0NJSE0wb2dLRUlDQWdJRGFpZUtDb0FF,180,./data/centercity/images/CAoSF0NJSE0wb2dLRUlDQWdJRGFpZUtDb0FF_180.jpg,False
,deploy,CAoSF0NJSE0wb2dLRUlDQWdJRGFpZUtDb0FF_270,CAoSF0NJSE0wb2dLRUlDQWdJRGFpZUtDb0FF,270,./data/centercity/images/CAoSF0NJSE0wb2dLRUlDQWdJRGFpZUtDb0FF_270.jpg,False
,deploy,TPmMMrQ4HedFuwKmb7H1iw_0,TPmMMrQ4HedFuwKmb7H1iw,0,./data/centercity/images/TPmMMrQ4HedFuwKmb7H1iw_0.jpg,False
,deploy,TPmMMrQ4HedFuwKmb7H1iw_90,TPmMMrQ4HedFuwKmb7H1iw,90,./data/centercity/images/TPmMMrQ4HedFuwKmb7H1iw_90.jpg,False
,deploy,TPmMMrQ4HedFuwKmb7H1iw_180,TPmMMrQ4HedFuwKmb7H1iw,180,./data/centercity/images/TPmMMrQ4HedFuwKmb7H1iw_180.jpg,False
,deploy,TPmMMrQ4HedFuwKmb7H1iw_270,TPmMMrQ4HedFuwKmb7H1iw,270,./data/centercity/images/TPmMMrQ4HedFuwKmb7H1iw_270.jpg,False
,deploy,xHnCAcHwTAGEr-bY_8vCyQ_0,xHnCAcHwTAGEr-bY_8vCyQ,0,./data/centercity/images/xHnCAcHwTAGEr-bY_8vCyQ_0.jpg,False
,deploy,xHnCAcHwTAGEr-bY_8vCyQ_90,xHnCAcHwTAGEr-bY_8vCyQ,90,./data/centercity/images/xHnCAcHwTAGEr-bY_8vCyQ_90.jpg,False
,deploy,xHnCAcHwTAGEr-bY_8vCyQ_180,xHnCAcHwTAGEr-bY_8vCyQ,180,./data/centercity/images/xHnCAcHwTAGEr-bY_8vCyQ_180.jpg,False
,deploy,xHnCAcHwTAGEr-bY_8vCyQ_270,xHnCAcHwTAGEr-bY_8vCyQ,270,./data/centercity/images/xHnCAcHwTAGEr-bY_8vCyQ_270.jpg,False
,deploy,whdKodZKAoZTu8rHMkZdKw_0,whdKodZKAoZTu8rHMkZdKw,0,./data/centercity/images/whdKodZKAoZTu8rHMkZdKw_0.jpg,False
,deploy,whdKodZKAoZTu8rHMkZdKw_90,whdKodZKAoZTu8rHMkZdKw,90,./data/centercity/images/whdKodZKAoZTu8rHMkZdKw_90.jpg,False
,deploy,whdKodZKAoZTu8rHMkZdKw_180,whdKodZKAoZTu8rHMkZdKw,180,./data/centercity/images/whdKodZKAoZTu8rHMkZdKw_180.jpg,False
,deploy,whdKodZKAoZTu8rHMkZdKw_270,whdKodZKAoZTu8rHMkZdKw,270,./data/centercity/images/whdKodZKAoZTu8rHMkZdKw_270.jpg,False
,deploy,PuIGFin7wPRj5Yt-lAGqlg_0,PuIGFin7wPRj5Yt-lAGqlg,0,./data/centercity/images/PuIGFin7wPRj5Yt-lAGqlg_0.jpg,False
,deploy,PuIGFin7wPRj5Yt-lAGqlg_90,PuIGFin7wPRj5Yt-lAGqlg,90,./data/centercity/images/PuIGFin7wPRj5Yt-lAGqlg_90.jpg,False
,deploy,PuIGFin7wPRj5Yt-lAGqlg_180,PuIGFin7wPRj5Yt-lAGqlg,180,./data/centercity/images/PuIGFin7wPRj5Yt-lAGqlg_180.jpg,False
,deploy,PuIGFin7wPRj5Yt-lAGqlg_270,PuIGFin7wPRj5Yt-lAGqlg,270,./data/centercity/images/PuIGFin7wPRj5Yt-lAGqlg_270.jpg,False
,deploy,q207t4QXzevQn02ni817TQ_0,q207t4QXzevQn02ni817TQ,0,./data/centercity/images/q207t4QXzevQn02ni817TQ_0.jpg,False
,deploy,q207t4QXzevQn02ni817TQ_90,q207t4QXzevQn02ni817TQ,90,./data/centercity/images/q207t4QXzevQn02ni817TQ_90.jpg,False
,deploy,q207t4QXzevQn02ni817TQ_180,q207t4QXzevQn02ni817TQ,180,./data/centercity/images/q207t4QXzevQn02ni817TQ_180.jpg,False
,deploy,q207t4QXzevQn02ni817TQ_270,q207t4QXzevQn02ni817TQ,270,./data/centercity/images/q207t4QXzevQn02ni817TQ_270.jpg,False
,deploy,WZZCNGZ5jD7orI2ZN1kd-Q_0,WZZCNGZ5jD7orI2ZN1kd-Q,0,./data/centercity/images/WZZCNGZ5jD7orI2ZN1kd-Q_0.jpg,False
,deploy,WZZCNGZ5jD7orI2ZN1kd-Q_90,WZZCNGZ5jD7orI2ZN1kd-Q,90,./data/centercity/images/WZZCNGZ5jD7orI2ZN1kd-Q_90.jpg,False
,deploy,WZZCNGZ5jD7orI2ZN1kd-Q_180,WZZCNGZ5jD7orI2ZN1kd-Q,180,./data/centercity/images/WZZCNGZ5jD7orI2ZN1kd-Q_180.jpg,False
,deploy,WZZCNGZ5jD7orI2ZN1kd-Q_270,WZZCNGZ5jD7orI2ZN1kd-Q,270,./data/centercity/images/WZZCNGZ5jD7orI2ZN1kd-Q_270.jpg,False
,deploy,U_djrT310JEcspu3QM4rCg_0,U_djrT310JEcspu3QM4rCg,0,./data/centercity/images/U_djrT310JEcspu3QM4rCg_0.jpg,False
,deploy,U_djrT310JEcspu3QM4rCg_90,U_djrT310JEcspu3QM4rCg,90,./data/centercity/images/U_djrT310JEcspu3QM4rCg_90.jpg,False
,deploy,U_djrT310JEcspu3QM4rCg_180,U_djrT310JEcspu3QM4rCg,180,./data/centercity/images/U_djrT310JEcspu3QM4rCg_180.jpg,False
,deploy,U_djrT310JEcspu3QM4rCg_270,U_djrT310JEcspu3QM4rCg,270,./data/centercity/images/U_djrT310JEcspu3QM4rCg_270.jpg,False
,deploy,6B0FTAGhrTKEAe2xr_075g_0,6B0FTAGhrTKEAe2xr_075g,0,./data/centercity/images/6B0FTAGhrTKEAe2xr_075g_0.jpg,False
,deploy,6B0FTAGhrTKEAe2xr_075g_90,6B0FTAGhrTKEAe2xr_075g,90,./data/centercity/images/6B0FTAGhrTKEAe2xr_075g_90.jpg,False
,deploy,6B0FTAGhrTKEAe2xr_075g_180,6B0FTAGhrTKEAe2xr_075g,180,./data/centercity/images/6B0FTAGhrTKEAe2xr_075g_180.jpg,False
,deploy,6B0FTAGhrTKEAe2xr_075g_270,6B0FTAGhrTKEAe2xr_075g,270,./data/centercity/images/6B0FTAGhrTKEAe2xr_075g_270.jpg,False
,deploy,2uOoinO_k5Zpxg5evNZ-DQ_0,2uOoinO_k5Zpxg5evNZ-DQ,0,./data/centercity/images/2uOoinO_k5Zpxg5evNZ-DQ_0.jpg,False
,deploy,2uOoinO_k5Zpxg5evNZ-DQ_90,2uOoinO_k5Zpxg5evNZ-DQ,90,./data/centercity/images/2uOoinO_k5Zpxg5evNZ-DQ_90.jpg,False
,deploy,2uOoinO_k5Zpxg5evNZ-DQ_180,2uOoinO_k5Zpxg5evNZ-DQ,180,./data/centercity/images/2uOoinO_k5Zpxg5evNZ-DQ_180.jpg,False
,deploy,2uOoinO_k5Zpxg5evNZ-DQ_270,2uOoinO_k5Zpxg5evNZ-DQ,270,./data/centercity/images/2uOoinO_k5Zpxg5evNZ-DQ_270.jpg,False
,deploy,TKHARh4FX7i__zfW6SjEAA_0,TKHARh4FX7i__zfW6SjEAA,0,./data/centercity/images/TKHARh4FX7i__zfW6SjEAA_0.jpg,False
,deploy,TKHARh4FX7i__zfW6SjEAA_90,TKHARh4FX7i__zfW6SjEAA,90,./data/centercity/images/TKHARh4FX7i__zfW6SjEAA_90.jpg,False
,deploy,TKHARh4FX7i__zfW6SjEAA_180,TKHARh4FX7i__zfW6SjEAA,180,./data/centercity/images/TKHARh4FX7i__zfW6SjEAA_180.jpg,False
,deploy,TKHARh4FX7i__zfW6SjEAA_270,TKHARh4FX7i__zfW6SjEAA,270,./data/centercity/images/TKHARh4FX7i__zfW6SjEAA_270.jpg,False
,deploy,_AtPpG3wz4HmU3JBHl943g_0,_AtPpG3wz4HmU3JBHl943g,0,./data/centercity/images/_AtPpG3wz4HmU3JBHl943g_0.jpg,False
,deploy,_AtPpG3wz4HmU3JBHl943g_90,_AtPpG3wz4HmU3JBHl943g,90,./data/centercity/images/_AtPpG3wz4HmU3JBHl943g_90.jpg,False
,deploy,_AtPpG3wz4HmU3JBHl943g_180,_AtPpG3wz4HmU3JBHl943g,180,./data/centercity/images/_AtPpG3wz4HmU3JBHl943g_180.jpg,False
,deploy,_AtPpG3wz4HmU3JBHl943g_270,_AtPpG3wz4HmU3JBHl943g,270,./data/centercity/images/_AtPpG3wz4HmU3JBHl943g_270.jpg,False
,deploy,nq7flOqBSIKdsE2lKKlBEg_0,nq7flOqBSIKdsE2lKKlBEg,0,./data/centercity/images/nq7flOqBSIKdsE2lKKlBEg_0.jpg,False
,deploy,nq7flOqBSIKdsE2lKKlBEg_90,nq7flOqBSIKdsE2lKKlBEg,90,./data/centercity/images/nq7flOqBSIKdsE2lKKlBEg_90.jpg,False
,deploy,nq7flOqBSIKdsE2lKKlBEg_180,nq7flOqBSIKdsE2lKKlBEg,180,./data/centercity/images/nq7flOqBSIKdsE2lKKlBEg_180.jpg,False
,deploy,nq7flOqBSIKdsE2lKKlBEg_270,nq7flOqBSIKdsE2lKKlBEg,270,./data/centercity/images/nq7flOqBSIKdsE2lKKlBEg_270.jpg,False
,deploy,KnugSGS7Ze3RYxTf0sGxaA_0,KnugSGS7Ze3RYxTf0sGxaA,0,./data/centercity/images/KnugSGS7Ze3RYxTf0sGxaA_0.jpg,False
,deploy,KnugSGS7Ze3RYxTf0sGxaA_90,KnugSGS7Ze3RYxTf0sGxaA,90,./data/centercity/images/KnugSGS7Ze3RYxTf0sGxaA_90.jpg,False
,deploy,KnugSGS7Ze3RYxTf0sGxaA_180,KnugSGS7Ze3RYxTf0sGxaA,180,./data/centercity/images/KnugSGS7Ze3RYxTf0sGxaA_180.jpg,False
,deploy,KnugSGS7Ze3RYxTf0sGxaA_270,KnugSGS7Ze3RYxTf0sGxaA,270,./data/centercity/images/KnugSGS7Ze3RYxTf0sGxaA_270.jpg,False
,deploy,Hdcj_r-rTp_yYSakZfATTA_0,Hdcj_r-rTp_yYSakZfATTA,0,./data/centercity/images/Hdcj_r-rTp_yYSakZfATTA_0.jpg,False
,deploy,Hdcj_r-rTp_yYSakZfATTA_90,Hdcj_r-rTp_yYSakZfATTA,90,./data/centercity/images/Hdcj_r-rTp_yYSakZfATTA_90.jpg,False
,deploy,Hdcj_r-rTp_yYSakZfATTA_180,Hdcj_r-rTp_yYSakZfATTA,180,./data/centercity/images/Hdcj_r-rTp_yYSakZfATTA_180.jpg,False
,deploy,Hdcj_r-rTp_yYSakZfATTA_270,Hdcj_r-rTp_yYSakZfATTA,270,./data/centercity/images/Hdcj_r-rTp_yYSakZfATTA_270.jpg,False
,deploy,gB6xiojFjIM3J82zsCE9gQ_0,gB6xiojFjIM3J82zsCE9gQ,0,./data/centercity/images/gB6xiojFjIM3J82zsCE9gQ_0.jpg,False
,deploy,gB6xiojFjIM3J82zsCE9gQ_90,gB6xiojFjIM3J82zsCE9gQ,90,./data/centercity/images/gB6xiojFjIM3J82zsCE9gQ_90.jpg,False
,deploy,gB6xiojFjIM3J82zsCE9gQ_180,gB6xiojFjIM3J82zsCE9gQ,180,./data/centercity/images/gB6xiojFjIM3J82zsCE9gQ_180.jpg,False
,deploy,gB6xiojFjIM3J82zsCE9gQ_270,gB6xiojFjIM3J82zsCE9gQ,270,./data/centercity/images/gB6xiojFjIM3J82zsCE9gQ_270.jpg,False
,deploy,CAoSFkNJSE0wb2dLRUlDQWdJRGE2WTJqSnc._0,CAoSFkNJSE0wb2dLRUlDQWdJRGE2WTJqSnc.,0,./data/centercity/images/CAoSFkNJSE0wb2dLRUlDQWdJRGE2WTJqSnc._0.jpg,False
,deploy,CAoSFkNJSE0wb2dLRUlDQWdJRGE2WTJqSnc._90,CAoSFkNJSE0wb2dLRUlDQWdJRGE2WTJqSnc.,90,./data/centercity/images/CAoSFkNJSE0wb2dLRUlDQWdJRGE2WTJqSnc._90.jpg,False
,deploy,CAoSFkNJSE0wb2dLRUlDQWdJRGE2WTJqSnc._180,CAoSFkNJSE0wb2dLRUlDQWdJRGE2WTJqSnc.,180,./data/centercity/images/CAoSFkNJSE0wb2dLRUlDQWdJRGE2WTJqSnc._180.jpg,False
,deploy,CAoSFkNJSE0wb2dLRUlDQWdJRGE2WTJqSnc._270,CAoSFkNJSE0wb2dLRUlDQWdJRGE2WTJqSnc.,270,./data/centercity/images/CAoSFkNJSE0wb2dLRUlDQWdJRGE2WTJqSnc._270.jpg,False
,deploy,CAoSFkNJSE0wb2dLRUlDQWdJRGFtY0xEQ0E._0,CAoSFkNJSE0wb2dLRUlDQWdJRGFtY0xEQ0E.,0,./data/centercity/images/CAoSFkNJSE0wb2dLRUlDQWdJRGFtY0xEQ0E._0.jpg,False
,deploy,CAoSFkNJSE0wb2dLRUlDQWdJRGFtY0xEQ0E._90,CAoSFkNJSE0wb2dLRUlDQWdJRGFtY0xEQ0E.,90,./data/centercity/images/CAoSFkNJSE0wb2dLRUlDQWdJRGFtY0xEQ0E._90.jpg,False
,deploy,CAoSFkNJSE0wb2dLRUlDQWdJRGFtY0xEQ0E._180,CAoSFkNJSE0wb2dLRUlDQWdJRGFtY0xEQ0E.,180,./data/centercity/images/CAoSFkNJSE0wb2dLRUlDQWdJRGFtY0xEQ0E._180.jpg,False
,deploy,CAoSFkNJSE0wb2dLRUlDQWdJRGFtY0xEQ0E._270,CAoSFkNJSE0wb2dLRUlDQWdJRGFtY0xEQ0E.,270,./data/centercity/images/CAoSFkNJSE0wb2dLRUlDQWdJRGFtY0xEQ0E._270.jpg,False
,deploy,ggDrV5jaKahvIisyUTO_pg_0,ggDrV5jaKahvIisyUTO_pg,0,./data/centercity/images/ggDrV5jaKahvIisyUTO_pg_0.jpg,False
,deploy,ggDrV5jaKahvIisyUTO_pg_90,ggDrV5jaKahvIisyUTO_pg,90,./data/centercity/images/ggDrV5jaKahvIisyUTO_pg_90.jpg,False
,deploy,ggDrV5jaKahvIisyUTO_pg_180,ggDrV5jaKahvIisyUTO_pg,180,./data/centercity/images/ggDrV5jaKahvIisyUTO_pg_180.jpg,False
,deploy,ggDrV5jaKahvIisyUTO_pg_270,ggDrV5jaKahvIisyUTO_pg,270,./data/centercity/images/ggDrV5jaKahvIisyUTO_pg_270.jpg,False
,deploy,CAoSF0NJSE0wb2dLRUlDQWdJRGFpYUxDNWdF_0,CAoSF0NJSE0wb2dLRUlDQWdJRGFpYUxDNWdF,0,./data/centercity/images/CAoSF0NJSE0wb2dLRUlDQWdJRGFpYUxDNWdF_0.jpg,False
,deploy,CAoSF0NJSE0wb2dLRUlDQWdJRGFpYUxDNWdF_90,CAoSF0NJSE0wb2dLRUlDQWdJRGFpYUxDNWdF,90,./data/centercity/images/CAoSF0NJSE0wb2dLRUlDQWdJRGFpYUxDNWdF_90.jpg,False
,deploy,CAoSF0NJSE0wb2dLRUlDQWdJRGFpYUxDNWdF_180,CAoSF0NJSE0wb2dLRUlDQWdJRGFpYUxDNWdF,180,./data/centercity/images/CAoSF0NJSE0wb2dLRUlDQWdJRGFpYUxDNWdF_180.jpg,False
,deploy,CAoSF0NJSE0wb2dLRUlDQWdJRGFpYUxDNWdF_270,CAoSF0NJSE0wb2dLRUlDQWdJRGFpYUxDNWdF,270,./data/centercity/images/CAoSF0NJSE0wb2dLRUlDQWdJRGFpYUxDNWdF_270.jpg,False
,deploy,pu4APJ9qFeNFQx5uYxGwfQ_0,pu4APJ9qFeNFQx5uYxGwfQ,0,./data/centercity/images/pu4APJ9qFeNFQx5uYxGwfQ_0.jpg,False
,deploy,pu4APJ9qFeNFQx5uYxGwfQ_90,pu4APJ9qFeNFQx5uYxGwfQ,90,./data/centercity/images/pu4APJ9qFeNFQx5uYxGwfQ_90.jpg,False
,deploy,pu4APJ9qFeNFQx5uYxGwfQ_180,pu4APJ9qFeNFQx5uYxGwfQ,180,./data/centercity/images/pu4APJ9qFeNFQx5uYxGwfQ_180.jpg,False
,deploy,pu4APJ9qFeNFQx5uYxGwfQ_270,pu4APJ9qFeNFQx5uYxGwfQ,270,./data/centercity/images/pu4APJ9qFeNFQx5uYxGwfQ_270.jpg,False
,deploy,_iu4-7jRxolpeWtq3E72tg_0,_iu4-7jRxolpeWtq3E72tg,0,./data/centercity/images/_iu4-7jRxolpeWtq3E72tg_0.jpg,False
,deploy,_iu4-7jRxolpeWtq3E72tg_90,_iu4-7jRxolpeWtq3E72tg,90,./data/centercity/images/_iu4-7jRxolpeWtq3E72tg_90.jpg,False
,deploy,_iu4-7jRxolpeWtq3E72tg_180,_iu4-7jRxolpeWtq3E72tg,180,./data/centercity/images/_iu4-7jRxolpeWtq3E72tg_180.jpg,False
,deploy,_iu4-7jRxolpeWtq3E72tg_270,_iu4-7jRxolpeWtq3E72tg,270,./data/centercity/images/_iu4-7jRxolpeWtq3E72tg_270.jpg,False
,deploy,CAoSFkNJSE0wb2dLRUlDQWdJRGFxZHVFUGc._0,CAoSFkNJSE0wb2dLRUlDQWdJRGFxZHVFUGc.,0,./data/centercity/images/CAoSFkNJSE0wb2dLRUlDQWdJRGFxZHVFUGc._0.jpg,False
,deploy,CAoSFkNJSE0wb2dLRUlDQWdJRGFxZHVFUGc._90,CAoSFkNJSE0wb2dLRUlDQWdJRGFxZHVFUGc.,90,./data/centercity/images/CAoSFkNJSE0wb2dLRUlDQWdJRGFxZHVFUGc._90.jpg,False
,deploy,CAoSFkNJSE0wb2dLRUlDQWdJRGFxZHVFUGc._180,CAoSFkNJSE0wb2dLRUlDQWdJRGFxZHVFUGc.,180,./data/centercity/images/CAoSFkNJSE0wb2dLRUlDQWdJRGFxZHVFUGc._180.jpg,False
,deploy,CAoSFkNJSE0wb2dLRUlDQWdJRGFxZHVFUGc._270,CAoSFkNJSE0wb2dLRUlDQWdJRGFxZHVFUGc.,270,./data/centercity/images/CAoSFkNJSE0wb2dLRUlDQWdJRGFxZHVFUGc._270.jpg,False
,deploy,1RWJrWLeOO2eapYGY5QWrQ_0,1RWJrWLeOO2eapYGY5QWrQ,0,./data/centercity/images/1RWJrWLeOO2eapYGY5QWrQ_0.jpg,False
,deploy,1RWJrWLeOO2eapYGY5QWrQ_90,1RWJrWLeOO2eapYGY5QWrQ,90,./data/centercity/images/1RWJrWLeOO2eapYGY5QWrQ_90.jpg,False
,deploy,1RWJrWLeOO2eapYGY5QWrQ_180,1RWJrWLeOO2eapYGY5QWrQ,180,./data/centercity/images/1RWJrWLeOO2eapYGY5QWrQ_180.jpg,False
,deploy,1RWJrWLeOO2eapYGY5QWrQ_270,1RWJrWLeOO2eapYGY5QWrQ,270,./data/centercity/images/1RWJrWLeOO2eapYGY5QWrQ_270.jpg,False
,deploy,9FdQelmBpYjbFqtfWuF0-w_0,9FdQelmBpYjbFqtfWuF0-w,0,./data/centercity/images/9FdQelmBpYjbFqtfWuF0-w_0.jpg,False
,deploy,9FdQelmBpYjbFqtfWuF0-w_90,9FdQelmBpYjbFqtfWuF0-w,90,./data/centercity/images/9FdQelmBpYjbFqtfWuF0-w_90.jpg,False
,deploy,9FdQelmBpYjbFqtfWuF0-w_180,9FdQelmBpYjbFqtfWuF0-w,180,./data/centercity/images/9FdQelmBpYjbFqtfWuF0-w_180.jpg,False
,deploy,9FdQelmBpYjbFqtfWuF0-w_270,9FdQelmBpYjbFqtfWuF0-w,270,./data/centercity/images/9FdQelmBpYjbFqtfWuF0-w_270.jpg,False
,deploy,uATAha0-pEsjps2tQ5Boxg_0,uATAha0-pEsjps2tQ5Boxg,0,./data/centercity/images/uATAha0-pEsjps2tQ5Boxg_0.jpg,False
,deploy,uATAha0-pEsjps2tQ5Boxg_90,uATAha0-pEsjps2tQ5Boxg,90,./data/centercity/images/uATAha0-pEsjps2tQ5Boxg_90.jpg,False
,deploy,uATAha0-pEsjps2tQ5Boxg_180,uATAha0-pEsjps2tQ5Boxg,180,./data/centercity/images/uATAha0-pEsjps2tQ5Boxg_180.jpg,False
,deploy,uATAha0-pEsjps2tQ5Boxg_270,uATAha0-pEsjps2tQ5Boxg,270,./data/centercity/images/uATAha0-pEsjps2tQ5Boxg_270.jpg,False
,deploy,CAoSFkNJSE0wb2dLRUlDQWdJRGE2ZjctZUE._0,CAoSFkNJSE0wb2dLRUlDQWdJRGE2ZjctZUE.,0,./data/centercity/images/CAoSFkNJSE0wb2dLRUlDQWdJRGE2ZjctZUE._0.jpg,False
,deploy,CAoSFkNJSE0wb2dLRUlDQWdJRGE2ZjctZUE._90,CAoSFkNJSE0wb2dLRUlDQWdJRGE2ZjctZUE.,90,./data/centercity/images/CAoSFkNJSE0wb2dLRUlDQWdJRGE2ZjctZUE._90.jpg,False
,deploy,CAoSFkNJSE0wb2dLRUlDQWdJRGE2ZjctZUE._180,CAoSFkNJSE0wb2dLRUlDQWdJRGE2ZjctZUE.,180,./data/centercity/images/CAoSFkNJSE0wb2dLRUlDQWdJRGE2ZjctZUE._180.jpg,False
,deploy,CAoSFkNJSE0wb2dLRUlDQWdJRGE2ZjctZUE._270,CAoSFkNJSE0wb2dLRUlDQWdJRGE2ZjctZUE.,270,./data/centercity/images/CAoSFkNJSE0wb2dLRUlDQWdJRGE2ZjctZUE._270.jpg,False
,deploy,8JwuDOk5r-DapYBvVf2_Fw_0,8JwuDOk5r-DapYBvVf2_Fw,0,./data/centercity/images/8JwuDOk5r-DapYBvVf2_Fw_0.jpg,False
,deploy,8JwuDOk5r-DapYBvVf2_Fw_90,8JwuDOk5r-DapYBvVf2_Fw,90,./data/centercity/images/8JwuDOk5r-DapYBvVf2_Fw_90.jpg,False
,deploy,8JwuDOk5r-DapYBvVf2_Fw_180,8JwuDOk5r-DapYBvVf2_Fw,180,./data/centercity/images/8JwuDOk5r-DapYBvVf2_Fw_180.jpg,False
,deploy,8JwuDOk5r-DapYBvVf2_Fw_270,8JwuDOk5r-DapYBvVf2_Fw,270,./data/centercity/images/8JwuDOk5r-DapYBvVf2_Fw_270.jpg,False
,deploy,CAoSF0NJSE0wb2dLRUlDQWdJRGEyZHpzdEFF_0,CAoSF0NJSE0wb2dLRUlDQWdJRGEyZHpzdEFF,0,./data/centercity/images/CAoSF0NJSE0wb2dLRUlDQWdJRGEyZHpzdEFF_0.jpg,False
,deploy,CAoSF0NJSE0wb2dLRUlDQWdJRGEyZHpzdEFF_90,CAoSF0NJSE0wb2dLRUlDQWdJRGEyZHpzdEFF,90,./data/centercity/images/CAoSF0NJSE0wb2dLRUlDQWdJRGEyZHpzdEFF_90.jpg,False
,deploy,CAoSF0NJSE0wb2dLRUlDQWdJRGEyZHpzdEFF_180,CAoSF0NJSE0wb2dLRUlDQWdJRGEyZHpzdEFF,180,./data/centercity/images/CAoSF0NJSE0wb2dLRUlDQWdJRGEyZHpzdEFF_180.jpg,False
,deploy,CAoSF0NJSE0wb2dLRUlDQWdJRGEyZHpzdEFF_270,CAoSF0NJSE0wb2dLRUlDQWdJRGEyZHpzdEFF,270,./data/centercity/images/CAoSF0NJSE0wb2dLRUlDQWdJRGEyZHpzdEFF_270.jpg,False
,deploy,zTVBm2zBN5tI5NBxv1arPA_0,zTVBm2zBN5tI5NBxv1arPA,0,./data/centercity/images/zTVBm2zBN5tI5NBxv1arPA_0.jpg,False
,deploy,zTVBm2zBN5tI5NBxv1arPA_90,zTVBm2zBN5tI5NBxv1arPA,90,./data/centercity/images/zTVBm2zBN5tI5NBxv1arPA_90.jpg,False
,deploy,zTVBm2zBN5tI5NBxv1arPA_180,zTVBm2zBN5tI5NBxv1arPA,180,./data/centercity/images/zTVBm2zBN5tI5NBxv1arPA_180.jpg,False
,deploy,zTVBm2zBN5tI5NBxv1arPA_270,zTVBm2zBN5tI5NBxv1arPA,270,./data/centercity/images/zTVBm2zBN5tI5NBxv1arPA_270.jpg,False
,deploy,RMpjLhHBqLFS_YCNDLg9NA_0,RMpjLhHBqLFS_YCNDLg9NA,0,./data/centercity/images/RMpjLhHBqLFS_YCNDLg9NA_0.jpg,False
,deploy,RMpjLhHBqLFS_YCNDLg9NA_90,RMpjLhHBqLFS_YCNDLg9NA,90,./data/centercity/images/RMpjLhHBqLFS_YCNDLg9NA_90.jpg,False
,deploy,RMpjLhHBqLFS_YCNDLg9NA_180,RMpjLhHBqLFS_YCNDLg9NA,180,./data/centercity/images/RMpjLhHBqLFS_YCNDLg9NA_180.jpg,False
,deploy,RMpjLhHBqLFS_YCNDLg9NA_270,RMpjLhHBqLFS_YCNDLg9NA,270,./data/centercity/images/RMpjLhHBqLFS_YCNDLg9NA_270.jpg,False
,deploy,Itq3RuikjO_DKXs6iWRhZg_0,Itq3RuikjO_DKXs6iWRhZg,0,./data/centercity/images/Itq3RuikjO_DKXs6iWRhZg_0.jpg,False
,deploy,Itq3RuikjO_DKXs6iWRhZg_90,Itq3RuikjO_DKXs6iWRhZg,90,./data/centercity/images/Itq3RuikjO_DKXs6iWRhZg_90.jpg,False
,deploy,Itq3RuikjO_DKXs6iWRhZg_180,Itq3RuikjO_DKXs6iWRhZg,180,./data/centercity/images/Itq3RuikjO_DKXs6iWRhZg_180.jpg,False
,deploy,Itq3RuikjO_DKXs6iWRhZg_270,Itq3RuikjO_DKXs6iWRhZg,270,./data/centercity/images/Itq3RuikjO_DKXs6iWRhZg_270.jpg,False
,deploy,M7H_asaGQPG4WIh9odXqnQ_0,M7H_asaGQPG4WIh9odXqnQ,0,./data/centercity/images/M7H_asaGQPG4WIh9odXqnQ_0.jpg,False
,deploy,M7H_asaGQPG4WIh9odXqnQ_90,M7H_asaGQPG4WIh9odXqnQ,90,./data/centercity/images/M7H_asaGQPG4WIh9odXqnQ_90.jpg,False
,deploy,M7H_asaGQPG4WIh9odXqnQ_180,M7H_asaGQPG4WIh9odXqnQ,180,./data/centercity/images/M7H_asaGQPG4WIh9odXqnQ_180.jpg,False
,deploy,M7H_asaGQPG4WIh9odXqnQ_270,M7H_asaGQPG4WIh9odXqnQ,270,./data/centercity/images/M7H_asaGQPG4WIh9odXqnQ_270.jpg,False
,deploy,aAOf8rpShlQQdOl4xtvWGQ_0,aAOf8rpShlQQdOl4xtvWGQ,0,./data/centercity/images/aAOf8rpShlQQdOl4xtvWGQ_0.jpg,False
,deploy,aAOf8rpShlQQdOl4xtvWGQ_90,aAOf8rpShlQQdOl4xtvWGQ,90,./data/centercity/images/aAOf8rpShlQQdOl4xtvWGQ_90.jpg,False
,deploy,aAOf8rpShlQQdOl4xtvWGQ_180,aAOf8rpShlQQdOl4xtvWGQ,180,./data/centercity/images/aAOf8rpShlQQdOl4xtvWGQ_180.jpg,False
,deploy,aAOf8rpShlQQdOl4xtvWGQ_270,aAOf8rpShlQQdOl4xtvWGQ,270,./data/centercity/images/aAOf8rpShlQQdOl4xtvWGQ_270.jpg,False
,deploy,prLo50wPU9hHvAcd1i7dug_0,prLo50wPU9hHvAcd1i7dug,0,./data/centercity/images/prLo50wPU9hHvAcd1i7dug_0.jpg,False
,deploy,prLo50wPU9hHvAcd1i7dug_90,prLo50wPU9hHvAcd1i7dug,90,./data/centercity/images/prLo50wPU9hHvAcd1i7dug_90.jpg,False
,deploy,prLo50wPU9hHvAcd1i7dug_180,prLo50wPU9hHvAcd1i7dug,180,./data/centercity/images/prLo50wPU9hHvAcd1i7dug_180.jpg,False
,deploy,prLo50wPU9hHvAcd1i7dug_270,prLo50wPU9hHvAcd1i7dug,270,./data/centercity/images/prLo50wPU9hHvAcd1i7dug_270.jpg,False
,deploy,O0SnlgDjL6gvsRo4K44IUQ_0,O0SnlgDjL6gvsRo4K44IUQ,0,./data/centercity/images/O0SnlgDjL6gvsRo4K44IUQ_0.jpg,False
,deploy,O0SnlgDjL6gvsRo4K44IUQ_90,O0SnlgDjL6gvsRo4K44IUQ,90,./data/centercity/images/O0SnlgDjL6gvsRo4K44IUQ_90.jpg,False
,deploy,O0SnlgDjL6gvsRo4K44IUQ_180,O0SnlgDjL6gvsRo4K44IUQ,180,./data/centercity/images/O0SnlgDjL6gvsRo4K44IUQ_180.jpg,False
,deploy,O0SnlgDjL6gvsRo4K44IUQ_270,O0SnlgDjL6gvsRo4K44IUQ,270,./data/centercity/images/O0SnlgDjL6gvsRo4K44IUQ_270.jpg,False
,deploy,qaYXmBycXMIy-dA_wAXlIg_0,qaYXmBycXMIy-dA_wAXlIg,0,./data/centercity/images/qaYXmBycXMIy-dA_wAXlIg_0.jpg,False
,deploy,qaYXmBycXMIy-dA_wAXlIg_90,qaYXmBycXMIy-dA_wAXlIg,90,./data/centercity/images/qaYXmBycXMIy-dA_wAXlIg_90.jpg,False
,deploy,qaYXmBycXMIy-dA_wAXlIg_180,qaYXmBycXMIy-dA_wAXlIg,180,./data/centercity/images/qaYXmBycXMIy-dA_wAXlIg_180.jpg,False
,deploy,qaYXmBycXMIy-dA_wAXlIg_270,qaYXmBycXMIy-dA_wAXlIg,270,./data/centercity/images/qaYXmBycXMIy-dA_wAXlIg_270.jpg,False
,deploy,_Rf6sy5bLfTcW_rFnToOig_0,_Rf6sy5bLfTcW_rFnToOig,0,./data/centercity/images/_Rf6sy5bLfTcW_rFnToOig_0.jpg,False
,deploy,_Rf6sy5bLfTcW_rFnToOig_90,_Rf6sy5bLfTcW_rFnToOig,90,./data/centercity/images/_Rf6sy5bLfTcW_rFnToOig_90.jpg,False
,deploy,_Rf6sy5bLfTcW_rFnToOig_180,_Rf6sy5bLfTcW_rFnToOig,180,./data/centercity/images/_Rf6sy5bLfTcW_rFnToOig_180.jpg,False
,deploy,_Rf6sy5bLfTcW_rFnToOig_270,_Rf6sy5bLfTcW_rFnToOig,270,./data/centercity/images/_Rf6sy5bLfTcW_rFnToOig_270.jpg,False
,deploy,L1YP8KN54xDJaNUEvfFfRw_0,L1YP8KN54xDJaNUEvfFfRw,0,./data/centercity/images/L1YP8KN54xDJaNUEvfFfRw_0.jpg,False
,deploy,L1YP8KN54xDJaNUEvfFfRw_90,L1YP8KN54xDJaNUEvfFfRw,90,./data/centercity/images/L1YP8KN54xDJaNUEvfFfRw_90.jpg,False
,deploy,L1YP8KN54xDJaNUEvfFfRw_180,L1YP8KN54xDJaNUEvfFfRw,180,./data/centercity/images/L1YP8KN54xDJaNUEvfFfRw_180.jpg,False
,deploy,L1YP8KN54xDJaNUEvfFfRw_270,L1YP8KN54xDJaNUEvfFfRw,270,./data/centercity/images/L1YP8KN54xDJaNUEvfFfRw_270.jpg,False
,deploy,1KMnjhqGR1uT0iQf614ZJQ_0,1KMnjhqGR1uT0iQf614ZJQ,0,./data/centercity/images/1KMnjhqGR1uT0iQf614ZJQ_0.jpg,False
,deploy,1KMnjhqGR1uT0iQf614ZJQ_90,1KMnjhqGR1uT0iQf614ZJQ,90,./data/centercity/images/1KMnjhqGR1uT0iQf614ZJQ_90.jpg,False
,deploy,1KMnjhqGR1uT0iQf614ZJQ_180,1KMnjhqGR1uT0iQf614ZJQ,180,./data/centercity/images/1KMnjhqGR1uT0iQf614ZJQ_180.jpg,False
,deploy,1KMnjhqGR1uT0iQf614ZJQ_270,1KMnjhqGR1uT0iQf614ZJQ,270,./data/centercity/images/1KMnjhqGR1uT0iQf614ZJQ_270.jpg,False
,deploy,k8_OBYAhDPyf9y0h7u9A5A_0,k8_OBYAhDPyf9y0h7u9A5A,0,./data/centercity/images/k8_OBYAhDPyf9y0h7u9A5A_0.jpg,False
,deploy,k8_OBYAhDPyf9y0h7u9A5A_90,k8_OBYAhDPyf9y0h7u9A5A,90,./data/centercity/images/k8_OBYAhDPyf9y0h7u9A5A_90.jpg,False
,deploy,k8_OBYAhDPyf9y0h7u9A5A_180,k8_OBYAhDPyf9y0h7u9A5A,180,./data/centercity/images/k8_OBYAhDPyf9y0h7u9A5A_180.jpg,False
,deploy,k8_OBYAhDPyf9y0h7u9A5A_270,k8_OBYAhDPyf9y0h7u9A5A,270,./data/centercity/images/k8_OBYAhDPyf9y0h7u9A5A_270.jpg,False
,deploy,WBqoz1BgwqKVeYJrMky7Sw_0,WBqoz1BgwqKVeYJrMky7Sw,0,./data/centercity/images/WBqoz1BgwqKVeYJrMky7Sw_0.jpg,False
,deploy,WBqoz1BgwqKVeYJrMky7Sw_90,WBqoz1BgwqKVeYJrMky7Sw,90,./data/centercity/images/WBqoz1BgwqKVeYJrMky7Sw_90.jpg,False
,deploy,WBqoz1BgwqKVeYJrMky7Sw_180,WBqoz1BgwqKVeYJrMky7Sw,180,./data/centercity/images/WBqoz1BgwqKVeYJrMky7Sw_180.jpg,False
,deploy,WBqoz1BgwqKVeYJrMky7Sw_270,WBqoz1BgwqKVeYJrMky7Sw,270,./data/centercity/images/WBqoz1BgwqKVeYJrMky7Sw_270.jpg,False
,deploy,UBb0cEA4Ug2DNhx9doTIyw_0,UBb0cEA4Ug2DNhx9doTIyw,0,./data/centercity/images/UBb0cEA4Ug2DNhx9doTIyw_0.jpg,False
,deploy,UBb0cEA4Ug2DNhx9doTIyw_90,UBb0cEA4Ug2DNhx9doTIyw,90,./data/centercity/images/UBb0cEA4Ug2DNhx9doTIyw_90.jpg,False
,deploy,UBb0cEA4Ug2DNhx9doTIyw_180,UBb0cEA4Ug2DNhx9doTIyw,180,./data/centercity/images/UBb0cEA4Ug2DNhx9doTIyw_180.jpg,False
,deploy,UBb0cEA4Ug2DNhx9doTIyw_270,UBb0cEA4Ug2DNhx9doTIyw,270,./data/centercity/images/UBb0cEA4Ug2DNhx9doTIyw_270.jpg,False
,deploy,RbgBjxSMH-RzuyGRQtQwtQ_0,RbgBjxSMH-RzuyGRQtQwtQ,0,./data/centercity/images/RbgBjxSMH-RzuyGRQtQwtQ_0.jpg,False
,deploy,RbgBjxSMH-RzuyGRQtQwtQ_90,RbgBjxSMH-RzuyGRQtQwtQ,90,./data/centercity/images/RbgBjxSMH-RzuyGRQtQwtQ_90.jpg,False
,deploy,RbgBjxSMH-RzuyGRQtQwtQ_180,RbgBjxSMH-RzuyGRQtQwtQ,180,./data/centercity/images/RbgBjxSMH-RzuyGRQtQwtQ_180.jpg,False
,deploy,RbgBjxSMH-RzuyGRQtQwtQ_270,RbgBjxSMH-RzuyGRQtQwtQ,270,./data/centercity/images/RbgBjxSMH-RzuyGRQtQwtQ_270.jpg,False
,deploy,dBUBvvWEOmKfuT7qzqkxdQ_0,dBUBvvWEOmKfuT7qzqkxdQ,0,./data/centercity/images/dBUBvvWEOmKfuT7qzqkxdQ_0.jpg,False
,deploy,dBUBvvWEOmKfuT7qzqkxdQ_90,dBUBvvWEOmKfuT7qzqkxdQ,90,./data/centercity/images/dBUBvvWEOmKfuT7qzqkxdQ_90.jpg,False
,deploy,dBUBvvWEOmKfuT7qzqkxdQ_180,dBUBvvWEOmKfuT7qzqkxdQ,180,./data/centercity/images/dBUBvvWEOmKfuT7qzqkxdQ_180.jpg,False
,deploy,dBUBvvWEOmKfuT7qzqkxdQ_270,dBUBvvWEOmKfuT7qzqkxdQ,270,./data/centercity/images/dBUBvvWEOmKfuT7qzqkxdQ_270.jpg,False
,deploy,IdvWDksbjGDlOcFYiwN_Aw_0,IdvWDksbjGDlOcFYiwN_Aw,0,./data/centercity/images/IdvWDksbjGDlOcFYiwN_Aw_0.jpg,False
,deploy,IdvWDksbjGDlOcFYiwN_Aw_90,IdvWDksbjGDlOcFYiwN_Aw,90,./data/centercity/images/IdvWDksbjGDlOcFYiwN_Aw_90.jpg,False
,deploy,IdvWDksbjGDlOcFYiwN_Aw_180,IdvWDksbjGDlOcFYiwN_Aw,180,./data/centercity/images/IdvWDksbjGDlOcFYiwN_Aw_180.jpg,False
,deploy,IdvWDksbjGDlOcFYiwN_Aw_270,IdvWDksbjGDlOcFYiwN_Aw,270,./data/centercity/images/IdvWDksbjGDlOcFYiwN_Aw_270.jpg,False
,deploy,YbxEKG1rVWBzGyPEl9-Tzg_0,YbxEKG1rVWBzGyPEl9-Tzg,0,./data/centercity/images/YbxEKG1rVWBzGyPEl9-Tzg_0.jpg,False
,deploy,YbxEKG1rVWBzGyPEl9-Tzg_90,YbxEKG1rVWBzGyPEl9-Tzg,90,./data/centercity/images/YbxEKG1rVWBzGyPEl9-Tzg_90.jpg,False
,deploy,YbxEKG1rVWBzGyPEl9-Tzg_180,YbxEKG1rVWBzGyPEl9-Tzg,180,./data/centercity/images/YbxEKG1rVWBzGyPEl9-Tzg_180.jpg,False
,deploy,YbxEKG1rVWBzGyPEl9-Tzg_270,YbxEKG1rVWBzGyPEl9-Tzg,270,./data/centercity/images/YbxEKG1rVWBzGyPEl9-Tzg_270.jpg,False
,deploy,mu11Mi5FGAqZlj4-qkAJOw_0,mu11Mi5FGAqZlj4-qkAJOw,0,./data/centercity/images/mu11Mi5FGAqZlj4-qkAJOw_0.jpg,False
,deploy,mu11Mi5FGAqZlj4-qkAJOw_90,mu11Mi5FGAqZlj4-qkAJOw,90,./data/centercity/images/mu11Mi5FGAqZlj4-qkAJOw_90.jpg,False
,deploy,mu11Mi5FGAqZlj4-qkAJOw_180,mu11Mi5FGAqZlj4-qkAJOw,180,./data/centercity/images/mu11Mi5FGAqZlj4-qkAJOw_180.jpg,False
,deploy,mu11Mi5FGAqZlj4-qkAJOw_270,mu11Mi5FGAqZlj4-qkAJOw,270,./data/centercity/images/mu11Mi5FGAqZlj4-qkAJOw_270.jpg,False
,deploy,cSkHWfckymf8nwPy_to97g_0,cSkHWfckymf8nwPy_to97g,0,./data/centercity/images/cSkHWfckymf8nwPy_to97g_0.jpg,False
,deploy,cSkHWfckymf8nwPy_to97g_90,cSkHWfckymf8nwPy_to97g,90,./data/centercity/images/cSkHWfckymf8nwPy_to97g_90.jpg,False
,deploy,cSkHWfckymf8nwPy_to97g_180,cSkHWfckymf8nwPy_to97g,180,./data/centercity/images/cSkHWfckymf8nwPy_to97g_180.jpg,False
,deploy,cSkHWfckymf8nwPy_to97g_270,cSkHWfckymf8nwPy_to97g,270,./data/centercity/images/cSkHWfckymf8nwPy_to97g_270.jpg,False
,deploy,3YzwEyp3OP_PWc6G2b8LiQ_0,3YzwEyp3OP_PWc6G2b8LiQ,0,./data/centercity/images/3YzwEyp3OP_PWc6G2b8LiQ_0.jpg,False
,deploy,3YzwEyp3OP_PWc6G2b8LiQ_90,3YzwEyp3OP_PWc6G2b8LiQ,90,./data/centercity/images/3YzwEyp3OP_PWc6G2b8LiQ_90.jpg,False
,deploy,3YzwEyp3OP_PWc6G2b8LiQ_180,3YzwEyp3OP_PWc6G2b8LiQ,180,./data/centercity/images/3YzwEyp3OP_PWc6G2b8LiQ_180.jpg,False
,deploy,3YzwEyp3OP_PWc6G2b8LiQ_270,3YzwEyp3OP_PWc6G2b8LiQ,270,./data/centercity/images/3YzwEyp3OP_PWc6G2b8LiQ_270.jpg,False
,deploy,kvEubfafbow6FuT-CeVa4g_0,kvEubfafbow6FuT-CeVa4g,0,./data/centercity/images/kvEubfafbow6FuT-CeVa4g_0.jpg,False
,deploy,kvEubfafbow6FuT-CeVa4g_90,kvEubfafbow6FuT-CeVa4g,90,./data/centercity/images/kvEubfafbow6FuT-CeVa4g_90.jpg,False
,deploy,kvEubfafbow6FuT-CeVa4g_180,kvEubfafbow6FuT-CeVa4g,180,./data/centercity/images/kvEubfafbow6FuT-CeVa4g_180.jpg,False
,deploy,kvEubfafbow6FuT-CeVa4g_270,kvEubfafbow6FuT-CeVa4g,270,./data/centercity/images/kvEubfafbow6FuT-CeVa4g_270.jpg,False
,deploy,WGyjdHYjpJNYpiDv59duXw_0,WGyjdHYjpJNYpiDv59duXw,0,./data/centercity/images/WGyjdHYjpJNYpiDv59duXw_0.jpg,False
,deploy,WGyjdHYjpJNYpiDv59duXw_90,WGyjdHYjpJNYpiDv59duXw,90,./data/centercity/images/WGyjdHYjpJNYpiDv59duXw_90.jpg,False
,deploy,WGyjdHYjpJNYpiDv59duXw_180,WGyjdHYjpJNYpiDv59duXw,180,./data/centercity/images/WGyjdHYjpJNYpiDv59duXw_180.jpg,False
,deploy,WGyjdHYjpJNYpiDv59duXw_270,WGyjdHYjpJNYpiDv59duXw,270,./data/centercity/images/WGyjdHYjpJNYpiDv59duXw_270.jpg,False
,deploy,CAoSF0NJSE0wb2dLRUlDQWdJRGE4ZktIN3dF_0,CAoSF0NJSE0wb2dLRUlDQWdJRGE4ZktIN3dF,0,./data/centercity/images/CAoSF0NJSE0wb2dLRUlDQWdJRGE4ZktIN3dF_0.jpg,False
,deploy,CAoSF0NJSE0wb2dLRUlDQWdJRGE4ZktIN3dF_90,CAoSF0NJSE0wb2dLRUlDQWdJRGE4ZktIN3dF,90,./data/centercity/images/CAoSF0NJSE0wb2dLRUlDQWdJRGE4ZktIN3dF_90.jpg,False
,deploy,CAoSF0NJSE0wb2dLRUlDQWdJRGE4ZktIN3dF_180,CAoSF0NJSE0wb2dLRUlDQWdJRGE4ZktIN3dF,180,./data/centercity/images/CAoSF0NJSE0wb2dLRUlDQWdJRGE4ZktIN3dF_180.jpg,False
,deploy,CAoSF0NJSE0wb2dLRUlDQWdJRGE4ZktIN3dF_270,CAoSF0NJSE0wb2dLRUlDQWdJRGE4ZktIN3dF,270,./data/centercity/images/CAoSF0NJSE0wb2dLRUlDQWdJRGE4ZktIN3dF_270.jpg,False
,deploy,f9v-m4Nfz-yPN0mOz2S32w_0,f9v-m4Nfz-yPN0mOz2S32w,0,./data/centercity/images/f9v-m4Nfz-yPN0mOz2S32w_0.jpg,False
,deploy,f9v-m4Nfz-yPN0mOz2S32w_90,f9v-m4Nfz-yPN0mOz2S32w,90,./data/centercity/images/f9v-m4Nfz-yPN0mOz2S32w_90.jpg,False
,deploy,f9v-m4Nfz-yPN0mOz2S32w_180,f9v-m4Nfz-yPN0mOz2S32w,180,./data/centercity/images/f9v-m4Nfz-yPN0mOz2S32w_180.jpg,False
,deploy,f9v-m4Nfz-yPN0mOz2S32w_270,f9v-m4Nfz-yPN0mOz2S32w,270,./data/centercity/images/f9v-m4Nfz-yPN0mOz2S32w_270.jpg,False
,deploy,laW7W4GKoqr1fReeqGPFZQ_0,laW7W4GKoqr1fReeqGPFZQ,0,./data/centercity/images/laW7W4GKoqr1fReeqGPFZQ_0.jpg,False
,deploy,laW7W4GKoqr1fReeqGPFZQ_90,laW7W4GKoqr1fReeqGPFZQ,90,./data/centercity/images/laW7W4GKoqr1fReeqGPFZQ_90.jpg,False
,deploy,laW7W4GKoqr1fReeqGPFZQ_180,laW7W4GKoqr1fReeqGPFZQ,180,./data/centercity/images/laW7W4GKoqr1fReeqGPFZQ_180.jpg,False
,deploy,laW7W4GKoqr1fReeqGPFZQ_270,laW7W4GKoqr1fReeqGPFZQ,270,./data/centercity/images/laW7W4GKoqr1fReeqGPFZQ_270.jpg,False
,deploy,CAoSF0NJSE0wb2dLRUlDQWdJRGEwYlg4eVFF_0,CAoSF0NJSE0wb2dLRUlDQWdJRGEwYlg4eVFF,0,./data/centercity/images/CAoSF0NJSE0wb2dLRUlDQWdJRGEwYlg4eVFF_0.jpg,False
,deploy,CAoSF0NJSE0wb2dLRUlDQWdJRGEwYlg4eVFF_90,CAoSF0NJSE0wb2dLRUlDQWdJRGEwYlg4eVFF,90,./data/centercity/images/CAoSF0NJSE0wb2dLRUlDQWdJRGEwYlg4eVFF_90.jpg,False
,deploy,CAoSF0NJSE0wb2dLRUlDQWdJRGEwYlg4eVFF_180,CAoSF0NJSE0wb2dLRUlDQWdJRGEwYlg4eVFF,180,./data/centercity/images/CAoSF0NJSE0wb2dLRUlDQWdJRGEwYlg4eVFF_180.jpg,False
,deploy,CAoSF0NJSE0wb2dLRUlDQWdJRGEwYlg4eVFF_270,CAoSF0NJSE0wb2dLRUlDQWdJRGEwYlg4eVFF,270,./data/centercity/images/CAoSF0NJSE0wb2dLRUlDQWdJRGEwYlg4eVFF_270.jpg,False
,deploy,nbCeRW2OJLZR0XqrzAFTkw_0,nbCeRW2OJLZR0XqrzAFTkw,0,./data/centercity/images/nbCeRW2OJLZR0XqrzAFTkw_0.jpg,False
,deploy,nbCeRW2OJLZR0XqrzAFTkw_90,nbCeRW2OJLZR0XqrzAFTkw,90,./data/centercity/images/nbCeRW2OJLZR0XqrzAFTkw_90.jpg,False
,deploy,nbCeRW2OJLZR0XqrzAFTkw_180,nbCeRW2OJLZR0XqrzAFTkw,180,./data/centercity/images/nbCeRW2OJLZR0XqrzAFTkw_180.jpg,False
,deploy,nbCeRW2OJLZR0XqrzAFTkw_270,nbCeRW2OJLZR0XqrzAFTkw,270,./data/centercity/images/nbCeRW2OJLZR0XqrzAFTkw_270.jpg,False
,deploy,AT-uVKx2BrGPu-SgrnUm6w_0,AT-uVKx2BrGPu-SgrnUm6w,0,./data/centercity/images/AT-uVKx2BrGPu-SgrnUm6w_0.jpg,False
,deploy,AT-uVKx2BrGPu-SgrnUm6w_90,AT-uVKx2BrGPu-SgrnUm6w,90,./data/centercity/images/AT-uVKx2BrGPu-SgrnUm6w_90.jpg,False
,deploy,AT-uVKx2BrGPu-SgrnUm6w_180,AT-uVKx2BrGPu-SgrnUm6w,180,./data/centercity/images/AT-uVKx2BrGPu-SgrnUm6w_180.jpg,False
,deploy,AT-uVKx2BrGPu-SgrnUm6w_270,AT-uVKx2BrGPu-SgrnUm6w,270,./data/centercity/images/AT-uVKx2BrGPu-SgrnUm6w_270.jpg,False
,deploy,b_kLGjLzU3SQ2egrwXKcXg_0,b_kLGjLzU3SQ2egrwXKcXg,0,./data/centercity/images/b_kLGjLzU3SQ2egrwXKcXg_0.jpg,False
,deploy,b_kLGjLzU3SQ2egrwXKcXg_90,b_kLGjLzU3SQ2egrwXKcXg,90,./data/centercity/images/b_kLGjLzU3SQ2egrwXKcXg_90.jpg,False
,deploy,b_kLGjLzU3SQ2egrwXKcXg_180,b_kLGjLzU3SQ2egrwXKcXg,180,./data/centercity/images/b_kLGjLzU3SQ2egrwXKcXg_180.jpg,False
,deploy,b_kLGjLzU3SQ2egrwXKcXg_270,b_kLGjLzU3SQ2egrwXKcXg,270,./data/centercity/images/b_kLGjLzU3SQ2egrwXKcXg_270.jpg,False
,deploy,CAoSF0NJSE0wb2dLRUlDQWdJRGE2ZE83endF_0,CAoSF0NJSE0wb2dLRUlDQWdJRGE2ZE83endF,0,./data/centercity/images/CAoSF0NJSE0wb2dLRUlDQWdJRGE2ZE83endF_0.jpg,False
,deploy,CAoSF0NJSE0wb2dLRUlDQWdJRGE2ZE83endF_90,CAoSF0NJSE0wb2dLRUlDQWdJRGE2ZE83endF,90,./data/centercity/images/CAoSF0NJSE0wb2dLRUlDQWdJRGE2ZE83endF_90.jpg,False
,deploy,CAoSF0NJSE0wb2dLRUlDQWdJRGE2ZE83endF_180,CAoSF0NJSE0wb2dLRUlDQWdJRGE2ZE83endF,180,./data/centercity/images/CAoSF0NJSE0wb2dLRUlDQWdJRGE2ZE83endF_180.jpg,False
,deploy,CAoSF0NJSE0wb2dLRUlDQWdJRGE2ZE83endF_270,CAoSF0NJSE0wb2dLRUlDQWdJRGE2ZE83endF,270,./data/centercity/images/CAoSF0NJSE0wb2dLRUlDQWdJRGE2ZE83endF_270.jpg,False
,deploy,ux-w0vQshXpvxVuT4kwKXg_0,ux-w0vQshXpvxVuT4kwKXg,0,./data/centercity/images/ux-w0vQshXpvxVuT4kwKXg_0.jpg,False
,deploy,ux-w0vQshXpvxVuT4kwKXg_90,ux-w0vQshXpvxVuT4kwKXg,90,./data/centercity/images/ux-w0vQshXpvxVuT4kwKXg_90.jpg,False
,deploy,ux-w0vQshXpvxVuT4kwKXg_180,ux-w0vQshXpvxVuT4kwKXg,180,./data/centercity/images/ux-w0vQshXpvxVuT4kwKXg_180.jpg,False
,deploy,ux-w0vQshXpvxVuT4kwKXg_270,ux-w0vQshXpvxVuT4kwKXg,270,./data/centercity/images/ux-w0vQshXpvxVuT4kwKXg_270.jpg,False
,deploy,e4yFZlENhf-F6Wh0nMUrtQ_0,e4yFZlENhf-F6Wh0nMUrtQ,0,./data/centercity/images/e4yFZlENhf-F6Wh0nMUrtQ_0.jpg,False
,deploy,e4yFZlENhf-F6Wh0nMUrtQ_90,e4yFZlENhf-F6Wh0nMUrtQ,90,./data/centercity/images/e4yFZlENhf-F6Wh0nMUrtQ_90.jpg,False
,deploy,e4yFZlENhf-F6Wh0nMUrtQ_180,e4yFZlENhf-F6Wh0nMUrtQ,180,./data/centercity/images/e4yFZlENhf-F6Wh0nMUrtQ_180.jpg,False
,deploy,e4yFZlENhf-F6Wh0nMUrtQ_270,e4yFZlENhf-F6Wh0nMUrtQ,270,./data/centercity/images/e4yFZlENhf-F6Wh0nMUrtQ_270.jpg,False
,deploy,BTy2j7rqYyNu1io4pCP9FA_0,BTy2j7rqYyNu1io4pCP9FA,0,./data/centercity/images/BTy2j7rqYyNu1io4pCP9FA_0.jpg,False
,deploy,BTy2j7rqYyNu1io4pCP9FA_90,BTy2j7rqYyNu1io4pCP9FA,90,./data/centercity/images/BTy2j7rqYyNu1io4pCP9FA_90.jpg,False
,deploy,BTy2j7rqYyNu1io4pCP9FA_180,BTy2j7rqYyNu1io4pCP9FA,180,./data/centercity/images/BTy2j7rqYyNu1io4pCP9FA_180.jpg,False
,deploy,BTy2j7rqYyNu1io4pCP9FA_270,BTy2j7rqYyNu1io4pCP9FA,270,./data/centercity/images/BTy2j7rqYyNu1io4pCP9FA_270.jpg,False
,deploy,3pzYzdJ38LDm8AsTmOA1ew_0,3pzYzdJ38LDm8AsTmOA1ew,0,./data/centercity/images/3pzYzdJ38LDm8AsTmOA1ew_0.jpg,False
,deploy,3pzYzdJ38LDm8AsTmOA1ew_90,3pzYzdJ38LDm8AsTmOA1ew,90,./data/centercity/images/3pzYzdJ38LDm8AsTmOA1ew_90.jpg,False
,deploy,3pzYzdJ38LDm8AsTmOA1ew_180,3pzYzdJ38LDm8AsTmOA1ew,180,./data/centercity/images/3pzYzdJ38LDm8AsTmOA1ew_180.jpg,False
,deploy,3pzYzdJ38LDm8AsTmOA1ew_270,3pzYzdJ38LDm8AsTmOA1ew,270,./data/centercity/images/3pzYzdJ38LDm8AsTmOA1ew_270.jpg,False
,deploy,W00HeYzA3Iz4Q0hb60HWTQ_0,W00HeYzA3Iz4Q0hb60HWTQ,0,./data/centercity/images/W00HeYzA3Iz4Q0hb60HWTQ_0.jpg,False
,deploy,W00HeYzA3Iz4Q0hb60HWTQ_90,W00HeYzA3Iz4Q0hb60HWTQ,90,./data/centercity/images/W00HeYzA3Iz4Q0hb60HWTQ_90.jpg,False
,deploy,W00HeYzA3Iz4Q0hb60HWTQ_180,W00HeYzA3Iz4Q0hb60HWTQ,180,./data/centercity/images/W00HeYzA3Iz4Q0hb60HWTQ_180.jpg,False
,deploy,W00HeYzA3Iz4Q0hb60HWTQ_270,W00HeYzA3Iz4Q0hb60HWTQ,270,./data/centercity/images/W00HeYzA3Iz4Q0hb60HWTQ_270.jpg,False
,deploy,CAoSFkNJSE0wb2dLRUlDQWdJRGEyZFRoQ0E._0,CAoSFkNJSE0wb2dLRUlDQWdJRGEyZFRoQ0E.,0,./data/centercity/images/CAoSFkNJSE0wb2dLRUlDQWdJRGEyZFRoQ0E._0.jpg,False
,deploy,CAoSFkNJSE0wb2dLRUlDQWdJRGEyZFRoQ0E._90,CAoSFkNJSE0wb2dLRUlDQWdJRGEyZFRoQ0E.,90,./data/centercity/images/CAoSFkNJSE0wb2dLRUlDQWdJRGEyZFRoQ0E._90.jpg,False
,deploy,CAoSFkNJSE0wb2dLRUlDQWdJRGEyZFRoQ0E._180,CAoSFkNJSE0wb2dLRUlDQWdJRGEyZFRoQ0E.,180,./data/centercity/images/CAoSFkNJSE0wb2dLRUlDQWdJRGEyZFRoQ0E._180.jpg,False
,deploy,CAoSFkNJSE0wb2dLRUlDQWdJRGEyZFRoQ0E._270,CAoSFkNJSE0wb2dLRUlDQWdJRGEyZFRoQ0E.,270,./data/centercity/images/CAoSFkNJSE0wb2dLRUlDQWdJRGEyZFRoQ0E._270.jpg,False
,deploy,CNSj6nY90VXp9frGL_ZThQ_0,CNSj6nY90VXp9frGL_ZThQ,0,./data/centercity/images/CNSj6nY90VXp9frGL_ZThQ_0.jpg,False
,deploy,CNSj6nY90VXp9frGL_ZThQ_90,CNSj6nY90VXp9frGL_ZThQ,90,./data/centercity/images/CNSj6nY90VXp9frGL_ZThQ_90.jpg,False
,deploy,CNSj6nY90VXp9frGL_ZThQ_180,CNSj6nY90VXp9frGL_ZThQ,180,./data/centercity/images/CNSj6nY90VXp9frGL_ZThQ_180.jpg,False
,deploy,CNSj6nY90VXp9frGL_ZThQ_270,CNSj6nY90VXp9frGL_ZThQ,270,./data/centercity/images/CNSj6nY90VXp9frGL_ZThQ_270.jpg,False
,deploy,f6_6L7ZBY6YB-_TeFJWOgQ_0,f6_6L7ZBY6YB-_TeFJWOgQ,0,./data/centercity/images/f6_6L7ZBY6YB-_TeFJWOgQ_0.jpg,False
,deploy,f6_6L7ZBY6YB-_TeFJWOgQ_90,f6_6L7ZBY6YB-_TeFJWOgQ,90,./data/centercity/images/f6_6L7ZBY6YB-_TeFJWOgQ_90.jpg,False
,deploy,f6_6L7ZBY6YB-_TeFJWOgQ_180,f6_6L7ZBY6YB-_TeFJWOgQ,180,./data/centercity/images/f6_6L7ZBY6YB-_TeFJWOgQ_180.jpg,False
,deploy,f6_6L7ZBY6YB-_TeFJWOgQ_270,f6_6L7ZBY6YB-_TeFJWOgQ,270,./data/centercity/images/f6_6L7ZBY6YB-_TeFJWOgQ_270.jpg,False
,deploy,jnguIvpCkAmdM5UAbT98_A_0,jnguIvpCkAmdM5UAbT98_A,0,./data/centercity/images/jnguIvpCkAmdM5UAbT98_A_0.jpg,False
,deploy,jnguIvpCkAmdM5UAbT98_A_90,jnguIvpCkAmdM5UAbT98_A,90,./data/centercity/images/jnguIvpCkAmdM5UAbT98_A_90.jpg,False
,deploy,jnguIvpCkAmdM5UAbT98_A_180,jnguIvpCkAmdM5UAbT98_A,180,./data/centercity/images/jnguIvpCkAmdM5UAbT98_A_180.jpg,False
,deploy,jnguIvpCkAmdM5UAbT98_A_270,jnguIvpCkAmdM5UAbT98_A,270,./data/centercity/images/jnguIvpCkAmdM5UAbT98_A_270.jpg,False
,deploy,ayEQ7nRcOmyAWQUagJmzOA_0,ayEQ7nRcOmyAWQUagJmzOA,0,./data/centercity/images/ayEQ7nRcOmyAWQUagJmzOA_0.jpg,False
,deploy,ayEQ7nRcOmyAWQUagJmzOA_90,ayEQ7nRcOmyAWQUagJmzOA,90,./data/centercity/images/ayEQ7nRcOmyAWQUagJmzOA_90.jpg,False
,deploy,ayEQ7nRcOmyAWQUagJmzOA_180,ayEQ7nRcOmyAWQUagJmzOA,180,./data/centercity/images/ayEQ7nRcOmyAWQUagJmzOA_180.jpg,False
,deploy,ayEQ7nRcOmyAWQUagJmzOA_270,ayEQ7nRcOmyAWQUagJmzOA,270,./data/centercity/images/ayEQ7nRcOmyAWQUagJmzOA_270.jpg,False
,deploy,FRnlLlRCg0cJkVkGL_E6sA_0,FRnlLlRCg0cJkVkGL_E6sA,0,./data/centercity/images/FRnlLlRCg0cJkVkGL_E6sA_0.jpg,False
,deploy,FRnlLlRCg0cJkVkGL_E6sA_90,FRnlLlRCg0cJkVkGL_E6sA,90,./data/centercity/images/FRnlLlRCg0cJkVkGL_E6sA_90.jpg,False
,deploy,FRnlLlRCg0cJkVkGL_E6sA_180,FRnlLlRCg0cJkVkGL_E6sA,180,./data/centercity/images/FRnlLlRCg0cJkVkGL_E6sA_180.jpg,False
,deploy,FRnlLlRCg0cJkVkGL_E6sA_270,FRnlLlRCg0cJkVkGL_E6sA,270,./data/centercity/images/FRnlLlRCg0cJkVkGL_E6sA_270.jpg,False
,deploy,pi7H5p-Uiw2KPn2E43tN6Q_0,pi7H5p-Uiw2KPn2E43tN6Q,0,./data/centercity/images/pi7H5p-Uiw2KPn2E43tN6Q_0.jpg,False
,deploy,pi7H5p-Uiw2KPn2E43tN6Q_90,pi7H5p-Uiw2KPn2E43tN6Q,90,./data/centercity/images/pi7H5p-Uiw2KPn2E43tN6Q_90.jpg,False
,deploy,pi7H5p-Uiw2KPn2E43tN6Q_180,pi7H5p-Uiw2KPn2E43tN6Q,180,./data/centercity/images/pi7H5p-Uiw2KPn2E43tN6Q_180.jpg,False
,deploy,pi7H5p-Uiw2KPn2E43tN6Q_270,pi7H5p-Uiw2KPn2E43tN6Q,270,./data/centercity/images/pi7H5p-Uiw2KPn2E43tN6Q_270.jpg,False
,deploy,u7E4ElMgwhtSnf_ZuOBFLw_0,u7E4ElMgwhtSnf_ZuOBFLw,0,./data/centercity/images/u7E4ElMgwhtSnf_ZuOBFLw_0.jpg,False
,deploy,u7E4ElMgwhtSnf_ZuOBFLw_90,u7E4ElMgwhtSnf_ZuOBFLw,90,./data/centercity/images/u7E4ElMgwhtSnf_ZuOBFLw_90.jpg,False
,deploy,u7E4ElMgwhtSnf_ZuOBFLw_180,u7E4ElMgwhtSnf_ZuOBFLw,180,./data/centercity/images/u7E4ElMgwhtSnf_ZuOBFLw_180.jpg,False
,deploy,u7E4ElMgwhtSnf_ZuOBFLw_270,u7E4ElMgwhtSnf_ZuOBFLw,270,./data/centercity/images/u7E4ElMgwhtSnf_ZuOBFLw_270.jpg,False
,deploy,-wr_G30bqO0jUTs7e1Y4HQ_0,-wr_G30bqO0jUTs7e1Y4HQ,0,./data/centercity/images/-wr_G30bqO0jUTs7e1Y4HQ_0.jpg,False
,deploy,-wr_G30bqO0jUTs7e1Y4HQ_90,-wr_G30bqO0jUTs7e1Y4HQ,90,./data/centercity/images/-wr_G30bqO0jUTs7e1Y4HQ_90.jpg,False
,deploy,-wr_G30bqO0jUTs7e1Y4HQ_180,-wr_G30bqO0jUTs7e1Y4HQ,180,./data/centercity/images/-wr_G30bqO0jUTs7e1Y4HQ_180.jpg,False
,deploy,-wr_G30bqO0jUTs7e1Y4HQ_270,-wr_G30bqO0jUTs7e1Y4HQ,270,./data/centercity/images/-wr_G30bqO0jUTs7e1Y4HQ_270.jpg,False
,deploy,DL5CSaPVvVSGBj0W-CrrhA_0,DL5CSaPVvVSGBj0W-CrrhA,0,./data/centercity/images/DL5CSaPVvVSGBj0W-CrrhA_0.jpg,False
,deploy,DL5CSaPVvVSGBj0W-CrrhA_90,DL5CSaPVvVSGBj0W-CrrhA,90,./data/centercity/images/DL5CSaPVvVSGBj0W-CrrhA_90.jpg,False
,deploy,DL5CSaPVvVSGBj0W-CrrhA_180,DL5CSaPVvVSGBj0W-CrrhA,180,./data/centercity/images/DL5CSaPVvVSGBj0W-CrrhA_180.jpg,False
,deploy,DL5CSaPVvVSGBj0W-CrrhA_270,DL5CSaPVvVSGBj0W-CrrhA,270,./data/centercity/images/DL5CSaPVvVSGBj0W-CrrhA_270.jpg,False
,deploy,SrOXAyUVIvyNOEeGNLtXyg_0,SrOXAyUVIvyNOEeGNLtXyg,0,./data/centercity/images/SrOXAyUVIvyNOEeGNLtXyg_0.jpg,False
,deploy,SrOXAyUVIvyNOEeGNLtXyg_90,SrOXAyUVIvyNOEeGNLtXyg,90,./data/centercity/images/SrOXAyUVIvyNOEeGNLtXyg_90.jpg,False
,deploy,SrOXAyUVIvyNOEeGNLtXyg_180,SrOXAyUVIvyNOEeGNLtXyg,180,./data/centercity/images/SrOXAyUVIvyNOEeGNLtXyg_180.jpg,False
,deploy,SrOXAyUVIvyNOEeGNLtXyg_270,SrOXAyUVIvyNOEeGNLtXyg,270,./data/centercity/images/SrOXAyUVIvyNOEeGNLtXyg_270.jpg,False
,deploy,fi71x-QLWLHEXAPJQZ-6NQ_0,fi71x-QLWLHEXAPJQZ-6NQ,0,./data/centercity/images/fi71x-QLWLHEXAPJQZ-6NQ_0.jpg,False
,deploy,fi71x-QLWLHEXAPJQZ-6NQ_90,fi71x-QLWLHEXAPJQZ-6NQ,90,./data/centercity/images/fi71x-QLWLHEXAPJQZ-6NQ_90.jpg,False
,deploy,fi71x-QLWLHEXAPJQZ-6NQ_180,fi71x-QLWLHEXAPJQZ-6NQ,180,./data/centercity/images/fi71x-QLWLHEXAPJQZ-6NQ_180.jpg,False
,deploy,fi71x-QLWLHEXAPJQZ-6NQ_270,fi71x-QLWLHEXAPJQZ-6NQ,270,./data/centercity/images/fi71x-QLWLHEXAPJQZ-6NQ_270.jpg,False
,deploy,aLZ5q4AdTF1vfVHxx_PpmA_0,aLZ5q4AdTF1vfVHxx_PpmA,0,./data/centercity/images/aLZ5q4AdTF1vfVHxx_PpmA_0.jpg,False
,deploy,aLZ5q4AdTF1vfVHxx_PpmA_90,aLZ5q4AdTF1vfVHxx_PpmA,90,./data/centercity/images/aLZ5q4AdTF1vfVHxx_PpmA_90.jpg,False
,deploy,aLZ5q4AdTF1vfVHxx_PpmA_180,aLZ5q4AdTF1vfVHxx_PpmA,180,./data/centercity/images/aLZ5q4AdTF1vfVHxx_PpmA_180.jpg,False
,deploy,aLZ5q4AdTF1vfVHxx_PpmA_270,aLZ5q4AdTF1vfVHxx_PpmA,270,./data/centercity/images/aLZ5q4AdTF1vfVHxx_PpmA_270.jpg,False
,deploy,RUUuJ_pIOMkyOf1tL-42Jw_0,RUUuJ_pIOMkyOf1tL-42Jw,0,./data/centercity/images/RUUuJ_pIOMkyOf1tL-42Jw_0.jpg,False
,deploy,RUUuJ_pIOMkyOf1tL-42Jw_90,RUUuJ_pIOMkyOf1tL-42Jw,90,./data/centercity/images/RUUuJ_pIOMkyOf1tL-42Jw_90.jpg,False
,deploy,RUUuJ_pIOMkyOf1tL-42Jw_180,RUUuJ_pIOMkyOf1tL-42Jw,180,./data/centercity/images/RUUuJ_pIOMkyOf1tL-42Jw_180.jpg,False
,deploy,RUUuJ_pIOMkyOf1tL-42Jw_270,RUUuJ_pIOMkyOf1tL-42Jw,270,./data/centercity/images/RUUuJ_pIOMkyOf1tL-42Jw_270.jpg,False
,deploy,FtyvuUcfae6PEq-3MS4L9g_0,FtyvuUcfae6PEq-3MS4L9g,0,./data/centercity/images/FtyvuUcfae6PEq-3MS4L9g_0.jpg,False
,deploy,FtyvuUcfae6PEq-3MS4L9g_90,FtyvuUcfae6PEq-3MS4L9g,90,./data/centercity/images/FtyvuUcfae6PEq-3MS4L9g_90.jpg,False
,deploy,FtyvuUcfae6PEq-3MS4L9g_180,FtyvuUcfae6PEq-3MS4L9g,180,./data/centercity/images/FtyvuUcfae6PEq-3MS4L9g_180.jpg,False
,deploy,FtyvuUcfae6PEq-3MS4L9g_270,FtyvuUcfae6PEq-3MS4L9g,270,./data/centercity/images/FtyvuUcfae6PEq-3MS4L9g_270.jpg,False
,deploy,0QfPTLDNG22VcE94W5Rh6g_0,0QfPTLDNG22VcE94W5Rh6g,0,./data/centercity/images/0QfPTLDNG22VcE94W5Rh6g_0.jpg,False
,deploy,0QfPTLDNG22VcE94W5Rh6g_90,0QfPTLDNG22VcE94W5Rh6g,90,./data/centercity/images/0QfPTLDNG22VcE94W5Rh6g_90.jpg,False
,deploy,0QfPTLDNG22VcE94W5Rh6g_180,0QfPTLDNG22VcE94W5Rh6g,180,./data/centercity/images/0QfPTLDNG22VcE94W5Rh6g_180.jpg,False
,deploy,0QfPTLDNG22VcE94W5Rh6g_270,0QfPTLDNG22VcE94W5Rh6g,270,./data/centercity/images/0QfPTLDNG22VcE94W5Rh6g_270.jpg,False
,deploy,H2IRPWznVCr6QS4hAsT7GA_0,H2IRPWznVCr6QS4hAsT7GA,0,./data/centercity/images/H2IRPWznVCr6QS4hAsT7GA_0.jpg,False
,deploy,H2IRPWznVCr6QS4hAsT7GA_90,H2IRPWznVCr6QS4hAsT7GA,90,./data/centercity/images/H2IRPWznVCr6QS4hAsT7GA_90.jpg,False
,deploy,H2IRPWznVCr6QS4hAsT7GA_180,H2IRPWznVCr6QS4hAsT7GA,180,./data/centercity/images/H2IRPWznVCr6QS4hAsT7GA_180.jpg,False
,deploy,H2IRPWznVCr6QS4hAsT7GA_270,H2IRPWznVCr6QS4hAsT7GA,270,./data/centercity/images/H2IRPWznVCr6QS4hAsT7GA_270.jpg,False
,deploy,By2Ep4hoElljtbNKq24Ppg_0,By2Ep4hoElljtbNKq24Ppg,0,./data/centercity/images/By2Ep4hoElljtbNKq24Ppg_0.jpg,False
,deploy,By2Ep4hoElljtbNKq24Ppg_90,By2Ep4hoElljtbNKq24Ppg,90,./data/centercity/images/By2Ep4hoElljtbNKq24Ppg_90.jpg,False
,deploy,By2Ep4hoElljtbNKq24Ppg_180,By2Ep4hoElljtbNKq24Ppg,180,./data/centercity/images/By2Ep4hoElljtbNKq24Ppg_180.jpg,False
,deploy,By2Ep4hoElljtbNKq24Ppg_270,By2Ep4hoElljtbNKq24Ppg,270,./data/centercity/images/By2Ep4hoElljtbNKq24Ppg_270.jpg,False
,deploy,9bE71Fv3mW17VhXfHNXPJA_0,9bE71Fv3mW17VhXfHNXPJA,0,./data/centercity/images/9bE71Fv3mW17VhXfHNXPJA_0.jpg,False
,deploy,9bE71Fv3mW17VhXfHNXPJA_90,9bE71Fv3mW17VhXfHNXPJA,90,./data/centercity/images/9bE71Fv3mW17VhXfHNXPJA_90.jpg,False
,deploy,9bE71Fv3mW17VhXfHNXPJA_180,9bE71Fv3mW17VhXfHNXPJA,180,./data/centercity/images/9bE71Fv3mW17VhXfHNXPJA_180.jpg,False
,deploy,9bE71Fv3mW17VhXfHNXPJA_270,9bE71Fv3mW17VhXfHNXPJA,270,./data/centercity/images/9bE71Fv3mW17VhXfHNXPJA_270.jpg,False
,deploy,WiTW8r9OKm4tkpRVzZJhmA_0,WiTW8r9OKm4tkpRVzZJhmA,0,./data/centercity/images/WiTW8r9OKm4tkpRVzZJhmA_0.jpg,False
,deploy,WiTW8r9OKm4tkpRVzZJhmA_90,WiTW8r9OKm4tkpRVzZJhmA,90,./data/centercity/images/WiTW8r9OKm4tkpRVzZJhmA_90.jpg,False
,deploy,WiTW8r9OKm4tkpRVzZJhmA_180,WiTW8r9OKm4tkpRVzZJhmA,180,./data/centercity/images/WiTW8r9OKm4tkpRVzZJhmA_180.jpg,False
,deploy,WiTW8r9OKm4tkpRVzZJhmA_270,WiTW8r9OKm4tkpRVzZJhmA,270,./data/centercity/images/WiTW8r9OKm4tkpRVzZJhmA_270.jpg,False
,deploy,gEWL2HS7EbSX2IfcyYWLbw_0,gEWL2HS7EbSX2IfcyYWLbw,0,./data/centercity/images/gEWL2HS7EbSX2IfcyYWLbw_0.jpg,False
,deploy,gEWL2HS7EbSX2IfcyYWLbw_90,gEWL2HS7EbSX2IfcyYWLbw,90,./data/centercity/images/gEWL2HS7EbSX2IfcyYWLbw_90.jpg,False
,deploy,gEWL2HS7EbSX2IfcyYWLbw_180,gEWL2HS7EbSX2IfcyYWLbw,180,./data/centercity/images/gEWL2HS7EbSX2IfcyYWLbw_180.jpg,False
,deploy,gEWL2HS7EbSX2IfcyYWLbw_270,gEWL2HS7EbSX2IfcyYWLbw,270,./data/centercity/images/gEWL2HS7EbSX2IfcyYWLbw_270.jpg,False
,deploy,5DskoYTaPXLuVddGZhV13A_0,5DskoYTaPXLuVddGZhV13A,0,./data/centercity/images/5DskoYTaPXLuVddGZhV13A_0.jpg,False
,deploy,5DskoYTaPXLuVddGZhV13A_90,5DskoYTaPXLuVddGZhV13A,90,./data/centercity/images/5DskoYTaPXLuVddGZhV13A_90.jpg,False
,deploy,5DskoYTaPXLuVddGZhV13A_180,5DskoYTaPXLuVddGZhV13A,180,./data/centercity/images/5DskoYTaPXLuVddGZhV13A_180.jpg,False
,deploy,5DskoYTaPXLuVddGZhV13A_270,5DskoYTaPXLuVddGZhV13A,270,./data/centercity/images/5DskoYTaPXLuVddGZhV13A_270.jpg,False
,deploy,CAoSFkNJSE0wb2dLRUlDQWdJREVtUEhoU1E._0,CAoSFkNJSE0wb2dLRUlDQWdJREVtUEhoU1E.,0,./data/centercity/images/CAoSFkNJSE0wb2dLRUlDQWdJREVtUEhoU1E._0.jpg,False
,deploy,CAoSFkNJSE0wb2dLRUlDQWdJREVtUEhoU1E._90,CAoSFkNJSE0wb2dLRUlDQWdJREVtUEhoU1E.,90,./data/centercity/images/CAoSFkNJSE0wb2dLRUlDQWdJREVtUEhoU1E._90.jpg,False
,deploy,CAoSFkNJSE0wb2dLRUlDQWdJREVtUEhoU1E._180,CAoSFkNJSE0wb2dLRUlDQWdJREVtUEhoU1E.,180,./data/centercity/images/CAoSFkNJSE0wb2dLRUlDQWdJREVtUEhoU1E._180.jpg,False
,deploy,CAoSFkNJSE0wb2dLRUlDQWdJREVtUEhoU1E._270,CAoSFkNJSE0wb2dLRUlDQWdJREVtUEhoU1E.,270,./data/centercity/images/CAoSFkNJSE0wb2dLRUlDQWdJREVtUEhoU1E._270.jpg,False
,deploy,qFd_03VN6ZcCstaoxj2Nxw_0,qFd_03VN6ZcCstaoxj2Nxw,0,./data/centercity/images/qFd_03VN6ZcCstaoxj2Nxw_0.jpg,False
,deploy,qFd_03VN6ZcCstaoxj2Nxw_90,qFd_03VN6ZcCstaoxj2Nxw,90,./data/centercity/images/qFd_03VN6ZcCstaoxj2Nxw_90.jpg,False
,deploy,qFd_03VN6ZcCstaoxj2Nxw_180,qFd_03VN6ZcCstaoxj2Nxw,180,./data/centercity/images/qFd_03VN6ZcCstaoxj2Nxw_180.jpg,False
,deploy,qFd_03VN6ZcCstaoxj2Nxw_270,qFd_03VN6ZcCstaoxj2Nxw,270,./data/centercity/images/qFd_03VN6ZcCstaoxj2Nxw_270.jpg,False
,deploy,G84fukD8PkD66TgX68gzbQ_0,G84fukD8PkD66TgX68gzbQ,0,./data/centercity/images/G84fukD8PkD66TgX68gzbQ_0.jpg,False
,deploy,G84fukD8PkD66TgX68gzbQ_90,G84fukD8PkD66TgX68gzbQ,90,./data/centercity/images/G84fukD8PkD66TgX68gzbQ_90.jpg,False
,deploy,G84fukD8PkD66TgX68gzbQ_180,G84fukD8PkD66TgX68gzbQ,180,./data/centercity/images/G84fukD8PkD66TgX68gzbQ_180.jpg,False
,deploy,G84fukD8PkD66TgX68gzbQ_270,G84fukD8PkD66TgX68gzbQ,270,./data/centercity/images/G84fukD8PkD66TgX68gzbQ_270.jpg,False
,deploy,5uy1pFKGFXEHCGy96zohNA_0,5uy1pFKGFXEHCGy96zohNA,0,./data/centercity/images/5uy1pFKGFXEHCGy96zohNA_0.jpg,False
,deploy,5uy1pFKGFXEHCGy96zohNA_90,5uy1pFKGFXEHCGy96zohNA,90,./data/centercity/images/5uy1pFKGFXEHCGy96zohNA_90.jpg,False
,deploy,5uy1pFKGFXEHCGy96zohNA_180,5uy1pFKGFXEHCGy96zohNA,180,./data/centercity/images/5uy1pFKGFXEHCGy96zohNA_180.jpg,False
,deploy,5uy1pFKGFXEHCGy96zohNA_270,5uy1pFKGFXEHCGy96zohNA,270,./data/centercity/images/5uy1pFKGFXEHCGy96zohNA_270.jpg,False
,deploy,-__F7kcaF5lpinodZJfDuw_0,-__F7kcaF5lpinodZJfDuw,0,./data/centercity/images/-__F7kcaF5lpinodZJfDuw_0.jpg,False
,deploy,-__F7kcaF5lpinodZJfDuw_90,-__F7kcaF5lpinodZJfDuw,90,./data/centercity/images/-__F7kcaF5lpinodZJfDuw_90.jpg,False
,deploy,-__F7kcaF5lpinodZJfDuw_180,-__F7kcaF5lpinodZJfDuw,180,./data/centercity/images/-__F7kcaF5lpinodZJfDuw_180.jpg,False
,deploy,-__F7kcaF5lpinodZJfDuw_270,-__F7kcaF5lpinodZJfDuw,270,./data/centercity/images/-__F7kcaF5lpinodZJfDuw_270.jpg,False
,deploy,f4PryCgkQxMSBmPJMWfXPA_0,f4PryCgkQxMSBmPJMWfXPA,0,./data/centercity/images/f4PryCgkQxMSBmPJMWfXPA_0.jpg,False
,deploy,f4PryCgkQxMSBmPJMWfXPA_90,f4PryCgkQxMSBmPJMWfXPA,90,./data/centercity/images/f4PryCgkQxMSBmPJMWfXPA_90.jpg,False
,deploy,f4PryCgkQxMSBmPJMWfXPA_180,f4PryCgkQxMSBmPJMWfXPA,180,./data/centercity/images/f4PryCgkQxMSBmPJMWfXPA_180.jpg,False
,deploy,f4PryCgkQxMSBmPJMWfXPA_270,f4PryCgkQxMSBmPJMWfXPA,270,./data/centercity/images/f4PryCgkQxMSBmPJMWfXPA_270.jpg,False
,deploy,WE0XwGKwZx-i9HXFvFbYhA_0,WE0XwGKwZx-i9HXFvFbYhA,0,./data/centercity/images/WE0XwGKwZx-i9HXFvFbYhA_0.jpg,False
,deploy,WE0XwGKwZx-i9HXFvFbYhA_90,WE0XwGKwZx-i9HXFvFbYhA,90,./data/centercity/images/WE0XwGKwZx-i9HXFvFbYhA_90.jpg,False
,deploy,WE0XwGKwZx-i9HXFvFbYhA_180,WE0XwGKwZx-i9HXFvFbYhA,180,./data/centercity/images/WE0XwGKwZx-i9HXFvFbYhA_180.jpg,False
,deploy,WE0XwGKwZx-i9HXFvFbYhA_270,WE0XwGKwZx-i9HXFvFbYhA,270,./data/centercity/images/WE0XwGKwZx-i9HXFvFbYhA_270.jpg,False
,deploy,ZMOucisCcE00OKZ_GE3hVw_0,ZMOucisCcE00OKZ_GE3hVw,0,./data/centercity/images/ZMOucisCcE00OKZ_GE3hVw_0.jpg,False
,deploy,ZMOucisCcE00OKZ_GE3hVw_90,ZMOucisCcE00OKZ_GE3hVw,90,./data/centercity/images/ZMOucisCcE00OKZ_GE3hVw_90.jpg,False
,deploy,ZMOucisCcE00OKZ_GE3hVw_180,ZMOucisCcE00OKZ_GE3hVw,180,./data/centercity/images/ZMOucisCcE00OKZ_GE3hVw_180.jpg,False
,deploy,ZMOucisCcE00OKZ_GE3hVw_270,ZMOucisCcE00OKZ_GE3hVw,270,./data/centercity/images/ZMOucisCcE00OKZ_GE3hVw_270.jpg,False
,deploy,9l3Mv183MeB2uPYGCFDIsg_0,9l3Mv183MeB2uPYGCFDIsg,0,./data/centercity/images/9l3Mv183MeB2uPYGCFDIsg_0.jpg,False
,deploy,9l3Mv183MeB2uPYGCFDIsg_90,9l3Mv183MeB2uPYGCFDIsg,90,./data/centercity/images/9l3Mv183MeB2uPYGCFDIsg_90.jpg,False
,deploy,9l3Mv183MeB2uPYGCFDIsg_180,9l3Mv183MeB2uPYGCFDIsg,180,./data/centercity/images/9l3Mv183MeB2uPYGCFDIsg_180.jpg,False
,deploy,9l3Mv183MeB2uPYGCFDIsg_270,9l3Mv183MeB2uPYGCFDIsg,270,./data/centercity/images/9l3Mv183MeB2uPYGCFDIsg_270.jpg,False
,deploy,E1F7y6LpZYv4ALiEPWTQCA_0,E1F7y6LpZYv4ALiEPWTQCA,0,./data/centercity/images/E1F7y6LpZYv4ALiEPWTQCA_0.jpg,False
,deploy,E1F7y6LpZYv4ALiEPWTQCA_90,E1F7y6LpZYv4ALiEPWTQCA,90,./data/centercity/images/E1F7y6LpZYv4ALiEPWTQCA_90.jpg,False
,deploy,E1F7y6LpZYv4ALiEPWTQCA_180,E1F7y6LpZYv4ALiEPWTQCA,180,./data/centercity/images/E1F7y6LpZYv4ALiEPWTQCA_180.jpg,False
,deploy,E1F7y6LpZYv4ALiEPWTQCA_270,E1F7y6LpZYv4ALiEPWTQCA,270,./data/centercity/images/E1F7y6LpZYv4ALiEPWTQCA_270.jpg,False
,deploy,KR6p9g-tqWbPMeF33qsU9Q_0,KR6p9g-tqWbPMeF33qsU9Q,0,./data/centercity/images/KR6p9g-tqWbPMeF33qsU9Q_0.jpg,False
,deploy,KR6p9g-tqWbPMeF33qsU9Q_90,KR6p9g-tqWbPMeF33qsU9Q,90,./data/centercity/images/KR6p9g-tqWbPMeF33qsU9Q_90.jpg,False
,deploy,KR6p9g-tqWbPMeF33qsU9Q_180,KR6p9g-tqWbPMeF33qsU9Q,180,./data/centercity/images/KR6p9g-tqWbPMeF33qsU9Q_180.jpg,False
,deploy,KR6p9g-tqWbPMeF33qsU9Q_270,KR6p9g-tqWbPMeF33qsU9Q,270,./data/centercity/images/KR6p9g-tqWbPMeF33qsU9Q_270.jpg,False
,deploy,89E30eli-j26IZ0yTnRNwg_0,89E30eli-j26IZ0yTnRNwg,0,./data/centercity/images/89E30eli-j26IZ0yTnRNwg_0.jpg,False
,deploy,89E30eli-j26IZ0yTnRNwg_90,89E30eli-j26IZ0yTnRNwg,90,./data/centercity/images/89E30eli-j26IZ0yTnRNwg_90.jpg,False
,deploy,89E30eli-j26IZ0yTnRNwg_180,89E30eli-j26IZ0yTnRNwg,180,./data/centercity/images/89E30eli-j26IZ0yTnRNwg_180.jpg,False
,deploy,89E30eli-j26IZ0yTnRNwg_270,89E30eli-j26IZ0yTnRNwg,270,./data/centercity/images/89E30eli-j26IZ0yTnRNwg_270.jpg,False
,deploy,GpC1frcnZpzZBvPxYMs-9A_0,GpC1frcnZpzZBvPxYMs-9A,0,./data/centercity/images/GpC1frcnZpzZBvPxYMs-9A_0.jpg,False
,deploy,GpC1frcnZpzZBvPxYMs-9A_90,GpC1frcnZpzZBvPxYMs-9A,90,./data/centercity/images/GpC1frcnZpzZBvPxYMs-9A_90.jpg,False
,deploy,GpC1frcnZpzZBvPxYMs-9A_180,GpC1frcnZpzZBvPxYMs-9A,180,./data/centercity/images/GpC1frcnZpzZBvPxYMs-9A_180.jpg,False
,deploy,GpC1frcnZpzZBvPxYMs-9A_270,GpC1frcnZpzZBvPxYMs-9A,270,./data/centercity/images/GpC1frcnZpzZBvPxYMs-9A_270.jpg,False
,deploy,YrA8UdVIBrUGOCZJQkJzhQ_0,YrA8UdVIBrUGOCZJQkJzhQ,0,./data/centercity/images/YrA8UdVIBrUGOCZJQkJzhQ_0.jpg,False
,deploy,YrA8UdVIBrUGOCZJQkJzhQ_90,YrA8UdVIBrUGOCZJQkJzhQ,90,./data/centercity/images/YrA8UdVIBrUGOCZJQkJzhQ_90.jpg,False
,deploy,YrA8UdVIBrUGOCZJQkJzhQ_180,YrA8UdVIBrUGOCZJQkJzhQ,180,./data/centercity/images/YrA8UdVIBrUGOCZJQkJzhQ_180.jpg,False
,deploy,YrA8UdVIBrUGOCZJQkJzhQ_270,YrA8UdVIBrUGOCZJQkJzhQ,270,./data/centercity/images/YrA8UdVIBrUGOCZJQkJzhQ_270.jpg,False
,deploy,bTEFRpUCqRpd55Im3nvsfA_0,bTEFRpUCqRpd55Im3nvsfA,0,./data/centercity/images/bTEFRpUCqRpd55Im3nvsfA_0.jpg,False
,deploy,bTEFRpUCqRpd55Im3nvsfA_90,bTEFRpUCqRpd55Im3nvsfA,90,./data/centercity/images/bTEFRpUCqRpd55Im3nvsfA_90.jpg,False
,deploy,bTEFRpUCqRpd55Im3nvsfA_180,bTEFRpUCqRpd55Im3nvsfA,180,./data/centercity/images/bTEFRpUCqRpd55Im3nvsfA_180.jpg,False
,deploy,bTEFRpUCqRpd55Im3nvsfA_270,bTEFRpUCqRpd55Im3nvsfA,270,./data/centercity/images/bTEFRpUCqRpd55Im3nvsfA_270.jpg,False
,deploy,Zf4oC2bDuu_17xZwszgs6g_0,Zf4oC2bDuu_17xZwszgs6g,0,./data/centercity/images/Zf4oC2bDuu_17xZwszgs6g_0.jpg,False
,deploy,Zf4oC2bDuu_17xZwszgs6g_90,Zf4oC2bDuu_17xZwszgs6g,90,./data/centercity/images/Zf4oC2bDuu_17xZwszgs6g_90.jpg,False
,deploy,Zf4oC2bDuu_17xZwszgs6g_180,Zf4oC2bDuu_17xZwszgs6g,180,./data/centercity/images/Zf4oC2bDuu_17xZwszgs6g_180.jpg,False
,deploy,Zf4oC2bDuu_17xZwszgs6g_270,Zf4oC2bDuu_17xZwszgs6g,270,./data/centercity/images/Zf4oC2bDuu_17xZwszgs6g_270.jpg,False
,deploy,sLxkEgXqFFqiUgzudVXbSQ_0,sLxkEgXqFFqiUgzudVXbSQ,0,./data/centercity/images/sLxkEgXqFFqiUgzudVXbSQ_0.jpg,False
,deploy,sLxkEgXqFFqiUgzudVXbSQ_90,sLxkEgXqFFqiUgzudVXbSQ,90,./data/centercity/images/sLxkEgXqFFqiUgzudVXbSQ_90.jpg,False
,deploy,sLxkEgXqFFqiUgzudVXbSQ_180,sLxkEgXqFFqiUgzudVXbSQ,180,./data/centercity/images/sLxkEgXqFFqiUgzudVXbSQ_180.jpg,False
,deploy,sLxkEgXqFFqiUgzudVXbSQ_270,sLxkEgXqFFqiUgzudVXbSQ,270,./data/centercity/images/sLxkEgXqFFqiUgzudVXbSQ_270.jpg,False
,deploy,cQxDHgWzsT7W1iBnzOijiA_0,cQxDHgWzsT7W1iBnzOijiA,0,./data/centercity/images/cQxDHgWzsT7W1iBnzOijiA_0.jpg,False
,deploy,cQxDHgWzsT7W1iBnzOijiA_90,cQxDHgWzsT7W1iBnzOijiA,90,./data/centercity/images/cQxDHgWzsT7W1iBnzOijiA_90.jpg,False
,deploy,cQxDHgWzsT7W1iBnzOijiA_180,cQxDHgWzsT7W1iBnzOijiA,180,./data/centercity/images/cQxDHgWzsT7W1iBnzOijiA_180.jpg,False
,deploy,cQxDHgWzsT7W1iBnzOijiA_270,cQxDHgWzsT7W1iBnzOijiA,270,./data/centercity/images/cQxDHgWzsT7W1iBnzOijiA_270.jpg,False
,deploy,PHx1eNB-b1TQulfmZIvBaw_0,PHx1eNB-b1TQulfmZIvBaw,0,./data/centercity/images/PHx1eNB-b1TQulfmZIvBaw_0.jpg,False
,deploy,PHx1eNB-b1TQulfmZIvBaw_90,PHx1eNB-b1TQulfmZIvBaw,90,./data/centercity/images/PHx1eNB-b1TQulfmZIvBaw_90.jpg,False
,deploy,PHx1eNB-b1TQulfmZIvBaw_180,PHx1eNB-b1TQulfmZIvBaw,180,./data/centercity/images/PHx1eNB-b1TQulfmZIvBaw_180.jpg,False
,deploy,PHx1eNB-b1TQulfmZIvBaw_270,PHx1eNB-b1TQulfmZIvBaw,270,./data/centercity/images/PHx1eNB-b1TQulfmZIvBaw_270.jpg,False
,deploy,TBfKZDOUXp4hUxL0SFnh8Q_0,TBfKZDOUXp4hUxL0SFnh8Q,0,./data/centercity/images/TBfKZDOUXp4hUxL0SFnh8Q_0.jpg,False
,deploy,TBfKZDOUXp4hUxL0SFnh8Q_90,TBfKZDOUXp4hUxL0SFnh8Q,90,./data/centercity/images/TBfKZDOUXp4hUxL0SFnh8Q_90.jpg,False
,deploy,TBfKZDOUXp4hUxL0SFnh8Q_180,TBfKZDOUXp4hUxL0SFnh8Q,180,./data/centercity/images/TBfKZDOUXp4hUxL0SFnh8Q_180.jpg,False
,deploy,TBfKZDOUXp4hUxL0SFnh8Q_270,TBfKZDOUXp4hUxL0SFnh8Q,270,./data/centercity/images/TBfKZDOUXp4hUxL0SFnh8Q_270.jpg,False
,deploy,PFMcrrfwmRuMBXPu6HCYQw_0,PFMcrrfwmRuMBXPu6HCYQw,0,./data/centercity/images/PFMcrrfwmRuMBXPu6HCYQw_0.jpg,False
,deploy,PFMcrrfwmRuMBXPu6HCYQw_90,PFMcrrfwmRuMBXPu6HCYQw,90,./data/centercity/images/PFMcrrfwmRuMBXPu6HCYQw_90.jpg,False
,deploy,PFMcrrfwmRuMBXPu6HCYQw_180,PFMcrrfwmRuMBXPu6HCYQw,180,./data/centercity/images/PFMcrrfwmRuMBXPu6HCYQw_180.jpg,False
,deploy,PFMcrrfwmRuMBXPu6HCYQw_270,PFMcrrfwmRuMBXPu6HCYQw,270,./data/centercity/images/PFMcrrfwmRuMBXPu6HCYQw_270.jpg,False
,deploy,_5y2COyTFemYHycCB0ScyQ_0,_5y2COyTFemYHycCB0ScyQ,0,./data/centercity/images/_5y2COyTFemYHycCB0ScyQ_0.jpg,False
,deploy,_5y2COyTFemYHycCB0ScyQ_90,_5y2COyTFemYHycCB0ScyQ,90,./data/centercity/images/_5y2COyTFemYHycCB0ScyQ_90.jpg,False
,deploy,_5y2COyTFemYHycCB0ScyQ_180,_5y2COyTFemYHycCB0ScyQ,180,./data/centercity/images/_5y2COyTFemYHycCB0ScyQ_180.jpg,False
,deploy,_5y2COyTFemYHycCB0ScyQ_270,_5y2COyTFemYHycCB0ScyQ,270,./data/centercity/images/_5y2COyTFemYHycCB0ScyQ_270.jpg,False
,deploy,sL3b6CLS6nyrw5dCn7Xcbg_0,sL3b6CLS6nyrw5dCn7Xcbg,0,./data/centercity/images/sL3b6CLS6nyrw5dCn7Xcbg_0.jpg,False
,deploy,sL3b6CLS6nyrw5dCn7Xcbg_90,sL3b6CLS6nyrw5dCn7Xcbg,90,./data/centercity/images/sL3b6CLS6nyrw5dCn7Xcbg_90.jpg,False
,deploy,sL3b6CLS6nyrw5dCn7Xcbg_180,sL3b6CLS6nyrw5dCn7Xcbg,180,./data/centercity/images/sL3b6CLS6nyrw5dCn7Xcbg_180.jpg,False
,deploy,sL3b6CLS6nyrw5dCn7Xcbg_270,sL3b6CLS6nyrw5dCn7Xcbg,270,./data/centercity/images/sL3b6CLS6nyrw5dCn7Xcbg_270.jpg,False
,deploy,CAoSF0NJSE0wb2dLRUlDQWdJRGFpYWpfa2dF_0,CAoSF0NJSE0wb2dLRUlDQWdJRGFpYWpfa2dF,0,./data/centercity/images/CAoSF0NJSE0wb2dLRUlDQWdJRGFpYWpfa2dF_0.jpg,False
,deploy,CAoSF0NJSE0wb2dLRUlDQWdJRGFpYWpfa2dF_90,CAoSF0NJSE0wb2dLRUlDQWdJRGFpYWpfa2dF,90,./data/centercity/images/CAoSF0NJSE0wb2dLRUlDQWdJRGFpYWpfa2dF_90.jpg,False
,deploy,CAoSF0NJSE0wb2dLRUlDQWdJRGFpYWpfa2dF_180,CAoSF0NJSE0wb2dLRUlDQWdJRGFpYWpfa2dF,180,./data/centercity/images/CAoSF0NJSE0wb2dLRUlDQWdJRGFpYWpfa2dF_180.jpg,False
,deploy,CAoSF0NJSE0wb2dLRUlDQWdJRGFpYWpfa2dF_270,CAoSF0NJSE0wb2dLRUlDQWdJRGFpYWpfa2dF,270,./data/centercity/images/CAoSF0NJSE0wb2dLRUlDQWdJRGFpYWpfa2dF_270.jpg,False
,deploy,8xa1fACqA3YkFHE_lDkUcg_0,8xa1fACqA3YkFHE_lDkUcg,0,./data/centercity/images/8xa1fACqA3YkFHE_lDkUcg_0.jpg,False
,deploy,8xa1fACqA3YkFHE_lDkUcg_90,8xa1fACqA3YkFHE_lDkUcg,90,./data/centercity/images/8xa1fACqA3YkFHE_lDkUcg_90.jpg,False
,deploy,8xa1fACqA3YkFHE_lDkUcg_180,8xa1fACqA3YkFHE_lDkUcg,180,./data/centercity/images/8xa1fACqA3YkFHE_lDkUcg_180.jpg,False
,deploy,8xa1fACqA3YkFHE_lDkUcg_270,8xa1fACqA3YkFHE_lDkUcg,270,./data/centercity/images/8xa1fACqA3YkFHE_lDkUcg_270.jpg,False
,deploy,5nZh3etuPFSp9OQEt-vXtw_0,5nZh3etuPFSp9OQEt-vXtw,0,./data/centercity/images/5nZh3etuPFSp9OQEt-vXtw_0.jpg,False
,deploy,5nZh3etuPFSp9OQEt-vXtw_90,5nZh3etuPFSp9OQEt-vXtw,90,./data/centercity/images/5nZh3etuPFSp9OQEt-vXtw_90.jpg,False
,deploy,5nZh3etuPFSp9OQEt-vXtw_180,5nZh3etuPFSp9OQEt-vXtw,180,./data/centercity/images/5nZh3etuPFSp9OQEt-vXtw_180.jpg,False
,deploy,5nZh3etuPFSp9OQEt-vXtw_270,5nZh3etuPFSp9OQEt-vXtw,270,./data/centercity/images/5nZh3etuPFSp9OQEt-vXtw_270.jpg,False
,deploy,4J88tjCSCuJz9taevMAlww_0,4J88tjCSCuJz9taevMAlww,0,./data/centercity/images/4J88tjCSCuJz9taevMAlww_0.jpg,False
,deploy,4J88tjCSCuJz9taevMAlww_90,4J88tjCSCuJz9taevMAlww,90,./data/centercity/images/4J88tjCSCuJz9taevMAlww_90.jpg,False
,deploy,4J88tjCSCuJz9taevMAlww_180,4J88tjCSCuJz9taevMAlww,180,./data/centercity/images/4J88tjCSCuJz9taevMAlww_180.jpg,False
,deploy,4J88tjCSCuJz9taevMAlww_270,4J88tjCSCuJz9taevMAlww,270,./data/centercity/images/4J88tjCSCuJz9taevMAlww_270.jpg,False
,deploy,dFDH6Iory-v8hD-66LAfoQ_0,dFDH6Iory-v8hD-66LAfoQ,0,./data/centercity/images/dFDH6Iory-v8hD-66LAfoQ_0.jpg,False
,deploy,dFDH6Iory-v8hD-66LAfoQ_90,dFDH6Iory-v8hD-66LAfoQ,90,./data/centercity/images/dFDH6Iory-v8hD-66LAfoQ_90.jpg,False
,deploy,dFDH6Iory-v8hD-66LAfoQ_180,dFDH6Iory-v8hD-66LAfoQ,180,./data/centercity/images/dFDH6Iory-v8hD-66LAfoQ_180.jpg,False
,deploy,dFDH6Iory-v8hD-66LAfoQ_270,dFDH6Iory-v8hD-66LAfoQ,270,./data/centercity/images/dFDH6Iory-v8hD-66LAfoQ_270.jpg,False
,deploy,CAoSF0NJSE0wb2dLRUlDQWdJRE8zc1dYeUFF_0,CAoSF0NJSE0wb2dLRUlDQWdJRE8zc1dYeUFF,0,./data/centercity/images/CAoSF0NJSE0wb2dLRUlDQWdJRE8zc1dYeUFF_0.jpg,False
,deploy,CAoSF0NJSE0wb2dLRUlDQWdJRE8zc1dYeUFF_90,CAoSF0NJSE0wb2dLRUlDQWdJRE8zc1dYeUFF,90,./data/centercity/images/CAoSF0NJSE0wb2dLRUlDQWdJRE8zc1dYeUFF_90.jpg,False
,deploy,CAoSF0NJSE0wb2dLRUlDQWdJRE8zc1dYeUFF_180,CAoSF0NJSE0wb2dLRUlDQWdJRE8zc1dYeUFF,180,./data/centercity/images/CAoSF0NJSE0wb2dLRUlDQWdJRE8zc1dYeUFF_180.jpg,False
,deploy,CAoSF0NJSE0wb2dLRUlDQWdJRE8zc1dYeUFF_270,CAoSF0NJSE0wb2dLRUlDQWdJRE8zc1dYeUFF,270,./data/centercity/images/CAoSF0NJSE0wb2dLRUlDQWdJRE8zc1dYeUFF_270.jpg,False
,deploy,6q4U57XAUBE61MI1GOzqTw_0,6q4U57XAUBE61MI1GOzqTw,0,./data/centercity/images/6q4U57XAUBE61MI1GOzqTw_0.jpg,False
,deploy,6q4U57XAUBE61MI1GOzqTw_90,6q4U57XAUBE61MI1GOzqTw,90,./data/centercity/images/6q4U57XAUBE61MI1GOzqTw_90.jpg,False
,deploy,6q4U57XAUBE61MI1GOzqTw_180,6q4U57XAUBE61MI1GOzqTw,180,./data/centercity/images/6q4U57XAUBE61MI1GOzqTw_180.jpg,False
,deploy,6q4U57XAUBE61MI1GOzqTw_270,6q4U57XAUBE61MI1GOzqTw,270,./data/centercity/images/6q4U57XAUBE61MI1GOzqTw_270.jpg,False
,deploy,8NVxTjKZWTF_7DYDmoxo2w_0,8NVxTjKZWTF_7DYDmoxo2w,0,./data/centercity/images/8NVxTjKZWTF_7DYDmoxo2w_0.jpg,False
,deploy,8NVxTjKZWTF_7DYDmoxo2w_90,8NVxTjKZWTF_7DYDmoxo2w,90,./data/centercity/images/8NVxTjKZWTF_7DYDmoxo2w_90.jpg,False
,deploy,8NVxTjKZWTF_7DYDmoxo2w_180,8NVxTjKZWTF_7DYDmoxo2w,180,./data/centercity/images/8NVxTjKZWTF_7DYDmoxo2w_180.jpg,False
,deploy,8NVxTjKZWTF_7DYDmoxo2w_270,8NVxTjKZWTF_7DYDmoxo2w,270,./data/centercity/images/8NVxTjKZWTF_7DYDmoxo2w_270.jpg,False
,deploy,TZCvbdawuS0IPKCAQCgOgQ_0,TZCvbdawuS0IPKCAQCgOgQ,0,./data/centercity/images/TZCvbdawuS0IPKCAQCgOgQ_0.jpg,False
,deploy,TZCvbdawuS0IPKCAQCgOgQ_90,TZCvbdawuS0IPKCAQCgOgQ,90,./data/centercity/images/TZCvbdawuS0IPKCAQCgOgQ_90.jpg,False
,deploy,TZCvbdawuS0IPKCAQCgOgQ_180,TZCvbdawuS0IPKCAQCgOgQ,180,./data/centercity/images/TZCvbdawuS0IPKCAQCgOgQ_180.jpg,False
,deploy,TZCvbdawuS0IPKCAQCgOgQ_270,TZCvbdawuS0IPKCAQCgOgQ,270,./data/centercity/images/TZCvbdawuS0IPKCAQCgOgQ_270.jpg,False
,deploy,rfs2Eo0dScDTpDm0MV6M0w_0,rfs2Eo0dScDTpDm0MV6M0w,0,./data/centercity/images/rfs2Eo0dScDTpDm0MV6M0w_0.jpg,False
,deploy,rfs2Eo0dScDTpDm0MV6M0w_90,rfs2Eo0dScDTpDm0MV6M0w,90,./data/centercity/images/rfs2Eo0dScDTpDm0MV6M0w_90.jpg,False
,deploy,rfs2Eo0dScDTpDm0MV6M0w_180,rfs2Eo0dScDTpDm0MV6M0w,180,./data/centercity/images/rfs2Eo0dScDTpDm0MV6M0w_180.jpg,False
,deploy,rfs2Eo0dScDTpDm0MV6M0w_270,rfs2Eo0dScDTpDm0MV6M0w,270,./data/centercity/images/rfs2Eo0dScDTpDm0MV6M0w_270.jpg,False
,deploy,O369GB-of46PJaSIdkqbMQ_0,O369GB-of46PJaSIdkqbMQ,0,./data/centercity/images/O369GB-of46PJaSIdkqbMQ_0.jpg,False
,deploy,O369GB-of46PJaSIdkqbMQ_90,O369GB-of46PJaSIdkqbMQ,90,./data/centercity/images/O369GB-of46PJaSIdkqbMQ_90.jpg,False
,deploy,O369GB-of46PJaSIdkqbMQ_180,O369GB-of46PJaSIdkqbMQ,180,./data/centercity/images/O369GB-of46PJaSIdkqbMQ_180.jpg,False
,deploy,O369GB-of46PJaSIdkqbMQ_270,O369GB-of46PJaSIdkqbMQ,270,./data/centercity/images/O369GB-of46PJaSIdkqbMQ_270.jpg,False
,deploy,CAoSFkNJSE0wb2dLRUlDQWdJRGVoWjZIV1E._0,CAoSFkNJSE0wb2dLRUlDQWdJRGVoWjZIV1E.,0,./data/centercity/images/CAoSFkNJSE0wb2dLRUlDQWdJRGVoWjZIV1E._0.jpg,False
,deploy,CAoSFkNJSE0wb2dLRUlDQWdJRGVoWjZIV1E._90,CAoSFkNJSE0wb2dLRUlDQWdJRGVoWjZIV1E.,90,./data/centercity/images/CAoSFkNJSE0wb2dLRUlDQWdJRGVoWjZIV1E._90.jpg,False
,deploy,CAoSFkNJSE0wb2dLRUlDQWdJRGVoWjZIV1E._180,CAoSFkNJSE0wb2dLRUlDQWdJRGVoWjZIV1E.,180,./data/centercity/images/CAoSFkNJSE0wb2dLRUlDQWdJRGVoWjZIV1E._180.jpg,False
,deploy,CAoSFkNJSE0wb2dLRUlDQWdJRGVoWjZIV1E._270,CAoSFkNJSE0wb2dLRUlDQWdJRGVoWjZIV1E.,270,./data/centercity/images/CAoSFkNJSE0wb2dLRUlDQWdJRGVoWjZIV1E._270.jpg,False
,deploy,hPri2UmoD1HXhN0P3_0Ogw_0,hPri2UmoD1HXhN0P3_0Ogw,0,./data/centercity/images/hPri2UmoD1HXhN0P3_0Ogw_0.jpg,False
,deploy,hPri2UmoD1HXhN0P3_0Ogw_90,hPri2UmoD1HXhN0P3_0Ogw,90,./data/centercity/images/hPri2UmoD1HXhN0P3_0Ogw_90.jpg,False
,deploy,hPri2UmoD1HXhN0P3_0Ogw_180,hPri2UmoD1HXhN0P3_0Ogw,180,./data/centercity/images/hPri2UmoD1HXhN0P3_0Ogw_180.jpg,False
,deploy,hPri2UmoD1HXhN0P3_0Ogw_270,hPri2UmoD1HXhN0P3_0Ogw,270,./data/centercity/images/hPri2UmoD1HXhN0P3_0Ogw_270.jpg,False
,deploy,CAoSF0NJSE0wb2dLRUlDQWdJRGEyYW5QNFFF_0,CAoSF0NJSE0wb2dLRUlDQWdJRGEyYW5QNFFF,0,./data/centercity/images/CAoSF0NJSE0wb2dLRUlDQWdJRGEyYW5QNFFF_0.jpg,False
,deploy,CAoSF0NJSE0wb2dLRUlDQWdJRGEyYW5QNFFF_90,CAoSF0NJSE0wb2dLRUlDQWdJRGEyYW5QNFFF,90,./data/centercity/images/CAoSF0NJSE0wb2dLRUlDQWdJRGEyYW5QNFFF_90.jpg,False
,deploy,CAoSF0NJSE0wb2dLRUlDQWdJRGEyYW5QNFFF_180,CAoSF0NJSE0wb2dLRUlDQWdJRGEyYW5QNFFF,180,./data/centercity/images/CAoSF0NJSE0wb2dLRUlDQWdJRGEyYW5QNFFF_180.jpg,False
,deploy,CAoSF0NJSE0wb2dLRUlDQWdJRGEyYW5QNFFF_270,CAoSF0NJSE0wb2dLRUlDQWdJRGEyYW5QNFFF,270,./data/centercity/images/CAoSF0NJSE0wb2dLRUlDQWdJRGEyYW5QNFFF_270.jpg,False
,deploy,RMLVge60BDWqhB-dB23gqw_0,RMLVge60BDWqhB-dB23gqw,0,./data/centercity/images/RMLVge60BDWqhB-dB23gqw_0.jpg,False
,deploy,RMLVge60BDWqhB-dB23gqw_90,RMLVge60BDWqhB-dB23gqw,90,./data/centercity/images/RMLVge60BDWqhB-dB23gqw_90.jpg,False
,deploy,RMLVge60BDWqhB-dB23gqw_180,RMLVge60BDWqhB-dB23gqw,180,./data/centercity/images/RMLVge60BDWqhB-dB23gqw_180.jpg,False
,deploy,RMLVge60BDWqhB-dB23gqw_270,RMLVge60BDWqhB-dB23gqw,270,./data/centercity/images/RMLVge60BDWqhB-dB23gqw_270.jpg,False
,deploy,CAoSFkNJSE0wb2dLRUlDQWdJRGE2Wm5IRGc._0,CAoSFkNJSE0wb2dLRUlDQWdJRGE2Wm5IRGc.,0,./data/centercity/images/CAoSFkNJSE0wb2dLRUlDQWdJRGE2Wm5IRGc._0.jpg,False
,deploy,CAoSFkNJSE0wb2dLRUlDQWdJRGE2Wm5IRGc._90,CAoSFkNJSE0wb2dLRUlDQWdJRGE2Wm5IRGc.,90,./data/centercity/images/CAoSFkNJSE0wb2dLRUlDQWdJRGE2Wm5IRGc._90.jpg,False
,deploy,CAoSFkNJSE0wb2dLRUlDQWdJRGE2Wm5IRGc._180,CAoSFkNJSE0wb2dLRUlDQWdJRGE2Wm5IRGc.,180,./data/centercity/images/CAoSFkNJSE0wb2dLRUlDQWdJRGE2Wm5IRGc._180.jpg,False
,deploy,CAoSFkNJSE0wb2dLRUlDQWdJRGE2Wm5IRGc._270,CAoSFkNJSE0wb2dLRUlDQWdJRGE2Wm5IRGc.,270,./data/centercity/images/CAoSFkNJSE0wb2dLRUlDQWdJRGE2Wm5IRGc._270.jpg,False
,deploy,CAoSFkNJSE0wb2dLRUlDQWdJRGEwYi1PR3c._0,CAoSFkNJSE0wb2dLRUlDQWdJRGEwYi1PR3c.,0,./data/centercity/images/CAoSFkNJSE0wb2dLRUlDQWdJRGEwYi1PR3c._0.jpg,False
,deploy,CAoSFkNJSE0wb2dLRUlDQWdJRGEwYi1PR3c._90,CAoSFkNJSE0wb2dLRUlDQWdJRGEwYi1PR3c.,90,./data/centercity/images/CAoSFkNJSE0wb2dLRUlDQWdJRGEwYi1PR3c._90.jpg,False
,deploy,CAoSFkNJSE0wb2dLRUlDQWdJRGEwYi1PR3c._180,CAoSFkNJSE0wb2dLRUlDQWdJRGEwYi1PR3c.,180,./data/centercity/images/CAoSFkNJSE0wb2dLRUlDQWdJRGEwYi1PR3c._180.jpg,False
,deploy,CAoSFkNJSE0wb2dLRUlDQWdJRGEwYi1PR3c._270,CAoSFkNJSE0wb2dLRUlDQWdJRGEwYi1PR3c.,270,./data/centercity/images/CAoSFkNJSE0wb2dLRUlDQWdJRGEwYi1PR3c._270.jpg,False
,deploy,CAoSFkNJSE0wb2dLRUlDQWdJRGFtZVRsWlE._0,CAoSFkNJSE0wb2dLRUlDQWdJRGFtZVRsWlE.,0,./data/centercity/images/CAoSFkNJSE0wb2dLRUlDQWdJRGFtZVRsWlE._0.jpg,False
,deploy,CAoSFkNJSE0wb2dLRUlDQWdJRGFtZVRsWlE._90,CAoSFkNJSE0wb2dLRUlDQWdJRGFtZVRsWlE.,90,./data/centercity/images/CAoSFkNJSE0wb2dLRUlDQWdJRGFtZVRsWlE._90.jpg,False
,deploy,CAoSFkNJSE0wb2dLRUlDQWdJRGFtZVRsWlE._180,CAoSFkNJSE0wb2dLRUlDQWdJRGFtZVRsWlE.,180,./data/centercity/images/CAoSFkNJSE0wb2dLRUlDQWdJRGFtZVRsWlE._180.jpg,False
,deploy,CAoSFkNJSE0wb2dLRUlDQWdJRGFtZVRsWlE._270,CAoSFkNJSE0wb2dLRUlDQWdJRGFtZVRsWlE.,270,./data/centercity/images/CAoSFkNJSE0wb2dLRUlDQWdJRGFtZVRsWlE._270.jpg,False
,deploy,qObmkk-0lvYhAMiqpnHnDA_0,qObmkk-0lvYhAMiqpnHnDA,0,./data/centercity/images/qObmkk-0lvYhAMiqpnHnDA_0.jpg,False
,deploy,qObmkk-0lvYhAMiqpnHnDA_90,qObmkk-0lvYhAMiqpnHnDA,90,./data/centercity/images/qObmkk-0lvYhAMiqpnHnDA_90.jpg,False
,deploy,qObmkk-0lvYhAMiqpnHnDA_180,qObmkk-0lvYhAMiqpnHnDA,180,./data/centercity/images/qObmkk-0lvYhAMiqpnHnDA_180.jpg,False
,deploy,qObmkk-0lvYhAMiqpnHnDA_270,qObmkk-0lvYhAMiqpnHnDA,270,./data/centercity/images/qObmkk-0lvYhAMiqpnHnDA_270.jpg,False
,deploy,iCTlce5vo86Zgaxay0Lnnw_0,iCTlce5vo86Zgaxay0Lnnw,0,./data/centercity/images/iCTlce5vo86Zgaxay0Lnnw_0.jpg,False
,deploy,iCTlce5vo86Zgaxay0Lnnw_90,iCTlce5vo86Zgaxay0Lnnw,90,./data/centercity/images/iCTlce5vo86Zgaxay0Lnnw_90.jpg,False
,deploy,iCTlce5vo86Zgaxay0Lnnw_180,iCTlce5vo86Zgaxay0Lnnw,180,./data/centercity/images/iCTlce5vo86Zgaxay0Lnnw_180.jpg,False
,deploy,iCTlce5vo86Zgaxay0Lnnw_270,iCTlce5vo86Zgaxay0Lnnw,270,./data/centercity/images/iCTlce5vo86Zgaxay0Lnnw_270.jpg,False
,deploy,SiTUpmVX4BxBE8QvXiYNbA_0,SiTUpmVX4BxBE8QvXiYNbA,0,./data/centercity/images/SiTUpmVX4BxBE8QvXiYNbA_0.jpg,False
,deploy,SiTUpmVX4BxBE8QvXiYNbA_90,SiTUpmVX4BxBE8QvXiYNbA,90,./data/centercity/images/SiTUpmVX4BxBE8QvXiYNbA_90.jpg,False
,deploy,SiTUpmVX4BxBE8QvXiYNbA_180,SiTUpmVX4BxBE8QvXiYNbA,180,./data/centercity/images/SiTUpmVX4BxBE8QvXiYNbA_180.jpg,False
,deploy,SiTUpmVX4BxBE8QvXiYNbA_270,SiTUpmVX4BxBE8QvXiYNbA,270,./data/centercity/images/SiTUpmVX4BxBE8QvXiYNbA_270.jpg,False
,deploy,gviMpalNdbY6ONlNzy_nFQ_0,gviMpalNdbY6ONlNzy_nFQ,0,./data/centercity/images/gviMpalNdbY6ONlNzy_nFQ_0.jpg,False
,deploy,gviMpalNdbY6ONlNzy_nFQ_90,gviMpalNdbY6ONlNzy_nFQ,90,./data/centercity/images/gviMpalNdbY6ONlNzy_nFQ_90.jpg,False
,deploy,gviMpalNdbY6ONlNzy_nFQ_180,gviMpalNdbY6ONlNzy_nFQ,180,./data/centercity/images/gviMpalNdbY6ONlNzy_nFQ_180.jpg,False
,deploy,gviMpalNdbY6ONlNzy_nFQ_270,gviMpalNdbY6ONlNzy_nFQ,270,./data/centercity/images/gviMpalNdbY6ONlNzy_nFQ_270.jpg,False
,deploy,Asr3obMYMFlsJlO7v6k3cA_0,Asr3obMYMFlsJlO7v6k3cA,0,./data/centercity/images/Asr3obMYMFlsJlO7v6k3cA_0.jpg,False
,deploy,Asr3obMYMFlsJlO7v6k3cA_90,Asr3obMYMFlsJlO7v6k3cA,90,./data/centercity/images/Asr3obMYMFlsJlO7v6k3cA_90.jpg,False
,deploy,Asr3obMYMFlsJlO7v6k3cA_180,Asr3obMYMFlsJlO7v6k3cA,180,./data/centercity/images/Asr3obMYMFlsJlO7v6k3cA_180.jpg,False
,deploy,Asr3obMYMFlsJlO7v6k3cA_270,Asr3obMYMFlsJlO7v6k3cA,270,./data/centercity/images/Asr3obMYMFlsJlO7v6k3cA_270.jpg,False
,deploy,wdVGzyYqFJw1pl54TbzKLQ_0,wdVGzyYqFJw1pl54TbzKLQ,0,./data/centercity/images/wdVGzyYqFJw1pl54TbzKLQ_0.jpg,False
,deploy,wdVGzyYqFJw1pl54TbzKLQ_90,wdVGzyYqFJw1pl54TbzKLQ,90,./data/centercity/images/wdVGzyYqFJw1pl54TbzKLQ_90.jpg,False
,deploy,wdVGzyYqFJw1pl54TbzKLQ_180,wdVGzyYqFJw1pl54TbzKLQ,180,./data/centercity/images/wdVGzyYqFJw1pl54TbzKLQ_180.jpg,False
,deploy,wdVGzyYqFJw1pl54TbzKLQ_270,wdVGzyYqFJw1pl54TbzKLQ,270,./data/centercity/images/wdVGzyYqFJw1pl54TbzKLQ_270.jpg,False
,deploy,E4pn-fiV0TpiVxv3NUj-Jg_0,E4pn-fiV0TpiVxv3NUj-Jg,0,./data/centercity/images/E4pn-fiV0TpiVxv3NUj-Jg_0.jpg,False
,deploy,E4pn-fiV0TpiVxv3NUj-Jg_90,E4pn-fiV0TpiVxv3NUj-Jg,90,./data/centercity/images/E4pn-fiV0TpiVxv3NUj-Jg_90.jpg,False
,deploy,E4pn-fiV0TpiVxv3NUj-Jg_180,E4pn-fiV0TpiVxv3NUj-Jg,180,./data/centercity/images/E4pn-fiV0TpiVxv3NUj-Jg_180.jpg,False
,deploy,E4pn-fiV0TpiVxv3NUj-Jg_270,E4pn-fiV0TpiVxv3NUj-Jg,270,./data/centercity/images/E4pn-fiV0TpiVxv3NUj-Jg_270.jpg,False
,deploy,CAoSFkNJSE0wb2dLRUlDQWdJQ3VpdVR5VUE._0,CAoSFkNJSE0wb2dLRUlDQWdJQ3VpdVR5VUE.,0,./data/centercity/images/CAoSFkNJSE0wb2dLRUlDQWdJQ3VpdVR5VUE._0.jpg,False
,deploy,CAoSFkNJSE0wb2dLRUlDQWdJQ3VpdVR5VUE._90,CAoSFkNJSE0wb2dLRUlDQWdJQ3VpdVR5VUE.,90,./data/centercity/images/CAoSFkNJSE0wb2dLRUlDQWdJQ3VpdVR5VUE._90.jpg,False
,deploy,CAoSFkNJSE0wb2dLRUlDQWdJQ3VpdVR5VUE._180,CAoSFkNJSE0wb2dLRUlDQWdJQ3VpdVR5VUE.,180,./data/centercity/images/CAoSFkNJSE0wb2dLRUlDQWdJQ3VpdVR5VUE._180.jpg,False
,deploy,CAoSFkNJSE0wb2dLRUlDQWdJQ3VpdVR5VUE._270,CAoSFkNJSE0wb2dLRUlDQWdJQ3VpdVR5VUE.,270,./data/centercity/images/CAoSFkNJSE0wb2dLRUlDQWdJQ3VpdVR5VUE._270.jpg,False
,deploy,UJw6-dKj6whbJgdtundX5w_0,UJw6-dKj6whbJgdtundX5w,0,./data/centercity/images/UJw6-dKj6whbJgdtundX5w_0.jpg,False
,deploy,UJw6-dKj6whbJgdtundX5w_90,UJw6-dKj6whbJgdtundX5w,90,./data/centercity/images/UJw6-dKj6whbJgdtundX5w_90.jpg,False
,deploy,UJw6-dKj6whbJgdtundX5w_180,UJw6-dKj6whbJgdtundX5w,180,./data/centercity/images/UJw6-dKj6whbJgdtundX5w_180.jpg,False
,deploy,UJw6-dKj6whbJgdtundX5w_270,UJw6-dKj6whbJgdtundX5w,270,./data/centercity/images/UJw6-dKj6whbJgdtundX5w_270.jpg,False
,deploy,CAoSF0NJSE0wb2dLRUlDQWdJQ0VpTGVDd1FF_0,CAoSF0NJSE0wb2dLRUlDQWdJQ0VpTGVDd1FF,0,./data/centercity/images/CAoSF0NJSE0wb2dLRUlDQWdJQ0VpTGVDd1FF_0.jpg,False
,deploy,CAoSF0NJSE0wb2dLRUlDQWdJQ0VpTGVDd1FF_90,CAoSF0NJSE0wb2dLRUlDQWdJQ0VpTGVDd1FF,90,./data/centercity/images/CAoSF0NJSE0wb2dLRUlDQWdJQ0VpTGVDd1FF_90.jpg,False
,deploy,CAoSF0NJSE0wb2dLRUlDQWdJQ0VpTGVDd1FF_180,CAoSF0NJSE0wb2dLRUlDQWdJQ0VpTGVDd1FF,180,./data/centercity/images/CAoSF0NJSE0wb2dLRUlDQWdJQ0VpTGVDd1FF_180.jpg,False
,deploy,CAoSF0NJSE0wb2dLRUlDQWdJQ0VpTGVDd1FF_270,CAoSF0NJSE0wb2dLRUlDQWdJQ0VpTGVDd1FF,270,./data/centercity/images/CAoSF0NJSE0wb2dLRUlDQWdJQ0VpTGVDd1FF_270.jpg,False
,deploy,0OEHe-vhX6Owd3NLYX60gw_0,0OEHe-vhX6Owd3NLYX60gw,0,./data/centercity/images/0OEHe-vhX6Owd3NLYX60gw_0.jpg,False
,deploy,0OEHe-vhX6Owd3NLYX60gw_90,0OEHe-vhX6Owd3NLYX60gw,90,./data/centercity/images/0OEHe-vhX6Owd3NLYX60gw_90.jpg,False
,deploy,0OEHe-vhX6Owd3NLYX60gw_180,0OEHe-vhX6Owd3NLYX60gw,180,./data/centercity/images/0OEHe-vhX6Owd3NLYX60gw_180.jpg,False
,deploy,0OEHe-vhX6Owd3NLYX60gw_270,0OEHe-vhX6Owd3NLYX60gw,270,./data/centercity/images/0OEHe-vhX6Owd3NLYX60gw_270.jpg,False
,deploy,CAoSFkNJSE0wb2dLRUlDQWdJREV0ZXp0U2c._0,CAoSFkNJSE0wb2dLRUlDQWdJREV0ZXp0U2c.,0,./data/centercity/images/CAoSFkNJSE0wb2dLRUlDQWdJREV0ZXp0U2c._0.jpg,False
,deploy,CAoSFkNJSE0wb2dLRUlDQWdJREV0ZXp0U2c._90,CAoSFkNJSE0wb2dLRUlDQWdJREV0ZXp0U2c.,90,./data/centercity/images/CAoSFkNJSE0wb2dLRUlDQWdJREV0ZXp0U2c._90.jpg,False
,deploy,CAoSFkNJSE0wb2dLRUlDQWdJREV0ZXp0U2c._180,CAoSFkNJSE0wb2dLRUlDQWdJREV0ZXp0U2c.,180,./data/centercity/images/CAoSFkNJSE0wb2dLRUlDQWdJREV0ZXp0U2c._180.jpg,False
,deploy,CAoSFkNJSE0wb2dLRUlDQWdJREV0ZXp0U2c._270,CAoSFkNJSE0wb2dLRUlDQWdJREV0ZXp0U2c.,270,./data/centercity/images/CAoSFkNJSE0wb2dLRUlDQWdJREV0ZXp0U2c._270.jpg,False
,deploy,3gqne7v89CzDwDeD_WrS5A_0,3gqne7v89CzDwDeD_WrS5A,0,./data/centercity/images/3gqne7v89CzDwDeD_WrS5A_0.jpg,False
,deploy,3gqne7v89CzDwDeD_WrS5A_90,3gqne7v89CzDwDeD_WrS5A,90,./data/centercity/images/3gqne7v89CzDwDeD_WrS5A_90.jpg,False
,deploy,3gqne7v89CzDwDeD_WrS5A_180,3gqne7v89CzDwDeD_WrS5A,180,./data/centercity/images/3gqne7v89CzDwDeD_WrS5A_180.jpg,False
,deploy,3gqne7v89CzDwDeD_WrS5A_270,3gqne7v89CzDwDeD_WrS5A,270,./data/centercity/images/3gqne7v89CzDwDeD_WrS5A_270.jpg,False
,deploy,o-J7C6kCOS00nqfLfTNavg_0,o-J7C6kCOS00nqfLfTNavg,0,./data/centercity/images/o-J7C6kCOS00nqfLfTNavg_0.jpg,False
,deploy,o-J7C6kCOS00nqfLfTNavg_90,o-J7C6kCOS00nqfLfTNavg,90,./data/centercity/images/o-J7C6kCOS00nqfLfTNavg_90.jpg,False
,deploy,o-J7C6kCOS00nqfLfTNavg_180,o-J7C6kCOS00nqfLfTNavg,180,./data/centercity/images/o-J7C6kCOS00nqfLfTNavg_180.jpg,False
,deploy,o-J7C6kCOS00nqfLfTNavg_270,o-J7C6kCOS00nqfLfTNavg,270,./data/centercity/images/o-J7C6kCOS00nqfLfTNavg_270.jpg,False
,deploy,kZgMxtuzSkgUMroH5v-4hg_0,kZgMxtuzSkgUMroH5v-4hg,0,./data/centercity/images/kZgMxtuzSkgUMroH5v-4hg_0.jpg,False
,deploy,kZgMxtuzSkgUMroH5v-4hg_90,kZgMxtuzSkgUMroH5v-4hg,90,./data/centercity/images/kZgMxtuzSkgUMroH5v-4hg_90.jpg,False
,deploy,kZgMxtuzSkgUMroH5v-4hg_180,kZgMxtuzSkgUMroH5v-4hg,180,./data/centercity/images/kZgMxtuzSkgUMroH5v-4hg_180.jpg,False
,deploy,kZgMxtuzSkgUMroH5v-4hg_270,kZgMxtuzSkgUMroH5v-4hg,270,./data/centercity/images/kZgMxtuzSkgUMroH5v-4hg_270.jpg,False
,deploy,wpSiLXrHPU6df45Mwlg1cw_0,wpSiLXrHPU6df45Mwlg1cw,0,./data/centercity/images/wpSiLXrHPU6df45Mwlg1cw_0.jpg,False
,deploy,wpSiLXrHPU6df45Mwlg1cw_90,wpSiLXrHPU6df45Mwlg1cw,90,./data/centercity/images/wpSiLXrHPU6df45Mwlg1cw_90.jpg,False
,deploy,wpSiLXrHPU6df45Mwlg1cw_180,wpSiLXrHPU6df45Mwlg1cw,180,./data/centercity/images/wpSiLXrHPU6df45Mwlg1cw_180.jpg,False
,deploy,wpSiLXrHPU6df45Mwlg1cw_270,wpSiLXrHPU6df45Mwlg1cw,270,./data/centercity/images/wpSiLXrHPU6df45Mwlg1cw_270.jpg,False
,deploy,w6_3dNnM0vsok7pIPgSBYA_0,w6_3dNnM0vsok7pIPgSBYA,0,./data/centercity/images/w6_3dNnM0vsok7pIPgSBYA_0.jpg,False
,deploy,w6_3dNnM0vsok7pIPgSBYA_90,w6_3dNnM0vsok7pIPgSBYA,90,./data/centercity/images/w6_3dNnM0vsok7pIPgSBYA_90.jpg,False
,deploy,w6_3dNnM0vsok7pIPgSBYA_180,w6_3dNnM0vsok7pIPgSBYA,180,./data/centercity/images/w6_3dNnM0vsok7pIPgSBYA_180.jpg,False
,deploy,w6_3dNnM0vsok7pIPgSBYA_270,w6_3dNnM0vsok7pIPgSBYA,270,./data/centercity/images/w6_3dNnM0vsok7pIPgSBYA_270.jpg,False
,deploy,SBRaOsRzoQuvDOLYtkTGdQ_0,SBRaOsRzoQuvDOLYtkTGdQ,0,./data/centercity/images/SBRaOsRzoQuvDOLYtkTGdQ_0.jpg,False
,deploy,SBRaOsRzoQuvDOLYtkTGdQ_90,SBRaOsRzoQuvDOLYtkTGdQ,90,./data/centercity/images/SBRaOsRzoQuvDOLYtkTGdQ_90.jpg,False
,deploy,SBRaOsRzoQuvDOLYtkTGdQ_180,SBRaOsRzoQuvDOLYtkTGdQ,180,./data/centercity/images/SBRaOsRzoQuvDOLYtkTGdQ_180.jpg,False
,deploy,SBRaOsRzoQuvDOLYtkTGdQ_270,SBRaOsRzoQuvDOLYtkTGdQ,270,./data/centercity/images/SBRaOsRzoQuvDOLYtkTGdQ_270.jpg,False
,deploy,4kTi5y5hA7LZqxQlOlzjCw_0,4kTi5y5hA7LZqxQlOlzjCw,0,./data/centercity/images/4kTi5y5hA7LZqxQlOlzjCw_0.jpg,False
,deploy,4kTi5y5hA7LZqxQlOlzjCw_90,4kTi5y5hA7LZqxQlOlzjCw,90,./data/centercity/images/4kTi5y5hA7LZqxQlOlzjCw_90.jpg,False
,deploy,4kTi5y5hA7LZqxQlOlzjCw_180,4kTi5y5hA7LZqxQlOlzjCw,180,./data/centercity/images/4kTi5y5hA7LZqxQlOlzjCw_180.jpg,False
,deploy,4kTi5y5hA7LZqxQlOlzjCw_270,4kTi5y5hA7LZqxQlOlzjCw,270,./data/centercity/images/4kTi5y5hA7LZqxQlOlzjCw_270.jpg,False
,deploy,eqEyyORrn_t1271LhB9HEw_0,eqEyyORrn_t1271LhB9HEw,0,./data/centercity/images/eqEyyORrn_t1271LhB9HEw_0.jpg,False
,deploy,eqEyyORrn_t1271LhB9HEw_90,eqEyyORrn_t1271LhB9HEw,90,./data/centercity/images/eqEyyORrn_t1271LhB9HEw_90.jpg,False
,deploy,eqEyyORrn_t1271LhB9HEw_180,eqEyyORrn_t1271LhB9HEw,180,./data/centercity/images/eqEyyORrn_t1271LhB9HEw_180.jpg,False
,deploy,eqEyyORrn_t1271LhB9HEw_270,eqEyyORrn_t1271LhB9HEw,270,./data/centercity/images/eqEyyORrn_t1271LhB9HEw_270.jpg,False
,deploy,kVe8tgAoSl9aOwrLvB_mbw_0,kVe8tgAoSl9aOwrLvB_mbw,0,./data/centercity/images/kVe8tgAoSl9aOwrLvB_mbw_0.jpg,False
,deploy,kVe8tgAoSl9aOwrLvB_mbw_90,kVe8tgAoSl9aOwrLvB_mbw,90,./data/centercity/images/kVe8tgAoSl9aOwrLvB_mbw_90.jpg,False
,deploy,kVe8tgAoSl9aOwrLvB_mbw_180,kVe8tgAoSl9aOwrLvB_mbw,180,./data/centercity/images/kVe8tgAoSl9aOwrLvB_mbw_180.jpg,False
,deploy,kVe8tgAoSl9aOwrLvB_mbw_270,kVe8tgAoSl9aOwrLvB_mbw,270,./data/centercity/images/kVe8tgAoSl9aOwrLvB_mbw_270.jpg,False
,deploy,8_vIaCdnf_ZmXOj3DFm9fw_0,8_vIaCdnf_ZmXOj3DFm9fw,0,./data/centercity/images/8_vIaCdnf_ZmXOj3DFm9fw_0.jpg,False
,deploy,8_vIaCdnf_ZmXOj3DFm9fw_90,8_vIaCdnf_ZmXOj3DFm9fw,90,./data/centercity/images/8_vIaCdnf_ZmXOj3DFm9fw_90.jpg,False
,deploy,8_vIaCdnf_ZmXOj3DFm9fw_180,8_vIaCdnf_ZmXOj3DFm9fw,180,./data/centercity/images/8_vIaCdnf_ZmXOj3DFm9fw_180.jpg,False
,deploy,8_vIaCdnf_ZmXOj3DFm9fw_270,8_vIaCdnf_ZmXOj3DFm9fw,270,./data/centercity/images/8_vIaCdnf_ZmXOj3DFm9fw_270.jpg,False
,deploy,en1DUbTtYHJiuiAdPxP4hA_0,en1DUbTtYHJiuiAdPxP4hA,0,./data/centercity/images/en1DUbTtYHJiuiAdPxP4hA_0.jpg,False
,deploy,en1DUbTtYHJiuiAdPxP4hA_90,en1DUbTtYHJiuiAdPxP4hA,90,./data/centercity/images/en1DUbTtYHJiuiAdPxP4hA_90.jpg,False
,deploy,en1DUbTtYHJiuiAdPxP4hA_180,en1DUbTtYHJiuiAdPxP4hA,180,./data/centercity/images/en1DUbTtYHJiuiAdPxP4hA_180.jpg,False
,deploy,en1DUbTtYHJiuiAdPxP4hA_270,en1DUbTtYHJiuiAdPxP4hA,270,./data/centercity/images/en1DUbTtYHJiuiAdPxP4hA_270.jpg,False
,deploy,3ygp9LwJGvT6PGe_9B1LIQ_0,3ygp9LwJGvT6PGe_9B1LIQ,0,./data/centercity/images/3ygp9LwJGvT6PGe_9B1LIQ_0.jpg,False
,deploy,3ygp9LwJGvT6PGe_9B1LIQ_90,3ygp9LwJGvT6PGe_9B1LIQ,90,./data/centercity/images/3ygp9LwJGvT6PGe_9B1LIQ_90.jpg,False
,deploy,3ygp9LwJGvT6PGe_9B1LIQ_180,3ygp9LwJGvT6PGe_9B1LIQ,180,./data/centercity/images/3ygp9LwJGvT6PGe_9B1LIQ_180.jpg,False
,deploy,3ygp9LwJGvT6PGe_9B1LIQ_270,3ygp9LwJGvT6PGe_9B1LIQ,270,./data/centercity/images/3ygp9LwJGvT6PGe_9B1LIQ_270.jpg,False
,deploy,fAPOt5N8wH8YB5ij4259YQ_0,fAPOt5N8wH8YB5ij4259YQ,0,./data/centercity/images/fAPOt5N8wH8YB5ij4259YQ_0.jpg,False
,deploy,fAPOt5N8wH8YB5ij4259YQ_90,fAPOt5N8wH8YB5ij4259YQ,90,./data/centercity/images/fAPOt5N8wH8YB5ij4259YQ_90.jpg,False
,deploy,fAPOt5N8wH8YB5ij4259YQ_180,fAPOt5N8wH8YB5ij4259YQ,180,./data/centercity/images/fAPOt5N8wH8YB5ij4259YQ_180.jpg,False
,deploy,fAPOt5N8wH8YB5ij4259YQ_270,fAPOt5N8wH8YB5ij4259YQ,270,./data/centercity/images/fAPOt5N8wH8YB5ij4259YQ_270.jpg,False
,deploy,yJ1UhGziuiul_IDS2X2JGQ_0,yJ1UhGziuiul_IDS2X2JGQ,0,./data/centercity/images/yJ1UhGziuiul_IDS2X2JGQ_0.jpg,False
,deploy,yJ1UhGziuiul_IDS2X2JGQ_90,yJ1UhGziuiul_IDS2X2JGQ,90,./data/centercity/images/yJ1UhGziuiul_IDS2X2JGQ_90.jpg,False
,deploy,yJ1UhGziuiul_IDS2X2JGQ_180,yJ1UhGziuiul_IDS2X2JGQ,180,./data/centercity/images/yJ1UhGziuiul_IDS2X2JGQ_180.jpg,False
,deploy,yJ1UhGziuiul_IDS2X2JGQ_270,yJ1UhGziuiul_IDS2X2JGQ,270,./data/centercity/images/yJ1UhGziuiul_IDS2X2JGQ_270.jpg,False
,deploy,dpCPY8JHVvcznOAliO1nkQ_0,dpCPY8JHVvcznOAliO1nkQ,0,./data/centercity/images/dpCPY8JHVvcznOAliO1nkQ_0.jpg,False
,deploy,dpCPY8JHVvcznOAliO1nkQ_90,dpCPY8JHVvcznOAliO1nkQ,90,./data/centercity/images/dpCPY8JHVvcznOAliO1nkQ_90.jpg,False
,deploy,dpCPY8JHVvcznOAliO1nkQ_180,dpCPY8JHVvcznOAliO1nkQ,180,./data/centercity/images/dpCPY8JHVvcznOAliO1nkQ_180.jpg,False
,deploy,dpCPY8JHVvcznOAliO1nkQ_270,dpCPY8JHVvcznOAliO1nkQ,270,./data/centercity/images/dpCPY8JHVvcznOAliO1nkQ_270.jpg,False
,deploy,UjUhsAd6ENm0iOkLotEkqg_0,UjUhsAd6ENm0iOkLotEkqg,0,./data/centercity/images/UjUhsAd6ENm0iOkLotEkqg_0.jpg,False
,deploy,UjUhsAd6ENm0iOkLotEkqg_90,UjUhsAd6ENm0iOkLotEkqg,90,./data/centercity/images/UjUhsAd6ENm0iOkLotEkqg_90.jpg,False
,deploy,UjUhsAd6ENm0iOkLotEkqg_180,UjUhsAd6ENm0iOkLotEkqg,180,./data/centercity/images/UjUhsAd6ENm0iOkLotEkqg_180.jpg,False
,deploy,UjUhsAd6ENm0iOkLotEkqg_270,UjUhsAd6ENm0iOkLotEkqg,270,./data/centercity/images/UjUhsAd6ENm0iOkLotEkqg_270.jpg,False
,deploy,rD2IgStAVvuBHEZaTrIbRA_0,rD2IgStAVvuBHEZaTrIbRA,0,./data/centercity/images/rD2IgStAVvuBHEZaTrIbRA_0.jpg,False
,deploy,rD2IgStAVvuBHEZaTrIbRA_90,rD2IgStAVvuBHEZaTrIbRA,90,./data/centercity/images/rD2IgStAVvuBHEZaTrIbRA_90.jpg,False
,deploy,rD2IgStAVvuBHEZaTrIbRA_180,rD2IgStAVvuBHEZaTrIbRA,180,./data/centercity/images/rD2IgStAVvuBHEZaTrIbRA_180.jpg,False
,deploy,rD2IgStAVvuBHEZaTrIbRA_270,rD2IgStAVvuBHEZaTrIbRA,270,./data/centercity/images/rD2IgStAVvuBHEZaTrIbRA_270.jpg,False
,deploy,McwONRTAXJ8a4ClotBD0aw_0,McwONRTAXJ8a4ClotBD0aw,0,./data/centercity/images/McwONRTAXJ8a4ClotBD0aw_0.jpg,False
,deploy,McwONRTAXJ8a4ClotBD0aw_90,McwONRTAXJ8a4ClotBD0aw,90,./data/centercity/images/McwONRTAXJ8a4ClotBD0aw_90.jpg,False
,deploy,McwONRTAXJ8a4ClotBD0aw_180,McwONRTAXJ8a4ClotBD0aw,180,./data/centercity/images/McwONRTAXJ8a4ClotBD0aw_180.jpg,False
,deploy,McwONRTAXJ8a4ClotBD0aw_270,McwONRTAXJ8a4ClotBD0aw,270,./data/centercity/images/McwONRTAXJ8a4ClotBD0aw_270.jpg,False
,deploy,f_F8bidAVxuDACIzSlFSuA_0,f_F8bidAVxuDACIzSlFSuA,0,./data/centercity/images/f_F8bidAVxuDACIzSlFSuA_0.jpg,False
,deploy,f_F8bidAVxuDACIzSlFSuA_90,f_F8bidAVxuDACIzSlFSuA,90,./data/centercity/images/f_F8bidAVxuDACIzSlFSuA_90.jpg,False
,deploy,f_F8bidAVxuDACIzSlFSuA_180,f_F8bidAVxuDACIzSlFSuA,180,./data/centercity/images/f_F8bidAVxuDACIzSlFSuA_180.jpg,False
,deploy,f_F8bidAVxuDACIzSlFSuA_270,f_F8bidAVxuDACIzSlFSuA,270,./data/centercity/images/f_F8bidAVxuDACIzSlFSuA_270.jpg,False
,deploy,j7fSHnGQSPkyedgw4gvp9g_0,j7fSHnGQSPkyedgw4gvp9g,0,./data/centercity/images/j7fSHnGQSPkyedgw4gvp9g_0.jpg,False
,deploy,j7fSHnGQSPkyedgw4gvp9g_90,j7fSHnGQSPkyedgw4gvp9g,90,./data/centercity/images/j7fSHnGQSPkyedgw4gvp9g_90.jpg,False
,deploy,j7fSHnGQSPkyedgw4gvp9g_180,j7fSHnGQSPkyedgw4gvp9g,180,./data/centercity/images/j7fSHnGQSPkyedgw4gvp9g_180.jpg,False
,deploy,j7fSHnGQSPkyedgw4gvp9g_270,j7fSHnGQSPkyedgw4gvp9g,270,./data/centercity/images/j7fSHnGQSPkyedgw4gvp9g_270.jpg,False
,deploy,jziEBTd3-JKXSBv6VN_0AA_0,jziEBTd3-JKXSBv6VN_0AA,0,./data/centercity/images/jziEBTd3-JKXSBv6VN_0AA_0.jpg,False
,deploy,jziEBTd3-JKXSBv6VN_0AA_90,jziEBTd3-JKXSBv6VN_0AA,90,./data/centercity/images/jziEBTd3-JKXSBv6VN_0AA_90.jpg,False
,deploy,jziEBTd3-JKXSBv6VN_0AA_180,jziEBTd3-JKXSBv6VN_0AA,180,./data/centercity/images/jziEBTd3-JKXSBv6VN_0AA_180.jpg,False
,deploy,jziEBTd3-JKXSBv6VN_0AA_270,jziEBTd3-JKXSBv6VN_0AA,270,./data/centercity/images/jziEBTd3-JKXSBv6VN_0AA_270.jpg,False
,deploy,CAoSFkNJSE0wb2dLRUlDQWdJRGFxYmpNYlE._0,CAoSFkNJSE0wb2dLRUlDQWdJRGFxYmpNYlE.,0,./data/centercity/images/CAoSFkNJSE0wb2dLRUlDQWdJRGFxYmpNYlE._0.jpg,False
,deploy,CAoSFkNJSE0wb2dLRUlDQWdJRGFxYmpNYlE._90,CAoSFkNJSE0wb2dLRUlDQWdJRGFxYmpNYlE.,90,./data/centercity/images/CAoSFkNJSE0wb2dLRUlDQWdJRGFxYmpNYlE._90.jpg,False
,deploy,CAoSFkNJSE0wb2dLRUlDQWdJRGFxYmpNYlE._180,CAoSFkNJSE0wb2dLRUlDQWdJRGFxYmpNYlE.,180,./data/centercity/images/CAoSFkNJSE0wb2dLRUlDQWdJRGFxYmpNYlE._180.jpg,False
,deploy,CAoSFkNJSE0wb2dLRUlDQWdJRGFxYmpNYlE._270,CAoSFkNJSE0wb2dLRUlDQWdJRGFxYmpNYlE.,270,./data/centercity/images/CAoSFkNJSE0wb2dLRUlDQWdJRGFxYmpNYlE._270.jpg,False
,deploy,_Q6L12cgAlx7SBbpiw62DA_0,_Q6L12cgAlx7SBbpiw62DA,0,./data/centercity/images/_Q6L12cgAlx7SBbpiw62DA_0.jpg,False
,deploy,_Q6L12cgAlx7SBbpiw62DA_90,_Q6L12cgAlx7SBbpiw62DA,90,./data/centercity/images/_Q6L12cgAlx7SBbpiw62DA_90.jpg,False
,deploy,_Q6L12cgAlx7SBbpiw62DA_180,_Q6L12cgAlx7SBbpiw62DA,180,./data/centercity/images/_Q6L12cgAlx7SBbpiw62DA_180.jpg,False
,deploy,_Q6L12cgAlx7SBbpiw62DA_270,_Q6L12cgAlx7SBbpiw62DA,270,./data/centercity/images/_Q6L12cgAlx7SBbpiw62DA_270.jpg,False
,deploy,R1ptHxPMBEQg25GZRmi39A_0,R1ptHxPMBEQg25GZRmi39A,0,./data/centercity/images/R1ptHxPMBEQg25GZRmi39A_0.jpg,False
,deploy,R1ptHxPMBEQg25GZRmi39A_90,R1ptHxPMBEQg25GZRmi39A,90,./data/centercity/images/R1ptHxPMBEQg25GZRmi39A_90.jpg,False
,deploy,R1ptHxPMBEQg25GZRmi39A_180,R1ptHxPMBEQg25GZRmi39A,180,./data/centercity/images/R1ptHxPMBEQg25GZRmi39A_180.jpg,False
,deploy,R1ptHxPMBEQg25GZRmi39A_270,R1ptHxPMBEQg25GZRmi39A,270,./data/centercity/images/R1ptHxPMBEQg25GZRmi39A_270.jpg,False
,deploy,EbAFidNhSpB3VQMWpuPkIA_0,EbAFidNhSpB3VQMWpuPkIA,0,./data/centercity/images/EbAFidNhSpB3VQMWpuPkIA_0.jpg,False
,deploy,EbAFidNhSpB3VQMWpuPkIA_90,EbAFidNhSpB3VQMWpuPkIA,90,./data/centercity/images/EbAFidNhSpB3VQMWpuPkIA_90.jpg,False
,deploy,EbAFidNhSpB3VQMWpuPkIA_180,EbAFidNhSpB3VQMWpuPkIA,180,./data/centercity/images/EbAFidNhSpB3VQMWpuPkIA_180.jpg,False
,deploy,EbAFidNhSpB3VQMWpuPkIA_270,EbAFidNhSpB3VQMWpuPkIA,270,./data/centercity/images/EbAFidNhSpB3VQMWpuPkIA_270.jpg,False
,deploy,CAoSF0NJSE0wb2dLRUlDQWdJRE8zcjJvOHdF_0,CAoSF0NJSE0wb2dLRUlDQWdJRE8zcjJvOHdF,0,./data/centercity/images/CAoSF0NJSE0wb2dLRUlDQWdJRE8zcjJvOHdF_0.jpg,False
,deploy,CAoSF0NJSE0wb2dLRUlDQWdJRE8zcjJvOHdF_90,CAoSF0NJSE0wb2dLRUlDQWdJRE8zcjJvOHdF,90,./data/centercity/images/CAoSF0NJSE0wb2dLRUlDQWdJRE8zcjJvOHdF_90.jpg,False
,deploy,CAoSF0NJSE0wb2dLRUlDQWdJRE8zcjJvOHdF_180,CAoSF0NJSE0wb2dLRUlDQWdJRE8zcjJvOHdF,180,./data/centercity/images/CAoSF0NJSE0wb2dLRUlDQWdJRE8zcjJvOHdF_180.jpg,False
,deploy,CAoSF0NJSE0wb2dLRUlDQWdJRE8zcjJvOHdF_270,CAoSF0NJSE0wb2dLRUlDQWdJRE8zcjJvOHdF,270,./data/centercity/images/CAoSF0NJSE0wb2dLRUlDQWdJRE8zcjJvOHdF_270.jpg,False
,deploy,RBuHUfVG-WilnpApdh6erA_0,RBuHUfVG-WilnpApdh6erA,0,./data/centercity/images/RBuHUfVG-WilnpApdh6erA_0.jpg,False
,deploy,RBuHUfVG-WilnpApdh6erA_90,RBuHUfVG-WilnpApdh6erA,90,./data/centercity/images/RBuHUfVG-WilnpApdh6erA_90.jpg,False
,deploy,RBuHUfVG-WilnpApdh6erA_180,RBuHUfVG-WilnpApdh6erA,180,./data/centercity/images/RBuHUfVG-WilnpApdh6erA_180.jpg,False
,deploy,RBuHUfVG-WilnpApdh6erA_270,RBuHUfVG-WilnpApdh6erA,270,./data/centercity/images/RBuHUfVG-WilnpApdh6erA_270.jpg,False
,deploy,CAoSFkNJSE0wb2dLRUlDQWdJRGE2WURTRGc._0,CAoSFkNJSE0wb2dLRUlDQWdJRGE2WURTRGc.,0,./data/centercity/images/CAoSFkNJSE0wb2dLRUlDQWdJRGE2WURTRGc._0.jpg,False
,deploy,CAoSFkNJSE0wb2dLRUlDQWdJRGE2WURTRGc._90,CAoSFkNJSE0wb2dLRUlDQWdJRGE2WURTRGc.,90,./data/centercity/images/CAoSFkNJSE0wb2dLRUlDQWdJRGE2WURTRGc._90.jpg,False
,deploy,CAoSFkNJSE0wb2dLRUlDQWdJRGE2WURTRGc._180,CAoSFkNJSE0wb2dLRUlDQWdJRGE2WURTRGc.,180,./data/centercity/images/CAoSFkNJSE0wb2dLRUlDQWdJRGE2WURTRGc._180.jpg,False
,deploy,CAoSFkNJSE0wb2dLRUlDQWdJRGE2WURTRGc._270,CAoSFkNJSE0wb2dLRUlDQWdJRGE2WURTRGc.,270,./data/centercity/images/CAoSFkNJSE0wb2dLRUlDQWdJRGE2WURTRGc._270.jpg,False
,deploy,fG7uAVkORFGbHVq_3zrHSQ_0,fG7uAVkORFGbHVq_3zrHSQ,0,./data/centercity/images/fG7uAVkORFGbHVq_3zrHSQ_0.jpg,False
,deploy,fG7uAVkORFGbHVq_3zrHSQ_90,fG7uAVkORFGbHVq_3zrHSQ,90,./data/centercity/images/fG7uAVkORFGbHVq_3zrHSQ_90.jpg,False
,deploy,fG7uAVkORFGbHVq_3zrHSQ_180,fG7uAVkORFGbHVq_3zrHSQ,180,./data/centercity/images/fG7uAVkORFGbHVq_3zrHSQ_180.jpg,False
,deploy,fG7uAVkORFGbHVq_3zrHSQ_270,fG7uAVkORFGbHVq_3zrHSQ,270,./data/centercity/images/fG7uAVkORFGbHVq_3zrHSQ_270.jpg,False
,deploy,25Qv8nzn88CG3LOftxSaGA_0,25Qv8nzn88CG3LOftxSaGA,0,./data/centercity/images/25Qv8nzn88CG3LOftxSaGA_0.jpg,False
,deploy,25Qv8nzn88CG3LOftxSaGA_90,25Qv8nzn88CG3LOftxSaGA,90,./data/centercity/images/25Qv8nzn88CG3LOftxSaGA_90.jpg,False
,deploy,25Qv8nzn88CG3LOftxSaGA_180,25Qv8nzn88CG3LOftxSaGA,180,./data/centercity/images/25Qv8nzn88CG3LOftxSaGA_180.jpg,False
,deploy,25Qv8nzn88CG3LOftxSaGA_270,25Qv8nzn88CG3LOftxSaGA,270,./data/centercity/images/25Qv8nzn88CG3LOftxSaGA_270.jpg,False
,deploy,rsGeXvEXWRzyuDdNX0LAng_0,rsGeXvEXWRzyuDdNX0LAng,0,./data/centercity/images/rsGeXvEXWRzyuDdNX0LAng_0.jpg,False
,deploy,rsGeXvEXWRzyuDdNX0LAng_90,rsGeXvEXWRzyuDdNX0LAng,90,./data/centercity/images/rsGeXvEXWRzyuDdNX0LAng_90.jpg,False
,deploy,rsGeXvEXWRzyuDdNX0LAng_180,rsGeXvEXWRzyuDdNX0LAng,180,./data/centercity/images/rsGeXvEXWRzyuDdNX0LAng_180.jpg,False
,deploy,rsGeXvEXWRzyuDdNX0LAng_270,rsGeXvEXWRzyuDdNX0LAng,270,./data/centercity/images/rsGeXvEXWRzyuDdNX0LAng_270.jpg,False
,deploy,oSyh00yRyLb3IQ4uxmhj-w_0,oSyh00yRyLb3IQ4uxmhj-w,0,./data/centercity/images/oSyh00yRyLb3IQ4uxmhj-w_0.jpg,False
,deploy,oSyh00yRyLb3IQ4uxmhj-w_90,oSyh00yRyLb3IQ4uxmhj-w,90,./data/centercity/images/oSyh00yRyLb3IQ4uxmhj-w_90.jpg,False
,deploy,oSyh00yRyLb3IQ4uxmhj-w_180,oSyh00yRyLb3IQ4uxmhj-w,180,./data/centercity/images/oSyh00yRyLb3IQ4uxmhj-w_180.jpg,False
,deploy,oSyh00yRyLb3IQ4uxmhj-w_270,oSyh00yRyLb3IQ4uxmhj-w,270,./data/centercity/images/oSyh00yRyLb3IQ4uxmhj-w_270.jpg,False
,deploy,CAoSFkNJSE0wb2dLRUlDQWdJRGE2Y3Z4TXc._0,CAoSFkNJSE0wb2dLRUlDQWdJRGE2Y3Z4TXc.,0,./data/centercity/images/CAoSFkNJSE0wb2dLRUlDQWdJRGE2Y3Z4TXc._0.jpg,False
,deploy,CAoSFkNJSE0wb2dLRUlDQWdJRGE2Y3Z4TXc._90,CAoSFkNJSE0wb2dLRUlDQWdJRGE2Y3Z4TXc.,90,./data/centercity/images/CAoSFkNJSE0wb2dLRUlDQWdJRGE2Y3Z4TXc._90.jpg,False
,deploy,CAoSFkNJSE0wb2dLRUlDQWdJRGE2Y3Z4TXc._180,CAoSFkNJSE0wb2dLRUlDQWdJRGE2Y3Z4TXc.,180,./data/centercity/images/CAoSFkNJSE0wb2dLRUlDQWdJRGE2Y3Z4TXc._180.jpg,False
,deploy,CAoSFkNJSE0wb2dLRUlDQWdJRGE2Y3Z4TXc._270,CAoSFkNJSE0wb2dLRUlDQWdJRGE2Y3Z4TXc.,270,./data/centercity/images/CAoSFkNJSE0wb2dLRUlDQWdJRGE2Y3Z4TXc._270.jpg,False
,deploy,M2SgW-31_qtk7DuynvIn8A_0,M2SgW-31_qtk7DuynvIn8A,0,./data/centercity/images/M2SgW-31_qtk7DuynvIn8A_0.jpg,False
,deploy,M2SgW-31_qtk7DuynvIn8A_90,M2SgW-31_qtk7DuynvIn8A,90,./data/centercity/images/M2SgW-31_qtk7DuynvIn8A_90.jpg,False
,deploy,M2SgW-31_qtk7DuynvIn8A_180,M2SgW-31_qtk7DuynvIn8A,180,./data/centercity/images/M2SgW-31_qtk7DuynvIn8A_180.jpg,False
,deploy,M2SgW-31_qtk7DuynvIn8A_270,M2SgW-31_qtk7DuynvIn8A,270,./data/centercity/images/M2SgW-31_qtk7DuynvIn8A_270.jpg,False
,deploy,Qwh-dnns8yVnN8bBRgrtEw_0,Qwh-dnns8yVnN8bBRgrtEw,0,./data/centercity/images/Qwh-dnns8yVnN8bBRgrtEw_0.jpg,False
,deploy,Qwh-dnns8yVnN8bBRgrtEw_90,Qwh-dnns8yVnN8bBRgrtEw,90,./data/centercity/images/Qwh-dnns8yVnN8bBRgrtEw_90.jpg,False
,deploy,Qwh-dnns8yVnN8bBRgrtEw_180,Qwh-dnns8yVnN8bBRgrtEw,180,./data/centercity/images/Qwh-dnns8yVnN8bBRgrtEw_180.jpg,False
,deploy,Qwh-dnns8yVnN8bBRgrtEw_270,Qwh-dnns8yVnN8bBRgrtEw,270,./data/centercity/images/Qwh-dnns8yVnN8bBRgrtEw_270.jpg,False
,deploy,CAoSF0NJSE0wb2dLRUlDQWdJRGEyYm4yclFF_0,CAoSF0NJSE0wb2dLRUlDQWdJRGEyYm4yclFF,0,./data/centercity/images/CAoSF0NJSE0wb2dLRUlDQWdJRGEyYm4yclFF_0.jpg,False
,deploy,CAoSF0NJSE0wb2dLRUlDQWdJRGEyYm4yclFF_90,CAoSF0NJSE0wb2dLRUlDQWdJRGEyYm4yclFF,90,./data/centercity/images/CAoSF0NJSE0wb2dLRUlDQWdJRGEyYm4yclFF_90.jpg,False
,deploy,CAoSF0NJSE0wb2dLRUlDQWdJRGEyYm4yclFF_180,CAoSF0NJSE0wb2dLRUlDQWdJRGEyYm4yclFF,180,./data/centercity/images/CAoSF0NJSE0wb2dLRUlDQWdJRGEyYm4yclFF_180.jpg,False
,deploy,CAoSF0NJSE0wb2dLRUlDQWdJRGEyYm4yclFF_270,CAoSF0NJSE0wb2dLRUlDQWdJRGEyYm4yclFF,270,./data/centercity/images/CAoSF0NJSE0wb2dLRUlDQWdJRGEyYm4yclFF_270.jpg,False
,deploy,Cxw_oDr5FDq0-l50YHhs1w_0,Cxw_oDr5FDq0-l50YHhs1w,0,./data/centercity/images/Cxw_oDr5FDq0-l50YHhs1w_0.jpg,False
,deploy,Cxw_oDr5FDq0-l50YHhs1w_90,Cxw_oDr5FDq0-l50YHhs1w,90,./data/centercity/images/Cxw_oDr5FDq0-l50YHhs1w_90.jpg,False
,deploy,Cxw_oDr5FDq0-l50YHhs1w_180,Cxw_oDr5FDq0-l50YHhs1w,180,./data/centercity/images/Cxw_oDr5FDq0-l50YHhs1w_180.jpg,False
,deploy,Cxw_oDr5FDq0-l50YHhs1w_270,Cxw_oDr5FDq0-l50YHhs1w,270,./data/centercity/images/Cxw_oDr5FDq0-l50YHhs1w_270.jpg,False
,deploy,jLsipthWeCXC38Wf4-oYpA_0,jLsipthWeCXC38Wf4-oYpA,0,./data/centercity/images/jLsipthWeCXC38Wf4-oYpA_0.jpg,False
,deploy,jLsipthWeCXC38Wf4-oYpA_90,jLsipthWeCXC38Wf4-oYpA,90,./data/centercity/images/jLsipthWeCXC38Wf4-oYpA_90.jpg,False
,deploy,jLsipthWeCXC38Wf4-oYpA_180,jLsipthWeCXC38Wf4-oYpA,180,./data/centercity/images/jLsipthWeCXC38Wf4-oYpA_180.jpg,False
,deploy,jLsipthWeCXC38Wf4-oYpA_270,jLsipthWeCXC38Wf4-oYpA,270,./data/centercity/images/jLsipthWeCXC38Wf4-oYpA_270.jpg,False
,deploy,4APdmAuX7xQrjuTamplu4g_0,4APdmAuX7xQrjuTamplu4g,0,./data/centercity/images/4APdmAuX7xQrjuTamplu4g_0.jpg,False
,deploy,4APdmAuX7xQrjuTamplu4g_90,4APdmAuX7xQrjuTamplu4g,90,./data/centercity/images/4APdmAuX7xQrjuTamplu4g_90.jpg,False
,deploy,4APdmAuX7xQrjuTamplu4g_180,4APdmAuX7xQrjuTamplu4g,180,./data/centercity/images/4APdmAuX7xQrjuTamplu4g_180.jpg,False
,deploy,4APdmAuX7xQrjuTamplu4g_270,4APdmAuX7xQrjuTamplu4g,270,./data/centercity/images/4APdmAuX7xQrjuTamplu4g_270.jpg,False
,deploy,kUMG9jdJ7odfo6Tv14r7-w_0,kUMG9jdJ7odfo6Tv14r7-w,0,./data/centercity/images/kUMG9jdJ7odfo6Tv14r7-w_0.jpg,False
,deploy,kUMG9jdJ7odfo6Tv14r7-w_90,kUMG9jdJ7odfo6Tv14r7-w,90,./data/centercity/images/kUMG9jdJ7odfo6Tv14r7-w_90.jpg,False
,deploy,kUMG9jdJ7odfo6Tv14r7-w_180,kUMG9jdJ7odfo6Tv14r7-w,180,./data/centercity/images/kUMG9jdJ7odfo6Tv14r7-w_180.jpg,False
,deploy,kUMG9jdJ7odfo6Tv14r7-w_270,kUMG9jdJ7odfo6Tv14r7-w,270,./data/centercity/images/kUMG9jdJ7odfo6Tv14r7-w_270.jpg,False
,deploy,x_pDQtM9I4lXcUUefeYlag_0,x_pDQtM9I4lXcUUefeYlag,0,./data/centercity/images/x_pDQtM9I4lXcUUefeYlag_0.jpg,False
,deploy,x_pDQtM9I4lXcUUefeYlag_90,x_pDQtM9I4lXcUUefeYlag,90,./data/centercity/images/x_pDQtM9I4lXcUUefeYlag_90.jpg,False
,deploy,x_pDQtM9I4lXcUUefeYlag_180,x_pDQtM9I4lXcUUefeYlag,180,./data/centercity/images/x_pDQtM9I4lXcUUefeYlag_180.jpg,False
,deploy,x_pDQtM9I4lXcUUefeYlag_270,x_pDQtM9I4lXcUUefeYlag,270,./data/centercity/images/x_pDQtM9I4lXcUUefeYlag_270.jpg,False
,deploy,A6I38EHbXKTx-ZeahzX2DQ_0,A6I38EHbXKTx-ZeahzX2DQ,0,./data/centercity/images/A6I38EHbXKTx-ZeahzX2DQ_0.jpg,False
,deploy,A6I38EHbXKTx-ZeahzX2DQ_90,A6I38EHbXKTx-ZeahzX2DQ,90,./data/centercity/images/A6I38EHbXKTx-ZeahzX2DQ_90.jpg,False
,deploy,A6I38EHbXKTx-ZeahzX2DQ_180,A6I38EHbXKTx-ZeahzX2DQ,180,./data/centercity/images/A6I38EHbXKTx-ZeahzX2DQ_180.jpg,False
,deploy,A6I38EHbXKTx-ZeahzX2DQ_270,A6I38EHbXKTx-ZeahzX2DQ,270,./data/centercity/images/A6I38EHbXKTx-ZeahzX2DQ_270.jpg,False
,deploy,coyzfwJODrXQ3GFOyf56XQ_0,coyzfwJODrXQ3GFOyf56XQ,0,./data/centercity/images/coyzfwJODrXQ3GFOyf56XQ_0.jpg,False
,deploy,coyzfwJODrXQ3GFOyf56XQ_90,coyzfwJODrXQ3GFOyf56XQ,90,./data/centercity/images/coyzfwJODrXQ3GFOyf56XQ_90.jpg,False
,deploy,coyzfwJODrXQ3GFOyf56XQ_180,coyzfwJODrXQ3GFOyf56XQ,180,./data/centercity/images/coyzfwJODrXQ3GFOyf56XQ_180.jpg,False
,deploy,coyzfwJODrXQ3GFOyf56XQ_270,coyzfwJODrXQ3GFOyf56XQ,270,./data/centercity/images/coyzfwJODrXQ3GFOyf56XQ_270.jpg,False
,deploy,CAoSFkNJSE0wb2dLRUlDQWdJRE8zcjN5Y0E._0,CAoSFkNJSE0wb2dLRUlDQWdJRE8zcjN5Y0E.,0,./data/centercity/images/CAoSFkNJSE0wb2dLRUlDQWdJRE8zcjN5Y0E._0.jpg,False
,deploy,CAoSFkNJSE0wb2dLRUlDQWdJRE8zcjN5Y0E._90,CAoSFkNJSE0wb2dLRUlDQWdJRE8zcjN5Y0E.,90,./data/centercity/images/CAoSFkNJSE0wb2dLRUlDQWdJRE8zcjN5Y0E._90.jpg,False
,deploy,CAoSFkNJSE0wb2dLRUlDQWdJRE8zcjN5Y0E._180,CAoSFkNJSE0wb2dLRUlDQWdJRE8zcjN5Y0E.,180,./data/centercity/images/CAoSFkNJSE0wb2dLRUlDQWdJRE8zcjN5Y0E._180.jpg,False
,deploy,CAoSFkNJSE0wb2dLRUlDQWdJRE8zcjN5Y0E._270,CAoSFkNJSE0wb2dLRUlDQWdJRE8zcjN5Y0E.,270,./data/centercity/images/CAoSFkNJSE0wb2dLRUlDQWdJRE8zcjN5Y0E._270.jpg,False
,deploy,krjuwpvaBM4pj15L8jcuIw_0,krjuwpvaBM4pj15L8jcuIw,0,./data/centercity/images/krjuwpvaBM4pj15L8jcuIw_0.jpg,False
,deploy,krjuwpvaBM4pj15L8jcuIw_90,krjuwpvaBM4pj15L8jcuIw,90,./data/centercity/images/krjuwpvaBM4pj15L8jcuIw_90.jpg,False
,deploy,krjuwpvaBM4pj15L8jcuIw_180,krjuwpvaBM4pj15L8jcuIw,180,./data/centercity/images/krjuwpvaBM4pj15L8jcuIw_180.jpg,False
,deploy,krjuwpvaBM4pj15L8jcuIw_270,krjuwpvaBM4pj15L8jcuIw,270,./data/centercity/images/krjuwpvaBM4pj15L8jcuIw_270.jpg,False
,deploy,CAoSF0NJSE0wb2dLRUlDQWdJRGF1YkRRMkFF_0,CAoSF0NJSE0wb2dLRUlDQWdJRGF1YkRRMkFF,0,./data/centercity/images/CAoSF0NJSE0wb2dLRUlDQWdJRGF1YkRRMkFF_0.jpg,False
,deploy,CAoSF0NJSE0wb2dLRUlDQWdJRGF1YkRRMkFF_90,CAoSF0NJSE0wb2dLRUlDQWdJRGF1YkRRMkFF,90,./data/centercity/images/CAoSF0NJSE0wb2dLRUlDQWdJRGF1YkRRMkFF_90.jpg,False
,deploy,CAoSF0NJSE0wb2dLRUlDQWdJRGF1YkRRMkFF_180,CAoSF0NJSE0wb2dLRUlDQWdJRGF1YkRRMkFF,180,./data/centercity/images/CAoSF0NJSE0wb2dLRUlDQWdJRGF1YkRRMkFF_180.jpg,False
,deploy,CAoSF0NJSE0wb2dLRUlDQWdJRGF1YkRRMkFF_270,CAoSF0NJSE0wb2dLRUlDQWdJRGF1YkRRMkFF,270,./data/centercity/images/CAoSF0NJSE0wb2dLRUlDQWdJRGF1YkRRMkFF_270.jpg,False
,deploy,YKXFs-3ZZKa_BOTAPRgRHQ_0,YKXFs-3ZZKa_BOTAPRgRHQ,0,./data/centercity/images/YKXFs-3ZZKa_BOTAPRgRHQ_0.jpg,False
,deploy,YKXFs-3ZZKa_BOTAPRgRHQ_90,YKXFs-3ZZKa_BOTAPRgRHQ,90,./data/centercity/images/YKXFs-3ZZKa_BOTAPRgRHQ_90.jpg,False
,deploy,YKXFs-3ZZKa_BOTAPRgRHQ_180,YKXFs-3ZZKa_BOTAPRgRHQ,180,./data/centercity/images/YKXFs-3ZZKa_BOTAPRgRHQ_180.jpg,False
,deploy,YKXFs-3ZZKa_BOTAPRgRHQ_270,YKXFs-3ZZKa_BOTAPRgRHQ,270,./data/centercity/images/YKXFs-3ZZKa_BOTAPRgRHQ_270.jpg,False
,deploy,UPYp5tZP6TMq4dghgXxaqg_0,UPYp5tZP6TMq4dghgXxaqg,0,./data/centercity/images/UPYp5tZP6TMq4dghgXxaqg_0.jpg,False
,deploy,UPYp5tZP6TMq4dghgXxaqg_90,UPYp5tZP6TMq4dghgXxaqg,90,./data/centercity/images/UPYp5tZP6TMq4dghgXxaqg_90.jpg,False
,deploy,UPYp5tZP6TMq4dghgXxaqg_180,UPYp5tZP6TMq4dghgXxaqg,180,./data/centercity/images/UPYp5tZP6TMq4dghgXxaqg_180.jpg,False
,deploy,UPYp5tZP6TMq4dghgXxaqg_270,UPYp5tZP6TMq4dghgXxaqg,270,./data/centercity/images/UPYp5tZP6TMq4dghgXxaqg_270.jpg,False
,deploy,CEEmnwo6hyhO3NLnkSbhyQ_0,CEEmnwo6hyhO3NLnkSbhyQ,0,./data/centercity/images/CEEmnwo6hyhO3NLnkSbhyQ_0.jpg,False
,deploy,CEEmnwo6hyhO3NLnkSbhyQ_90,CEEmnwo6hyhO3NLnkSbhyQ,90,./data/centercity/images/CEEmnwo6hyhO3NLnkSbhyQ_90.jpg,False
,deploy,CEEmnwo6hyhO3NLnkSbhyQ_180,CEEmnwo6hyhO3NLnkSbhyQ,180,./data/centercity/images/CEEmnwo6hyhO3NLnkSbhyQ_180.jpg,False
,deploy,CEEmnwo6hyhO3NLnkSbhyQ_270,CEEmnwo6hyhO3NLnkSbhyQ,270,./data/centercity/images/CEEmnwo6hyhO3NLnkSbhyQ_270.jpg,False
,deploy,lX9AK9N04rvj27_OLCT5ig_0,lX9AK9N04rvj27_OLCT5ig,0,./data/centercity/images/lX9AK9N04rvj27_OLCT5ig_0.jpg,False
,deploy,lX9AK9N04rvj27_OLCT5ig_90,lX9AK9N04rvj27_OLCT5ig,90,./data/centercity/images/lX9AK9N04rvj27_OLCT5ig_90.jpg,False
,deploy,lX9AK9N04rvj27_OLCT5ig_180,lX9AK9N04rvj27_OLCT5ig,180,./data/centercity/images/lX9AK9N04rvj27_OLCT5ig_180.jpg,False
,deploy,lX9AK9N04rvj27_OLCT5ig_270,lX9AK9N04rvj27_OLCT5ig,270,./data/centercity/images/lX9AK9N04rvj27_OLCT5ig_270.jpg,False
,deploy,CAoSF0NJSE0wb2dLRUlDQWdJRGE2YUt1NXdF_0,CAoSF0NJSE0wb2dLRUlDQWdJRGE2YUt1NXdF,0,./data/centercity/images/CAoSF0NJSE0wb2dLRUlDQWdJRGE2YUt1NXdF_0.jpg,False
,deploy,CAoSF0NJSE0wb2dLRUlDQWdJRGE2YUt1NXdF_90,CAoSF0NJSE0wb2dLRUlDQWdJRGE2YUt1NXdF,90,./data/centercity/images/CAoSF0NJSE0wb2dLRUlDQWdJRGE2YUt1NXdF_90.jpg,False
,deploy,CAoSF0NJSE0wb2dLRUlDQWdJRGE2YUt1NXdF_180,CAoSF0NJSE0wb2dLRUlDQWdJRGE2YUt1NXdF,180,./data/centercity/images/CAoSF0NJSE0wb2dLRUlDQWdJRGE2YUt1NXdF_180.jpg,False
,deploy,CAoSF0NJSE0wb2dLRUlDQWdJRGE2YUt1NXdF_270,CAoSF0NJSE0wb2dLRUlDQWdJRGE2YUt1NXdF,270,./data/centercity/images/CAoSF0NJSE0wb2dLRUlDQWdJRGE2YUt1NXdF_270.jpg,False
,deploy,ps74mJFx8WWPGW0fIft46Q_0,ps74mJFx8WWPGW0fIft46Q,0,./data/centercity/images/ps74mJFx8WWPGW0fIft46Q_0.jpg,False
,deploy,ps74mJFx8WWPGW0fIft46Q_90,ps74mJFx8WWPGW0fIft46Q,90,./data/centercity/images/ps74mJFx8WWPGW0fIft46Q_90.jpg,False
,deploy,ps74mJFx8WWPGW0fIft46Q_180,ps74mJFx8WWPGW0fIft46Q,180,./data/centercity/images/ps74mJFx8WWPGW0fIft46Q_180.jpg,False
,deploy,ps74mJFx8WWPGW0fIft46Q_270,ps74mJFx8WWPGW0fIft46Q,270,./data/centercity/images/ps74mJFx8WWPGW0fIft46Q_270.jpg,False
,deploy,ZWZ-3axyS4Opc0eTEcd24g_0,ZWZ-3axyS4Opc0eTEcd24g,0,./data/centercity/images/ZWZ-3axyS4Opc0eTEcd24g_0.jpg,False
,deploy,ZWZ-3axyS4Opc0eTEcd24g_90,ZWZ-3axyS4Opc0eTEcd24g,90,./data/centercity/images/ZWZ-3axyS4Opc0eTEcd24g_90.jpg,False
,deploy,ZWZ-3axyS4Opc0eTEcd24g_180,ZWZ-3axyS4Opc0eTEcd24g,180,./data/centercity/images/ZWZ-3axyS4Opc0eTEcd24g_180.jpg,False
,deploy,ZWZ-3axyS4Opc0eTEcd24g_270,ZWZ-3axyS4Opc0eTEcd24g,270,./data/centercity/images/ZWZ-3axyS4Opc0eTEcd24g_270.jpg,False
,deploy,sJxlv8cLd9qpQBxtEU9KlQ_0,sJxlv8cLd9qpQBxtEU9KlQ,0,./data/centercity/images/sJxlv8cLd9qpQBxtEU9KlQ_0.jpg,False
,deploy,sJxlv8cLd9qpQBxtEU9KlQ_90,sJxlv8cLd9qpQBxtEU9KlQ,90,./data/centercity/images/sJxlv8cLd9qpQBxtEU9KlQ_90.jpg,False
,deploy,sJxlv8cLd9qpQBxtEU9KlQ_180,sJxlv8cLd9qpQBxtEU9KlQ,180,./data/centercity/images/sJxlv8cLd9qpQBxtEU9KlQ_180.jpg,False
,deploy,sJxlv8cLd9qpQBxtEU9KlQ_270,sJxlv8cLd9qpQBxtEU9KlQ,270,./data/centercity/images/sJxlv8cLd9qpQBxtEU9KlQ_270.jpg,False
,deploy,unMz3QPKmaTlkZMKcVmJxg_0,unMz3QPKmaTlkZMKcVmJxg,0,./data/centercity/images/unMz3QPKmaTlkZMKcVmJxg_0.jpg,False
,deploy,unMz3QPKmaTlkZMKcVmJxg_90,unMz3QPKmaTlkZMKcVmJxg,90,./data/centercity/images/unMz3QPKmaTlkZMKcVmJxg_90.jpg,False
,deploy,unMz3QPKmaTlkZMKcVmJxg_180,unMz3QPKmaTlkZMKcVmJxg,180,./data/centercity/images/unMz3QPKmaTlkZMKcVmJxg_180.jpg,False
,deploy,unMz3QPKmaTlkZMKcVmJxg_270,unMz3QPKmaTlkZMKcVmJxg,270,./data/centercity/images/unMz3QPKmaTlkZMKcVmJxg_270.jpg,False
,deploy,Wy1oF2IMhR6cl3dNCsHXvg_0,Wy1oF2IMhR6cl3dNCsHXvg,0,./data/centercity/images/Wy1oF2IMhR6cl3dNCsHXvg_0.jpg,False
,deploy,Wy1oF2IMhR6cl3dNCsHXvg_90,Wy1oF2IMhR6cl3dNCsHXvg,90,./data/centercity/images/Wy1oF2IMhR6cl3dNCsHXvg_90.jpg,False
,deploy,Wy1oF2IMhR6cl3dNCsHXvg_180,Wy1oF2IMhR6cl3dNCsHXvg,180,./data/centercity/images/Wy1oF2IMhR6cl3dNCsHXvg_180.jpg,False
,deploy,Wy1oF2IMhR6cl3dNCsHXvg_270,Wy1oF2IMhR6cl3dNCsHXvg,270,./data/centercity/images/Wy1oF2IMhR6cl3dNCsHXvg_270.jpg,False
,deploy,CtyBEclBHmZqAdUnrQI2_Q_0,CtyBEclBHmZqAdUnrQI2_Q,0,./data/centercity/images/CtyBEclBHmZqAdUnrQI2_Q_0.jpg,False
,deploy,CtyBEclBHmZqAdUnrQI2_Q_90,CtyBEclBHmZqAdUnrQI2_Q,90,./data/centercity/images/CtyBEclBHmZqAdUnrQI2_Q_90.jpg,False
,deploy,CtyBEclBHmZqAdUnrQI2_Q_180,CtyBEclBHmZqAdUnrQI2_Q,180,./data/centercity/images/CtyBEclBHmZqAdUnrQI2_Q_180.jpg,False
,deploy,CtyBEclBHmZqAdUnrQI2_Q_270,CtyBEclBHmZqAdUnrQI2_Q,270,./data/centercity/images/CtyBEclBHmZqAdUnrQI2_Q_270.jpg,False
,deploy,MsVtK4OUoyVNq9AZz3bMKw_0,MsVtK4OUoyVNq9AZz3bMKw,0,./data/centercity/images/MsVtK4OUoyVNq9AZz3bMKw_0.jpg,False
,deploy,MsVtK4OUoyVNq9AZz3bMKw_90,MsVtK4OUoyVNq9AZz3bMKw,90,./data/centercity/images/MsVtK4OUoyVNq9AZz3bMKw_90.jpg,False
,deploy,MsVtK4OUoyVNq9AZz3bMKw_180,MsVtK4OUoyVNq9AZz3bMKw,180,./data/centercity/images/MsVtK4OUoyVNq9AZz3bMKw_180.jpg,False
,deploy,MsVtK4OUoyVNq9AZz3bMKw_270,MsVtK4OUoyVNq9AZz3bMKw,270,./data/centercity/images/MsVtK4OUoyVNq9AZz3bMKw_270.jpg,False
,deploy,amgAbNrWWxzDTLYCPkW2Vg_0,amgAbNrWWxzDTLYCPkW2Vg,0,./data/centercity/images/amgAbNrWWxzDTLYCPkW2Vg_0.jpg,False
,deploy,amgAbNrWWxzDTLYCPkW2Vg_90,amgAbNrWWxzDTLYCPkW2Vg,90,./data/centercity/images/amgAbNrWWxzDTLYCPkW2Vg_90.jpg,False
,deploy,amgAbNrWWxzDTLYCPkW2Vg_180,amgAbNrWWxzDTLYCPkW2Vg,180,./data/centercity/images/amgAbNrWWxzDTLYCPkW2Vg_180.jpg,False
,deploy,amgAbNrWWxzDTLYCPkW2Vg_270,amgAbNrWWxzDTLYCPkW2Vg,270,./data/centercity/images/amgAbNrWWxzDTLYCPkW2Vg_270.jpg,False
,deploy,nyiW_UqjPDdUS9vLH_mMKA_0,nyiW_UqjPDdUS9vLH_mMKA,0,./data/centercity/images/nyiW_UqjPDdUS9vLH_mMKA_0.jpg,False
,deploy,nyiW_UqjPDdUS9vLH_mMKA_90,nyiW_UqjPDdUS9vLH_mMKA,90,./data/centercity/images/nyiW_UqjPDdUS9vLH_mMKA_90.jpg,False
,deploy,nyiW_UqjPDdUS9vLH_mMKA_180,nyiW_UqjPDdUS9vLH_mMKA,180,./data/centercity/images/nyiW_UqjPDdUS9vLH_mMKA_180.jpg,False
,deploy,nyiW_UqjPDdUS9vLH_mMKA_270,nyiW_UqjPDdUS9vLH_mMKA,270,./data/centercity/images/nyiW_UqjPDdUS9vLH_mMKA_270.jpg,False
,deploy,GxuteAfp6iSowB-fopM0dg_0,GxuteAfp6iSowB-fopM0dg,0,./data/centercity/images/GxuteAfp6iSowB-fopM0dg_0.jpg,False
,deploy,GxuteAfp6iSowB-fopM0dg_90,GxuteAfp6iSowB-fopM0dg,90,./data/centercity/images/GxuteAfp6iSowB-fopM0dg_90.jpg,False
,deploy,GxuteAfp6iSowB-fopM0dg_180,GxuteAfp6iSowB-fopM0dg,180,./data/centercity/images/GxuteAfp6iSowB-fopM0dg_180.jpg,False
,deploy,GxuteAfp6iSowB-fopM0dg_270,GxuteAfp6iSowB-fopM0dg,270,./data/centercity/images/GxuteAfp6iSowB-fopM0dg_270.jpg,False
,deploy,zTEjPDN6Ls8xHZaG_8Lgaw_0,zTEjPDN6Ls8xHZaG_8Lgaw,0,./data/centercity/images/zTEjPDN6Ls8xHZaG_8Lgaw_0.jpg,False
,deploy,zTEjPDN6Ls8xHZaG_8Lgaw_90,zTEjPDN6Ls8xHZaG_8Lgaw,90,./data/centercity/images/zTEjPDN6Ls8xHZaG_8Lgaw_90.jpg,False
,deploy,zTEjPDN6Ls8xHZaG_8Lgaw_180,zTEjPDN6Ls8xHZaG_8Lgaw,180,./data/centercity/images/zTEjPDN6Ls8xHZaG_8Lgaw_180.jpg,False
,deploy,zTEjPDN6Ls8xHZaG_8Lgaw_270,zTEjPDN6Ls8xHZaG_8Lgaw,270,./data/centercity/images/zTEjPDN6Ls8xHZaG_8Lgaw_270.jpg,False
,deploy,euZFQlv1zzZUoSc06xJF0g_0,euZFQlv1zzZUoSc06xJF0g,0,./data/centercity/images/euZFQlv1zzZUoSc06xJF0g_0.jpg,False
,deploy,euZFQlv1zzZUoSc06xJF0g_90,euZFQlv1zzZUoSc06xJF0g,90,./data/centercity/images/euZFQlv1zzZUoSc06xJF0g_90.jpg,False
,deploy,euZFQlv1zzZUoSc06xJF0g_180,euZFQlv1zzZUoSc06xJF0g,180,./data/centercity/images/euZFQlv1zzZUoSc06xJF0g_180.jpg,False
,deploy,euZFQlv1zzZUoSc06xJF0g_270,euZFQlv1zzZUoSc06xJF0g,270,./data/centercity/images/euZFQlv1zzZUoSc06xJF0g_270.jpg,False
,deploy,KDrP2tXxACHkezSsHUStzQ_0,KDrP2tXxACHkezSsHUStzQ,0,./data/centercity/images/KDrP2tXxACHkezSsHUStzQ_0.jpg,False
,deploy,KDrP2tXxACHkezSsHUStzQ_90,KDrP2tXxACHkezSsHUStzQ,90,./data/centercity/images/KDrP2tXxACHkezSsHUStzQ_90.jpg,False
,deploy,KDrP2tXxACHkezSsHUStzQ_180,KDrP2tXxACHkezSsHUStzQ,180,./data/centercity/images/KDrP2tXxACHkezSsHUStzQ_180.jpg,False
,deploy,KDrP2tXxACHkezSsHUStzQ_270,KDrP2tXxACHkezSsHUStzQ,270,./data/centercity/images/KDrP2tXxACHkezSsHUStzQ_270.jpg,False
,deploy,jaC-eFWvjUnbApOk1GXiMQ_0,jaC-eFWvjUnbApOk1GXiMQ,0,./data/centercity/images/jaC-eFWvjUnbApOk1GXiMQ_0.jpg,False
,deploy,jaC-eFWvjUnbApOk1GXiMQ_90,jaC-eFWvjUnbApOk1GXiMQ,90,./data/centercity/images/jaC-eFWvjUnbApOk1GXiMQ_90.jpg,False
,deploy,jaC-eFWvjUnbApOk1GXiMQ_180,jaC-eFWvjUnbApOk1GXiMQ,180,./data/centercity/images/jaC-eFWvjUnbApOk1GXiMQ_180.jpg,False
,deploy,jaC-eFWvjUnbApOk1GXiMQ_270,jaC-eFWvjUnbApOk1GXiMQ,270,./data/centercity/images/jaC-eFWvjUnbApOk1GXiMQ_270.jpg,False
,deploy,CAoSF0NJSE0wb2dLRUlDQWdJRGFxWWZxX1FF_0,CAoSF0NJSE0wb2dLRUlDQWdJRGFxWWZxX1FF,0,./data/centercity/images/CAoSF0NJSE0wb2dLRUlDQWdJRGFxWWZxX1FF_0.jpg,False
,deploy,CAoSF0NJSE0wb2dLRUlDQWdJRGFxWWZxX1FF_90,CAoSF0NJSE0wb2dLRUlDQWdJRGFxWWZxX1FF,90,./data/centercity/images/CAoSF0NJSE0wb2dLRUlDQWdJRGFxWWZxX1FF_90.jpg,False
,deploy,CAoSF0NJSE0wb2dLRUlDQWdJRGFxWWZxX1FF_180,CAoSF0NJSE0wb2dLRUlDQWdJRGFxWWZxX1FF,180,./data/centercity/images/CAoSF0NJSE0wb2dLRUlDQWdJRGFxWWZxX1FF_180.jpg,False
,deploy,CAoSF0NJSE0wb2dLRUlDQWdJRGFxWWZxX1FF_270,CAoSF0NJSE0wb2dLRUlDQWdJRGFxWWZxX1FF,270,./data/centercity/images/CAoSF0NJSE0wb2dLRUlDQWdJRGFxWWZxX1FF_270.jpg,False
,deploy,GzkXvNqJM31TdxFr7CtfKA_0,GzkXvNqJM31TdxFr7CtfKA,0,./data/centercity/images/GzkXvNqJM31TdxFr7CtfKA_0.jpg,False
,deploy,GzkXvNqJM31TdxFr7CtfKA_90,GzkXvNqJM31TdxFr7CtfKA,90,./data/centercity/images/GzkXvNqJM31TdxFr7CtfKA_90.jpg,False
,deploy,GzkXvNqJM31TdxFr7CtfKA_180,GzkXvNqJM31TdxFr7CtfKA,180,./data/centercity/images/GzkXvNqJM31TdxFr7CtfKA_180.jpg,False
,deploy,GzkXvNqJM31TdxFr7CtfKA_270,GzkXvNqJM31TdxFr7CtfKA,270,./data/centercity/images/GzkXvNqJM31TdxFr7CtfKA_270.jpg,False
,deploy,CAoSFkNJSE0wb2dLRUlDQWdJRE9nWU82Vnc._0,CAoSFkNJSE0wb2dLRUlDQWdJRE9nWU82Vnc.,0,./data/centercity/images/CAoSFkNJSE0wb2dLRUlDQWdJRE9nWU82Vnc._0.jpg,False
,deploy,CAoSFkNJSE0wb2dLRUlDQWdJRE9nWU82Vnc._90,CAoSFkNJSE0wb2dLRUlDQWdJRE9nWU82Vnc.,90,./data/centercity/images/CAoSFkNJSE0wb2dLRUlDQWdJRE9nWU82Vnc._90.jpg,False
,deploy,CAoSFkNJSE0wb2dLRUlDQWdJRE9nWU82Vnc._180,CAoSFkNJSE0wb2dLRUlDQWdJRE9nWU82Vnc.,180,./data/centercity/images/CAoSFkNJSE0wb2dLRUlDQWdJRE9nWU82Vnc._180.jpg,False
,deploy,CAoSFkNJSE0wb2dLRUlDQWdJRE9nWU82Vnc._270,CAoSFkNJSE0wb2dLRUlDQWdJRE9nWU82Vnc.,270,./data/centercity/images/CAoSFkNJSE0wb2dLRUlDQWdJRE9nWU82Vnc._270.jpg,False
,deploy,aengf2JIrZGQLnanHFJW7A_0,aengf2JIrZGQLnanHFJW7A,0,./data/centercity/images/aengf2JIrZGQLnanHFJW7A_0.jpg,False
,deploy,aengf2JIrZGQLnanHFJW7A_90,aengf2JIrZGQLnanHFJW7A,90,./data/centercity/images/aengf2JIrZGQLnanHFJW7A_90.jpg,False
,deploy,aengf2JIrZGQLnanHFJW7A_180,aengf2JIrZGQLnanHFJW7A,180,./data/centercity/images/aengf2JIrZGQLnanHFJW7A_180.jpg,False
,deploy,aengf2JIrZGQLnanHFJW7A_270,aengf2JIrZGQLnanHFJW7A,270,./data/centercity/images/aengf2JIrZGQLnanHFJW7A_270.jpg,False
,deploy,F-AM5RSUGN3t67t8bNr5oQ_0,F-AM5RSUGN3t67t8bNr5oQ,0,./data/centercity/images/F-AM5RSUGN3t67t8bNr5oQ_0.jpg,False
,deploy,F-AM5RSUGN3t67t8bNr5oQ_90,F-AM5RSUGN3t67t8bNr5oQ,90,./data/centercity/images/F-AM5RSUGN3t67t8bNr5oQ_90.jpg,False
,deploy,F-AM5RSUGN3t67t8bNr5oQ_180,F-AM5RSUGN3t67t8bNr5oQ,180,./data/centercity/images/F-AM5RSUGN3t67t8bNr5oQ_180.jpg,False
,deploy,F-AM5RSUGN3t67t8bNr5oQ_270,F-AM5RSUGN3t67t8bNr5oQ,270,./data/centercity/images/F-AM5RSUGN3t67t8bNr5oQ_270.jpg,False
,deploy,CAoSFkNJSE0wb2dLRUlDQWdJRE8zclh1Ymc._0,CAoSFkNJSE0wb2dLRUlDQWdJRE8zclh1Ymc.,0,./data/centercity/images/CAoSFkNJSE0wb2dLRUlDQWdJRE8zclh1Ymc._0.jpg,False
,deploy,CAoSFkNJSE0wb2dLRUlDQWdJRE8zclh1Ymc._90,CAoSFkNJSE0wb2dLRUlDQWdJRE8zclh1Ymc.,90,./data/centercity/images/CAoSFkNJSE0wb2dLRUlDQWdJRE8zclh1Ymc._90.jpg,False
,deploy,CAoSFkNJSE0wb2dLRUlDQWdJRE8zclh1Ymc._180,CAoSFkNJSE0wb2dLRUlDQWdJRE8zclh1Ymc.,180,./data/centercity/images/CAoSFkNJSE0wb2dLRUlDQWdJRE8zclh1Ymc._180.jpg,False
,deploy,CAoSFkNJSE0wb2dLRUlDQWdJRE8zclh1Ymc._270,CAoSFkNJSE0wb2dLRUlDQWdJRE8zclh1Ymc.,270,./data/centercity/images/CAoSFkNJSE0wb2dLRUlDQWdJRE8zclh1Ymc._270.jpg,False
,deploy,VniAUkLj452a3WHdlTQRZw_0,VniAUkLj452a3WHdlTQRZw,0,./data/centercity/images/VniAUkLj452a3WHdlTQRZw_0.jpg,False
,deploy,VniAUkLj452a3WHdlTQRZw_90,VniAUkLj452a3WHdlTQRZw,90,./data/centercity/images/VniAUkLj452a3WHdlTQRZw_90.jpg,False
,deploy,VniAUkLj452a3WHdlTQRZw_180,VniAUkLj452a3WHdlTQRZw,180,./data/centercity/images/VniAUkLj452a3WHdlTQRZw_180.jpg,False
,deploy,VniAUkLj452a3WHdlTQRZw_270,VniAUkLj452a3WHdlTQRZw,270,./data/centercity/images/VniAUkLj452a3WHdlTQRZw_270.jpg,False
,deploy,jdM0by3sXXfrjgu6EAOgRg_0,jdM0by3sXXfrjgu6EAOgRg,0,./data/centercity/images/jdM0by3sXXfrjgu6EAOgRg_0.jpg,False
,deploy,jdM0by3sXXfrjgu6EAOgRg_90,jdM0by3sXXfrjgu6EAOgRg,90,./data/centercity/images/jdM0by3sXXfrjgu6EAOgRg_90.jpg,False
,deploy,jdM0by3sXXfrjgu6EAOgRg_180,jdM0by3sXXfrjgu6EAOgRg,180,./data/centercity/images/jdM0by3sXXfrjgu6EAOgRg_180.jpg,False
,deploy,jdM0by3sXXfrjgu6EAOgRg_270,jdM0by3sXXfrjgu6EAOgRg,270,./data/centercity/images/jdM0by3sXXfrjgu6EAOgRg_270.jpg,False
,deploy,CAoSFkNJSE0wb2dLRUlDQWdJRGFtWUxYVUE._0,CAoSFkNJSE0wb2dLRUlDQWdJRGFtWUxYVUE.,0,./data/centercity/images/CAoSFkNJSE0wb2dLRUlDQWdJRGFtWUxYVUE._0.jpg,False
,deploy,CAoSFkNJSE0wb2dLRUlDQWdJRGFtWUxYVUE._90,CAoSFkNJSE0wb2dLRUlDQWdJRGFtWUxYVUE.,90,./data/centercity/images/CAoSFkNJSE0wb2dLRUlDQWdJRGFtWUxYVUE._90.jpg,False
,deploy,CAoSFkNJSE0wb2dLRUlDQWdJRGFtWUxYVUE._180,CAoSFkNJSE0wb2dLRUlDQWdJRGFtWUxYVUE.,180,./data/centercity/images/CAoSFkNJSE0wb2dLRUlDQWdJRGFtWUxYVUE._180.jpg,False
,deploy,CAoSFkNJSE0wb2dLRUlDQWdJRGFtWUxYVUE._270,CAoSFkNJSE0wb2dLRUlDQWdJRGFtWUxYVUE.,270,./data/centercity/images/CAoSFkNJSE0wb2dLRUlDQWdJRGFtWUxYVUE._270.jpg,False
,deploy,CAoSF0NJSE0wb2dLRUlDQWdJRGEyZjdweUFF_0,CAoSF0NJSE0wb2dLRUlDQWdJRGEyZjdweUFF,0,./data/centercity/images/CAoSF0NJSE0wb2dLRUlDQWdJRGEyZjdweUFF_0.jpg,False
,deploy,CAoSF0NJSE0wb2dLRUlDQWdJRGEyZjdweUFF_90,CAoSF0NJSE0wb2dLRUlDQWdJRGEyZjdweUFF,90,./data/centercity/images/CAoSF0NJSE0wb2dLRUlDQWdJRGEyZjdweUFF_90.jpg,False
,deploy,CAoSF0NJSE0wb2dLRUlDQWdJRGEyZjdweUFF_180,CAoSF0NJSE0wb2dLRUlDQWdJRGEyZjdweUFF,180,./data/centercity/images/CAoSF0NJSE0wb2dLRUlDQWdJRGEyZjdweUFF_180.jpg,False
,deploy,CAoSF0NJSE0wb2dLRUlDQWdJRGEyZjdweUFF_270,CAoSF0NJSE0wb2dLRUlDQWdJRGEyZjdweUFF,270,./data/centercity/images/CAoSF0NJSE0wb2dLRUlDQWdJRGEyZjdweUFF_270.jpg,False
,deploy,cLLOLvt5_sSK-7J8kcg1Sw_0,cLLOLvt5_sSK-7J8kcg1Sw,0,./data/centercity/images/cLLOLvt5_sSK-7J8kcg1Sw_0.jpg,False
,deploy,cLLOLvt5_sSK-7J8kcg1Sw_90,cLLOLvt5_sSK-7J8kcg1Sw,90,./data/centercity/images/cLLOLvt5_sSK-7J8kcg1Sw_90.jpg,False
,deploy,cLLOLvt5_sSK-7J8kcg1Sw_180,cLLOLvt5_sSK-7J8kcg1Sw,180,./data/centercity/images/cLLOLvt5_sSK-7J8kcg1Sw_180.jpg,False
,deploy,cLLOLvt5_sSK-7J8kcg1Sw_270,cLLOLvt5_sSK-7J8kcg1Sw,270,./data/centercity/images/cLLOLvt5_sSK-7J8kcg1Sw_270.jpg,False
,deploy,CAoSF0NJSE0wb2dLRUlDQWdJRGF5ZDNWbVFF_0,CAoSF0NJSE0wb2dLRUlDQWdJRGF5ZDNWbVFF,0,./data/centercity/images/CAoSF0NJSE0wb2dLRUlDQWdJRGF5ZDNWbVFF_0.jpg,False
,deploy,CAoSF0NJSE0wb2dLRUlDQWdJRGF5ZDNWbVFF_90,CAoSF0NJSE0wb2dLRUlDQWdJRGF5ZDNWbVFF,90,./data/centercity/images/CAoSF0NJSE0wb2dLRUlDQWdJRGF5ZDNWbVFF_90.jpg,False
,deploy,CAoSF0NJSE0wb2dLRUlDQWdJRGF5ZDNWbVFF_180,CAoSF0NJSE0wb2dLRUlDQWdJRGF5ZDNWbVFF,180,./data/centercity/images/CAoSF0NJSE0wb2dLRUlDQWdJRGF5ZDNWbVFF_180.jpg,False
,deploy,CAoSF0NJSE0wb2dLRUlDQWdJRGF5ZDNWbVFF_270,CAoSF0NJSE0wb2dLRUlDQWdJRGF5ZDNWbVFF,270,./data/centercity/images/CAoSF0NJSE0wb2dLRUlDQWdJRGF5ZDNWbVFF_270.jpg,False
,deploy,-yOwSI5_lurhOWRm0vvtJw_0,-yOwSI5_lurhOWRm0vvtJw,0,./data/centercity/images/-yOwSI5_lurhOWRm0vvtJw_0.jpg,False
,deploy,-yOwSI5_lurhOWRm0vvtJw_90,-yOwSI5_lurhOWRm0vvtJw,90,./data/centercity/images/-yOwSI5_lurhOWRm0vvtJw_90.jpg,False
,deploy,-yOwSI5_lurhOWRm0vvtJw_180,-yOwSI5_lurhOWRm0vvtJw,180,./data/centercity/images/-yOwSI5_lurhOWRm0vvtJw_180.jpg,False
,deploy,-yOwSI5_lurhOWRm0vvtJw_270,-yOwSI5_lurhOWRm0vvtJw,270,./data/centercity/images/-yOwSI5_lurhOWRm0vvtJw_270.jpg,False
,deploy,CAoSF0NJSE0wb2dLRUlDQWdJRGFtWkdONEFF_0,CAoSF0NJSE0wb2dLRUlDQWdJRGFtWkdONEFF,0,./data/centercity/images/CAoSF0NJSE0wb2dLRUlDQWdJRGFtWkdONEFF_0.jpg,False
,deploy,CAoSF0NJSE0wb2dLRUlDQWdJRGFtWkdONEFF_90,CAoSF0NJSE0wb2dLRUlDQWdJRGFtWkdONEFF,90,./data/centercity/images/CAoSF0NJSE0wb2dLRUlDQWdJRGFtWkdONEFF_90.jpg,False
,deploy,CAoSF0NJSE0wb2dLRUlDQWdJRGFtWkdONEFF_180,CAoSF0NJSE0wb2dLRUlDQWdJRGFtWkdONEFF,180,./data/centercity/images/CAoSF0NJSE0wb2dLRUlDQWdJRGFtWkdONEFF_180.jpg,False
,deploy,CAoSF0NJSE0wb2dLRUlDQWdJRGFtWkdONEFF_270,CAoSF0NJSE0wb2dLRUlDQWdJRGFtWkdONEFF,270,./data/centercity/images/CAoSF0NJSE0wb2dLRUlDQWdJRGFtWkdONEFF_270.jpg,False
,deploy,j3O3HdXDgf85W-ygWdI4og_0,j3O3HdXDgf85W-ygWdI4og,0,./data/centercity/images/j3O3HdXDgf85W-ygWdI4og_0.jpg,False
,deploy,j3O3HdXDgf85W-ygWdI4og_90,j3O3HdXDgf85W-ygWdI4og,90,./data/centercity/images/j3O3HdXDgf85W-ygWdI4og_90.jpg,False
,deploy,j3O3HdXDgf85W-ygWdI4og_180,j3O3HdXDgf85W-ygWdI4og,180,./data/centercity/images/j3O3HdXDgf85W-ygWdI4og_180.jpg,False
,deploy,j3O3HdXDgf85W-ygWdI4og_270,j3O3HdXDgf85W-ygWdI4og,270,./data/centercity/images/j3O3HdXDgf85W-ygWdI4og_270.jpg,False
,deploy,D2T3VvfQkGWA869w-y87Nw_0,D2T3VvfQkGWA869w-y87Nw,0,./data/centercity/images/D2T3VvfQkGWA869w-y87Nw_0.jpg,False
,deploy,D2T3VvfQkGWA869w-y87Nw_90,D2T3VvfQkGWA869w-y87Nw,90,./data/centercity/images/D2T3VvfQkGWA869w-y87Nw_90.jpg,False
,deploy,D2T3VvfQkGWA869w-y87Nw_180,D2T3VvfQkGWA869w-y87Nw,180,./data/centercity/images/D2T3VvfQkGWA869w-y87Nw_180.jpg,False
,deploy,D2T3VvfQkGWA869w-y87Nw_270,D2T3VvfQkGWA869w-y87Nw,270,./data/centercity/images/D2T3VvfQkGWA869w-y87Nw_270.jpg,False
,deploy,7QOWFIpUkZk-9suSTwvrzQ_0,7QOWFIpUkZk-9suSTwvrzQ,0,./data/centercity/images/7QOWFIpUkZk-9suSTwvrzQ_0.jpg,False
,deploy,7QOWFIpUkZk-9suSTwvrzQ_90,7QOWFIpUkZk-9suSTwvrzQ,90,./data/centercity/images/7QOWFIpUkZk-9suSTwvrzQ_90.jpg,False
,deploy,7QOWFIpUkZk-9suSTwvrzQ_180,7QOWFIpUkZk-9suSTwvrzQ,180,./data/centercity/images/7QOWFIpUkZk-9suSTwvrzQ_180.jpg,False
,deploy,7QOWFIpUkZk-9suSTwvrzQ_270,7QOWFIpUkZk-9suSTwvrzQ,270,./data/centercity/images/7QOWFIpUkZk-9suSTwvrzQ_270.jpg,False
,deploy,S65svsbuEZqm8nulkDzHYA_0,S65svsbuEZqm8nulkDzHYA,0,./data/centercity/images/S65svsbuEZqm8nulkDzHYA_0.jpg,False
,deploy,S65svsbuEZqm8nulkDzHYA_90,S65svsbuEZqm8nulkDzHYA,90,./data/centercity/images/S65svsbuEZqm8nulkDzHYA_90.jpg,False
,deploy,S65svsbuEZqm8nulkDzHYA_180,S65svsbuEZqm8nulkDzHYA,180,./data/centercity/images/S65svsbuEZqm8nulkDzHYA_180.jpg,False
,deploy,S65svsbuEZqm8nulkDzHYA_270,S65svsbuEZqm8nulkDzHYA,270,./data/centercity/images/S65svsbuEZqm8nulkDzHYA_270.jpg,False
,deploy,CAoSF0NJSE0wb2dLRUlDQWdJRGFpYnFWb3dF_0,CAoSF0NJSE0wb2dLRUlDQWdJRGFpYnFWb3dF,0,./data/centercity/images/CAoSF0NJSE0wb2dLRUlDQWdJRGFpYnFWb3dF_0.jpg,False
,deploy,CAoSF0NJSE0wb2dLRUlDQWdJRGFpYnFWb3dF_90,CAoSF0NJSE0wb2dLRUlDQWdJRGFpYnFWb3dF,90,./data/centercity/images/CAoSF0NJSE0wb2dLRUlDQWdJRGFpYnFWb3dF_90.jpg,False
,deploy,CAoSF0NJSE0wb2dLRUlDQWdJRGFpYnFWb3dF_180,CAoSF0NJSE0wb2dLRUlDQWdJRGFpYnFWb3dF,180,./data/centercity/images/CAoSF0NJSE0wb2dLRUlDQWdJRGFpYnFWb3dF_180.jpg,False
,deploy,CAoSF0NJSE0wb2dLRUlDQWdJRGFpYnFWb3dF_270,CAoSF0NJSE0wb2dLRUlDQWdJRGFpYnFWb3dF,270,./data/centercity/images/CAoSF0NJSE0wb2dLRUlDQWdJRGFpYnFWb3dF_270.jpg,False
,deploy,qUMj77sP7u3qaweVsxVANw_0,qUMj77sP7u3qaweVsxVANw,0,./data/centercity/images/qUMj77sP7u3qaweVsxVANw_0.jpg,False
,deploy,qUMj77sP7u3qaweVsxVANw_90,qUMj77sP7u3qaweVsxVANw,90,./data/centercity/images/qUMj77sP7u3qaweVsxVANw_90.jpg,False
,deploy,qUMj77sP7u3qaweVsxVANw_180,qUMj77sP7u3qaweVsxVANw,180,./data/centercity/images/qUMj77sP7u3qaweVsxVANw_180.jpg,False
,deploy,qUMj77sP7u3qaweVsxVANw_270,qUMj77sP7u3qaweVsxVANw,270,./data/centercity/images/qUMj77sP7u3qaweVsxVANw_270.jpg,False
,deploy,ddVKaLkhBzdxE8xd0FPcAg_0,ddVKaLkhBzdxE8xd0FPcAg,0,./data/centercity/images/ddVKaLkhBzdxE8xd0FPcAg_0.jpg,False
,deploy,ddVKaLkhBzdxE8xd0FPcAg_90,ddVKaLkhBzdxE8xd0FPcAg,90,./data/centercity/images/ddVKaLkhBzdxE8xd0FPcAg_90.jpg,False
,deploy,ddVKaLkhBzdxE8xd0FPcAg_180,ddVKaLkhBzdxE8xd0FPcAg,180,./data/centercity/images/ddVKaLkhBzdxE8xd0FPcAg_180.jpg,False
,deploy,ddVKaLkhBzdxE8xd0FPcAg_270,ddVKaLkhBzdxE8xd0FPcAg,270,./data/centercity/images/ddVKaLkhBzdxE8xd0FPcAg_270.jpg,False
,deploy,AlSmvpEiPuZVLVZVIJy1pg_0,AlSmvpEiPuZVLVZVIJy1pg,0,./data/centercity/images/AlSmvpEiPuZVLVZVIJy1pg_0.jpg,False
,deploy,AlSmvpEiPuZVLVZVIJy1pg_90,AlSmvpEiPuZVLVZVIJy1pg,90,./data/centercity/images/AlSmvpEiPuZVLVZVIJy1pg_90.jpg,False
,deploy,AlSmvpEiPuZVLVZVIJy1pg_180,AlSmvpEiPuZVLVZVIJy1pg,180,./data/centercity/images/AlSmvpEiPuZVLVZVIJy1pg_180.jpg,False
,deploy,AlSmvpEiPuZVLVZVIJy1pg_270,AlSmvpEiPuZVLVZVIJy1pg,270,./data/centercity/images/AlSmvpEiPuZVLVZVIJy1pg_270.jpg,False
,deploy,hfRkXYwB49ISU8YfDnu3qQ_0,hfRkXYwB49ISU8YfDnu3qQ,0,./data/centercity/images/hfRkXYwB49ISU8YfDnu3qQ_0.jpg,False
,deploy,hfRkXYwB49ISU8YfDnu3qQ_90,hfRkXYwB49ISU8YfDnu3qQ,90,./data/centercity/images/hfRkXYwB49ISU8YfDnu3qQ_90.jpg,False
,deploy,hfRkXYwB49ISU8YfDnu3qQ_180,hfRkXYwB49ISU8YfDnu3qQ,180,./data/centercity/images/hfRkXYwB49ISU8YfDnu3qQ_180.jpg,False
,deploy,hfRkXYwB49ISU8YfDnu3qQ_270,hfRkXYwB49ISU8YfDnu3qQ,270,./data/centercity/images/hfRkXYwB49ISU8YfDnu3qQ_270.jpg,False
,deploy,CAoSF0NJSE0wb2dLRUlDQWdJRGFtYTdpcHdF_0,CAoSF0NJSE0wb2dLRUlDQWdJRGFtYTdpcHdF,0,./data/centercity/images/CAoSF0NJSE0wb2dLRUlDQWdJRGFtYTdpcHdF_0.jpg,False
,deploy,CAoSF0NJSE0wb2dLRUlDQWdJRGFtYTdpcHdF_90,CAoSF0NJSE0wb2dLRUlDQWdJRGFtYTdpcHdF,90,./data/centercity/images/CAoSF0NJSE0wb2dLRUlDQWdJRGFtYTdpcHdF_90.jpg,False
,deploy,CAoSF0NJSE0wb2dLRUlDQWdJRGFtYTdpcHdF_180,CAoSF0NJSE0wb2dLRUlDQWdJRGFtYTdpcHdF,180,./data/centercity/images/CAoSF0NJSE0wb2dLRUlDQWdJRGFtYTdpcHdF_180.jpg,False
,deploy,CAoSF0NJSE0wb2dLRUlDQWdJRGFtYTdpcHdF_270,CAoSF0NJSE0wb2dLRUlDQWdJRGFtYTdpcHdF,270,./data/centercity/images/CAoSF0NJSE0wb2dLRUlDQWdJRGFtYTdpcHdF_270.jpg,False
,deploy,Z_JMMYCMx3qKpcTnyc742Q_0,Z_JMMYCMx3qKpcTnyc742Q,0,./data/centercity/images/Z_JMMYCMx3qKpcTnyc742Q_0.jpg,False
,deploy,Z_JMMYCMx3qKpcTnyc742Q_90,Z_JMMYCMx3qKpcTnyc742Q,90,./data/centercity/images/Z_JMMYCMx3qKpcTnyc742Q_90.jpg,False
,deploy,Z_JMMYCMx3qKpcTnyc742Q_180,Z_JMMYCMx3qKpcTnyc742Q,180,./data/centercity/images/Z_JMMYCMx3qKpcTnyc742Q_180.jpg,False
,deploy,Z_JMMYCMx3qKpcTnyc742Q_270,Z_JMMYCMx3qKpcTnyc742Q,270,./data/centercity/images/Z_JMMYCMx3qKpcTnyc742Q_270.jpg,False
,deploy,FD-tUBGqfg8Z42COCQBBOg_0,FD-tUBGqfg8Z42COCQBBOg,0,./data/centercity/images/FD-tUBGqfg8Z42COCQBBOg_0.jpg,False
,deploy,FD-tUBGqfg8Z42COCQBBOg_90,FD-tUBGqfg8Z42COCQBBOg,90,./data/centercity/images/FD-tUBGqfg8Z42COCQBBOg_90.jpg,False
,deploy,FD-tUBGqfg8Z42COCQBBOg_180,FD-tUBGqfg8Z42COCQBBOg,180,./data/centercity/images/FD-tUBGqfg8Z42COCQBBOg_180.jpg,False
,deploy,FD-tUBGqfg8Z42COCQBBOg_270,FD-tUBGqfg8Z42COCQBBOg,270,./data/centercity/images/FD-tUBGqfg8Z42COCQBBOg_270.jpg,False
,deploy,tx7Eg2bRmwjM7SglLh1p6A_0,tx7Eg2bRmwjM7SglLh1p6A,0,./data/centercity/images/tx7Eg2bRmwjM7SglLh1p6A_0.jpg,False
,deploy,tx7Eg2bRmwjM7SglLh1p6A_90,tx7Eg2bRmwjM7SglLh1p6A,90,./data/centercity/images/tx7Eg2bRmwjM7SglLh1p6A_90.jpg,False
,deploy,tx7Eg2bRmwjM7SglLh1p6A_180,tx7Eg2bRmwjM7SglLh1p6A,180,./data/centercity/images/tx7Eg2bRmwjM7SglLh1p6A_180.jpg,False
,deploy,tx7Eg2bRmwjM7SglLh1p6A_270,tx7Eg2bRmwjM7SglLh1p6A,270,./data/centercity/images/tx7Eg2bRmwjM7SglLh1p6A_270.jpg,False
,deploy,Q1YWTy55Cv_0iyA3rwwmBQ_0,Q1YWTy55Cv_0iyA3rwwmBQ,0,./data/centercity/images/Q1YWTy55Cv_0iyA3rwwmBQ_0.jpg,False
,deploy,Q1YWTy55Cv_0iyA3rwwmBQ_90,Q1YWTy55Cv_0iyA3rwwmBQ,90,./data/centercity/images/Q1YWTy55Cv_0iyA3rwwmBQ_90.jpg,False
,deploy,Q1YWTy55Cv_0iyA3rwwmBQ_180,Q1YWTy55Cv_0iyA3rwwmBQ,180,./data/centercity/images/Q1YWTy55Cv_0iyA3rwwmBQ_180.jpg,False
,deploy,Q1YWTy55Cv_0iyA3rwwmBQ_270,Q1YWTy55Cv_0iyA3rwwmBQ,270,./data/centercity/images/Q1YWTy55Cv_0iyA3rwwmBQ_270.jpg,False
,deploy,2El-HZ-2giOYT--2sFNISQ_0,2El-HZ-2giOYT--2sFNISQ,0,./data/centercity/images/2El-HZ-2giOYT--2sFNISQ_0.jpg,False
,deploy,2El-HZ-2giOYT--2sFNISQ_90,2El-HZ-2giOYT--2sFNISQ,90,./data/centercity/images/2El-HZ-2giOYT--2sFNISQ_90.jpg,False
,deploy,2El-HZ-2giOYT--2sFNISQ_180,2El-HZ-2giOYT--2sFNISQ,180,./data/centercity/images/2El-HZ-2giOYT--2sFNISQ_180.jpg,False
,deploy,2El-HZ-2giOYT--2sFNISQ_270,2El-HZ-2giOYT--2sFNISQ,270,./data/centercity/images/2El-HZ-2giOYT--2sFNISQ_270.jpg,False
,deploy,VJHeljirlOSfCSuBhXzx_w_0,VJHeljirlOSfCSuBhXzx_w,0,./data/centercity/images/VJHeljirlOSfCSuBhXzx_w_0.jpg,False
,deploy,VJHeljirlOSfCSuBhXzx_w_90,VJHeljirlOSfCSuBhXzx_w,90,./data/centercity/images/VJHeljirlOSfCSuBhXzx_w_90.jpg,False
,deploy,VJHeljirlOSfCSuBhXzx_w_180,VJHeljirlOSfCSuBhXzx_w,180,./data/centercity/images/VJHeljirlOSfCSuBhXzx_w_180.jpg,False
,deploy,VJHeljirlOSfCSuBhXzx_w_270,VJHeljirlOSfCSuBhXzx_w,270,./data/centercity/images/VJHeljirlOSfCSuBhXzx_w_270.jpg,False
,deploy,TnzaLNoGY0G3_BtzXRpO_g_0,TnzaLNoGY0G3_BtzXRpO_g,0,./data/centercity/images/TnzaLNoGY0G3_BtzXRpO_g_0.jpg,False
,deploy,TnzaLNoGY0G3_BtzXRpO_g_90,TnzaLNoGY0G3_BtzXRpO_g,90,./data/centercity/images/TnzaLNoGY0G3_BtzXRpO_g_90.jpg,False
,deploy,TnzaLNoGY0G3_BtzXRpO_g_180,TnzaLNoGY0G3_BtzXRpO_g,180,./data/centercity/images/TnzaLNoGY0G3_BtzXRpO_g_180.jpg,False
,deploy,TnzaLNoGY0G3_BtzXRpO_g_270,TnzaLNoGY0G3_BtzXRpO_g,270,./data/centercity/images/TnzaLNoGY0G3_BtzXRpO_g_270.jpg,False
,deploy,kS0whgAcm2cw9LFiM97ozg_0,kS0whgAcm2cw9LFiM97ozg,0,./data/centercity/images/kS0whgAcm2cw9LFiM97ozg_0.jpg,False
,deploy,kS0whgAcm2cw9LFiM97ozg_90,kS0whgAcm2cw9LFiM97ozg,90,./data/centercity/images/kS0whgAcm2cw9LFiM97ozg_90.jpg,False
,deploy,kS0whgAcm2cw9LFiM97ozg_180,kS0whgAcm2cw9LFiM97ozg,180,./data/centercity/images/kS0whgAcm2cw9LFiM97ozg_180.jpg,False
,deploy,kS0whgAcm2cw9LFiM97ozg_270,kS0whgAcm2cw9LFiM97ozg,270,./data/centercity/images/kS0whgAcm2cw9LFiM97ozg_270.jpg,False
,deploy,CAoSF0NJSE0wb2dLRUlDQWdJRGE2ZDZLLXdF_0,CAoSF0NJSE0wb2dLRUlDQWdJRGE2ZDZLLXdF,0,./data/centercity/images/CAoSF0NJSE0wb2dLRUlDQWdJRGE2ZDZLLXdF_0.jpg,False
,deploy,CAoSF0NJSE0wb2dLRUlDQWdJRGE2ZDZLLXdF_90,CAoSF0NJSE0wb2dLRUlDQWdJRGE2ZDZLLXdF,90,./data/centercity/images/CAoSF0NJSE0wb2dLRUlDQWdJRGE2ZDZLLXdF_90.jpg,False
,deploy,CAoSF0NJSE0wb2dLRUlDQWdJRGE2ZDZLLXdF_180,CAoSF0NJSE0wb2dLRUlDQWdJRGE2ZDZLLXdF,180,./data/centercity/images/CAoSF0NJSE0wb2dLRUlDQWdJRGE2ZDZLLXdF_180.jpg,False
,deploy,CAoSF0NJSE0wb2dLRUlDQWdJRGE2ZDZLLXdF_270,CAoSF0NJSE0wb2dLRUlDQWdJRGE2ZDZLLXdF,270,./data/centercity/images/CAoSF0NJSE0wb2dLRUlDQWdJRGE2ZDZLLXdF_270.jpg,False
,deploy,CAoSFkNJSE0wb2dLRUlDQWdJRGEyZFN5R3c._0,CAoSFkNJSE0wb2dLRUlDQWdJRGEyZFN5R3c.,0,./data/centercity/images/CAoSFkNJSE0wb2dLRUlDQWdJRGEyZFN5R3c._0.jpg,False
,deploy,CAoSFkNJSE0wb2dLRUlDQWdJRGEyZFN5R3c._90,CAoSFkNJSE0wb2dLRUlDQWdJRGEyZFN5R3c.,90,./data/centercity/images/CAoSFkNJSE0wb2dLRUlDQWdJRGEyZFN5R3c._90.jpg,False
,deploy,CAoSFkNJSE0wb2dLRUlDQWdJRGEyZFN5R3c._180,CAoSFkNJSE0wb2dLRUlDQWdJRGEyZFN5R3c.,180,./data/centercity/images/CAoSFkNJSE0wb2dLRUlDQWdJRGEyZFN5R3c._180.jpg,False
,deploy,CAoSFkNJSE0wb2dLRUlDQWdJRGEyZFN5R3c._270,CAoSFkNJSE0wb2dLRUlDQWdJRGEyZFN5R3c.,270,./data/centercity/images/CAoSFkNJSE0wb2dLRUlDQWdJRGEyZFN5R3c._270.jpg,False
,deploy,9DChQqNfb7q_GC2Av30_xg_0,9DChQqNfb7q_GC2Av30_xg,0,./data/centercity/images/9DChQqNfb7q_GC2Av30_xg_0.jpg,False
,deploy,9DChQqNfb7q_GC2Av30_xg_90,9DChQqNfb7q_GC2Av30_xg,90,./data/centercity/images/9DChQqNfb7q_GC2Av30_xg_90.jpg,False
,deploy,9DChQqNfb7q_GC2Av30_xg_180,9DChQqNfb7q_GC2Av30_xg,180,./data/centercity/images/9DChQqNfb7q_GC2Av30_xg_180.jpg,False
,deploy,9DChQqNfb7q_GC2Av30_xg_270,9DChQqNfb7q_GC2Av30_xg,270,./data/centercity/images/9DChQqNfb7q_GC2Av30_xg_270.jpg,False
,deploy,fcMwTO9LmktT5HTsFVpwSw_0,fcMwTO9LmktT5HTsFVpwSw,0,./data/centercity/images/fcMwTO9LmktT5HTsFVpwSw_0.jpg,False
,deploy,fcMwTO9LmktT5HTsFVpwSw_90,fcMwTO9LmktT5HTsFVpwSw,90,./data/centercity/images/fcMwTO9LmktT5HTsFVpwSw_90.jpg,False
,deploy,fcMwTO9LmktT5HTsFVpwSw_180,fcMwTO9LmktT5HTsFVpwSw,180,./data/centercity/images/fcMwTO9LmktT5HTsFVpwSw_180.jpg,False
,deploy,fcMwTO9LmktT5HTsFVpwSw_270,fcMwTO9LmktT5HTsFVpwSw,270,./data/centercity/images/fcMwTO9LmktT5HTsFVpwSw_270.jpg,False
,deploy,biNzQ5n2PxzHxpnyUCGRGw_0,biNzQ5n2PxzHxpnyUCGRGw,0,./data/centercity/images/biNzQ5n2PxzHxpnyUCGRGw_0.jpg,False
,deploy,biNzQ5n2PxzHxpnyUCGRGw_90,biNzQ5n2PxzHxpnyUCGRGw,90,./data/centercity/images/biNzQ5n2PxzHxpnyUCGRGw_90.jpg,False
,deploy,biNzQ5n2PxzHxpnyUCGRGw_180,biNzQ5n2PxzHxpnyUCGRGw,180,./data/centercity/images/biNzQ5n2PxzHxpnyUCGRGw_180.jpg,False
,deploy,biNzQ5n2PxzHxpnyUCGRGw_270,biNzQ5n2PxzHxpnyUCGRGw,270,./data/centercity/images/biNzQ5n2PxzHxpnyUCGRGw_270.jpg,False
,deploy,Cg3skby0BZ1qDE8a73qqTQ_0,Cg3skby0BZ1qDE8a73qqTQ,0,./data/centercity/images/Cg3skby0BZ1qDE8a73qqTQ_0.jpg,False
,deploy,Cg3skby0BZ1qDE8a73qqTQ_90,Cg3skby0BZ1qDE8a73qqTQ,90,./data/centercity/images/Cg3skby0BZ1qDE8a73qqTQ_90.jpg,False
,deploy,Cg3skby0BZ1qDE8a73qqTQ_180,Cg3skby0BZ1qDE8a73qqTQ,180,./data/centercity/images/Cg3skby0BZ1qDE8a73qqTQ_180.jpg,False
,deploy,Cg3skby0BZ1qDE8a73qqTQ_270,Cg3skby0BZ1qDE8a73qqTQ,270,./data/centercity/images/Cg3skby0BZ1qDE8a73qqTQ_270.jpg,False
,deploy,CAoSFkNJSE0wb2dLRUlDQWdJRGEyY2VSRXc._0,CAoSFkNJSE0wb2dLRUlDQWdJRGEyY2VSRXc.,0,./data/centercity/images/CAoSFkNJSE0wb2dLRUlDQWdJRGEyY2VSRXc._0.jpg,False
,deploy,CAoSFkNJSE0wb2dLRUlDQWdJRGEyY2VSRXc._90,CAoSFkNJSE0wb2dLRUlDQWdJRGEyY2VSRXc.,90,./data/centercity/images/CAoSFkNJSE0wb2dLRUlDQWdJRGEyY2VSRXc._90.jpg,False
,deploy,CAoSFkNJSE0wb2dLRUlDQWdJRGEyY2VSRXc._180,CAoSFkNJSE0wb2dLRUlDQWdJRGEyY2VSRXc.,180,./data/centercity/images/CAoSFkNJSE0wb2dLRUlDQWdJRGEyY2VSRXc._180.jpg,False
,deploy,CAoSFkNJSE0wb2dLRUlDQWdJRGEyY2VSRXc._270,CAoSFkNJSE0wb2dLRUlDQWdJRGEyY2VSRXc.,270,./data/centercity/images/CAoSFkNJSE0wb2dLRUlDQWdJRGEyY2VSRXc._270.jpg,False
,deploy,bVQarNKpGbceM_R0Tjo3Yw_0,bVQarNKpGbceM_R0Tjo3Yw,0,./data/centercity/images/bVQarNKpGbceM_R0Tjo3Yw_0.jpg,False
,deploy,bVQarNKpGbceM_R0Tjo3Yw_90,bVQarNKpGbceM_R0Tjo3Yw,90,./data/centercity/images/bVQarNKpGbceM_R0Tjo3Yw_90.jpg,False
,deploy,bVQarNKpGbceM_R0Tjo3Yw_180,bVQarNKpGbceM_R0Tjo3Yw,180,./data/centercity/images/bVQarNKpGbceM_R0Tjo3Yw_180.jpg,False
,deploy,bVQarNKpGbceM_R0Tjo3Yw_270,bVQarNKpGbceM_R0Tjo3Yw,270,./data/centercity/images/bVQarNKpGbceM_R0Tjo3Yw_270.jpg,False
,deploy,o7WVUXt0VxcjQ80ajz82uw_0,o7WVUXt0VxcjQ80ajz82uw,0,./data/centercity/images/o7WVUXt0VxcjQ80ajz82uw_0.jpg,False
,deploy,o7WVUXt0VxcjQ80ajz82uw_90,o7WVUXt0VxcjQ80ajz82uw,90,./data/centercity/images/o7WVUXt0VxcjQ80ajz82uw_90.jpg,False
,deploy,o7WVUXt0VxcjQ80ajz82uw_180,o7WVUXt0VxcjQ80ajz82uw,180,./data/centercity/images/o7WVUXt0VxcjQ80ajz82uw_180.jpg,False
,deploy,o7WVUXt0VxcjQ80ajz82uw_270,o7WVUXt0VxcjQ80ajz82uw,270,./data/centercity/images/o7WVUXt0VxcjQ80ajz82uw_270.jpg,False
,deploy,CAoSFkNJSE0wb2dLRUlDQWdJQzI2OXJKWkE._0,CAoSFkNJSE0wb2dLRUlDQWdJQzI2OXJKWkE.,0,./data/centercity/images/CAoSFkNJSE0wb2dLRUlDQWdJQzI2OXJKWkE._0.jpg,False
,deploy,CAoSFkNJSE0wb2dLRUlDQWdJQzI2OXJKWkE._90,CAoSFkNJSE0wb2dLRUlDQWdJQzI2OXJKWkE.,90,./data/centercity/images/CAoSFkNJSE0wb2dLRUlDQWdJQzI2OXJKWkE._90.jpg,False
,deploy,CAoSFkNJSE0wb2dLRUlDQWdJQzI2OXJKWkE._180,CAoSFkNJSE0wb2dLRUlDQWdJQzI2OXJKWkE.,180,./data/centercity/images/CAoSFkNJSE0wb2dLRUlDQWdJQzI2OXJKWkE._180.jpg,False
,deploy,CAoSFkNJSE0wb2dLRUlDQWdJQzI2OXJKWkE._270,CAoSFkNJSE0wb2dLRUlDQWdJQzI2OXJKWkE.,270,./data/centercity/images/CAoSFkNJSE0wb2dLRUlDQWdJQzI2OXJKWkE._270.jpg,False
,deploy,TZKoIuxgipAnPsBqyjBrnA_0,TZKoIuxgipAnPsBqyjBrnA,0,./data/centercity/images/TZKoIuxgipAnPsBqyjBrnA_0.jpg,False
,deploy,TZKoIuxgipAnPsBqyjBrnA_90,TZKoIuxgipAnPsBqyjBrnA,90,./data/centercity/images/TZKoIuxgipAnPsBqyjBrnA_90.jpg,False
,deploy,TZKoIuxgipAnPsBqyjBrnA_180,TZKoIuxgipAnPsBqyjBrnA,180,./data/centercity/images/TZKoIuxgipAnPsBqyjBrnA_180.jpg,False
,deploy,TZKoIuxgipAnPsBqyjBrnA_270,TZKoIuxgipAnPsBqyjBrnA,270,./data/centercity/images/TZKoIuxgipAnPsBqyjBrnA_270.jpg,False
,deploy,weKyzN_GbAuObGrhqR1jWg_0,weKyzN_GbAuObGrhqR1jWg,0,./data/centercity/images/weKyzN_GbAuObGrhqR1jWg_0.jpg,False
,deploy,weKyzN_GbAuObGrhqR1jWg_90,weKyzN_GbAuObGrhqR1jWg,90,./data/centercity/images/weKyzN_GbAuObGrhqR1jWg_90.jpg,False
,deploy,weKyzN_GbAuObGrhqR1jWg_180,weKyzN_GbAuObGrhqR1jWg,180,./data/centercity/images/weKyzN_GbAuObGrhqR1jWg_180.jpg,False
,deploy,weKyzN_GbAuObGrhqR1jWg_270,weKyzN_GbAuObGrhqR1jWg,270,./data/centercity/images/weKyzN_GbAuObGrhqR1jWg_270.jpg,False
,deploy,vrH5pRhuvkaady-BcsMdAA_0,vrH5pRhuvkaady-BcsMdAA,0,./data/centercity/images/vrH5pRhuvkaady-BcsMdAA_0.jpg,False
,deploy,vrH5pRhuvkaady-BcsMdAA_90,vrH5pRhuvkaady-BcsMdAA,90,./data/centercity/images/vrH5pRhuvkaady-BcsMdAA_90.jpg,False
,deploy,vrH5pRhuvkaady-BcsMdAA_180,vrH5pRhuvkaady-BcsMdAA,180,./data/centercity/images/vrH5pRhuvkaady-BcsMdAA_180.jpg,False
,deploy,vrH5pRhuvkaady-BcsMdAA_270,vrH5pRhuvkaady-BcsMdAA,270,./data/centercity/images/vrH5pRhuvkaady-BcsMdAA_270.jpg,False
,deploy,MJov7-kk-ku5MUSq2t9iww_0,MJov7-kk-ku5MUSq2t9iww,0,./data/centercity/images/MJov7-kk-ku5MUSq2t9iww_0.jpg,False
,deploy,MJov7-kk-ku5MUSq2t9iww_90,MJov7-kk-ku5MUSq2t9iww,90,./data/centercity/images/MJov7-kk-ku5MUSq2t9iww_90.jpg,False
,deploy,MJov7-kk-ku5MUSq2t9iww_180,MJov7-kk-ku5MUSq2t9iww,180,./data/centercity/images/MJov7-kk-ku5MUSq2t9iww_180.jpg,False
,deploy,MJov7-kk-ku5MUSq2t9iww_270,MJov7-kk-ku5MUSq2t9iww,270,./data/centercity/images/MJov7-kk-ku5MUSq2t9iww_270.jpg,False
,deploy,d7hHBFOl9CNlzM6MrrVXnA_0,d7hHBFOl9CNlzM6MrrVXnA,0,./data/centercity/images/d7hHBFOl9CNlzM6MrrVXnA_0.jpg,False
,deploy,d7hHBFOl9CNlzM6MrrVXnA_90,d7hHBFOl9CNlzM6MrrVXnA,90,./data/centercity/images/d7hHBFOl9CNlzM6MrrVXnA_90.jpg,False
,deploy,d7hHBFOl9CNlzM6MrrVXnA_180,d7hHBFOl9CNlzM6MrrVXnA,180,./data/centercity/images/d7hHBFOl9CNlzM6MrrVXnA_180.jpg,False
,deploy,d7hHBFOl9CNlzM6MrrVXnA_270,d7hHBFOl9CNlzM6MrrVXnA,270,./data/centercity/images/d7hHBFOl9CNlzM6MrrVXnA_270.jpg,False
,deploy,CAoSFkNJSE0wb2dLRUlDQWdJRGVoWjZYS0E._0,CAoSFkNJSE0wb2dLRUlDQWdJRGVoWjZYS0E.,0,./data/centercity/images/CAoSFkNJSE0wb2dLRUlDQWdJRGVoWjZYS0E._0.jpg,False
,deploy,CAoSFkNJSE0wb2dLRUlDQWdJRGVoWjZYS0E._90,CAoSFkNJSE0wb2dLRUlDQWdJRGVoWjZYS0E.,90,./data/centercity/images/CAoSFkNJSE0wb2dLRUlDQWdJRGVoWjZYS0E._90.jpg,False
,deploy,CAoSFkNJSE0wb2dLRUlDQWdJRGVoWjZYS0E._180,CAoSFkNJSE0wb2dLRUlDQWdJRGVoWjZYS0E.,180,./data/centercity/images/CAoSFkNJSE0wb2dLRUlDQWdJRGVoWjZYS0E._180.jpg,False
,deploy,CAoSFkNJSE0wb2dLRUlDQWdJRGVoWjZYS0E._270,CAoSFkNJSE0wb2dLRUlDQWdJRGVoWjZYS0E.,270,./data/centercity/images/CAoSFkNJSE0wb2dLRUlDQWdJRGVoWjZYS0E._270.jpg,False
,deploy,CAoSFkNJSE0wb2dLRUlDQWdJRGFxZGFzVHc._0,CAoSFkNJSE0wb2dLRUlDQWdJRGFxZGFzVHc.,0,./data/centercity/images/CAoSFkNJSE0wb2dLRUlDQWdJRGFxZGFzVHc._0.jpg,False
,deploy,CAoSFkNJSE0wb2dLRUlDQWdJRGFxZGFzVHc._90,CAoSFkNJSE0wb2dLRUlDQWdJRGFxZGFzVHc.,90,./data/centercity/images/CAoSFkNJSE0wb2dLRUlDQWdJRGFxZGFzVHc._90.jpg,False
,deploy,CAoSFkNJSE0wb2dLRUlDQWdJRGFxZGFzVHc._180,CAoSFkNJSE0wb2dLRUlDQWdJRGFxZGFzVHc.,180,./data/centercity/images/CAoSFkNJSE0wb2dLRUlDQWdJRGFxZGFzVHc._180.jpg,False
,deploy,CAoSFkNJSE0wb2dLRUlDQWdJRGFxZGFzVHc._270,CAoSFkNJSE0wb2dLRUlDQWdJRGFxZGFzVHc.,270,./data/centercity/images/CAoSFkNJSE0wb2dLRUlDQWdJRGFxZGFzVHc._270.jpg,False
,deploy,CAoSFkNJSE0wb2dLRUlDQWdJRGE4Yk9aTkE._0,CAoSFkNJSE0wb2dLRUlDQWdJRGE4Yk9aTkE.,0,./data/centercity/images/CAoSFkNJSE0wb2dLRUlDQWdJRGE4Yk9aTkE._0.jpg,False
,deploy,CAoSFkNJSE0wb2dLRUlDQWdJRGE4Yk9aTkE._90,CAoSFkNJSE0wb2dLRUlDQWdJRGE4Yk9aTkE.,90,./data/centercity/images/CAoSFkNJSE0wb2dLRUlDQWdJRGE4Yk9aTkE._90.jpg,False
,deploy,CAoSFkNJSE0wb2dLRUlDQWdJRGE4Yk9aTkE._180,CAoSFkNJSE0wb2dLRUlDQWdJRGE4Yk9aTkE.,180,./data/centercity/images/CAoSFkNJSE0wb2dLRUlDQWdJRGE4Yk9aTkE._180.jpg,False
,deploy,CAoSFkNJSE0wb2dLRUlDQWdJRGE4Yk9aTkE._270,CAoSFkNJSE0wb2dLRUlDQWdJRGE4Yk9aTkE.,270,./data/centercity/images/CAoSFkNJSE0wb2dLRUlDQWdJRGE4Yk9aTkE._270.jpg,False
,deploy,CAoSFkNJSE0wb2dLRUlDQWdJRGEyWlg5Znc._0,CAoSFkNJSE0wb2dLRUlDQWdJRGEyWlg5Znc.,0,./data/centercity/images/CAoSFkNJSE0wb2dLRUlDQWdJRGEyWlg5Znc._0.jpg,False
,deploy,CAoSFkNJSE0wb2dLRUlDQWdJRGEyWlg5Znc._90,CAoSFkNJSE0wb2dLRUlDQWdJRGEyWlg5Znc.,90,./data/centercity/images/CAoSFkNJSE0wb2dLRUlDQWdJRGEyWlg5Znc._90.jpg,False
,deploy,CAoSFkNJSE0wb2dLRUlDQWdJRGEyWlg5Znc._180,CAoSFkNJSE0wb2dLRUlDQWdJRGEyWlg5Znc.,180,./data/centercity/images/CAoSFkNJSE0wb2dLRUlDQWdJRGEyWlg5Znc._180.jpg,False
,deploy,CAoSFkNJSE0wb2dLRUlDQWdJRGEyWlg5Znc._270,CAoSFkNJSE0wb2dLRUlDQWdJRGEyWlg5Znc.,270,./data/centercity/images/CAoSFkNJSE0wb2dLRUlDQWdJRGEyWlg5Znc._270.jpg,False
,deploy,MbqhI0BL-3ZxGCOJJ3J7dQ_0,MbqhI0BL-3ZxGCOJJ3J7dQ,0,./data/centercity/images/MbqhI0BL-3ZxGCOJJ3J7dQ_0.jpg,False
,deploy,MbqhI0BL-3ZxGCOJJ3J7dQ_90,MbqhI0BL-3ZxGCOJJ3J7dQ,90,./data/centercity/images/MbqhI0BL-3ZxGCOJJ3J7dQ_90.jpg,False
,deploy,MbqhI0BL-3ZxGCOJJ3J7dQ_180,MbqhI0BL-3ZxGCOJJ3J7dQ,180,./data/centercity/images/MbqhI0BL-3ZxGCOJJ3J7dQ_180.jpg,False
,deploy,MbqhI0BL-3ZxGCOJJ3J7dQ_270,MbqhI0BL-3ZxGCOJJ3J7dQ,270,./data/centercity/images/MbqhI0BL-3ZxGCOJJ3J7dQ_270.jpg,False
,deploy,CAoSFkNJSE0wb2dLRUlDQWdJRE8zdVg1YUE._0,CAoSFkNJSE0wb2dLRUlDQWdJRE8zdVg1YUE.,0,./data/centercity/images/CAoSFkNJSE0wb2dLRUlDQWdJRE8zdVg1YUE._0.jpg,False
,deploy,CAoSFkNJSE0wb2dLRUlDQWdJRE8zdVg1YUE._90,CAoSFkNJSE0wb2dLRUlDQWdJRE8zdVg1YUE.,90,./data/centercity/images/CAoSFkNJSE0wb2dLRUlDQWdJRE8zdVg1YUE._90.jpg,False
,deploy,CAoSFkNJSE0wb2dLRUlDQWdJRE8zdVg1YUE._180,CAoSFkNJSE0wb2dLRUlDQWdJRE8zdVg1YUE.,180,./data/centercity/images/CAoSFkNJSE0wb2dLRUlDQWdJRE8zdVg1YUE._180.jpg,False
,deploy,CAoSFkNJSE0wb2dLRUlDQWdJRE8zdVg1YUE._270,CAoSFkNJSE0wb2dLRUlDQWdJRE8zdVg1YUE.,270,./data/centercity/images/CAoSFkNJSE0wb2dLRUlDQWdJRE8zdVg1YUE._270.jpg,False
,deploy,XP5XoqEq6S2S2Mh3Jl7ovA_0,XP5XoqEq6S2S2Mh3Jl7ovA,0,./data/centercity/images/XP5XoqEq6S2S2Mh3Jl7ovA_0.jpg,False
,deploy,XP5XoqEq6S2S2Mh3Jl7ovA_90,XP5XoqEq6S2S2Mh3Jl7ovA,90,./data/centercity/images/XP5XoqEq6S2S2Mh3Jl7ovA_90.jpg,False
,deploy,XP5XoqEq6S2S2Mh3Jl7ovA_180,XP5XoqEq6S2S2Mh3Jl7ovA,180,./data/centercity/images/XP5XoqEq6S2S2Mh3Jl7ovA_180.jpg,False
,deploy,XP5XoqEq6S2S2Mh3Jl7ovA_270,XP5XoqEq6S2S2Mh3Jl7ovA,270,./data/centercity/images/XP5XoqEq6S2S2Mh3Jl7ovA_270.jpg,False
,deploy,UTqLI_USfZauG3siHpPWmQ_0,UTqLI_USfZauG3siHpPWmQ,0,./data/centercity/images/UTqLI_USfZauG3siHpPWmQ_0.jpg,False
,deploy,UTqLI_USfZauG3siHpPWmQ_90,UTqLI_USfZauG3siHpPWmQ,90,./data/centercity/images/UTqLI_USfZauG3siHpPWmQ_90.jpg,False
,deploy,UTqLI_USfZauG3siHpPWmQ_180,UTqLI_USfZauG3siHpPWmQ,180,./data/centercity/images/UTqLI_USfZauG3siHpPWmQ_180.jpg,False
,deploy,UTqLI_USfZauG3siHpPWmQ_270,UTqLI_USfZauG3siHpPWmQ,270,./data/centercity/images/UTqLI_USfZauG3siHpPWmQ_270.jpg,False
,deploy,ClbXQdJQ8HH5kyC2bZiVnw_0,ClbXQdJQ8HH5kyC2bZiVnw,0,./data/centercity/images/ClbXQdJQ8HH5kyC2bZiVnw_0.jpg,False
,deploy,ClbXQdJQ8HH5kyC2bZiVnw_90,ClbXQdJQ8HH5kyC2bZiVnw,90,./data/centercity/images/ClbXQdJQ8HH5kyC2bZiVnw_90.jpg,False
,deploy,ClbXQdJQ8HH5kyC2bZiVnw_180,ClbXQdJQ8HH5kyC2bZiVnw,180,./data/centercity/images/ClbXQdJQ8HH5kyC2bZiVnw_180.jpg,False
,deploy,ClbXQdJQ8HH5kyC2bZiVnw_270,ClbXQdJQ8HH5kyC2bZiVnw,270,./data/centercity/images/ClbXQdJQ8HH5kyC2bZiVnw_270.jpg,False
,deploy,s3SXjd9iK9dNXYVC1nClgg_0,s3SXjd9iK9dNXYVC1nClgg,0,./data/centercity/images/s3SXjd9iK9dNXYVC1nClgg_0.jpg,False
,deploy,s3SXjd9iK9dNXYVC1nClgg_90,s3SXjd9iK9dNXYVC1nClgg,90,./data/centercity/images/s3SXjd9iK9dNXYVC1nClgg_90.jpg,False
,deploy,s3SXjd9iK9dNXYVC1nClgg_180,s3SXjd9iK9dNXYVC1nClgg,180,./data/centercity/images/s3SXjd9iK9dNXYVC1nClgg_180.jpg,False
,deploy,s3SXjd9iK9dNXYVC1nClgg_270,s3SXjd9iK9dNXYVC1nClgg,270,./data/centercity/images/s3SXjd9iK9dNXYVC1nClgg_270.jpg,False
,deploy,49g4QBzmSV51Pvdk_--oZA_0,49g4QBzmSV51Pvdk_--oZA,0,./data/centercity/images/49g4QBzmSV51Pvdk_--oZA_0.jpg,False
,deploy,49g4QBzmSV51Pvdk_--oZA_90,49g4QBzmSV51Pvdk_--oZA,90,./data/centercity/images/49g4QBzmSV51Pvdk_--oZA_90.jpg,False
,deploy,49g4QBzmSV51Pvdk_--oZA_180,49g4QBzmSV51Pvdk_--oZA,180,./data/centercity/images/49g4QBzmSV51Pvdk_--oZA_180.jpg,False
,deploy,49g4QBzmSV51Pvdk_--oZA_270,49g4QBzmSV51Pvdk_--oZA,270,./data/centercity/images/49g4QBzmSV51Pvdk_--oZA_270.jpg,False
,deploy,CAoSFkNJSE0wb2dLRUlDQWdJRE8zdVg1RWc._0,CAoSFkNJSE0wb2dLRUlDQWdJRE8zdVg1RWc.,0,./data/centercity/images/CAoSFkNJSE0wb2dLRUlDQWdJRE8zdVg1RWc._0.jpg,False
,deploy,CAoSFkNJSE0wb2dLRUlDQWdJRE8zdVg1RWc._90,CAoSFkNJSE0wb2dLRUlDQWdJRE8zdVg1RWc.,90,./data/centercity/images/CAoSFkNJSE0wb2dLRUlDQWdJRE8zdVg1RWc._90.jpg,False
,deploy,CAoSFkNJSE0wb2dLRUlDQWdJRE8zdVg1RWc._180,CAoSFkNJSE0wb2dLRUlDQWdJRE8zdVg1RWc.,180,./data/centercity/images/CAoSFkNJSE0wb2dLRUlDQWdJRE8zdVg1RWc._180.jpg,False
,deploy,CAoSFkNJSE0wb2dLRUlDQWdJRE8zdVg1RWc._270,CAoSFkNJSE0wb2dLRUlDQWdJRE8zdVg1RWc.,270,./data/centercity/images/CAoSFkNJSE0wb2dLRUlDQWdJRE8zdVg1RWc._270.jpg,False
,deploy,r4Dd3nKpmOV_JgSZ4vbpwg_0,r4Dd3nKpmOV_JgSZ4vbpwg,0,./data/centercity/images/r4Dd3nKpmOV_JgSZ4vbpwg_0.jpg,False
,deploy,r4Dd3nKpmOV_JgSZ4vbpwg_90,r4Dd3nKpmOV_JgSZ4vbpwg,90,./data/centercity/images/r4Dd3nKpmOV_JgSZ4vbpwg_90.jpg,False
,deploy,r4Dd3nKpmOV_JgSZ4vbpwg_180,r4Dd3nKpmOV_JgSZ4vbpwg,180,./data/centercity/images/r4Dd3nKpmOV_JgSZ4vbpwg_180.jpg,False
,deploy,r4Dd3nKpmOV_JgSZ4vbpwg_270,r4Dd3nKpmOV_JgSZ4vbpwg,270,./data/centercity/images/r4Dd3nKpmOV_JgSZ4vbpwg_270.jpg,False
,deploy,CAoSF0NJSE0wb2dLRUlDQWdJRE8zclg1dEFF_0,CAoSF0NJSE0wb2dLRUlDQWdJRE8zclg1dEFF,0,./data/centercity/images/CAoSF0NJSE0wb2dLRUlDQWdJRE8zclg1dEFF_0.jpg,False
,deploy,CAoSF0NJSE0wb2dLRUlDQWdJRE8zclg1dEFF_90,CAoSF0NJSE0wb2dLRUlDQWdJRE8zclg1dEFF,90,./data/centercity/images/CAoSF0NJSE0wb2dLRUlDQWdJRE8zclg1dEFF_90.jpg,False
,deploy,CAoSF0NJSE0wb2dLRUlDQWdJRE8zclg1dEFF_180,CAoSF0NJSE0wb2dLRUlDQWdJRE8zclg1dEFF,180,./data/centercity/images/CAoSF0NJSE0wb2dLRUlDQWdJRE8zclg1dEFF_180.jpg,False
,deploy,CAoSF0NJSE0wb2dLRUlDQWdJRE8zclg1dEFF_270,CAoSF0NJSE0wb2dLRUlDQWdJRE8zclg1dEFF,270,./data/centercity/images/CAoSF0NJSE0wb2dLRUlDQWdJRE8zclg1dEFF_270.jpg,False
,deploy,CAoSF0NJSE0wb2dLRUlDQWdJRE8zdVhHaHdF_0,CAoSF0NJSE0wb2dLRUlDQWdJRE8zdVhHaHdF,0,./data/centercity/images/CAoSF0NJSE0wb2dLRUlDQWdJRE8zdVhHaHdF_0.jpg,False
,deploy,CAoSF0NJSE0wb2dLRUlDQWdJRE8zdVhHaHdF_90,CAoSF0NJSE0wb2dLRUlDQWdJRE8zdVhHaHdF,90,./data/centercity/images/CAoSF0NJSE0wb2dLRUlDQWdJRE8zdVhHaHdF_90.jpg,False
,deploy,CAoSF0NJSE0wb2dLRUlDQWdJRE8zdVhHaHdF_180,CAoSF0NJSE0wb2dLRUlDQWdJRE8zdVhHaHdF,180,./data/centercity/images/CAoSF0NJSE0wb2dLRUlDQWdJRE8zdVhHaHdF_180.jpg,False
,deploy,CAoSF0NJSE0wb2dLRUlDQWdJRE8zdVhHaHdF_270,CAoSF0NJSE0wb2dLRUlDQWdJRE8zdVhHaHdF,270,./data/centercity/images/CAoSF0NJSE0wb2dLRUlDQWdJRE8zdVhHaHdF_270.jpg,False
,deploy,0g-gXxFrJ6cYrdxpd5t3ug_0,0g-gXxFrJ6cYrdxpd5t3ug,0,./data/centercity/images/0g-gXxFrJ6cYrdxpd5t3ug_0.jpg,False
,deploy,0g-gXxFrJ6cYrdxpd5t3ug_90,0g-gXxFrJ6cYrdxpd5t3ug,90,./data/centercity/images/0g-gXxFrJ6cYrdxpd5t3ug_90.jpg,False
,deploy,0g-gXxFrJ6cYrdxpd5t3ug_180,0g-gXxFrJ6cYrdxpd5t3ug,180,./data/centercity/images/0g-gXxFrJ6cYrdxpd5t3ug_180.jpg,False
,deploy,0g-gXxFrJ6cYrdxpd5t3ug_270,0g-gXxFrJ6cYrdxpd5t3ug,270,./data/centercity/images/0g-gXxFrJ6cYrdxpd5t3ug_270.jpg,False
,deploy,hDRv4Scz_MtixrC66_j3lg_0,hDRv4Scz_MtixrC66_j3lg,0,./data/centercity/images/hDRv4Scz_MtixrC66_j3lg_0.jpg,False
,deploy,hDRv4Scz_MtixrC66_j3lg_90,hDRv4Scz_MtixrC66_j3lg,90,./data/centercity/images/hDRv4Scz_MtixrC66_j3lg_90.jpg,False
,deploy,hDRv4Scz_MtixrC66_j3lg_180,hDRv4Scz_MtixrC66_j3lg,180,./data/centercity/images/hDRv4Scz_MtixrC66_j3lg_180.jpg,False
,deploy,hDRv4Scz_MtixrC66_j3lg_270,hDRv4Scz_MtixrC66_j3lg,270,./data/centercity/images/hDRv4Scz_MtixrC66_j3lg_270.jpg,False
,deploy,CAoSF0NJSE0wb2dLRUlDQWdJRE8zdVhBandF_0,CAoSF0NJSE0wb2dLRUlDQWdJRE8zdVhBandF,0,./data/centercity/images/CAoSF0NJSE0wb2dLRUlDQWdJRE8zdVhBandF_0.jpg,False
,deploy,CAoSF0NJSE0wb2dLRUlDQWdJRE8zdVhBandF_90,CAoSF0NJSE0wb2dLRUlDQWdJRE8zdVhBandF,90,./data/centercity/images/CAoSF0NJSE0wb2dLRUlDQWdJRE8zdVhBandF_90.jpg,False
,deploy,CAoSF0NJSE0wb2dLRUlDQWdJRE8zdVhBandF_180,CAoSF0NJSE0wb2dLRUlDQWdJRE8zdVhBandF,180,./data/centercity/images/CAoSF0NJSE0wb2dLRUlDQWdJRE8zdVhBandF_180.jpg,False
,deploy,CAoSF0NJSE0wb2dLRUlDQWdJRE8zdVhBandF_270,CAoSF0NJSE0wb2dLRUlDQWdJRE8zdVhBandF,270,./data/centercity/images/CAoSF0NJSE0wb2dLRUlDQWdJRE8zdVhBandF_270.jpg,False
,deploy,XVgXeJ6gDOcR1Ami8iT7gQ_0,XVgXeJ6gDOcR1Ami8iT7gQ,0,./data/centercity/images/XVgXeJ6gDOcR1Ami8iT7gQ_0.jpg,False
,deploy,XVgXeJ6gDOcR1Ami8iT7gQ_90,XVgXeJ6gDOcR1Ami8iT7gQ,90,./data/centercity/images/XVgXeJ6gDOcR1Ami8iT7gQ_90.jpg,False
,deploy,XVgXeJ6gDOcR1Ami8iT7gQ_180,XVgXeJ6gDOcR1Ami8iT7gQ,180,./data/centercity/images/XVgXeJ6gDOcR1Ami8iT7gQ_180.jpg,False
,deploy,XVgXeJ6gDOcR1Ami8iT7gQ_270,XVgXeJ6gDOcR1Ami8iT7gQ,270,./data/centercity/images/XVgXeJ6gDOcR1Ami8iT7gQ_270.jpg,False
,deploy,hO_Pi44gYKKZz1tarsJtHg_0,hO_Pi44gYKKZz1tarsJtHg,0,./data/centercity/images/hO_Pi44gYKKZz1tarsJtHg_0.jpg,False
,deploy,hO_Pi44gYKKZz1tarsJtHg_90,hO_Pi44gYKKZz1tarsJtHg,90,./data/centercity/images/hO_Pi44gYKKZz1tarsJtHg_90.jpg,False
,deploy,hO_Pi44gYKKZz1tarsJtHg_180,hO_Pi44gYKKZz1tarsJtHg,180,./data/centercity/images/hO_Pi44gYKKZz1tarsJtHg_180.jpg,False
,deploy,hO_Pi44gYKKZz1tarsJtHg_270,hO_Pi44gYKKZz1tarsJtHg,270,./data/centercity/images/hO_Pi44gYKKZz1tarsJtHg_270.jpg,False
,deploy,CAoSFkNJSE0wb2dLRUlDQWdJRGEyWVNKTmc._0,CAoSFkNJSE0wb2dLRUlDQWdJRGEyWVNKTmc.,0,./data/centercity/images/CAoSFkNJSE0wb2dLRUlDQWdJRGEyWVNKTmc._0.jpg,False
,deploy,CAoSFkNJSE0wb2dLRUlDQWdJRGEyWVNKTmc._90,CAoSFkNJSE0wb2dLRUlDQWdJRGEyWVNKTmc.,90,./data/centercity/images/CAoSFkNJSE0wb2dLRUlDQWdJRGEyWVNKTmc._90.jpg,False
,deploy,CAoSFkNJSE0wb2dLRUlDQWdJRGEyWVNKTmc._180,CAoSFkNJSE0wb2dLRUlDQWdJRGEyWVNKTmc.,180,./data/centercity/images/CAoSFkNJSE0wb2dLRUlDQWdJRGEyWVNKTmc._180.jpg,False
,deploy,CAoSFkNJSE0wb2dLRUlDQWdJRGEyWVNKTmc._270,CAoSFkNJSE0wb2dLRUlDQWdJRGEyWVNKTmc.,270,./data/centercity/images/CAoSFkNJSE0wb2dLRUlDQWdJRGEyWVNKTmc._270.jpg,False
,deploy,PCzej8ty8Mv2B2qfcGWwiQ_0,PCzej8ty8Mv2B2qfcGWwiQ,0,./data/centercity/images/PCzej8ty8Mv2B2qfcGWwiQ_0.jpg,False
,deploy,PCzej8ty8Mv2B2qfcGWwiQ_90,PCzej8ty8Mv2B2qfcGWwiQ,90,./data/centercity/images/PCzej8ty8Mv2B2qfcGWwiQ_90.jpg,False
,deploy,PCzej8ty8Mv2B2qfcGWwiQ_180,PCzej8ty8Mv2B2qfcGWwiQ,180,./data/centercity/images/PCzej8ty8Mv2B2qfcGWwiQ_180.jpg,False
,deploy,PCzej8ty8Mv2B2qfcGWwiQ_270,PCzej8ty8Mv2B2qfcGWwiQ,270,./data/centercity/images/PCzej8ty8Mv2B2qfcGWwiQ_270.jpg,False
,deploy,NKbUcSNB6Fd7WWsoUlSN4Q_0,NKbUcSNB6Fd7WWsoUlSN4Q,0,./data/centercity/images/NKbUcSNB6Fd7WWsoUlSN4Q_0.jpg,False
,deploy,NKbUcSNB6Fd7WWsoUlSN4Q_90,NKbUcSNB6Fd7WWsoUlSN4Q,90,./data/centercity/images/NKbUcSNB6Fd7WWsoUlSN4Q_90.jpg,False
,deploy,NKbUcSNB6Fd7WWsoUlSN4Q_180,NKbUcSNB6Fd7WWsoUlSN4Q,180,./data/centercity/images/NKbUcSNB6Fd7WWsoUlSN4Q_180.jpg,False
,deploy,NKbUcSNB6Fd7WWsoUlSN4Q_270,NKbUcSNB6Fd7WWsoUlSN4Q,270,./data/centercity/images/NKbUcSNB6Fd7WWsoUlSN4Q_270.jpg,False
,deploy,cyfdLo26-7ikd6TcTzemMw_0,cyfdLo26-7ikd6TcTzemMw,0,./data/centercity/images/cyfdLo26-7ikd6TcTzemMw_0.jpg,False
,deploy,cyfdLo26-7ikd6TcTzemMw_90,cyfdLo26-7ikd6TcTzemMw,90,./data/centercity/images/cyfdLo26-7ikd6TcTzemMw_90.jpg,False
,deploy,cyfdLo26-7ikd6TcTzemMw_180,cyfdLo26-7ikd6TcTzemMw,180,./data/centercity/images/cyfdLo26-7ikd6TcTzemMw_180.jpg,False
,deploy,cyfdLo26-7ikd6TcTzemMw_270,cyfdLo26-7ikd6TcTzemMw,270,./data/centercity/images/cyfdLo26-7ikd6TcTzemMw_270.jpg,False
,deploy,CAoSF0NJSE0wb2dLRUlDQWdJRGFzZVRPdXdF_0,CAoSF0NJSE0wb2dLRUlDQWdJRGFzZVRPdXdF,0,./data/centercity/images/CAoSF0NJSE0wb2dLRUlDQWdJRGFzZVRPdXdF_0.jpg,False
,deploy,CAoSF0NJSE0wb2dLRUlDQWdJRGFzZVRPdXdF_90,CAoSF0NJSE0wb2dLRUlDQWdJRGFzZVRPdXdF,90,./data/centercity/images/CAoSF0NJSE0wb2dLRUlDQWdJRGFzZVRPdXdF_90.jpg,False
,deploy,CAoSF0NJSE0wb2dLRUlDQWdJRGFzZVRPdXdF_180,CAoSF0NJSE0wb2dLRUlDQWdJRGFzZVRPdXdF,180,./data/centercity/images/CAoSF0NJSE0wb2dLRUlDQWdJRGFzZVRPdXdF_180.jpg,False
,deploy,CAoSF0NJSE0wb2dLRUlDQWdJRGFzZVRPdXdF_270,CAoSF0NJSE0wb2dLRUlDQWdJRGFzZVRPdXdF,270,./data/centercity/images/CAoSF0NJSE0wb2dLRUlDQWdJRGFzZVRPdXdF_270.jpg,False
,deploy,CAoSFkNJSE0wb2dLRUlDQWdJRE9nYzdpS2c._0,CAoSFkNJSE0wb2dLRUlDQWdJRE9nYzdpS2c.,0,./data/centercity/images/CAoSFkNJSE0wb2dLRUlDQWdJRE9nYzdpS2c._0.jpg,False
,deploy,CAoSFkNJSE0wb2dLRUlDQWdJRE9nYzdpS2c._90,CAoSFkNJSE0wb2dLRUlDQWdJRE9nYzdpS2c.,90,./data/centercity/images/CAoSFkNJSE0wb2dLRUlDQWdJRE9nYzdpS2c._90.jpg,False
,deploy,CAoSFkNJSE0wb2dLRUlDQWdJRE9nYzdpS2c._180,CAoSFkNJSE0wb2dLRUlDQWdJRE9nYzdpS2c.,180,./data/centercity/images/CAoSFkNJSE0wb2dLRUlDQWdJRE9nYzdpS2c._180.jpg,False
,deploy,CAoSFkNJSE0wb2dLRUlDQWdJRE9nYzdpS2c._270,CAoSFkNJSE0wb2dLRUlDQWdJRE9nYzdpS2c.,270,./data/centercity/images/CAoSFkNJSE0wb2dLRUlDQWdJRE9nYzdpS2c._270.jpg,False
,deploy,NDwwiYJvim37o-I40lAg9Q_0,NDwwiYJvim37o-I40lAg9Q,0,./data/centercity/images/NDwwiYJvim37o-I40lAg9Q_0.jpg,False
,deploy,NDwwiYJvim37o-I40lAg9Q_90,NDwwiYJvim37o-I40lAg9Q,90,./data/centercity/images/NDwwiYJvim37o-I40lAg9Q_90.jpg,False
,deploy,NDwwiYJvim37o-I40lAg9Q_180,NDwwiYJvim37o-I40lAg9Q,180,./data/centercity/images/NDwwiYJvim37o-I40lAg9Q_180.jpg,False
,deploy,NDwwiYJvim37o-I40lAg9Q_270,NDwwiYJvim37o-I40lAg9Q,270,./data/centercity/images/NDwwiYJvim37o-I40lAg9Q_270.jpg,False
,deploy,HsW3qAsSXleSGI01JoTysA_0,HsW3qAsSXleSGI01JoTysA,0,./data/centercity/images/HsW3qAsSXleSGI01JoTysA_0.jpg,False
,deploy,HsW3qAsSXleSGI01JoTysA_90,HsW3qAsSXleSGI01JoTysA,90,./data/centercity/images/HsW3qAsSXleSGI01JoTysA_90.jpg,False
,deploy,HsW3qAsSXleSGI01JoTysA_180,HsW3qAsSXleSGI01JoTysA,180,./data/centercity/images/HsW3qAsSXleSGI01JoTysA_180.jpg,False
,deploy,HsW3qAsSXleSGI01JoTysA_270,HsW3qAsSXleSGI01JoTysA,270,./data/centercity/images/HsW3qAsSXleSGI01JoTysA_270.jpg,False
,deploy,POwdI816Xc6NXcECOqLHDQ_0,POwdI816Xc6NXcECOqLHDQ,0,./data/centercity/images/POwdI816Xc6NXcECOqLHDQ_0.jpg,False
,deploy,POwdI816Xc6NXcECOqLHDQ_90,POwdI816Xc6NXcECOqLHDQ,90,./data/centercity/images/POwdI816Xc6NXcECOqLHDQ_90.jpg,False
,deploy,POwdI816Xc6NXcECOqLHDQ_180,POwdI816Xc6NXcECOqLHDQ,180,./data/centercity/images/POwdI816Xc6NXcECOqLHDQ_180.jpg,False
,deploy,POwdI816Xc6NXcECOqLHDQ_270,POwdI816Xc6NXcECOqLHDQ,270,./data/centercity/images/POwdI816Xc6NXcECOqLHDQ_270.jpg,False
,deploy,DACTuZdImrxhNNe5WrvBrw_0,DACTuZdImrxhNNe5WrvBrw,0,./data/centercity/images/DACTuZdImrxhNNe5WrvBrw_0.jpg,False
,deploy,DACTuZdImrxhNNe5WrvBrw_90,DACTuZdImrxhNNe5WrvBrw,90,./data/centercity/images/DACTuZdImrxhNNe5WrvBrw_90.jpg,False
,deploy,DACTuZdImrxhNNe5WrvBrw_180,DACTuZdImrxhNNe5WrvBrw,180,./data/centercity/images/DACTuZdImrxhNNe5WrvBrw_180.jpg,False
,deploy,DACTuZdImrxhNNe5WrvBrw_270,DACTuZdImrxhNNe5WrvBrw,270,./data/centercity/images/DACTuZdImrxhNNe5WrvBrw_270.jpg,False
,deploy,tfxu_1AzjmP0voEM-_Kh-Q_0,tfxu_1AzjmP0voEM-_Kh-Q,0,./data/centercity/images/tfxu_1AzjmP0voEM-_Kh-Q_0.jpg,False
,deploy,tfxu_1AzjmP0voEM-_Kh-Q_90,tfxu_1AzjmP0voEM-_Kh-Q,90,./data/centercity/images/tfxu_1AzjmP0voEM-_Kh-Q_90.jpg,False
,deploy,tfxu_1AzjmP0voEM-_Kh-Q_180,tfxu_1AzjmP0voEM-_Kh-Q,180,./data/centercity/images/tfxu_1AzjmP0voEM-_Kh-Q_180.jpg,False
,deploy,tfxu_1AzjmP0voEM-_Kh-Q_270,tfxu_1AzjmP0voEM-_Kh-Q,270,./data/centercity/images/tfxu_1AzjmP0voEM-_Kh-Q_270.jpg,False
,deploy,CAoSFkNJSE0wb2dLRUlDQWdJRE9nZHJBZHc._0,CAoSFkNJSE0wb2dLRUlDQWdJRE9nZHJBZHc.,0,./data/centercity/images/CAoSFkNJSE0wb2dLRUlDQWdJRE9nZHJBZHc._0.jpg,False
,deploy,CAoSFkNJSE0wb2dLRUlDQWdJRE9nZHJBZHc._90,CAoSFkNJSE0wb2dLRUlDQWdJRE9nZHJBZHc.,90,./data/centercity/images/CAoSFkNJSE0wb2dLRUlDQWdJRE9nZHJBZHc._90.jpg,False
,deploy,CAoSFkNJSE0wb2dLRUlDQWdJRE9nZHJBZHc._180,CAoSFkNJSE0wb2dLRUlDQWdJRE9nZHJBZHc.,180,./data/centercity/images/CAoSFkNJSE0wb2dLRUlDQWdJRE9nZHJBZHc._180.jpg,False
,deploy,CAoSFkNJSE0wb2dLRUlDQWdJRE9nZHJBZHc._270,CAoSFkNJSE0wb2dLRUlDQWdJRE9nZHJBZHc.,270,./data/centercity/images/CAoSFkNJSE0wb2dLRUlDQWdJRE9nZHJBZHc._270.jpg,False
,deploy,DyU6yJ_gjPYFJn70UNuVOQ_0,DyU6yJ_gjPYFJn70UNuVOQ,0,./data/centercity/images/DyU6yJ_gjPYFJn70UNuVOQ_0.jpg,False
,deploy,DyU6yJ_gjPYFJn70UNuVOQ_90,DyU6yJ_gjPYFJn70UNuVOQ,90,./data/centercity/images/DyU6yJ_gjPYFJn70UNuVOQ_90.jpg,False
,deploy,DyU6yJ_gjPYFJn70UNuVOQ_180,DyU6yJ_gjPYFJn70UNuVOQ,180,./data/centercity/images/DyU6yJ_gjPYFJn70UNuVOQ_180.jpg,False
,deploy,DyU6yJ_gjPYFJn70UNuVOQ_270,DyU6yJ_gjPYFJn70UNuVOQ,270,./data/centercity/images/DyU6yJ_gjPYFJn70UNuVOQ_270.jpg,False
,deploy,5NluGbfhRbI0EhPBKk0JAg_0,5NluGbfhRbI0EhPBKk0JAg,0,./data/centercity/images/5NluGbfhRbI0EhPBKk0JAg_0.jpg,False
,deploy,5NluGbfhRbI0EhPBKk0JAg_90,5NluGbfhRbI0EhPBKk0JAg,90,./data/centercity/images/5NluGbfhRbI0EhPBKk0JAg_90.jpg,False
,deploy,5NluGbfhRbI0EhPBKk0JAg_180,5NluGbfhRbI0EhPBKk0JAg,180,./data/centercity/images/5NluGbfhRbI0EhPBKk0JAg_180.jpg,False
,deploy,5NluGbfhRbI0EhPBKk0JAg_270,5NluGbfhRbI0EhPBKk0JAg,270,./data/centercity/images/5NluGbfhRbI0EhPBKk0JAg_270.jpg,False
,deploy,z8EfXzM7OjU-SD2np7S1Eg_0,z8EfXzM7OjU-SD2np7S1Eg,0,./data/centercity/images/z8EfXzM7OjU-SD2np7S1Eg_0.jpg,False
,deploy,z8EfXzM7OjU-SD2np7S1Eg_90,z8EfXzM7OjU-SD2np7S1Eg,90,./data/centercity/images/z8EfXzM7OjU-SD2np7S1Eg_90.jpg,False
,deploy,z8EfXzM7OjU-SD2np7S1Eg_180,z8EfXzM7OjU-SD2np7S1Eg,180,./data/centercity/images/z8EfXzM7OjU-SD2np7S1Eg_180.jpg,False
,deploy,z8EfXzM7OjU-SD2np7S1Eg_270,z8EfXzM7OjU-SD2np7S1Eg,270,./data/centercity/images/z8EfXzM7OjU-SD2np7S1Eg_270.jpg,False
,deploy,CAoSFkNJSE0wb2dLRUlDQWdJRGFxY25SQlE._0,CAoSFkNJSE0wb2dLRUlDQWdJRGFxY25SQlE.,0,./data/centercity/images/CAoSFkNJSE0wb2dLRUlDQWdJRGFxY25SQlE._0.jpg,False
,deploy,CAoSFkNJSE0wb2dLRUlDQWdJRGFxY25SQlE._90,CAoSFkNJSE0wb2dLRUlDQWdJRGFxY25SQlE.,90,./data/centercity/images/CAoSFkNJSE0wb2dLRUlDQWdJRGFxY25SQlE._90.jpg,False
,deploy,CAoSFkNJSE0wb2dLRUlDQWdJRGFxY25SQlE._180,CAoSFkNJSE0wb2dLRUlDQWdJRGFxY25SQlE.,180,./data/centercity/images/CAoSFkNJSE0wb2dLRUlDQWdJRGFxY25SQlE._180.jpg,False
,deploy,CAoSFkNJSE0wb2dLRUlDQWdJRGFxY25SQlE._270,CAoSFkNJSE0wb2dLRUlDQWdJRGFxY25SQlE.,270,./data/centercity/images/CAoSFkNJSE0wb2dLRUlDQWdJRGFxY25SQlE._270.jpg,False
,deploy,CAoSFkNJSE0wb2dLRUlDQWdJRGEyY0hoTFE._0,CAoSFkNJSE0wb2dLRUlDQWdJRGEyY0hoTFE.,0,./data/centercity/images/CAoSFkNJSE0wb2dLRUlDQWdJRGEyY0hoTFE._0.jpg,False
,deploy,CAoSFkNJSE0wb2dLRUlDQWdJRGEyY0hoTFE._90,CAoSFkNJSE0wb2dLRUlDQWdJRGEyY0hoTFE.,90,./data/centercity/images/CAoSFkNJSE0wb2dLRUlDQWdJRGEyY0hoTFE._90.jpg,False
,deploy,CAoSFkNJSE0wb2dLRUlDQWdJRGEyY0hoTFE._180,CAoSFkNJSE0wb2dLRUlDQWdJRGEyY0hoTFE.,180,./data/centercity/images/CAoSFkNJSE0wb2dLRUlDQWdJRGEyY0hoTFE._180.jpg,False
,deploy,CAoSFkNJSE0wb2dLRUlDQWdJRGEyY0hoTFE._270,CAoSFkNJSE0wb2dLRUlDQWdJRGEyY0hoTFE.,270,./data/centercity/images/CAoSFkNJSE0wb2dLRUlDQWdJRGEyY0hoTFE._270.jpg,False
,deploy,CAoSFkNJSE0wb2dLRUlDQWdJRGE2Y1RNZEE._0,CAoSFkNJSE0wb2dLRUlDQWdJRGE2Y1RNZEE.,0,./data/centercity/images/CAoSFkNJSE0wb2dLRUlDQWdJRGE2Y1RNZEE._0.jpg,False
,deploy,CAoSFkNJSE0wb2dLRUlDQWdJRGE2Y1RNZEE._90,CAoSFkNJSE0wb2dLRUlDQWdJRGE2Y1RNZEE.,90,./data/centercity/images/CAoSFkNJSE0wb2dLRUlDQWdJRGE2Y1RNZEE._90.jpg,False
,deploy,CAoSFkNJSE0wb2dLRUlDQWdJRGE2Y1RNZEE._180,CAoSFkNJSE0wb2dLRUlDQWdJRGE2Y1RNZEE.,180,./data/centercity/images/CAoSFkNJSE0wb2dLRUlDQWdJRGE2Y1RNZEE._180.jpg,False
,deploy,CAoSFkNJSE0wb2dLRUlDQWdJRGE2Y1RNZEE._270,CAoSFkNJSE0wb2dLRUlDQWdJRGE2Y1RNZEE.,270,./data/centercity/images/CAoSFkNJSE0wb2dLRUlDQWdJRGE2Y1RNZEE._270.jpg,False
,deploy,CAoSFkNJSE0wb2dLRUlDQWdJRGFtYnFjUlE._0,CAoSFkNJSE0wb2dLRUlDQWdJRGFtYnFjUlE.,0,./data/centercity/images/CAoSFkNJSE0wb2dLRUlDQWdJRGFtYnFjUlE._0.jpg,False
,deploy,CAoSFkNJSE0wb2dLRUlDQWdJRGFtYnFjUlE._90,CAoSFkNJSE0wb2dLRUlDQWdJRGFtYnFjUlE.,90,./data/centercity/images/CAoSFkNJSE0wb2dLRUlDQWdJRGFtYnFjUlE._90.jpg,False
,deploy,CAoSFkNJSE0wb2dLRUlDQWdJRGFtYnFjUlE._180,CAoSFkNJSE0wb2dLRUlDQWdJRGFtYnFjUlE.,180,./data/centercity/images/CAoSFkNJSE0wb2dLRUlDQWdJRGFtYnFjUlE._180.jpg,False
,deploy,CAoSFkNJSE0wb2dLRUlDQWdJRGFtYnFjUlE._270,CAoSFkNJSE0wb2dLRUlDQWdJRGFtYnFjUlE.,270,./data/centercity/images/CAoSFkNJSE0wb2dLRUlDQWdJRGFtYnFjUlE._270.jpg,False
,deploy,CAoSFkNJSE0wb2dLRUlDQWdJQ3VrdWVzRXc._0,CAoSFkNJSE0wb2dLRUlDQWdJQ3VrdWVzRXc.,0,./data/centercity/images/CAoSFkNJSE0wb2dLRUlDQWdJQ3VrdWVzRXc._0.jpg,False
,deploy,CAoSFkNJSE0wb2dLRUlDQWdJQ3VrdWVzRXc._90,CAoSFkNJSE0wb2dLRUlDQWdJQ3VrdWVzRXc.,90,./data/centercity/images/CAoSFkNJSE0wb2dLRUlDQWdJQ3VrdWVzRXc._90.jpg,False
,deploy,CAoSFkNJSE0wb2dLRUlDQWdJQ3VrdWVzRXc._180,CAoSFkNJSE0wb2dLRUlDQWdJQ3VrdWVzRXc.,180,./data/centercity/images/CAoSFkNJSE0wb2dLRUlDQWdJQ3VrdWVzRXc._180.jpg,False
,deploy,CAoSFkNJSE0wb2dLRUlDQWdJQ3VrdWVzRXc._270,CAoSFkNJSE0wb2dLRUlDQWdJQ3VrdWVzRXc.,270,./data/centercity/images/CAoSFkNJSE0wb2dLRUlDQWdJQ3VrdWVzRXc._270.jpg,False
,deploy,CAoSFkNJSE0wb2dLRUlDQWdJRGE2WUQxU0E._0,CAoSFkNJSE0wb2dLRUlDQWdJRGE2WUQxU0E.,0,./data/centercity/images/CAoSFkNJSE0wb2dLRUlDQWdJRGE2WUQxU0E._0.jpg,False
,deploy,CAoSFkNJSE0wb2dLRUlDQWdJRGE2WUQxU0E._90,CAoSFkNJSE0wb2dLRUlDQWdJRGE2WUQxU0E.,90,./data/centercity/images/CAoSFkNJSE0wb2dLRUlDQWdJRGE2WUQxU0E._90.jpg,False
,deploy,CAoSFkNJSE0wb2dLRUlDQWdJRGE2WUQxU0E._180,CAoSFkNJSE0wb2dLRUlDQWdJRGE2WUQxU0E.,180,./data/centercity/images/CAoSFkNJSE0wb2dLRUlDQWdJRGE2WUQxU0E._180.jpg,False
,deploy,CAoSFkNJSE0wb2dLRUlDQWdJRGE2WUQxU0E._270,CAoSFkNJSE0wb2dLRUlDQWdJRGE2WUQxU0E.,270,./data/centercity/images/CAoSFkNJSE0wb2dLRUlDQWdJRGE2WUQxU0E._270.jpg,False
,deploy,CAoSF0NJSE0wb2dLRUlDQWdJRGE4WWZ1blFF_0,CAoSF0NJSE0wb2dLRUlDQWdJRGE4WWZ1blFF,0,./data/centercity/images/CAoSF0NJSE0wb2dLRUlDQWdJRGE4WWZ1blFF_0.jpg,False
,deploy,CAoSF0NJSE0wb2dLRUlDQWdJRGE4WWZ1blFF_90,CAoSF0NJSE0wb2dLRUlDQWdJRGE4WWZ1blFF,90,./data/centercity/images/CAoSF0NJSE0wb2dLRUlDQWdJRGE4WWZ1blFF_90.jpg,False
,deploy,CAoSF0NJSE0wb2dLRUlDQWdJRGE4WWZ1blFF_180,CAoSF0NJSE0wb2dLRUlDQWdJRGE4WWZ1blFF,180,./data/centercity/images/CAoSF0NJSE0wb2dLRUlDQWdJRGE4WWZ1blFF_180.jpg,False
,deploy,CAoSF0NJSE0wb2dLRUlDQWdJRGE4WWZ1blFF_270,CAoSF0NJSE0wb2dLRUlDQWdJRGE4WWZ1blFF,270,./data/centercity/images/CAoSF0NJSE0wb2dLRUlDQWdJRGE4WWZ1blFF_270.jpg,False
,deploy,CAoSFkNJSE0wb2dLRUlDQWdJRGEyZW0wSnc._0,CAoSFkNJSE0wb2dLRUlDQWdJRGEyZW0wSnc.,0,./data/centercity/images/CAoSFkNJSE0wb2dLRUlDQWdJRGEyZW0wSnc._0.jpg,False
,deploy,CAoSFkNJSE0wb2dLRUlDQWdJRGEyZW0wSnc._90,CAoSFkNJSE0wb2dLRUlDQWdJRGEyZW0wSnc.,90,./data/centercity/images/CAoSFkNJSE0wb2dLRUlDQWdJRGEyZW0wSnc._90.jpg,False
,deploy,CAoSFkNJSE0wb2dLRUlDQWdJRGEyZW0wSnc._180,CAoSFkNJSE0wb2dLRUlDQWdJRGEyZW0wSnc.,180,./data/centercity/images/CAoSFkNJSE0wb2dLRUlDQWdJRGEyZW0wSnc._180.jpg,False
,deploy,CAoSFkNJSE0wb2dLRUlDQWdJRGEyZW0wSnc._270,CAoSFkNJSE0wb2dLRUlDQWdJRGEyZW0wSnc.,270,./data/centercity/images/CAoSFkNJSE0wb2dLRUlDQWdJRGEyZW0wSnc._270.jpg,False
,deploy,CAoSFkNJSE0wb2dLRUlDQWdJRGE2WTNuYlE._0,CAoSFkNJSE0wb2dLRUlDQWdJRGE2WTNuYlE.,0,./data/centercity/images/CAoSFkNJSE0wb2dLRUlDQWdJRGE2WTNuYlE._0.jpg,False
,deploy,CAoSFkNJSE0wb2dLRUlDQWdJRGE2WTNuYlE._90,CAoSFkNJSE0wb2dLRUlDQWdJRGE2WTNuYlE.,90,./data/centercity/images/CAoSFkNJSE0wb2dLRUlDQWdJRGE2WTNuYlE._90.jpg,False
,deploy,CAoSFkNJSE0wb2dLRUlDQWdJRGE2WTNuYlE._180,CAoSFkNJSE0wb2dLRUlDQWdJRGE2WTNuYlE.,180,./data/centercity/images/CAoSFkNJSE0wb2dLRUlDQWdJRGE2WTNuYlE._180.jpg,False
,deploy,CAoSFkNJSE0wb2dLRUlDQWdJRGE2WTNuYlE._270,CAoSFkNJSE0wb2dLRUlDQWdJRGE2WTNuYlE.,270,./data/centercity/images/CAoSFkNJSE0wb2dLRUlDQWdJRGE2WTNuYlE._270.jpg,False
,deploy,ihlkXFGmuX3UJpLBU8_-vQ_0,ihlkXFGmuX3UJpLBU8_-vQ,0,./data/centercity/images/ihlkXFGmuX3UJpLBU8_-vQ_0.jpg,False
,deploy,ihlkXFGmuX3UJpLBU8_-vQ_90,ihlkXFGmuX3UJpLBU8_-vQ,90,./data/centercity/images/ihlkXFGmuX3UJpLBU8_-vQ_90.jpg,False
,deploy,ihlkXFGmuX3UJpLBU8_-vQ_180,ihlkXFGmuX3UJpLBU8_-vQ,180,./data/centercity/images/ihlkXFGmuX3UJpLBU8_-vQ_180.jpg,False
,deploy,ihlkXFGmuX3UJpLBU8_-vQ_270,ihlkXFGmuX3UJpLBU8_-vQ,270,./data/centercity/images/ihlkXFGmuX3UJpLBU8_-vQ_270.jpg,False
,deploy,CAoSF0NJSE0wb2dLRUlDQWdJRGEyY3FNakFF_0,CAoSF0NJSE0wb2dLRUlDQWdJRGEyY3FNakFF,0,./data/centercity/images/CAoSF0NJSE0wb2dLRUlDQWdJRGEyY3FNakFF_0.jpg,False
,deploy,CAoSF0NJSE0wb2dLRUlDQWdJRGEyY3FNakFF_90,CAoSF0NJSE0wb2dLRUlDQWdJRGEyY3FNakFF,90,./data/centercity/images/CAoSF0NJSE0wb2dLRUlDQWdJRGEyY3FNakFF_90.jpg,False
,deploy,CAoSF0NJSE0wb2dLRUlDQWdJRGEyY3FNakFF_180,CAoSF0NJSE0wb2dLRUlDQWdJRGEyY3FNakFF,180,./data/centercity/images/CAoSF0NJSE0wb2dLRUlDQWdJRGEyY3FNakFF_180.jpg,False
,deploy,CAoSF0NJSE0wb2dLRUlDQWdJRGEyY3FNakFF_270,CAoSF0NJSE0wb2dLRUlDQWdJRGEyY3FNakFF,270,./data/centercity/images/CAoSF0NJSE0wb2dLRUlDQWdJRGEyY3FNakFF_270.jpg,False
,deploy,CAoSFkNJSE0wb2dLRUlDQWdJRE9nWnFsV1E._0,CAoSFkNJSE0wb2dLRUlDQWdJRE9nWnFsV1E.,0,./data/centercity/images/CAoSFkNJSE0wb2dLRUlDQWdJRE9nWnFsV1E._0.jpg,False
,deploy,CAoSFkNJSE0wb2dLRUlDQWdJRE9nWnFsV1E._90,CAoSFkNJSE0wb2dLRUlDQWdJRE9nWnFsV1E.,90,./data/centercity/images/CAoSFkNJSE0wb2dLRUlDQWdJRE9nWnFsV1E._90.jpg,False
,deploy,CAoSFkNJSE0wb2dLRUlDQWdJRE9nWnFsV1E._180,CAoSFkNJSE0wb2dLRUlDQWdJRE9nWnFsV1E.,180,./data/centercity/images/CAoSFkNJSE0wb2dLRUlDQWdJRE9nWnFsV1E._180.jpg,False
,deploy,CAoSFkNJSE0wb2dLRUlDQWdJRE9nWnFsV1E._270,CAoSFkNJSE0wb2dLRUlDQWdJRE9nWnFsV1E.,270,./data/centercity/images/CAoSFkNJSE0wb2dLRUlDQWdJRE9nWnFsV1E._270.jpg,False
,deploy,CAoSF0NJSE0wb2dLRUlDQWdJRE92cUdGM3dF_0,CAoSF0NJSE0wb2dLRUlDQWdJRE92cUdGM3dF,0,./data/centercity/images/CAoSF0NJSE0wb2dLRUlDQWdJRE92cUdGM3dF_0.jpg,False
,deploy,CAoSF0NJSE0wb2dLRUlDQWdJRE92cUdGM3dF_90,CAoSF0NJSE0wb2dLRUlDQWdJRE92cUdGM3dF,90,./data/centercity/images/CAoSF0NJSE0wb2dLRUlDQWdJRE92cUdGM3dF_90.jpg,False
,deploy,CAoSF0NJSE0wb2dLRUlDQWdJRE92cUdGM3dF_180,CAoSF0NJSE0wb2dLRUlDQWdJRE92cUdGM3dF,180,./data/centercity/images/CAoSF0NJSE0wb2dLRUlDQWdJRE92cUdGM3dF_180.jpg,False
,deploy,CAoSF0NJSE0wb2dLRUlDQWdJRE92cUdGM3dF_270,CAoSF0NJSE0wb2dLRUlDQWdJRE92cUdGM3dF,270,./data/centercity/images/CAoSF0NJSE0wb2dLRUlDQWdJRE92cUdGM3dF_270.jpg,False
,deploy,CAoSF0NJSE0wb2dLRUlDQWdJRE9nZkxOaEFF_0,CAoSF0NJSE0wb2dLRUlDQWdJRE9nZkxOaEFF,0,./data/centercity/images/CAoSF0NJSE0wb2dLRUlDQWdJRE9nZkxOaEFF_0.jpg,False
,deploy,CAoSF0NJSE0wb2dLRUlDQWdJRE9nZkxOaEFF_90,CAoSF0NJSE0wb2dLRUlDQWdJRE9nZkxOaEFF,90,./data/centercity/images/CAoSF0NJSE0wb2dLRUlDQWdJRE9nZkxOaEFF_90.jpg,False
,deploy,CAoSF0NJSE0wb2dLRUlDQWdJRE9nZkxOaEFF_180,CAoSF0NJSE0wb2dLRUlDQWdJRE9nZkxOaEFF,180,./data/centercity/images/CAoSF0NJSE0wb2dLRUlDQWdJRE9nZkxOaEFF_180.jpg,False
,deploy,CAoSF0NJSE0wb2dLRUlDQWdJRE9nZkxOaEFF_270,CAoSF0NJSE0wb2dLRUlDQWdJRE9nZkxOaEFF,270,./data/centercity/images/CAoSF0NJSE0wb2dLRUlDQWdJRE9nZkxOaEFF_270.jpg,False
,deploy,CAoSFkNJSE0wb2dLRUlDQWdJRE9nWmVMSFE._0,CAoSFkNJSE0wb2dLRUlDQWdJRE9nWmVMSFE.,0,./data/centercity/images/CAoSFkNJSE0wb2dLRUlDQWdJRE9nWmVMSFE._0.jpg,False
,deploy,CAoSFkNJSE0wb2dLRUlDQWdJRE9nWmVMSFE._90,CAoSFkNJSE0wb2dLRUlDQWdJRE9nWmVMSFE.,90,./data/centercity/images/CAoSFkNJSE0wb2dLRUlDQWdJRE9nWmVMSFE._90.jpg,False
,deploy,CAoSFkNJSE0wb2dLRUlDQWdJRE9nWmVMSFE._180,CAoSFkNJSE0wb2dLRUlDQWdJRE9nWmVMSFE.,180,./data/centercity/images/CAoSFkNJSE0wb2dLRUlDQWdJRE9nWmVMSFE._180.jpg,False
,deploy,CAoSFkNJSE0wb2dLRUlDQWdJRE9nWmVMSFE._270,CAoSFkNJSE0wb2dLRUlDQWdJRE9nWmVMSFE.,270,./data/centercity/images/CAoSFkNJSE0wb2dLRUlDQWdJRE9nWmVMSFE._270.jpg,False
,deploy,BchYQDQhIKPr5_lXkeZ1iQ_0,BchYQDQhIKPr5_lXkeZ1iQ,0,./data/centercity/images/BchYQDQhIKPr5_lXkeZ1iQ_0.jpg,False
,deploy,BchYQDQhIKPr5_lXkeZ1iQ_90,BchYQDQhIKPr5_lXkeZ1iQ,90,./data/centercity/images/BchYQDQhIKPr5_lXkeZ1iQ_90.jpg,False
,deploy,BchYQDQhIKPr5_lXkeZ1iQ_180,BchYQDQhIKPr5_lXkeZ1iQ,180,./data/centercity/images/BchYQDQhIKPr5_lXkeZ1iQ_180.jpg,False
,deploy,BchYQDQhIKPr5_lXkeZ1iQ_270,BchYQDQhIKPr5_lXkeZ1iQ,270,./data/centercity/images/BchYQDQhIKPr5_lXkeZ1iQ_270.jpg,False
,deploy,CAoSF0NJSE0wb2dLRUlDQWdJRE9nZnFabWdF_0,CAoSF0NJSE0wb2dLRUlDQWdJRE9nZnFabWdF,0,./data/centercity/images/CAoSF0NJSE0wb2dLRUlDQWdJRE9nZnFabWdF_0.jpg,False
,deploy,CAoSF0NJSE0wb2dLRUlDQWdJRE9nZnFabWdF_90,CAoSF0NJSE0wb2dLRUlDQWdJRE9nZnFabWdF,90,./data/centercity/images/CAoSF0NJSE0wb2dLRUlDQWdJRE9nZnFabWdF_90.jpg,False
,deploy,CAoSF0NJSE0wb2dLRUlDQWdJRE9nZnFabWdF_180,CAoSF0NJSE0wb2dLRUlDQWdJRE9nZnFabWdF,180,./data/centercity/images/CAoSF0NJSE0wb2dLRUlDQWdJRE9nZnFabWdF_180.jpg,False
,deploy,CAoSF0NJSE0wb2dLRUlDQWdJRE9nZnFabWdF_270,CAoSF0NJSE0wb2dLRUlDQWdJRE9nZnFabWdF,270,./data/centercity/images/CAoSF0NJSE0wb2dLRUlDQWdJRE9nZnFabWdF_270.jpg,False
,deploy,CAoSFkNJSE0wb2dLRUlDQWdJRE9nYnlHTWc._0,CAoSFkNJSE0wb2dLRUlDQWdJRE9nYnlHTWc.,0,./data/centercity/images/CAoSFkNJSE0wb2dLRUlDQWdJRE9nYnlHTWc._0.jpg,False
,deploy,CAoSFkNJSE0wb2dLRUlDQWdJRE9nYnlHTWc._90,CAoSFkNJSE0wb2dLRUlDQWdJRE9nYnlHTWc.,90,./data/centercity/images/CAoSFkNJSE0wb2dLRUlDQWdJRE9nYnlHTWc._90.jpg,False
,deploy,CAoSFkNJSE0wb2dLRUlDQWdJRE9nYnlHTWc._180,CAoSFkNJSE0wb2dLRUlDQWdJRE9nYnlHTWc.,180,./data/centercity/images/CAoSFkNJSE0wb2dLRUlDQWdJRE9nYnlHTWc._180.jpg,False
,deploy,CAoSFkNJSE0wb2dLRUlDQWdJRE9nYnlHTWc._270,CAoSFkNJSE0wb2dLRUlDQWdJRE9nYnlHTWc.,270,./data/centercity/images/CAoSFkNJSE0wb2dLRUlDQWdJRE9nYnlHTWc._270.jpg,False
,deploy,ymzupCZn81fuZXLSxks0hg_0,ymzupCZn81fuZXLSxks0hg,0,./data/centercity/images/ymzupCZn81fuZXLSxks0hg_0.jpg,False
,deploy,ymzupCZn81fuZXLSxks0hg_90,ymzupCZn81fuZXLSxks0hg,90,./data/centercity/images/ymzupCZn81fuZXLSxks0hg_90.jpg,False
,deploy,ymzupCZn81fuZXLSxks0hg_180,ymzupCZn81fuZXLSxks0hg,180,./data/centercity/images/ymzupCZn81fuZXLSxks0hg_180.jpg,False
,deploy,ymzupCZn81fuZXLSxks0hg_270,ymzupCZn81fuZXLSxks0hg,270,./data/centercity/images/ymzupCZn81fuZXLSxks0hg_270.jpg,False
,deploy,CAoSFkNJSE0wb2dLRUlDQWdJRE9nYnlPYmc._0,CAoSFkNJSE0wb2dLRUlDQWdJRE9nYnlPYmc.,0,./data/centercity/images/CAoSFkNJSE0wb2dLRUlDQWdJRE9nYnlPYmc._0.jpg,False
,deploy,CAoSFkNJSE0wb2dLRUlDQWdJRE9nYnlPYmc._90,CAoSFkNJSE0wb2dLRUlDQWdJRE9nYnlPYmc.,90,./data/centercity/images/CAoSFkNJSE0wb2dLRUlDQWdJRE9nYnlPYmc._90.jpg,False
,deploy,CAoSFkNJSE0wb2dLRUlDQWdJRE9nYnlPYmc._180,CAoSFkNJSE0wb2dLRUlDQWdJRE9nYnlPYmc.,180,./data/centercity/images/CAoSFkNJSE0wb2dLRUlDQWdJRE9nYnlPYmc._180.jpg,False
,deploy,CAoSFkNJSE0wb2dLRUlDQWdJRE9nYnlPYmc._270,CAoSFkNJSE0wb2dLRUlDQWdJRE9nYnlPYmc.,270,./data/centercity/images/CAoSFkNJSE0wb2dLRUlDQWdJRE9nYnlPYmc._270.jpg,False
,deploy,LQycZEsNDcv9XmXt2I5w6Q_0,LQycZEsNDcv9XmXt2I5w6Q,0,./data/centercity/images/LQycZEsNDcv9XmXt2I5w6Q_0.jpg,False
,deploy,LQycZEsNDcv9XmXt2I5w6Q_90,LQycZEsNDcv9XmXt2I5w6Q,90,./data/centercity/images/LQycZEsNDcv9XmXt2I5w6Q_90.jpg,False
,deploy,LQycZEsNDcv9XmXt2I5w6Q_180,LQycZEsNDcv9XmXt2I5w6Q,180,./data/centercity/images/LQycZEsNDcv9XmXt2I5w6Q_180.jpg,False
,deploy,LQycZEsNDcv9XmXt2I5w6Q_270,LQycZEsNDcv9XmXt2I5w6Q,270,./data/centercity/images/LQycZEsNDcv9XmXt2I5w6Q_270.jpg,False
,deploy,CAoSF0NJSE0wb2dLRUlDQWdJRE9nZktoeWdF_0,CAoSF0NJSE0wb2dLRUlDQWdJRE9nZktoeWdF,0,./data/centercity/images/CAoSF0NJSE0wb2dLRUlDQWdJRE9nZktoeWdF_0.jpg,False
,deploy,CAoSF0NJSE0wb2dLRUlDQWdJRE9nZktoeWdF_90,CAoSF0NJSE0wb2dLRUlDQWdJRE9nZktoeWdF,90,./data/centercity/images/CAoSF0NJSE0wb2dLRUlDQWdJRE9nZktoeWdF_90.jpg,False
,deploy,CAoSF0NJSE0wb2dLRUlDQWdJRE9nZktoeWdF_180,CAoSF0NJSE0wb2dLRUlDQWdJRE9nZktoeWdF,180,./data/centercity/images/CAoSF0NJSE0wb2dLRUlDQWdJRE9nZktoeWdF_180.jpg,False
,deploy,CAoSF0NJSE0wb2dLRUlDQWdJRE9nZktoeWdF_270,CAoSF0NJSE0wb2dLRUlDQWdJRE9nZktoeWdF,270,./data/centercity/images/CAoSF0NJSE0wb2dLRUlDQWdJRE9nZktoeWdF_270.jpg,False
,deploy,CAoSFkNJSE0wb2dLRUlDQWdJRE9nZnFaT2c._0,CAoSFkNJSE0wb2dLRUlDQWdJRE9nZnFaT2c.,0,./data/centercity/images/CAoSFkNJSE0wb2dLRUlDQWdJRE9nZnFaT2c._0.jpg,False
,deploy,CAoSFkNJSE0wb2dLRUlDQWdJRE9nZnFaT2c._90,CAoSFkNJSE0wb2dLRUlDQWdJRE9nZnFaT2c.,90,./data/centercity/images/CAoSFkNJSE0wb2dLRUlDQWdJRE9nZnFaT2c._90.jpg,False
,deploy,CAoSFkNJSE0wb2dLRUlDQWdJRE9nZnFaT2c._180,CAoSFkNJSE0wb2dLRUlDQWdJRE9nZnFaT2c.,180,./data/centercity/images/CAoSFkNJSE0wb2dLRUlDQWdJRE9nZnFaT2c._180.jpg,False
,deploy,CAoSFkNJSE0wb2dLRUlDQWdJRE9nZnFaT2c._270,CAoSFkNJSE0wb2dLRUlDQWdJRE9nZnFaT2c.,270,./data/centercity/images/CAoSFkNJSE0wb2dLRUlDQWdJRE9nZnFaT2c._270.jpg,False
,deploy,hNh6SxSuMtfMuQaNAUm7EA_0,hNh6SxSuMtfMuQaNAUm7EA,0,./data/centercity/images/hNh6SxSuMtfMuQaNAUm7EA_0.jpg,False
,deploy,hNh6SxSuMtfMuQaNAUm7EA_90,hNh6SxSuMtfMuQaNAUm7EA,90,./data/centercity/images/hNh6SxSuMtfMuQaNAUm7EA_90.jpg,False
,deploy,hNh6SxSuMtfMuQaNAUm7EA_180,hNh6SxSuMtfMuQaNAUm7EA,180,./data/centercity/images/hNh6SxSuMtfMuQaNAUm7EA_180.jpg,False
,deploy,hNh6SxSuMtfMuQaNAUm7EA_270,hNh6SxSuMtfMuQaNAUm7EA,270,./data/centercity/images/hNh6SxSuMtfMuQaNAUm7EA_270.jpg,False
,deploy,_2Rc5IcDCqNDZZa0iRvP-w_0,_2Rc5IcDCqNDZZa0iRvP-w,0,./data/centercity/images/_2Rc5IcDCqNDZZa0iRvP-w_0.jpg,False
,deploy,_2Rc5IcDCqNDZZa0iRvP-w_90,_2Rc5IcDCqNDZZa0iRvP-w,90,./data/centercity/images/_2Rc5IcDCqNDZZa0iRvP-w_90.jpg,False
,deploy,_2Rc5IcDCqNDZZa0iRvP-w_180,_2Rc5IcDCqNDZZa0iRvP-w,180,./data/centercity/images/_2Rc5IcDCqNDZZa0iRvP-w_180.jpg,False
,deploy,_2Rc5IcDCqNDZZa0iRvP-w_270,_2Rc5IcDCqNDZZa0iRvP-w,270,./data/centercity/images/_2Rc5IcDCqNDZZa0iRvP-w_270.jpg,False
,deploy,ZlD5J7zGZM8tcXkZy86m4g_0,ZlD5J7zGZM8tcXkZy86m4g,0,./data/centercity/images/ZlD5J7zGZM8tcXkZy86m4g_0.jpg,False
,deploy,ZlD5J7zGZM8tcXkZy86m4g_90,ZlD5J7zGZM8tcXkZy86m4g,90,./data/centercity/images/ZlD5J7zGZM8tcXkZy86m4g_90.jpg,False
,deploy,ZlD5J7zGZM8tcXkZy86m4g_180,ZlD5J7zGZM8tcXkZy86m4g,180,./data/centercity/images/ZlD5J7zGZM8tcXkZy86m4g_180.jpg,False
,deploy,ZlD5J7zGZM8tcXkZy86m4g_270,ZlD5J7zGZM8tcXkZy86m4g,270,./data/centercity/images/ZlD5J7zGZM8tcXkZy86m4g_270.jpg,False
,deploy,WKrld_GRKbAHHyRLLbCAXg_0,WKrld_GRKbAHHyRLLbCAXg,0,./data/centercity/images/WKrld_GRKbAHHyRLLbCAXg_0.jpg,False
,deploy,WKrld_GRKbAHHyRLLbCAXg_90,WKrld_GRKbAHHyRLLbCAXg,90,./data/centercity/images/WKrld_GRKbAHHyRLLbCAXg_90.jpg,False
,deploy,WKrld_GRKbAHHyRLLbCAXg_180,WKrld_GRKbAHHyRLLbCAXg,180,./data/centercity/images/WKrld_GRKbAHHyRLLbCAXg_180.jpg,False
,deploy,WKrld_GRKbAHHyRLLbCAXg_270,WKrld_GRKbAHHyRLLbCAXg,270,./data/centercity/images/WKrld_GRKbAHHyRLLbCAXg_270.jpg,False
,deploy,E-uJ8RR9qEBiOV5QIQo9kA_0,E-uJ8RR9qEBiOV5QIQo9kA,0,./data/centercity/images/E-uJ8RR9qEBiOV5QIQo9kA_0.jpg,False
,deploy,E-uJ8RR9qEBiOV5QIQo9kA_90,E-uJ8RR9qEBiOV5QIQo9kA,90,./data/centercity/images/E-uJ8RR9qEBiOV5QIQo9kA_90.jpg,False
,deploy,E-uJ8RR9qEBiOV5QIQo9kA_180,E-uJ8RR9qEBiOV5QIQo9kA,180,./data/centercity/images/E-uJ8RR9qEBiOV5QIQo9kA_180.jpg,False
,deploy,E-uJ8RR9qEBiOV5QIQo9kA_270,E-uJ8RR9qEBiOV5QIQo9kA,270,./data/centercity/images/E-uJ8RR9qEBiOV5QIQo9kA_270.jpg,False
,deploy,Kb8BXeqaEcc8LXNqY4XjGA_0,Kb8BXeqaEcc8LXNqY4XjGA,0,./data/centercity/images/Kb8BXeqaEcc8LXNqY4XjGA_0.jpg,False
,deploy,Kb8BXeqaEcc8LXNqY4XjGA_90,Kb8BXeqaEcc8LXNqY4XjGA,90,./data/centercity/images/Kb8BXeqaEcc8LXNqY4XjGA_90.jpg,False
,deploy,Kb8BXeqaEcc8LXNqY4XjGA_180,Kb8BXeqaEcc8LXNqY4XjGA,180,./data/centercity/images/Kb8BXeqaEcc8LXNqY4XjGA_180.jpg,False
,deploy,Kb8BXeqaEcc8LXNqY4XjGA_270,Kb8BXeqaEcc8LXNqY4XjGA,270,./data/centercity/images/Kb8BXeqaEcc8LXNqY4XjGA_270.jpg,False
,deploy,ZX-W6DD01u0oZZQsYkMAdw_0,ZX-W6DD01u0oZZQsYkMAdw,0,./data/centercity/images/ZX-W6DD01u0oZZQsYkMAdw_0.jpg,False
,deploy,ZX-W6DD01u0oZZQsYkMAdw_90,ZX-W6DD01u0oZZQsYkMAdw,90,./data/centercity/images/ZX-W6DD01u0oZZQsYkMAdw_90.jpg,False
,deploy,ZX-W6DD01u0oZZQsYkMAdw_180,ZX-W6DD01u0oZZQsYkMAdw,180,./data/centercity/images/ZX-W6DD01u0oZZQsYkMAdw_180.jpg,False
,deploy,ZX-W6DD01u0oZZQsYkMAdw_270,ZX-W6DD01u0oZZQsYkMAdw,270,./data/centercity/images/ZX-W6DD01u0oZZQsYkMAdw_270.jpg,False
,deploy,9lmWa3yeg8quQNoyTnWtNA_0,9lmWa3yeg8quQNoyTnWtNA,0,./data/centercity/images/9lmWa3yeg8quQNoyTnWtNA_0.jpg,False
,deploy,9lmWa3yeg8quQNoyTnWtNA_90,9lmWa3yeg8quQNoyTnWtNA,90,./data/centercity/images/9lmWa3yeg8quQNoyTnWtNA_90.jpg,False
,deploy,9lmWa3yeg8quQNoyTnWtNA_180,9lmWa3yeg8quQNoyTnWtNA,180,./data/centercity/images/9lmWa3yeg8quQNoyTnWtNA_180.jpg,False
,deploy,9lmWa3yeg8quQNoyTnWtNA_270,9lmWa3yeg8quQNoyTnWtNA,270,./data/centercity/images/9lmWa3yeg8quQNoyTnWtNA_270.jpg,False
,deploy,K0maW6sPJzFqD1sb4aeDVw_0,K0maW6sPJzFqD1sb4aeDVw,0,./data/centercity/images/K0maW6sPJzFqD1sb4aeDVw_0.jpg,False
,deploy,K0maW6sPJzFqD1sb4aeDVw_90,K0maW6sPJzFqD1sb4aeDVw,90,./data/centercity/images/K0maW6sPJzFqD1sb4aeDVw_90.jpg,False
,deploy,K0maW6sPJzFqD1sb4aeDVw_180,K0maW6sPJzFqD1sb4aeDVw,180,./data/centercity/images/K0maW6sPJzFqD1sb4aeDVw_180.jpg,False
,deploy,K0maW6sPJzFqD1sb4aeDVw_270,K0maW6sPJzFqD1sb4aeDVw,270,./data/centercity/images/K0maW6sPJzFqD1sb4aeDVw_270.jpg,False
,deploy,T8UyD7Ze4vsr2IgdjIuDNQ_0,T8UyD7Ze4vsr2IgdjIuDNQ,0,./data/centercity/images/T8UyD7Ze4vsr2IgdjIuDNQ_0.jpg,False
,deploy,T8UyD7Ze4vsr2IgdjIuDNQ_90,T8UyD7Ze4vsr2IgdjIuDNQ,90,./data/centercity/images/T8UyD7Ze4vsr2IgdjIuDNQ_90.jpg,False
,deploy,T8UyD7Ze4vsr2IgdjIuDNQ_180,T8UyD7Ze4vsr2IgdjIuDNQ,180,./data/centercity/images/T8UyD7Ze4vsr2IgdjIuDNQ_180.jpg,False
,deploy,T8UyD7Ze4vsr2IgdjIuDNQ_270,T8UyD7Ze4vsr2IgdjIuDNQ,270,./data/centercity/images/T8UyD7Ze4vsr2IgdjIuDNQ_270.jpg,False
,deploy,YOnm249qkRL6nBMeyP5bxw_0,YOnm249qkRL6nBMeyP5bxw,0,./data/centercity/images/YOnm249qkRL6nBMeyP5bxw_0.jpg,False
,deploy,YOnm249qkRL6nBMeyP5bxw_90,YOnm249qkRL6nBMeyP5bxw,90,./data/centercity/images/YOnm249qkRL6nBMeyP5bxw_90.jpg,False
,deploy,YOnm249qkRL6nBMeyP5bxw_180,YOnm249qkRL6nBMeyP5bxw,180,./data/centercity/images/YOnm249qkRL6nBMeyP5bxw_180.jpg,False
,deploy,YOnm249qkRL6nBMeyP5bxw_270,YOnm249qkRL6nBMeyP5bxw,270,./data/centercity/images/YOnm249qkRL6nBMeyP5bxw_270.jpg,False
,deploy,IrGsttIAxal5xqaiu2UznQ_0,IrGsttIAxal5xqaiu2UznQ,0,./data/centercity/images/IrGsttIAxal5xqaiu2UznQ_0.jpg,False
,deploy,IrGsttIAxal5xqaiu2UznQ_90,IrGsttIAxal5xqaiu2UznQ,90,./data/centercity/images/IrGsttIAxal5xqaiu2UznQ_90.jpg,False
,deploy,IrGsttIAxal5xqaiu2UznQ_180,IrGsttIAxal5xqaiu2UznQ,180,./data/centercity/images/IrGsttIAxal5xqaiu2UznQ_180.jpg,False
,deploy,IrGsttIAxal5xqaiu2UznQ_270,IrGsttIAxal5xqaiu2UznQ,270,./data/centercity/images/IrGsttIAxal5xqaiu2UznQ_270.jpg,False
,deploy,ughHz1_RbTx-N5aAPwkxoA_0,ughHz1_RbTx-N5aAPwkxoA,0,./data/centercity/images/ughHz1_RbTx-N5aAPwkxoA_0.jpg,False
,deploy,ughHz1_RbTx-N5aAPwkxoA_90,ughHz1_RbTx-N5aAPwkxoA,90,./data/centercity/images/ughHz1_RbTx-N5aAPwkxoA_90.jpg,False
,deploy,ughHz1_RbTx-N5aAPwkxoA_180,ughHz1_RbTx-N5aAPwkxoA,180,./data/centercity/images/ughHz1_RbTx-N5aAPwkxoA_180.jpg,False
,deploy,ughHz1_RbTx-N5aAPwkxoA_270,ughHz1_RbTx-N5aAPwkxoA,270,./data/centercity/images/ughHz1_RbTx-N5aAPwkxoA_270.jpg,False
,deploy,1YGE-wmD_HQX1zURuatF1g_0,1YGE-wmD_HQX1zURuatF1g,0,./data/centercity/images/1YGE-wmD_HQX1zURuatF1g_0.jpg,False
,deploy,1YGE-wmD_HQX1zURuatF1g_90,1YGE-wmD_HQX1zURuatF1g,90,./data/centercity/images/1YGE-wmD_HQX1zURuatF1g_90.jpg,False
,deploy,1YGE-wmD_HQX1zURuatF1g_180,1YGE-wmD_HQX1zURuatF1g,180,./data/centercity/images/1YGE-wmD_HQX1zURuatF1g_180.jpg,False
,deploy,1YGE-wmD_HQX1zURuatF1g_270,1YGE-wmD_HQX1zURuatF1g,270,./data/centercity/images/1YGE-wmD_HQX1zURuatF1g_270.jpg,False
,deploy,01eOmHi5XroIAUkMZ7elLw_0,01eOmHi5XroIAUkMZ7elLw,0,./data/centercity/images/01eOmHi5XroIAUkMZ7elLw_0.jpg,False
,deploy,01eOmHi5XroIAUkMZ7elLw_90,01eOmHi5XroIAUkMZ7elLw,90,./data/centercity/images/01eOmHi5XroIAUkMZ7elLw_90.jpg,False
,deploy,01eOmHi5XroIAUkMZ7elLw_180,01eOmHi5XroIAUkMZ7elLw,180,./data/centercity/images/01eOmHi5XroIAUkMZ7elLw_180.jpg,False
,deploy,01eOmHi5XroIAUkMZ7elLw_270,01eOmHi5XroIAUkMZ7elLw,270,./data/centercity/images/01eOmHi5XroIAUkMZ7elLw_270.jpg,False
,deploy,BGX36cX-IfIQXcZPTjWcXg_0,BGX36cX-IfIQXcZPTjWcXg,0,./data/centercity/images/BGX36cX-IfIQXcZPTjWcXg_0.jpg,False
,deploy,BGX36cX-IfIQXcZPTjWcXg_90,BGX36cX-IfIQXcZPTjWcXg,90,./data/centercity/images/BGX36cX-IfIQXcZPTjWcXg_90.jpg,False
,deploy,BGX36cX-IfIQXcZPTjWcXg_180,BGX36cX-IfIQXcZPTjWcXg,180,./data/centercity/images/BGX36cX-IfIQXcZPTjWcXg_180.jpg,False
,deploy,BGX36cX-IfIQXcZPTjWcXg_270,BGX36cX-IfIQXcZPTjWcXg,270,./data/centercity/images/BGX36cX-IfIQXcZPTjWcXg_270.jpg,False
,deploy,6RmSqhP4JapMoa5nMSi7DQ_0,6RmSqhP4JapMoa5nMSi7DQ,0,./data/centercity/images/6RmSqhP4JapMoa5nMSi7DQ_0.jpg,False
,deploy,6RmSqhP4JapMoa5nMSi7DQ_90,6RmSqhP4JapMoa5nMSi7DQ,90,./data/centercity/images/6RmSqhP4JapMoa5nMSi7DQ_90.jpg,False
,deploy,6RmSqhP4JapMoa5nMSi7DQ_180,6RmSqhP4JapMoa5nMSi7DQ,180,./data/centercity/images/6RmSqhP4JapMoa5nMSi7DQ_180.jpg,False
,deploy,6RmSqhP4JapMoa5nMSi7DQ_270,6RmSqhP4JapMoa5nMSi7DQ,270,./data/centercity/images/6RmSqhP4JapMoa5nMSi7DQ_270.jpg,False
,deploy,ApgdTnxQeAXESfO93vY0UQ_0,ApgdTnxQeAXESfO93vY0UQ,0,./data/centercity/images/ApgdTnxQeAXESfO93vY0UQ_0.jpg,False
,deploy,ApgdTnxQeAXESfO93vY0UQ_90,ApgdTnxQeAXESfO93vY0UQ,90,./data/centercity/images/ApgdTnxQeAXESfO93vY0UQ_90.jpg,False
,deploy,ApgdTnxQeAXESfO93vY0UQ_180,ApgdTnxQeAXESfO93vY0UQ,180,./data/centercity/images/ApgdTnxQeAXESfO93vY0UQ_180.jpg,False
,deploy,ApgdTnxQeAXESfO93vY0UQ_270,ApgdTnxQeAXESfO93vY0UQ,270,./data/centercity/images/ApgdTnxQeAXESfO93vY0UQ_270.jpg,False
,deploy,c8u0ZBGnbMPkip_ynaOVdA_0,c8u0ZBGnbMPkip_ynaOVdA,0,./data/centercity/images/c8u0ZBGnbMPkip_ynaOVdA_0.jpg,False
,deploy,c8u0ZBGnbMPkip_ynaOVdA_90,c8u0ZBGnbMPkip_ynaOVdA,90,./data/centercity/images/c8u0ZBGnbMPkip_ynaOVdA_90.jpg,False
,deploy,c8u0ZBGnbMPkip_ynaOVdA_180,c8u0ZBGnbMPkip_ynaOVdA,180,./data/centercity/images/c8u0ZBGnbMPkip_ynaOVdA_180.jpg,False
,deploy,c8u0ZBGnbMPkip_ynaOVdA_270,c8u0ZBGnbMPkip_ynaOVdA,270,./data/centercity/images/c8u0ZBGnbMPkip_ynaOVdA_270.jpg,False
,deploy,CAoSF0NJSE0wb2dLRUlDQWdJRGEyY0hzMEFF_0,CAoSF0NJSE0wb2dLRUlDQWdJRGEyY0hzMEFF,0,./data/centercity/images/CAoSF0NJSE0wb2dLRUlDQWdJRGEyY0hzMEFF_0.jpg,False
,deploy,CAoSF0NJSE0wb2dLRUlDQWdJRGEyY0hzMEFF_90,CAoSF0NJSE0wb2dLRUlDQWdJRGEyY0hzMEFF,90,./data/centercity/images/CAoSF0NJSE0wb2dLRUlDQWdJRGEyY0hzMEFF_90.jpg,False
,deploy,CAoSF0NJSE0wb2dLRUlDQWdJRGEyY0hzMEFF_180,CAoSF0NJSE0wb2dLRUlDQWdJRGEyY0hzMEFF,180,./data/centercity/images/CAoSF0NJSE0wb2dLRUlDQWdJRGEyY0hzMEFF_180.jpg,False
,deploy,CAoSF0NJSE0wb2dLRUlDQWdJRGEyY0hzMEFF_270,CAoSF0NJSE0wb2dLRUlDQWdJRGEyY0hzMEFF,270,./data/centercity/images/CAoSF0NJSE0wb2dLRUlDQWdJRGEyY0hzMEFF_270.jpg,False
,deploy,CAoSFkNJSE0wb2dLRUlDQWdJRGFtWUtiRkE._0,CAoSFkNJSE0wb2dLRUlDQWdJRGFtWUtiRkE.,0,./data/centercity/images/CAoSFkNJSE0wb2dLRUlDQWdJRGFtWUtiRkE._0.jpg,False
,deploy,CAoSFkNJSE0wb2dLRUlDQWdJRGFtWUtiRkE._90,CAoSFkNJSE0wb2dLRUlDQWdJRGFtWUtiRkE.,90,./data/centercity/images/CAoSFkNJSE0wb2dLRUlDQWdJRGFtWUtiRkE._90.jpg,False
,deploy,CAoSFkNJSE0wb2dLRUlDQWdJRGFtWUtiRkE._180,CAoSFkNJSE0wb2dLRUlDQWdJRGFtWUtiRkE.,180,./data/centercity/images/CAoSFkNJSE0wb2dLRUlDQWdJRGFtWUtiRkE._180.jpg,False
,deploy,CAoSFkNJSE0wb2dLRUlDQWdJRGFtWUtiRkE._270,CAoSFkNJSE0wb2dLRUlDQWdJRGFtWUtiRkE.,270,./data/centercity/images/CAoSFkNJSE0wb2dLRUlDQWdJRGFtWUtiRkE._270.jpg,False
,deploy,iUTOn-kvNviZtgpHn4APWw_0,iUTOn-kvNviZtgpHn4APWw,0,./data/centercity/images/iUTOn-kvNviZtgpHn4APWw_0.jpg,False
,deploy,iUTOn-kvNviZtgpHn4APWw_90,iUTOn-kvNviZtgpHn4APWw,90,./data/centercity/images/iUTOn-kvNviZtgpHn4APWw_90.jpg,False
,deploy,iUTOn-kvNviZtgpHn4APWw_180,iUTOn-kvNviZtgpHn4APWw,180,./data/centercity/images/iUTOn-kvNviZtgpHn4APWw_180.jpg,False
,deploy,iUTOn-kvNviZtgpHn4APWw_270,iUTOn-kvNviZtgpHn4APWw,270,./data/centercity/images/iUTOn-kvNviZtgpHn4APWw_270.jpg,False
,deploy,DH_aiIJSx2TGXBGBuKRzIg_0,DH_aiIJSx2TGXBGBuKRzIg,0,./data/centercity/images/DH_aiIJSx2TGXBGBuKRzIg_0.jpg,False
,deploy,DH_aiIJSx2TGXBGBuKRzIg_90,DH_aiIJSx2TGXBGBuKRzIg,90,./data/centercity/images/DH_aiIJSx2TGXBGBuKRzIg_90.jpg,False
,deploy,DH_aiIJSx2TGXBGBuKRzIg_180,DH_aiIJSx2TGXBGBuKRzIg,180,./data/centercity/images/DH_aiIJSx2TGXBGBuKRzIg_180.jpg,False
,deploy,DH_aiIJSx2TGXBGBuKRzIg_270,DH_aiIJSx2TGXBGBuKRzIg,270,./data/centercity/images/DH_aiIJSx2TGXBGBuKRzIg_270.jpg,False
,deploy,sUeJAD_mmA6Br7U9DMe8Sw_0,sUeJAD_mmA6Br7U9DMe8Sw,0,./data/centercity/images/sUeJAD_mmA6Br7U9DMe8Sw_0.jpg,False
,deploy,sUeJAD_mmA6Br7U9DMe8Sw_90,sUeJAD_mmA6Br7U9DMe8Sw,90,./data/centercity/images/sUeJAD_mmA6Br7U9DMe8Sw_90.jpg,False
,deploy,sUeJAD_mmA6Br7U9DMe8Sw_180,sUeJAD_mmA6Br7U9DMe8Sw,180,./data/centercity/images/sUeJAD_mmA6Br7U9DMe8Sw_180.jpg,False
,deploy,sUeJAD_mmA6Br7U9DMe8Sw_270,sUeJAD_mmA6Br7U9DMe8Sw,270,./data/centercity/images/sUeJAD_mmA6Br7U9DMe8Sw_270.jpg,False
,deploy,CAoSF0NJSE0wb2dLRUlDQWdJRGE4ZmFwa2dF_0,CAoSF0NJSE0wb2dLRUlDQWdJRGE4ZmFwa2dF,0,./data/centercity/images/CAoSF0NJSE0wb2dLRUlDQWdJRGE4ZmFwa2dF_0.jpg,False
,deploy,CAoSF0NJSE0wb2dLRUlDQWdJRGE4ZmFwa2dF_90,CAoSF0NJSE0wb2dLRUlDQWdJRGE4ZmFwa2dF,90,./data/centercity/images/CAoSF0NJSE0wb2dLRUlDQWdJRGE4ZmFwa2dF_90.jpg,False
,deploy,CAoSF0NJSE0wb2dLRUlDQWdJRGE4ZmFwa2dF_180,CAoSF0NJSE0wb2dLRUlDQWdJRGE4ZmFwa2dF,180,./data/centercity/images/CAoSF0NJSE0wb2dLRUlDQWdJRGE4ZmFwa2dF_180.jpg,False
,deploy,CAoSF0NJSE0wb2dLRUlDQWdJRGE4ZmFwa2dF_270,CAoSF0NJSE0wb2dLRUlDQWdJRGE4ZmFwa2dF,270,./data/centercity/images/CAoSF0NJSE0wb2dLRUlDQWdJRGE4ZmFwa2dF_270.jpg,False
,deploy,5GQmvgQHJilcAo9MpJ57fQ_0,5GQmvgQHJilcAo9MpJ57fQ,0,./data/centercity/images/5GQmvgQHJilcAo9MpJ57fQ_0.jpg,False
,deploy,5GQmvgQHJilcAo9MpJ57fQ_90,5GQmvgQHJilcAo9MpJ57fQ,90,./data/centercity/images/5GQmvgQHJilcAo9MpJ57fQ_90.jpg,False
,deploy,5GQmvgQHJilcAo9MpJ57fQ_180,5GQmvgQHJilcAo9MpJ57fQ,180,./data/centercity/images/5GQmvgQHJilcAo9MpJ57fQ_180.jpg,False
,deploy,5GQmvgQHJilcAo9MpJ57fQ_270,5GQmvgQHJilcAo9MpJ57fQ,270,./data/centercity/images/5GQmvgQHJilcAo9MpJ57fQ_270.jpg,False
,deploy,hZiVIgEThK0YtFSjMYrw_A_0,hZiVIgEThK0YtFSjMYrw_A,0,./data/centercity/images/hZiVIgEThK0YtFSjMYrw_A_0.jpg,False
,deploy,hZiVIgEThK0YtFSjMYrw_A_90,hZiVIgEThK0YtFSjMYrw_A,90,./data/centercity/images/hZiVIgEThK0YtFSjMYrw_A_90.jpg,False
,deploy,hZiVIgEThK0YtFSjMYrw_A_180,hZiVIgEThK0YtFSjMYrw_A,180,./data/centercity/images/hZiVIgEThK0YtFSjMYrw_A_180.jpg,False
,deploy,hZiVIgEThK0YtFSjMYrw_A_270,hZiVIgEThK0YtFSjMYrw_A,270,./data/centercity/images/hZiVIgEThK0YtFSjMYrw_A_270.jpg,False
,deploy,CAoSF0NJSE0wb2dLRUlDQWdJRE9nWU9VNVFF_0,CAoSF0NJSE0wb2dLRUlDQWdJRE9nWU9VNVFF,0,./data/centercity/images/CAoSF0NJSE0wb2dLRUlDQWdJRE9nWU9VNVFF_0.jpg,False
,deploy,CAoSF0NJSE0wb2dLRUlDQWdJRE9nWU9VNVFF_90,CAoSF0NJSE0wb2dLRUlDQWdJRE9nWU9VNVFF,90,./data/centercity/images/CAoSF0NJSE0wb2dLRUlDQWdJRE9nWU9VNVFF_90.jpg,False
,deploy,CAoSF0NJSE0wb2dLRUlDQWdJRE9nWU9VNVFF_180,CAoSF0NJSE0wb2dLRUlDQWdJRE9nWU9VNVFF,180,./data/centercity/images/CAoSF0NJSE0wb2dLRUlDQWdJRE9nWU9VNVFF_180.jpg,False
,deploy,CAoSF0NJSE0wb2dLRUlDQWdJRE9nWU9VNVFF_270,CAoSF0NJSE0wb2dLRUlDQWdJRE9nWU9VNVFF,270,./data/centercity/images/CAoSF0NJSE0wb2dLRUlDQWdJRE9nWU9VNVFF_270.jpg,False
,deploy,LOmC_WPrE-ccEEY4UTtqmA_0,LOmC_WPrE-ccEEY4UTtqmA,0,./data/centercity/images/LOmC_WPrE-ccEEY4UTtqmA_0.jpg,False
,deploy,LOmC_WPrE-ccEEY4UTtqmA_90,LOmC_WPrE-ccEEY4UTtqmA,90,./data/centercity/images/LOmC_WPrE-ccEEY4UTtqmA_90.jpg,False
,deploy,LOmC_WPrE-ccEEY4UTtqmA_180,LOmC_WPrE-ccEEY4UTtqmA,180,./data/centercity/images/LOmC_WPrE-ccEEY4UTtqmA_180.jpg,False
,deploy,LOmC_WPrE-ccEEY4UTtqmA_270,LOmC_WPrE-ccEEY4UTtqmA,270,./data/centercity/images/LOmC_WPrE-ccEEY4UTtqmA_270.jpg,False
,deploy,xggB6es5zl08liLDGvxqCg_0,xggB6es5zl08liLDGvxqCg,0,./data/centercity/images/xggB6es5zl08liLDGvxqCg_0.jpg,False
,deploy,xggB6es5zl08liLDGvxqCg_90,xggB6es5zl08liLDGvxqCg,90,./data/centercity/images/xggB6es5zl08liLDGvxqCg_90.jpg,False
,deploy,xggB6es5zl08liLDGvxqCg_180,xggB6es5zl08liLDGvxqCg,180,./data/centercity/images/xggB6es5zl08liLDGvxqCg_180.jpg,False
,deploy,xggB6es5zl08liLDGvxqCg_270,xggB6es5zl08liLDGvxqCg,270,./data/centercity/images/xggB6es5zl08liLDGvxqCg_270.jpg,False
,deploy,YHj_8-uAZusLLzjblBhi6A_0,YHj_8-uAZusLLzjblBhi6A,0,./data/centercity/images/YHj_8-uAZusLLzjblBhi6A_0.jpg,False
,deploy,YHj_8-uAZusLLzjblBhi6A_90,YHj_8-uAZusLLzjblBhi6A,90,./data/centercity/images/YHj_8-uAZusLLzjblBhi6A_90.jpg,False
,deploy,YHj_8-uAZusLLzjblBhi6A_180,YHj_8-uAZusLLzjblBhi6A,180,./data/centercity/images/YHj_8-uAZusLLzjblBhi6A_180.jpg,False
,deploy,YHj_8-uAZusLLzjblBhi6A_270,YHj_8-uAZusLLzjblBhi6A,270,./data/centercity/images/YHj_8-uAZusLLzjblBhi6A_270.jpg,False
,deploy,7-HdmqxmqqAX64f4BLnVOQ_0,7-HdmqxmqqAX64f4BLnVOQ,0,./data/centercity/images/7-HdmqxmqqAX64f4BLnVOQ_0.jpg,False
,deploy,7-HdmqxmqqAX64f4BLnVOQ_90,7-HdmqxmqqAX64f4BLnVOQ,90,./data/centercity/images/7-HdmqxmqqAX64f4BLnVOQ_90.jpg,False
,deploy,7-HdmqxmqqAX64f4BLnVOQ_180,7-HdmqxmqqAX64f4BLnVOQ,180,./data/centercity/images/7-HdmqxmqqAX64f4BLnVOQ_180.jpg,False
,deploy,7-HdmqxmqqAX64f4BLnVOQ_270,7-HdmqxmqqAX64f4BLnVOQ,270,./data/centercity/images/7-HdmqxmqqAX64f4BLnVOQ_270.jpg,False
,deploy,CAoSFkNJSE0wb2dLRUlDQWdJQ3VrdXVGTWc._0,CAoSFkNJSE0wb2dLRUlDQWdJQ3VrdXVGTWc.,0,./data/centercity/images/CAoSFkNJSE0wb2dLRUlDQWdJQ3VrdXVGTWc._0.jpg,False
,deploy,CAoSFkNJSE0wb2dLRUlDQWdJQ3VrdXVGTWc._90,CAoSFkNJSE0wb2dLRUlDQWdJQ3VrdXVGTWc.,90,./data/centercity/images/CAoSFkNJSE0wb2dLRUlDQWdJQ3VrdXVGTWc._90.jpg,False
,deploy,CAoSFkNJSE0wb2dLRUlDQWdJQ3VrdXVGTWc._180,CAoSFkNJSE0wb2dLRUlDQWdJQ3VrdXVGTWc.,180,./data/centercity/images/CAoSFkNJSE0wb2dLRUlDQWdJQ3VrdXVGTWc._180.jpg,False
,deploy,CAoSFkNJSE0wb2dLRUlDQWdJQ3VrdXVGTWc._270,CAoSFkNJSE0wb2dLRUlDQWdJQ3VrdXVGTWc.,270,./data/centercity/images/CAoSFkNJSE0wb2dLRUlDQWdJQ3VrdXVGTWc._270.jpg,False
,deploy,CAoSF0NJSE0wb2dLRUlDQWdJRGFxZEtFdkFF_0,CAoSF0NJSE0wb2dLRUlDQWdJRGFxZEtFdkFF,0,./data/centercity/images/CAoSF0NJSE0wb2dLRUlDQWdJRGFxZEtFdkFF_0.jpg,False
,deploy,CAoSF0NJSE0wb2dLRUlDQWdJRGFxZEtFdkFF_90,CAoSF0NJSE0wb2dLRUlDQWdJRGFxZEtFdkFF,90,./data/centercity/images/CAoSF0NJSE0wb2dLRUlDQWdJRGFxZEtFdkFF_90.jpg,False
,deploy,CAoSF0NJSE0wb2dLRUlDQWdJRGFxZEtFdkFF_180,CAoSF0NJSE0wb2dLRUlDQWdJRGFxZEtFdkFF,180,./data/centercity/images/CAoSF0NJSE0wb2dLRUlDQWdJRGFxZEtFdkFF_180.jpg,False
,deploy,CAoSF0NJSE0wb2dLRUlDQWdJRGFxZEtFdkFF_270,CAoSF0NJSE0wb2dLRUlDQWdJRGFxZEtFdkFF,270,./data/centercity/images/CAoSF0NJSE0wb2dLRUlDQWdJRGFxZEtFdkFF_270.jpg,False
,deploy,dBKQ3u_OD8IjnxhkcvALdg_0,dBKQ3u_OD8IjnxhkcvALdg,0,./data/centercity/images/dBKQ3u_OD8IjnxhkcvALdg_0.jpg,False
,deploy,dBKQ3u_OD8IjnxhkcvALdg_90,dBKQ3u_OD8IjnxhkcvALdg,90,./data/centercity/images/dBKQ3u_OD8IjnxhkcvALdg_90.jpg,False
,deploy,dBKQ3u_OD8IjnxhkcvALdg_180,dBKQ3u_OD8IjnxhkcvALdg,180,./data/centercity/images/dBKQ3u_OD8IjnxhkcvALdg_180.jpg,False
,deploy,dBKQ3u_OD8IjnxhkcvALdg_270,dBKQ3u_OD8IjnxhkcvALdg,270,./data/centercity/images/dBKQ3u_OD8IjnxhkcvALdg_270.jpg,False
,deploy,aLzuGZZSoeUxey9aQ4TP1w_0,aLzuGZZSoeUxey9aQ4TP1w,0,./data/centercity/images/aLzuGZZSoeUxey9aQ4TP1w_0.jpg,False
,deploy,aLzuGZZSoeUxey9aQ4TP1w_90,aLzuGZZSoeUxey9aQ4TP1w,90,./data/centercity/images/aLzuGZZSoeUxey9aQ4TP1w_90.jpg,False
,deploy,aLzuGZZSoeUxey9aQ4TP1w_180,aLzuGZZSoeUxey9aQ4TP1w,180,./data/centercity/images/aLzuGZZSoeUxey9aQ4TP1w_180.jpg,False
,deploy,aLzuGZZSoeUxey9aQ4TP1w_270,aLzuGZZSoeUxey9aQ4TP1w,270,./data/centercity/images/aLzuGZZSoeUxey9aQ4TP1w_270.jpg,False
,deploy,lpsvWHgMqbudaeLHpjxxSg_0,lpsvWHgMqbudaeLHpjxxSg,0,./data/centercity/images/lpsvWHgMqbudaeLHpjxxSg_0.jpg,False
,deploy,lpsvWHgMqbudaeLHpjxxSg_90,lpsvWHgMqbudaeLHpjxxSg,90,./data/centercity/images/lpsvWHgMqbudaeLHpjxxSg_90.jpg,False
,deploy,lpsvWHgMqbudaeLHpjxxSg_180,lpsvWHgMqbudaeLHpjxxSg,180,./data/centercity/images/lpsvWHgMqbudaeLHpjxxSg_180.jpg,False
,deploy,lpsvWHgMqbudaeLHpjxxSg_270,lpsvWHgMqbudaeLHpjxxSg,270,./data/centercity/images/lpsvWHgMqbudaeLHpjxxSg_270.jpg,False
,deploy,CAoSFkNJSE0wb2dLRUlDQWdJRGE4YUNQZGc._0,CAoSFkNJSE0wb2dLRUlDQWdJRGE4YUNQZGc.,0,./data/centercity/images/CAoSFkNJSE0wb2dLRUlDQWdJRGE4YUNQZGc._0.jpg,False
,deploy,CAoSFkNJSE0wb2dLRUlDQWdJRGE4YUNQZGc._90,CAoSFkNJSE0wb2dLRUlDQWdJRGE4YUNQZGc.,90,./data/centercity/images/CAoSFkNJSE0wb2dLRUlDQWdJRGE4YUNQZGc._90.jpg,False
,deploy,CAoSFkNJSE0wb2dLRUlDQWdJRGE4YUNQZGc._180,CAoSFkNJSE0wb2dLRUlDQWdJRGE4YUNQZGc.,180,./data/centercity/images/CAoSFkNJSE0wb2dLRUlDQWdJRGE4YUNQZGc._180.jpg,False
,deploy,CAoSFkNJSE0wb2dLRUlDQWdJRGE4YUNQZGc._270,CAoSFkNJSE0wb2dLRUlDQWdJRGE4YUNQZGc.,270,./data/centercity/images/CAoSFkNJSE0wb2dLRUlDQWdJRGE4YUNQZGc._270.jpg,False
,deploy,CAoSFkNJSE0wb2dLRUlDQWdJRGEyZS1yZFE._0,CAoSFkNJSE0wb2dLRUlDQWdJRGEyZS1yZFE.,0,./data/centercity/images/CAoSFkNJSE0wb2dLRUlDQWdJRGEyZS1yZFE._0.jpg,False
,deploy,CAoSFkNJSE0wb2dLRUlDQWdJRGEyZS1yZFE._90,CAoSFkNJSE0wb2dLRUlDQWdJRGEyZS1yZFE.,90,./data/centercity/images/CAoSFkNJSE0wb2dLRUlDQWdJRGEyZS1yZFE._90.jpg,False
,deploy,CAoSFkNJSE0wb2dLRUlDQWdJRGEyZS1yZFE._180,CAoSFkNJSE0wb2dLRUlDQWdJRGEyZS1yZFE.,180,./data/centercity/images/CAoSFkNJSE0wb2dLRUlDQWdJRGEyZS1yZFE._180.jpg,False
,deploy,CAoSFkNJSE0wb2dLRUlDQWdJRGEyZS1yZFE._270,CAoSFkNJSE0wb2dLRUlDQWdJRGEyZS1yZFE.,270,./data/centercity/images/CAoSFkNJSE0wb2dLRUlDQWdJRGEyZS1yZFE._270.jpg,False
,deploy,ZRVJ_1_KeVw00SVYEDlY7w_0,ZRVJ_1_KeVw00SVYEDlY7w,0,./data/centercity/images/ZRVJ_1_KeVw00SVYEDlY7w_0.jpg,False
,deploy,ZRVJ_1_KeVw00SVYEDlY7w_90,ZRVJ_1_KeVw00SVYEDlY7w,90,./data/centercity/images/ZRVJ_1_KeVw00SVYEDlY7w_90.jpg,False
,deploy,ZRVJ_1_KeVw00SVYEDlY7w_180,ZRVJ_1_KeVw00SVYEDlY7w,180,./data/centercity/images/ZRVJ_1_KeVw00SVYEDlY7w_180.jpg,False
,deploy,ZRVJ_1_KeVw00SVYEDlY7w_270,ZRVJ_1_KeVw00SVYEDlY7w,270,./data/centercity/images/ZRVJ_1_KeVw00SVYEDlY7w_270.jpg,False
,deploy,uQZ0m8ReF9Nfc7YlaYYVFw_0,uQZ0m8ReF9Nfc7YlaYYVFw,0,./data/centercity/images/uQZ0m8ReF9Nfc7YlaYYVFw_0.jpg,False
,deploy,uQZ0m8ReF9Nfc7YlaYYVFw_90,uQZ0m8ReF9Nfc7YlaYYVFw,90,./data/centercity/images/uQZ0m8ReF9Nfc7YlaYYVFw_90.jpg,False
,deploy,uQZ0m8ReF9Nfc7YlaYYVFw_180,uQZ0m8ReF9Nfc7YlaYYVFw,180,./data/centercity/images/uQZ0m8ReF9Nfc7YlaYYVFw_180.jpg,False
,deploy,uQZ0m8ReF9Nfc7YlaYYVFw_270,uQZ0m8ReF9Nfc7YlaYYVFw,270,./data/centercity/images/uQZ0m8ReF9Nfc7YlaYYVFw_270.jpg,False
,deploy,y-tiRpKlVqYLq8ajHJbyFg_0,y-tiRpKlVqYLq8ajHJbyFg,0,./data/centercity/images/y-tiRpKlVqYLq8ajHJbyFg_0.jpg,False
,deploy,y-tiRpKlVqYLq8ajHJbyFg_90,y-tiRpKlVqYLq8ajHJbyFg,90,./data/centercity/images/y-tiRpKlVqYLq8ajHJbyFg_90.jpg,False
,deploy,y-tiRpKlVqYLq8ajHJbyFg_180,y-tiRpKlVqYLq8ajHJbyFg,180,./data/centercity/images/y-tiRpKlVqYLq8ajHJbyFg_180.jpg,False
,deploy,y-tiRpKlVqYLq8ajHJbyFg_270,y-tiRpKlVqYLq8ajHJbyFg,270,./data/centercity/images/y-tiRpKlVqYLq8ajHJbyFg_270.jpg,False
,deploy,rUIuwC_TfxVADufGQicXBg_0,rUIuwC_TfxVADufGQicXBg,0,./data/centercity/images/rUIuwC_TfxVADufGQicXBg_0.jpg,False
,deploy,rUIuwC_TfxVADufGQicXBg_90,rUIuwC_TfxVADufGQicXBg,90,./data/centercity/images/rUIuwC_TfxVADufGQicXBg_90.jpg,False
,deploy,rUIuwC_TfxVADufGQicXBg_180,rUIuwC_TfxVADufGQicXBg,180,./data/centercity/images/rUIuwC_TfxVADufGQicXBg_180.jpg,False
,deploy,rUIuwC_TfxVADufGQicXBg_270,rUIuwC_TfxVADufGQicXBg,270,./data/centercity/images/rUIuwC_TfxVADufGQicXBg_270.jpg,False
,deploy,CAoSF0NJSE0wb2dLRUlDQWdJRGFtY0RrN1FF_0,CAoSF0NJSE0wb2dLRUlDQWdJRGFtY0RrN1FF,0,./data/centercity/images/CAoSF0NJSE0wb2dLRUlDQWdJRGFtY0RrN1FF_0.jpg,False
,deploy,CAoSF0NJSE0wb2dLRUlDQWdJRGFtY0RrN1FF_90,CAoSF0NJSE0wb2dLRUlDQWdJRGFtY0RrN1FF,90,./data/centercity/images/CAoSF0NJSE0wb2dLRUlDQWdJRGFtY0RrN1FF_90.jpg,False
,deploy,CAoSF0NJSE0wb2dLRUlDQWdJRGFtY0RrN1FF_180,CAoSF0NJSE0wb2dLRUlDQWdJRGFtY0RrN1FF,180,./data/centercity/images/CAoSF0NJSE0wb2dLRUlDQWdJRGFtY0RrN1FF_180.jpg,False
,deploy,CAoSF0NJSE0wb2dLRUlDQWdJRGFtY0RrN1FF_270,CAoSF0NJSE0wb2dLRUlDQWdJRGFtY0RrN1FF,270,./data/centercity/images/CAoSF0NJSE0wb2dLRUlDQWdJRGFtY0RrN1FF_270.jpg,False
,deploy,CAoSF0NJSE0wb2dLRUlDQWdJRGFtY2VXN1FF_0,CAoSF0NJSE0wb2dLRUlDQWdJRGFtY2VXN1FF,0,./data/centercity/images/CAoSF0NJSE0wb2dLRUlDQWdJRGFtY2VXN1FF_0.jpg,False
,deploy,CAoSF0NJSE0wb2dLRUlDQWdJRGFtY2VXN1FF_90,CAoSF0NJSE0wb2dLRUlDQWdJRGFtY2VXN1FF,90,./data/centercity/images/CAoSF0NJSE0wb2dLRUlDQWdJRGFtY2VXN1FF_90.jpg,False
,deploy,CAoSF0NJSE0wb2dLRUlDQWdJRGFtY2VXN1FF_180,CAoSF0NJSE0wb2dLRUlDQWdJRGFtY2VXN1FF,180,./data/centercity/images/CAoSF0NJSE0wb2dLRUlDQWdJRGFtY2VXN1FF_180.jpg,False
,deploy,CAoSF0NJSE0wb2dLRUlDQWdJRGFtY2VXN1FF_270,CAoSF0NJSE0wb2dLRUlDQWdJRGFtY2VXN1FF,270,./data/centercity/images/CAoSF0NJSE0wb2dLRUlDQWdJRGFtY2VXN1FF_270.jpg,False
,deploy,ZiNJPQHEo3DAKIFAUXel_w_0,ZiNJPQHEo3DAKIFAUXel_w,0,./data/centercity/images/ZiNJPQHEo3DAKIFAUXel_w_0.jpg,False
,deploy,ZiNJPQHEo3DAKIFAUXel_w_90,ZiNJPQHEo3DAKIFAUXel_w,90,./data/centercity/images/ZiNJPQHEo3DAKIFAUXel_w_90.jpg,False
,deploy,ZiNJPQHEo3DAKIFAUXel_w_180,ZiNJPQHEo3DAKIFAUXel_w,180,./data/centercity/images/ZiNJPQHEo3DAKIFAUXel_w_180.jpg,False
,deploy,ZiNJPQHEo3DAKIFAUXel_w_270,ZiNJPQHEo3DAKIFAUXel_w,270,./data/centercity/images/ZiNJPQHEo3DAKIFAUXel_w_270.jpg,False
,deploy,CAoSFkNJSE0wb2dLRUlDQWdJQ0VzZGFCU1E._0,CAoSFkNJSE0wb2dLRUlDQWdJQ0VzZGFCU1E.,0,./data/centercity/images/CAoSFkNJSE0wb2dLRUlDQWdJQ0VzZGFCU1E._0.jpg,False
,deploy,CAoSFkNJSE0wb2dLRUlDQWdJQ0VzZGFCU1E._90,CAoSFkNJSE0wb2dLRUlDQWdJQ0VzZGFCU1E.,90,./data/centercity/images/CAoSFkNJSE0wb2dLRUlDQWdJQ0VzZGFCU1E._90.jpg,False
,deploy,CAoSFkNJSE0wb2dLRUlDQWdJQ0VzZGFCU1E._180,CAoSFkNJSE0wb2dLRUlDQWdJQ0VzZGFCU1E.,180,./data/centercity/images/CAoSFkNJSE0wb2dLRUlDQWdJQ0VzZGFCU1E._180.jpg,False
,deploy,CAoSFkNJSE0wb2dLRUlDQWdJQ0VzZGFCU1E._270,CAoSFkNJSE0wb2dLRUlDQWdJQ0VzZGFCU1E.,270,./data/centercity/images/CAoSFkNJSE0wb2dLRUlDQWdJQ0VzZGFCU1E._270.jpg,False
,deploy,YmOn3uH6PfOQ-AHsGEHPBg_0,YmOn3uH6PfOQ-AHsGEHPBg,0,./data/centercity/images/YmOn3uH6PfOQ-AHsGEHPBg_0.jpg,False
,deploy,YmOn3uH6PfOQ-AHsGEHPBg_90,YmOn3uH6PfOQ-AHsGEHPBg,90,./data/centercity/images/YmOn3uH6PfOQ-AHsGEHPBg_90.jpg,False
,deploy,YmOn3uH6PfOQ-AHsGEHPBg_180,YmOn3uH6PfOQ-AHsGEHPBg,180,./data/centercity/images/YmOn3uH6PfOQ-AHsGEHPBg_180.jpg,False
,deploy,YmOn3uH6PfOQ-AHsGEHPBg_270,YmOn3uH6PfOQ-AHsGEHPBg,270,./data/centercity/images/YmOn3uH6PfOQ-AHsGEHPBg_270.jpg,False
,deploy,4B2skPhC9WddcKzjDHeJHw_0,4B2skPhC9WddcKzjDHeJHw,0,./data/centercity/images/4B2skPhC9WddcKzjDHeJHw_0.jpg,False
,deploy,4B2skPhC9WddcKzjDHeJHw_90,4B2skPhC9WddcKzjDHeJHw,90,./data/centercity/images/4B2skPhC9WddcKzjDHeJHw_90.jpg,False
,deploy,4B2skPhC9WddcKzjDHeJHw_180,4B2skPhC9WddcKzjDHeJHw,180,./data/centercity/images/4B2skPhC9WddcKzjDHeJHw_180.jpg,False
,deploy,4B2skPhC9WddcKzjDHeJHw_270,4B2skPhC9WddcKzjDHeJHw,270,./data/centercity/images/4B2skPhC9WddcKzjDHeJHw_270.jpg,False
,deploy,CAoSF0NJSE0wb2dLRUlDQWdJRGFrYV9WMkFF_0,CAoSF0NJSE0wb2dLRUlDQWdJRGFrYV9WMkFF,0,./data/centercity/images/CAoSF0NJSE0wb2dLRUlDQWdJRGFrYV9WMkFF_0.jpg,False
,deploy,CAoSF0NJSE0wb2dLRUlDQWdJRGFrYV9WMkFF_90,CAoSF0NJSE0wb2dLRUlDQWdJRGFrYV9WMkFF,90,./data/centercity/images/CAoSF0NJSE0wb2dLRUlDQWdJRGFrYV9WMkFF_90.jpg,False
,deploy,CAoSF0NJSE0wb2dLRUlDQWdJRGFrYV9WMkFF_180,CAoSF0NJSE0wb2dLRUlDQWdJRGFrYV9WMkFF,180,./data/centercity/images/CAoSF0NJSE0wb2dLRUlDQWdJRGFrYV9WMkFF_180.jpg,False
,deploy,CAoSF0NJSE0wb2dLRUlDQWdJRGFrYV9WMkFF_270,CAoSF0NJSE0wb2dLRUlDQWdJRGFrYV9WMkFF,270,./data/centercity/images/CAoSF0NJSE0wb2dLRUlDQWdJRGFrYV9WMkFF_270.jpg,False
,deploy,CAoSFkNJSE0wb2dLRUlDQWdJQ3VpdERtRHc._0,CAoSFkNJSE0wb2dLRUlDQWdJQ3VpdERtRHc.,0,./data/centercity/images/CAoSFkNJSE0wb2dLRUlDQWdJQ3VpdERtRHc._0.jpg,False
,deploy,CAoSFkNJSE0wb2dLRUlDQWdJQ3VpdERtRHc._90,CAoSFkNJSE0wb2dLRUlDQWdJQ3VpdERtRHc.,90,./data/centercity/images/CAoSFkNJSE0wb2dLRUlDQWdJQ3VpdERtRHc._90.jpg,False
,deploy,CAoSFkNJSE0wb2dLRUlDQWdJQ3VpdERtRHc._180,CAoSFkNJSE0wb2dLRUlDQWdJQ3VpdERtRHc.,180,./data/centercity/images/CAoSFkNJSE0wb2dLRUlDQWdJQ3VpdERtRHc._180.jpg,False
,deploy,CAoSFkNJSE0wb2dLRUlDQWdJQ3VpdERtRHc._270,CAoSFkNJSE0wb2dLRUlDQWdJQ3VpdERtRHc.,270,./data/centercity/images/CAoSFkNJSE0wb2dLRUlDQWdJQ3VpdERtRHc._270.jpg,False
,deploy,CAoSF0NJSE0wb2dLRUlDQWdJRGE2WWpqdWdF_0,CAoSF0NJSE0wb2dLRUlDQWdJRGE2WWpqdWdF,0,./data/centercity/images/CAoSF0NJSE0wb2dLRUlDQWdJRGE2WWpqdWdF_0.jpg,False
,deploy,CAoSF0NJSE0wb2dLRUlDQWdJRGE2WWpqdWdF_90,CAoSF0NJSE0wb2dLRUlDQWdJRGE2WWpqdWdF,90,./data/centercity/images/CAoSF0NJSE0wb2dLRUlDQWdJRGE2WWpqdWdF_90.jpg,False
,deploy,CAoSF0NJSE0wb2dLRUlDQWdJRGE2WWpqdWdF_180,CAoSF0NJSE0wb2dLRUlDQWdJRGE2WWpqdWdF,180,./data/centercity/images/CAoSF0NJSE0wb2dLRUlDQWdJRGE2WWpqdWdF_180.jpg,False
,deploy,CAoSF0NJSE0wb2dLRUlDQWdJRGE2WWpqdWdF_270,CAoSF0NJSE0wb2dLRUlDQWdJRGE2WWpqdWdF,270,./data/centercity/images/CAoSF0NJSE0wb2dLRUlDQWdJRGE2WWpqdWdF_270.jpg,False
,deploy,Bxzz6_rnCjfTHyGh5Nd55w_0,Bxzz6_rnCjfTHyGh5Nd55w,0,./data/centercity/images/Bxzz6_rnCjfTHyGh5Nd55w_0.jpg,False
,deploy,Bxzz6_rnCjfTHyGh5Nd55w_90,Bxzz6_rnCjfTHyGh5Nd55w,90,./data/centercity/images/Bxzz6_rnCjfTHyGh5Nd55w_90.jpg,False
,deploy,Bxzz6_rnCjfTHyGh5Nd55w_180,Bxzz6_rnCjfTHyGh5Nd55w,180,./data/centercity/images/Bxzz6_rnCjfTHyGh5Nd55w_180.jpg,False
,deploy,Bxzz6_rnCjfTHyGh5Nd55w_270,Bxzz6_rnCjfTHyGh5Nd55w,270,./data/centercity/images/Bxzz6_rnCjfTHyGh5Nd55w_270.jpg,False
,deploy,CAoSFENJSE0wb2dLRUlDQWdJRGF1Y0FN_0,CAoSFENJSE0wb2dLRUlDQWdJRGF1Y0FN,0,./data/centercity/images/CAoSFENJSE0wb2dLRUlDQWdJRGF1Y0FN_0.jpg,False
,deploy,CAoSFENJSE0wb2dLRUlDQWdJRGF1Y0FN_90,CAoSFENJSE0wb2dLRUlDQWdJRGF1Y0FN,90,./data/centercity/images/CAoSFENJSE0wb2dLRUlDQWdJRGF1Y0FN_90.jpg,False
,deploy,CAoSFENJSE0wb2dLRUlDQWdJRGF1Y0FN_180,CAoSFENJSE0wb2dLRUlDQWdJRGF1Y0FN,180,./data/centercity/images/CAoSFENJSE0wb2dLRUlDQWdJRGF1Y0FN_180.jpg,False
,deploy,CAoSFENJSE0wb2dLRUlDQWdJRGF1Y0FN_270,CAoSFENJSE0wb2dLRUlDQWdJRGF1Y0FN,270,./data/centercity/images/CAoSFENJSE0wb2dLRUlDQWdJRGF1Y0FN_270.jpg,False
,deploy,CAoSFkNJSE0wb2dLRUlDQWdJQ3MzLURUUmc._0,CAoSFkNJSE0wb2dLRUlDQWdJQ3MzLURUUmc.,0,./data/centercity/images/CAoSFkNJSE0wb2dLRUlDQWdJQ3MzLURUUmc._0.jpg,False
,deploy,CAoSFkNJSE0wb2dLRUlDQWdJQ3MzLURUUmc._90,CAoSFkNJSE0wb2dLRUlDQWdJQ3MzLURUUmc.,90,./data/centercity/images/CAoSFkNJSE0wb2dLRUlDQWdJQ3MzLURUUmc._90.jpg,False
,deploy,CAoSFkNJSE0wb2dLRUlDQWdJQ3MzLURUUmc._180,CAoSFkNJSE0wb2dLRUlDQWdJQ3MzLURUUmc.,180,./data/centercity/images/CAoSFkNJSE0wb2dLRUlDQWdJQ3MzLURUUmc._180.jpg,False
,deploy,CAoSFkNJSE0wb2dLRUlDQWdJQ3MzLURUUmc._270,CAoSFkNJSE0wb2dLRUlDQWdJQ3MzLURUUmc.,270,./data/centercity/images/CAoSFkNJSE0wb2dLRUlDQWdJQ3MzLURUUmc._270.jpg,False
,deploy,F1-xjEKKe_F-YJofrFRTsw_0,F1-xjEKKe_F-YJofrFRTsw,0,./data/centercity/images/F1-xjEKKe_F-YJofrFRTsw_0.jpg,False
,deploy,F1-xjEKKe_F-YJofrFRTsw_90,F1-xjEKKe_F-YJofrFRTsw,90,./data/centercity/images/F1-xjEKKe_F-YJofrFRTsw_90.jpg,False
,deploy,F1-xjEKKe_F-YJofrFRTsw_180,F1-xjEKKe_F-YJofrFRTsw,180,./data/centercity/images/F1-xjEKKe_F-YJofrFRTsw_180.jpg,False
,deploy,F1-xjEKKe_F-YJofrFRTsw_270,F1-xjEKKe_F-YJofrFRTsw,270,./data/centercity/images/F1-xjEKKe_F-YJofrFRTsw_270.jpg,False
,deploy,953l-tjeants7UMWIslzLw_0,953l-tjeants7UMWIslzLw,0,./data/centercity/images/953l-tjeants7UMWIslzLw_0.jpg,False
,deploy,953l-tjeants7UMWIslzLw_90,953l-tjeants7UMWIslzLw,90,./data/centercity/images/953l-tjeants7UMWIslzLw_90.jpg,False
,deploy,953l-tjeants7UMWIslzLw_180,953l-tjeants7UMWIslzLw,180,./data/centercity/images/953l-tjeants7UMWIslzLw_180.jpg,False
,deploy,953l-tjeants7UMWIslzLw_270,953l-tjeants7UMWIslzLw,270,./data/centercity/images/953l-tjeants7UMWIslzLw_270.jpg,False
,deploy,XNdz7fMBYhp-1HTlcjTH1Q_0,XNdz7fMBYhp-1HTlcjTH1Q,0,./data/centercity/images/XNdz7fMBYhp-1HTlcjTH1Q_0.jpg,False
,deploy,XNdz7fMBYhp-1HTlcjTH1Q_90,XNdz7fMBYhp-1HTlcjTH1Q,90,./data/centercity/images/XNdz7fMBYhp-1HTlcjTH1Q_90.jpg,False
,deploy,XNdz7fMBYhp-1HTlcjTH1Q_180,XNdz7fMBYhp-1HTlcjTH1Q,180,./data/centercity/images/XNdz7fMBYhp-1HTlcjTH1Q_180.jpg,False
,deploy,XNdz7fMBYhp-1HTlcjTH1Q_270,XNdz7fMBYhp-1HTlcjTH1Q,270,./data/centercity/images/XNdz7fMBYhp-1HTlcjTH1Q_270.jpg,False
,deploy,xW6tLHzx1ub5lF03cqm9Uw_0,xW6tLHzx1ub5lF03cqm9Uw,0,./data/centercity/images/xW6tLHzx1ub5lF03cqm9Uw_0.jpg,False
,deploy,xW6tLHzx1ub5lF03cqm9Uw_90,xW6tLHzx1ub5lF03cqm9Uw,90,./data/centercity/images/xW6tLHzx1ub5lF03cqm9Uw_90.jpg,False
,deploy,xW6tLHzx1ub5lF03cqm9Uw_180,xW6tLHzx1ub5lF03cqm9Uw,180,./data/centercity/images/xW6tLHzx1ub5lF03cqm9Uw_180.jpg,False
,deploy,xW6tLHzx1ub5lF03cqm9Uw_270,xW6tLHzx1ub5lF03cqm9Uw,270,./data/centercity/images/xW6tLHzx1ub5lF03cqm9Uw_270.jpg,False
,deploy,CAoSFkNJSE0wb2dLRUlDQWdJRGFtZnpxR0E._0,CAoSFkNJSE0wb2dLRUlDQWdJRGFtZnpxR0E.,0,./data/centercity/images/CAoSFkNJSE0wb2dLRUlDQWdJRGFtZnpxR0E._0.jpg,False
,deploy,CAoSFkNJSE0wb2dLRUlDQWdJRGFtZnpxR0E._90,CAoSFkNJSE0wb2dLRUlDQWdJRGFtZnpxR0E.,90,./data/centercity/images/CAoSFkNJSE0wb2dLRUlDQWdJRGFtZnpxR0E._90.jpg,False
,deploy,CAoSFkNJSE0wb2dLRUlDQWdJRGFtZnpxR0E._180,CAoSFkNJSE0wb2dLRUlDQWdJRGFtZnpxR0E.,180,./data/centercity/images/CAoSFkNJSE0wb2dLRUlDQWdJRGFtZnpxR0E._180.jpg,False
,deploy,CAoSFkNJSE0wb2dLRUlDQWdJRGFtZnpxR0E._270,CAoSFkNJSE0wb2dLRUlDQWdJRGFtZnpxR0E.,270,./data/centercity/images/CAoSFkNJSE0wb2dLRUlDQWdJRGFtZnpxR0E._270.jpg,False
,deploy,0Vw9K1UNH2evTFLyeO69Wg_0,0Vw9K1UNH2evTFLyeO69Wg,0,./data/centercity/images/0Vw9K1UNH2evTFLyeO69Wg_0.jpg,False
,deploy,0Vw9K1UNH2evTFLyeO69Wg_90,0Vw9K1UNH2evTFLyeO69Wg,90,./data/centercity/images/0Vw9K1UNH2evTFLyeO69Wg_90.jpg,False
,deploy,0Vw9K1UNH2evTFLyeO69Wg_180,0Vw9K1UNH2evTFLyeO69Wg,180,./data/centercity/images/0Vw9K1UNH2evTFLyeO69Wg_180.jpg,False
,deploy,0Vw9K1UNH2evTFLyeO69Wg_270,0Vw9K1UNH2evTFLyeO69Wg,270,./data/centercity/images/0Vw9K1UNH2evTFLyeO69Wg_270.jpg,False
,deploy,GX_ewExB2rAbJiHj001O3g_0,GX_ewExB2rAbJiHj001O3g,0,./data/centercity/images/GX_ewExB2rAbJiHj001O3g_0.jpg,False
,deploy,GX_ewExB2rAbJiHj001O3g_90,GX_ewExB2rAbJiHj001O3g,90,./data/centercity/images/GX_ewExB2rAbJiHj001O3g_90.jpg,False
,deploy,GX_ewExB2rAbJiHj001O3g_180,GX_ewExB2rAbJiHj001O3g,180,./data/centercity/images/GX_ewExB2rAbJiHj001O3g_180.jpg,False
,deploy,GX_ewExB2rAbJiHj001O3g_270,GX_ewExB2rAbJiHj001O3g,270,./data/centercity/images/GX_ewExB2rAbJiHj001O3g_270.jpg,False
,deploy,25RkwaP6Z6eLu-Gm-gCbRQ_0,25RkwaP6Z6eLu-Gm-gCbRQ,0,./data/centercity/images/25RkwaP6Z6eLu-Gm-gCbRQ_0.jpg,False
,deploy,25RkwaP6Z6eLu-Gm-gCbRQ_90,25RkwaP6Z6eLu-Gm-gCbRQ,90,./data/centercity/images/25RkwaP6Z6eLu-Gm-gCbRQ_90.jpg,False
,deploy,25RkwaP6Z6eLu-Gm-gCbRQ_180,25RkwaP6Z6eLu-Gm-gCbRQ,180,./data/centercity/images/25RkwaP6Z6eLu-Gm-gCbRQ_180.jpg,False
,deploy,25RkwaP6Z6eLu-Gm-gCbRQ_270,25RkwaP6Z6eLu-Gm-gCbRQ,270,./data/centercity/images/25RkwaP6Z6eLu-Gm-gCbRQ_270.jpg,False
,deploy,CdtZP3EGgGI2vsea2_29AQ_0,CdtZP3EGgGI2vsea2_29AQ,0,./data/centercity/images/CdtZP3EGgGI2vsea2_29AQ_0.jpg,False
,deploy,CdtZP3EGgGI2vsea2_29AQ_90,CdtZP3EGgGI2vsea2_29AQ,90,./data/centercity/images/CdtZP3EGgGI2vsea2_29AQ_90.jpg,False
,deploy,CdtZP3EGgGI2vsea2_29AQ_180,CdtZP3EGgGI2vsea2_29AQ,180,./data/centercity/images/CdtZP3EGgGI2vsea2_29AQ_180.jpg,False
,deploy,CdtZP3EGgGI2vsea2_29AQ_270,CdtZP3EGgGI2vsea2_29AQ,270,./data/centercity/images/CdtZP3EGgGI2vsea2_29AQ_270.jpg,False
,deploy,azrBhLy9gksZ_5Z_cNAXkg_0,azrBhLy9gksZ_5Z_cNAXkg,0,./data/centercity/images/azrBhLy9gksZ_5Z_cNAXkg_0.jpg,False
,deploy,azrBhLy9gksZ_5Z_cNAXkg_90,azrBhLy9gksZ_5Z_cNAXkg,90,./data/centercity/images/azrBhLy9gksZ_5Z_cNAXkg_90.jpg,False
,deploy,azrBhLy9gksZ_5Z_cNAXkg_180,azrBhLy9gksZ_5Z_cNAXkg,180,./data/centercity/images/azrBhLy9gksZ_5Z_cNAXkg_180.jpg,False
,deploy,azrBhLy9gksZ_5Z_cNAXkg_270,azrBhLy9gksZ_5Z_cNAXkg,270,./data/centercity/images/azrBhLy9gksZ_5Z_cNAXkg_270.jpg,False
,deploy,j5k58ye1nm0K-DCTIwuaYA_0,j5k58ye1nm0K-DCTIwuaYA,0,./data/centercity/images/j5k58ye1nm0K-DCTIwuaYA_0.jpg,False
,deploy,j5k58ye1nm0K-DCTIwuaYA_90,j5k58ye1nm0K-DCTIwuaYA,90,./data/centercity/images/j5k58ye1nm0K-DCTIwuaYA_90.jpg,False
,deploy,j5k58ye1nm0K-DCTIwuaYA_180,j5k58ye1nm0K-DCTIwuaYA,180,./data/centercity/images/j5k58ye1nm0K-DCTIwuaYA_180.jpg,False
,deploy,j5k58ye1nm0K-DCTIwuaYA_270,j5k58ye1nm0K-DCTIwuaYA,270,./data/centercity/images/j5k58ye1nm0K-DCTIwuaYA_270.jpg,False
,deploy,rTfO6PtK1-EGhEs4sGgnRA_0,rTfO6PtK1-EGhEs4sGgnRA,0,./data/centercity/images/rTfO6PtK1-EGhEs4sGgnRA_0.jpg,False
,deploy,rTfO6PtK1-EGhEs4sGgnRA_90,rTfO6PtK1-EGhEs4sGgnRA,90,./data/centercity/images/rTfO6PtK1-EGhEs4sGgnRA_90.jpg,False
,deploy,rTfO6PtK1-EGhEs4sGgnRA_180,rTfO6PtK1-EGhEs4sGgnRA,180,./data/centercity/images/rTfO6PtK1-EGhEs4sGgnRA_180.jpg,False
,deploy,rTfO6PtK1-EGhEs4sGgnRA_270,rTfO6PtK1-EGhEs4sGgnRA,270,./data/centercity/images/rTfO6PtK1-EGhEs4sGgnRA_270.jpg,False
,deploy,j59MKl62V5Ebxy8ERIIBrw_0,j59MKl62V5Ebxy8ERIIBrw,0,./data/centercity/images/j59MKl62V5Ebxy8ERIIBrw_0.jpg,False
,deploy,j59MKl62V5Ebxy8ERIIBrw_90,j59MKl62V5Ebxy8ERIIBrw,90,./data/centercity/images/j59MKl62V5Ebxy8ERIIBrw_90.jpg,False
,deploy,j59MKl62V5Ebxy8ERIIBrw_180,j59MKl62V5Ebxy8ERIIBrw,180,./data/centercity/images/j59MKl62V5Ebxy8ERIIBrw_180.jpg,False
,deploy,j59MKl62V5Ebxy8ERIIBrw_270,j59MKl62V5Ebxy8ERIIBrw,270,./data/centercity/images/j59MKl62V5Ebxy8ERIIBrw_270.jpg,False
,deploy,L702cLDNglmuypdvmW4YdQ_0,L702cLDNglmuypdvmW4YdQ,0,./data/centercity/images/L702cLDNglmuypdvmW4YdQ_0.jpg,False
,deploy,L702cLDNglmuypdvmW4YdQ_90,L702cLDNglmuypdvmW4YdQ,90,./data/centercity/images/L702cLDNglmuypdvmW4YdQ_90.jpg,False
,deploy,L702cLDNglmuypdvmW4YdQ_180,L702cLDNglmuypdvmW4YdQ,180,./data/centercity/images/L702cLDNglmuypdvmW4YdQ_180.jpg,False
,deploy,L702cLDNglmuypdvmW4YdQ_270,L702cLDNglmuypdvmW4YdQ,270,./data/centercity/images/L702cLDNglmuypdvmW4YdQ_270.jpg,False
,deploy,nF8AkHXvDv9Ii4Pztq_68A_0,nF8AkHXvDv9Ii4Pztq_68A,0,./data/centercity/images/nF8AkHXvDv9Ii4Pztq_68A_0.jpg,False
,deploy,nF8AkHXvDv9Ii4Pztq_68A_90,nF8AkHXvDv9Ii4Pztq_68A,90,./data/centercity/images/nF8AkHXvDv9Ii4Pztq_68A_90.jpg,False
,deploy,nF8AkHXvDv9Ii4Pztq_68A_180,nF8AkHXvDv9Ii4Pztq_68A,180,./data/centercity/images/nF8AkHXvDv9Ii4Pztq_68A_180.jpg,False
,deploy,nF8AkHXvDv9Ii4Pztq_68A_270,nF8AkHXvDv9Ii4Pztq_68A,270,./data/centercity/images/nF8AkHXvDv9Ii4Pztq_68A_270.jpg,False
,deploy,ZAP5Sspd7mGqBE2rnPjR5w_0,ZAP5Sspd7mGqBE2rnPjR5w,0,./data/centercity/images/ZAP5Sspd7mGqBE2rnPjR5w_0.jpg,False
,deploy,ZAP5Sspd7mGqBE2rnPjR5w_90,ZAP5Sspd7mGqBE2rnPjR5w,90,./data/centercity/images/ZAP5Sspd7mGqBE2rnPjR5w_90.jpg,False
,deploy,ZAP5Sspd7mGqBE2rnPjR5w_180,ZAP5Sspd7mGqBE2rnPjR5w,180,./data/centercity/images/ZAP5Sspd7mGqBE2rnPjR5w_180.jpg,False
,deploy,ZAP5Sspd7mGqBE2rnPjR5w_270,ZAP5Sspd7mGqBE2rnPjR5w,270,./data/centercity/images/ZAP5Sspd7mGqBE2rnPjR5w_270.jpg,False
,deploy,MsPhplY2dGmvcgyCI2w2lw_0,MsPhplY2dGmvcgyCI2w2lw,0,./data/centercity/images/MsPhplY2dGmvcgyCI2w2lw_0.jpg,False
,deploy,MsPhplY2dGmvcgyCI2w2lw_90,MsPhplY2dGmvcgyCI2w2lw,90,./data/centercity/images/MsPhplY2dGmvcgyCI2w2lw_90.jpg,False
,deploy,MsPhplY2dGmvcgyCI2w2lw_180,MsPhplY2dGmvcgyCI2w2lw,180,./data/centercity/images/MsPhplY2dGmvcgyCI2w2lw_180.jpg,False
,deploy,MsPhplY2dGmvcgyCI2w2lw_270,MsPhplY2dGmvcgyCI2w2lw,270,./data/centercity/images/MsPhplY2dGmvcgyCI2w2lw_270.jpg,False
,deploy,CAoSFkNJSE0wb2dLRUlDQWdJRGFtWlNXZHc._0,CAoSFkNJSE0wb2dLRUlDQWdJRGFtWlNXZHc.,0,./data/centercity/images/CAoSFkNJSE0wb2dLRUlDQWdJRGFtWlNXZHc._0.jpg,False
,deploy,CAoSFkNJSE0wb2dLRUlDQWdJRGFtWlNXZHc._90,CAoSFkNJSE0wb2dLRUlDQWdJRGFtWlNXZHc.,90,./data/centercity/images/CAoSFkNJSE0wb2dLRUlDQWdJRGFtWlNXZHc._90.jpg,False
,deploy,CAoSFkNJSE0wb2dLRUlDQWdJRGFtWlNXZHc._180,CAoSFkNJSE0wb2dLRUlDQWdJRGFtWlNXZHc.,180,./data/centercity/images/CAoSFkNJSE0wb2dLRUlDQWdJRGFtWlNXZHc._180.jpg,False
,deploy,CAoSFkNJSE0wb2dLRUlDQWdJRGFtWlNXZHc._270,CAoSFkNJSE0wb2dLRUlDQWdJRGFtWlNXZHc.,270,./data/centercity/images/CAoSFkNJSE0wb2dLRUlDQWdJRGFtWlNXZHc._270.jpg,False
,deploy,7_76zIX52vJyw-cuAEmd2w_0,7_76zIX52vJyw-cuAEmd2w,0,./data/centercity/images/7_76zIX52vJyw-cuAEmd2w_0.jpg,False
,deploy,7_76zIX52vJyw-cuAEmd2w_90,7_76zIX52vJyw-cuAEmd2w,90,./data/centercity/images/7_76zIX52vJyw-cuAEmd2w_90.jpg,False
,deploy,7_76zIX52vJyw-cuAEmd2w_180,7_76zIX52vJyw-cuAEmd2w,180,./data/centercity/images/7_76zIX52vJyw-cuAEmd2w_180.jpg,False
,deploy,7_76zIX52vJyw-cuAEmd2w_270,7_76zIX52vJyw-cuAEmd2w,270,./data/centercity/images/7_76zIX52vJyw-cuAEmd2w_270.jpg,False
,deploy,h5YA7op71Wj-VI-XAU4sbg_0,h5YA7op71Wj-VI-XAU4sbg,0,./data/centercity/images/h5YA7op71Wj-VI-XAU4sbg_0.jpg,False
,deploy,h5YA7op71Wj-VI-XAU4sbg_90,h5YA7op71Wj-VI-XAU4sbg,90,./data/centercity/images/h5YA7op71Wj-VI-XAU4sbg_90.jpg,False
,deploy,h5YA7op71Wj-VI-XAU4sbg_180,h5YA7op71Wj-VI-XAU4sbg,180,./data/centercity/images/h5YA7op71Wj-VI-XAU4sbg_180.jpg,False
,deploy,h5YA7op71Wj-VI-XAU4sbg_270,h5YA7op71Wj-VI-XAU4sbg,270,./data/centercity/images/h5YA7op71Wj-VI-XAU4sbg_270.jpg,False
,deploy,BWakgv34CFmowJ0OsOL7Lw_0,BWakgv34CFmowJ0OsOL7Lw,0,./data/centercity/images/BWakgv34CFmowJ0OsOL7Lw_0.jpg,False
,deploy,BWakgv34CFmowJ0OsOL7Lw_90,BWakgv34CFmowJ0OsOL7Lw,90,./data/centercity/images/BWakgv34CFmowJ0OsOL7Lw_90.jpg,False
,deploy,BWakgv34CFmowJ0OsOL7Lw_180,BWakgv34CFmowJ0OsOL7Lw,180,./data/centercity/images/BWakgv34CFmowJ0OsOL7Lw_180.jpg,False
,deploy,BWakgv34CFmowJ0OsOL7Lw_270,BWakgv34CFmowJ0OsOL7Lw,270,./data/centercity/images/BWakgv34CFmowJ0OsOL7Lw_270.jpg,False
,deploy,YdeB7sRmbViWUJsCcGJ1jw_0,YdeB7sRmbViWUJsCcGJ1jw,0,./data/centercity/images/YdeB7sRmbViWUJsCcGJ1jw_0.jpg,False
,deploy,YdeB7sRmbViWUJsCcGJ1jw_90,YdeB7sRmbViWUJsCcGJ1jw,90,./data/centercity/images/YdeB7sRmbViWUJsCcGJ1jw_90.jpg,False
,deploy,YdeB7sRmbViWUJsCcGJ1jw_180,YdeB7sRmbViWUJsCcGJ1jw,180,./data/centercity/images/YdeB7sRmbViWUJsCcGJ1jw_180.jpg,False
,deploy,YdeB7sRmbViWUJsCcGJ1jw_270,YdeB7sRmbViWUJsCcGJ1jw,270,./data/centercity/images/YdeB7sRmbViWUJsCcGJ1jw_270.jpg,False
,deploy,jMKDE0tbZGeyEwtm7qfc4g_0,jMKDE0tbZGeyEwtm7qfc4g,0,./data/centercity/images/jMKDE0tbZGeyEwtm7qfc4g_0.jpg,False
,deploy,jMKDE0tbZGeyEwtm7qfc4g_90,jMKDE0tbZGeyEwtm7qfc4g,90,./data/centercity/images/jMKDE0tbZGeyEwtm7qfc4g_90.jpg,False
,deploy,jMKDE0tbZGeyEwtm7qfc4g_180,jMKDE0tbZGeyEwtm7qfc4g,180,./data/centercity/images/jMKDE0tbZGeyEwtm7qfc4g_180.jpg,False
,deploy,jMKDE0tbZGeyEwtm7qfc4g_270,jMKDE0tbZGeyEwtm7qfc4g,270,./data/centercity/images/jMKDE0tbZGeyEwtm7qfc4g_270.jpg,False
,deploy,d-x4L2pz7ZQuwU0JBRN4FA_0,d-x4L2pz7ZQuwU0JBRN4FA,0,./data/centercity/images/d-x4L2pz7ZQuwU0JBRN4FA_0.jpg,False
,deploy,d-x4L2pz7ZQuwU0JBRN4FA_90,d-x4L2pz7ZQuwU0JBRN4FA,90,./data/centercity/images/d-x4L2pz7ZQuwU0JBRN4FA_90.jpg,False
,deploy,d-x4L2pz7ZQuwU0JBRN4FA_180,d-x4L2pz7ZQuwU0JBRN4FA,180,./data/centercity/images/d-x4L2pz7ZQuwU0JBRN4FA_180.jpg,False
,deploy,d-x4L2pz7ZQuwU0JBRN4FA_270,d-x4L2pz7ZQuwU0JBRN4FA,270,./data/centercity/images/d-x4L2pz7ZQuwU0JBRN4FA_270.jpg,False
,deploy,yc7NiNmvTb2GCRWiWjCflQ_0,yc7NiNmvTb2GCRWiWjCflQ,0,./data/centercity/images/yc7NiNmvTb2GCRWiWjCflQ_0.jpg,False
,deploy,yc7NiNmvTb2GCRWiWjCflQ_90,yc7NiNmvTb2GCRWiWjCflQ,90,./data/centercity/images/yc7NiNmvTb2GCRWiWjCflQ_90.jpg,False
,deploy,yc7NiNmvTb2GCRWiWjCflQ_180,yc7NiNmvTb2GCRWiWjCflQ,180,./data/centercity/images/yc7NiNmvTb2GCRWiWjCflQ_180.jpg,False
,deploy,yc7NiNmvTb2GCRWiWjCflQ_270,yc7NiNmvTb2GCRWiWjCflQ,270,./data/centercity/images/yc7NiNmvTb2GCRWiWjCflQ_270.jpg,False
,deploy,Lwg7w1JkgjBjv3teJ-e6iA_0,Lwg7w1JkgjBjv3teJ-e6iA,0,./data/centercity/images/Lwg7w1JkgjBjv3teJ-e6iA_0.jpg,False
,deploy,Lwg7w1JkgjBjv3teJ-e6iA_90,Lwg7w1JkgjBjv3teJ-e6iA,90,./data/centercity/images/Lwg7w1JkgjBjv3teJ-e6iA_90.jpg,False
,deploy,Lwg7w1JkgjBjv3teJ-e6iA_180,Lwg7w1JkgjBjv3teJ-e6iA,180,./data/centercity/images/Lwg7w1JkgjBjv3teJ-e6iA_180.jpg,False
,deploy,Lwg7w1JkgjBjv3teJ-e6iA_270,Lwg7w1JkgjBjv3teJ-e6iA,270,./data/centercity/images/Lwg7w1JkgjBjv3teJ-e6iA_270.jpg,False
,deploy,3-3hwbEnP17OFGSi8TYo5w_0,3-3hwbEnP17OFGSi8TYo5w,0,./data/centercity/images/3-3hwbEnP17OFGSi8TYo5w_0.jpg,False
,deploy,3-3hwbEnP17OFGSi8TYo5w_90,3-3hwbEnP17OFGSi8TYo5w,90,./data/centercity/images/3-3hwbEnP17OFGSi8TYo5w_90.jpg,False
,deploy,3-3hwbEnP17OFGSi8TYo5w_180,3-3hwbEnP17OFGSi8TYo5w,180,./data/centercity/images/3-3hwbEnP17OFGSi8TYo5w_180.jpg,False
,deploy,3-3hwbEnP17OFGSi8TYo5w_270,3-3hwbEnP17OFGSi8TYo5w,270,./data/centercity/images/3-3hwbEnP17OFGSi8TYo5w_270.jpg,False
,deploy,WTowYuy991Wkc5fRSChJyw_0,WTowYuy991Wkc5fRSChJyw,0,./data/centercity/images/WTowYuy991Wkc5fRSChJyw_0.jpg,False
,deploy,WTowYuy991Wkc5fRSChJyw_90,WTowYuy991Wkc5fRSChJyw,90,./data/centercity/images/WTowYuy991Wkc5fRSChJyw_90.jpg,False
,deploy,WTowYuy991Wkc5fRSChJyw_180,WTowYuy991Wkc5fRSChJyw,180,./data/centercity/images/WTowYuy991Wkc5fRSChJyw_180.jpg,False
,deploy,WTowYuy991Wkc5fRSChJyw_270,WTowYuy991Wkc5fRSChJyw,270,./data/centercity/images/WTowYuy991Wkc5fRSChJyw_270.jpg,False
,deploy,JTk0yl4bX12J5FWikoSPWg_0,JTk0yl4bX12J5FWikoSPWg,0,./data/centercity/images/JTk0yl4bX12J5FWikoSPWg_0.jpg,False
,deploy,JTk0yl4bX12J5FWikoSPWg_90,JTk0yl4bX12J5FWikoSPWg,90,./data/centercity/images/JTk0yl4bX12J5FWikoSPWg_90.jpg,False
,deploy,JTk0yl4bX12J5FWikoSPWg_180,JTk0yl4bX12J5FWikoSPWg,180,./data/centercity/images/JTk0yl4bX12J5FWikoSPWg_180.jpg,False
,deploy,JTk0yl4bX12J5FWikoSPWg_270,JTk0yl4bX12J5FWikoSPWg,270,./data/centercity/images/JTk0yl4bX12J5FWikoSPWg_270.jpg,False
,deploy,N_Q-MW2npjcSlQfvBDINFg_0,N_Q-MW2npjcSlQfvBDINFg,0,./data/centercity/images/N_Q-MW2npjcSlQfvBDINFg_0.jpg,False
,deploy,N_Q-MW2npjcSlQfvBDINFg_90,N_Q-MW2npjcSlQfvBDINFg,90,./data/centercity/images/N_Q-MW2npjcSlQfvBDINFg_90.jpg,False
,deploy,N_Q-MW2npjcSlQfvBDINFg_180,N_Q-MW2npjcSlQfvBDINFg,180,./data/centercity/images/N_Q-MW2npjcSlQfvBDINFg_180.jpg,False
,deploy,N_Q-MW2npjcSlQfvBDINFg_270,N_Q-MW2npjcSlQfvBDINFg,270,./data/centercity/images/N_Q-MW2npjcSlQfvBDINFg_270.jpg,False
,deploy,CAoSFkNJSE0wb2dLRUlDQWdJRE92cVNTQ0E._0,CAoSFkNJSE0wb2dLRUlDQWdJRE92cVNTQ0E.,0,./data/centercity/images/CAoSFkNJSE0wb2dLRUlDQWdJRE92cVNTQ0E._0.jpg,False
,deploy,CAoSFkNJSE0wb2dLRUlDQWdJRE92cVNTQ0E._90,CAoSFkNJSE0wb2dLRUlDQWdJRE92cVNTQ0E.,90,./data/centercity/images/CAoSFkNJSE0wb2dLRUlDQWdJRE92cVNTQ0E._90.jpg,False
,deploy,CAoSFkNJSE0wb2dLRUlDQWdJRE92cVNTQ0E._180,CAoSFkNJSE0wb2dLRUlDQWdJRE92cVNTQ0E.,180,./data/centercity/images/CAoSFkNJSE0wb2dLRUlDQWdJRE92cVNTQ0E._180.jpg,False
,deploy,CAoSFkNJSE0wb2dLRUlDQWdJRE92cVNTQ0E._270,CAoSFkNJSE0wb2dLRUlDQWdJRE92cVNTQ0E.,270,./data/centercity/images/CAoSFkNJSE0wb2dLRUlDQWdJRE92cVNTQ0E._270.jpg,False
,deploy,CAoSF0NJSE0wb2dLRUlDQWdJRE92cmFlbFFF_0,CAoSF0NJSE0wb2dLRUlDQWdJRE92cmFlbFFF,0,./data/centercity/images/CAoSF0NJSE0wb2dLRUlDQWdJRE92cmFlbFFF_0.jpg,False
,deploy,CAoSF0NJSE0wb2dLRUlDQWdJRE92cmFlbFFF_90,CAoSF0NJSE0wb2dLRUlDQWdJRE92cmFlbFFF,90,./data/centercity/images/CAoSF0NJSE0wb2dLRUlDQWdJRE92cmFlbFFF_90.jpg,False
,deploy,CAoSF0NJSE0wb2dLRUlDQWdJRE92cmFlbFFF_180,CAoSF0NJSE0wb2dLRUlDQWdJRE92cmFlbFFF,180,./data/centercity/images/CAoSF0NJSE0wb2dLRUlDQWdJRE92cmFlbFFF_180.jpg,False
,deploy,CAoSF0NJSE0wb2dLRUlDQWdJRE92cmFlbFFF_270,CAoSF0NJSE0wb2dLRUlDQWdJRE92cmFlbFFF,270,./data/centercity/images/CAoSF0NJSE0wb2dLRUlDQWdJRE92cmFlbFFF_270.jpg,False
,deploy,CAoSFkNJSE0wb2dLRUlDQWdJRE92cUdGWHc._0,CAoSFkNJSE0wb2dLRUlDQWdJRE92cUdGWHc.,0,./data/centercity/images/CAoSFkNJSE0wb2dLRUlDQWdJRE92cUdGWHc._0.jpg,False
,deploy,CAoSFkNJSE0wb2dLRUlDQWdJRE92cUdGWHc._90,CAoSFkNJSE0wb2dLRUlDQWdJRE92cUdGWHc.,90,./data/centercity/images/CAoSFkNJSE0wb2dLRUlDQWdJRE92cUdGWHc._90.jpg,False
,deploy,CAoSFkNJSE0wb2dLRUlDQWdJRE92cUdGWHc._180,CAoSFkNJSE0wb2dLRUlDQWdJRE92cUdGWHc.,180,./data/centercity/images/CAoSFkNJSE0wb2dLRUlDQWdJRE92cUdGWHc._180.jpg,False
,deploy,CAoSFkNJSE0wb2dLRUlDQWdJRE92cUdGWHc._270,CAoSFkNJSE0wb2dLRUlDQWdJRE92cUdGWHc.,270,./data/centercity/images/CAoSFkNJSE0wb2dLRUlDQWdJRE92cUdGWHc._270.jpg,False
,deploy,JjcQg9OMsTz2guDBxjwPZg_0,JjcQg9OMsTz2guDBxjwPZg,0,./data/centercity/images/JjcQg9OMsTz2guDBxjwPZg_0.jpg,False
,deploy,JjcQg9OMsTz2guDBxjwPZg_90,JjcQg9OMsTz2guDBxjwPZg,90,./data/centercity/images/JjcQg9OMsTz2guDBxjwPZg_90.jpg,False
,deploy,JjcQg9OMsTz2guDBxjwPZg_180,JjcQg9OMsTz2guDBxjwPZg,180,./data/centercity/images/JjcQg9OMsTz2guDBxjwPZg_180.jpg,False
,deploy,JjcQg9OMsTz2guDBxjwPZg_270,JjcQg9OMsTz2guDBxjwPZg,270,./data/centercity/images/JjcQg9OMsTz2guDBxjwPZg_270.jpg,False
,deploy,vuOnIA99SfA1Wd0cmLArOw_0,vuOnIA99SfA1Wd0cmLArOw,0,./data/centercity/images/vuOnIA99SfA1Wd0cmLArOw_0.jpg,False
,deploy,vuOnIA99SfA1Wd0cmLArOw_90,vuOnIA99SfA1Wd0cmLArOw,90,./data/centercity/images/vuOnIA99SfA1Wd0cmLArOw_90.jpg,False
,deploy,vuOnIA99SfA1Wd0cmLArOw_180,vuOnIA99SfA1Wd0cmLArOw,180,./data/centercity/images/vuOnIA99SfA1Wd0cmLArOw_180.jpg,False
,deploy,vuOnIA99SfA1Wd0cmLArOw_270,vuOnIA99SfA1Wd0cmLArOw,270,./data/centercity/images/vuOnIA99SfA1Wd0cmLArOw_270.jpg,False
,deploy,Epq0-OEk5OIm0qoB2vSU1g_0,Epq0-OEk5OIm0qoB2vSU1g,0,./data/centercity/images/Epq0-OEk5OIm0qoB2vSU1g_0.jpg,False
,deploy,Epq0-OEk5OIm0qoB2vSU1g_90,Epq0-OEk5OIm0qoB2vSU1g,90,./data/centercity/images/Epq0-OEk5OIm0qoB2vSU1g_90.jpg,False
,deploy,Epq0-OEk5OIm0qoB2vSU1g_180,Epq0-OEk5OIm0qoB2vSU1g,180,./data/centercity/images/Epq0-OEk5OIm0qoB2vSU1g_180.jpg,False
,deploy,Epq0-OEk5OIm0qoB2vSU1g_270,Epq0-OEk5OIm0qoB2vSU1g,270,./data/centercity/images/Epq0-OEk5OIm0qoB2vSU1g_270.jpg,False
,deploy,6aFEef5zOc_cD6mT015QMg_0,6aFEef5zOc_cD6mT015QMg,0,./data/centercity/images/6aFEef5zOc_cD6mT015QMg_0.jpg,False
,deploy,6aFEef5zOc_cD6mT015QMg_90,6aFEef5zOc_cD6mT015QMg,90,./data/centercity/images/6aFEef5zOc_cD6mT015QMg_90.jpg,False
,deploy,6aFEef5zOc_cD6mT015QMg_180,6aFEef5zOc_cD6mT015QMg,180,./data/centercity/images/6aFEef5zOc_cD6mT015QMg_180.jpg,False
,deploy,6aFEef5zOc_cD6mT015QMg_270,6aFEef5zOc_cD6mT015QMg,270,./data/centercity/images/6aFEef5zOc_cD6mT015QMg_270.jpg,False
,deploy,XgJvzemfJdTCu9OcnaVT6Q_0,XgJvzemfJdTCu9OcnaVT6Q,0,./data/centercity/images/XgJvzemfJdTCu9OcnaVT6Q_0.jpg,False
,deploy,XgJvzemfJdTCu9OcnaVT6Q_90,XgJvzemfJdTCu9OcnaVT6Q,90,./data/centercity/images/XgJvzemfJdTCu9OcnaVT6Q_90.jpg,False
,deploy,XgJvzemfJdTCu9OcnaVT6Q_180,XgJvzemfJdTCu9OcnaVT6Q,180,./data/centercity/images/XgJvzemfJdTCu9OcnaVT6Q_180.jpg,False
,deploy,XgJvzemfJdTCu9OcnaVT6Q_270,XgJvzemfJdTCu9OcnaVT6Q,270,./data/centercity/images/XgJvzemfJdTCu9OcnaVT6Q_270.jpg,False
,deploy,SQMwSzXh0SFASThg7eHRMg_0,SQMwSzXh0SFASThg7eHRMg,0,./data/centercity/images/SQMwSzXh0SFASThg7eHRMg_0.jpg,False
,deploy,SQMwSzXh0SFASThg7eHRMg_90,SQMwSzXh0SFASThg7eHRMg,90,./data/centercity/images/SQMwSzXh0SFASThg7eHRMg_90.jpg,False
,deploy,SQMwSzXh0SFASThg7eHRMg_180,SQMwSzXh0SFASThg7eHRMg,180,./data/centercity/images/SQMwSzXh0SFASThg7eHRMg_180.jpg,False
,deploy,SQMwSzXh0SFASThg7eHRMg_270,SQMwSzXh0SFASThg7eHRMg,270,./data/centercity/images/SQMwSzXh0SFASThg7eHRMg_270.jpg,False
,deploy,aAaeCbeGtfSEpw24mDOfvA_0,aAaeCbeGtfSEpw24mDOfvA,0,./data/centercity/images/aAaeCbeGtfSEpw24mDOfvA_0.jpg,False
,deploy,aAaeCbeGtfSEpw24mDOfvA_90,aAaeCbeGtfSEpw24mDOfvA,90,./data/centercity/images/aAaeCbeGtfSEpw24mDOfvA_90.jpg,False
,deploy,aAaeCbeGtfSEpw24mDOfvA_180,aAaeCbeGtfSEpw24mDOfvA,180,./data/centercity/images/aAaeCbeGtfSEpw24mDOfvA_180.jpg,False
,deploy,aAaeCbeGtfSEpw24mDOfvA_270,aAaeCbeGtfSEpw24mDOfvA,270,./data/centercity/images/aAaeCbeGtfSEpw24mDOfvA_270.jpg,False
,deploy,VPgmpKjm4kFqSK3efSkNVw_0,VPgmpKjm4kFqSK3efSkNVw,0,./data/centercity/images/VPgmpKjm4kFqSK3efSkNVw_0.jpg,False
,deploy,VPgmpKjm4kFqSK3efSkNVw_90,VPgmpKjm4kFqSK3efSkNVw,90,./data/centercity/images/VPgmpKjm4kFqSK3efSkNVw_90.jpg,False
,deploy,VPgmpKjm4kFqSK3efSkNVw_180,VPgmpKjm4kFqSK3efSkNVw,180,./data/centercity/images/VPgmpKjm4kFqSK3efSkNVw_180.jpg,False
,deploy,VPgmpKjm4kFqSK3efSkNVw_270,VPgmpKjm4kFqSK3efSkNVw,270,./data/centercity/images/VPgmpKjm4kFqSK3efSkNVw_270.jpg,False
,deploy,a3fwaJptNNauM-v795iMyw_0,a3fwaJptNNauM-v795iMyw,0,./data/centercity/images/a3fwaJptNNauM-v795iMyw_0.jpg,False
,deploy,a3fwaJptNNauM-v795iMyw_90,a3fwaJptNNauM-v795iMyw,90,./data/centercity/images/a3fwaJptNNauM-v795iMyw_90.jpg,False
,deploy,a3fwaJptNNauM-v795iMyw_180,a3fwaJptNNauM-v795iMyw,180,./data/centercity/images/a3fwaJptNNauM-v795iMyw_180.jpg,False
,deploy,a3fwaJptNNauM-v795iMyw_270,a3fwaJptNNauM-v795iMyw,270,./data/centercity/images/a3fwaJptNNauM-v795iMyw_270.jpg,False
,deploy,Rh6kXEYyQZWSxQgJsRgZ7A_0,Rh6kXEYyQZWSxQgJsRgZ7A,0,./data/centercity/images/Rh6kXEYyQZWSxQgJsRgZ7A_0.jpg,False
,deploy,Rh6kXEYyQZWSxQgJsRgZ7A_90,Rh6kXEYyQZWSxQgJsRgZ7A,90,./data/centercity/images/Rh6kXEYyQZWSxQgJsRgZ7A_90.jpg,False
,deploy,Rh6kXEYyQZWSxQgJsRgZ7A_180,Rh6kXEYyQZWSxQgJsRgZ7A,180,./data/centercity/images/Rh6kXEYyQZWSxQgJsRgZ7A_180.jpg,False
,deploy,Rh6kXEYyQZWSxQgJsRgZ7A_270,Rh6kXEYyQZWSxQgJsRgZ7A,270,./data/centercity/images/Rh6kXEYyQZWSxQgJsRgZ7A_270.jpg,False
,deploy,CAoSF0NJSE0wb2dLRUlDQWdJQ0VucFN2MndF_0,CAoSF0NJSE0wb2dLRUlDQWdJQ0VucFN2MndF,0,./data/centercity/images/CAoSF0NJSE0wb2dLRUlDQWdJQ0VucFN2MndF_0.jpg,False
,deploy,CAoSF0NJSE0wb2dLRUlDQWdJQ0VucFN2MndF_90,CAoSF0NJSE0wb2dLRUlDQWdJQ0VucFN2MndF,90,./data/centercity/images/CAoSF0NJSE0wb2dLRUlDQWdJQ0VucFN2MndF_90.jpg,False
,deploy,CAoSF0NJSE0wb2dLRUlDQWdJQ0VucFN2MndF_180,CAoSF0NJSE0wb2dLRUlDQWdJQ0VucFN2MndF,180,./data/centercity/images/CAoSF0NJSE0wb2dLRUlDQWdJQ0VucFN2MndF_180.jpg,False
,deploy,CAoSF0NJSE0wb2dLRUlDQWdJQ0VucFN2MndF_270,CAoSF0NJSE0wb2dLRUlDQWdJQ0VucFN2MndF,270,./data/centercity/images/CAoSF0NJSE0wb2dLRUlDQWdJQ0VucFN2MndF_270.jpg,False
,deploy,6RXeuNivk3iznixVMxyZtw_0,6RXeuNivk3iznixVMxyZtw,0,./data/centercity/images/6RXeuNivk3iznixVMxyZtw_0.jpg,False
,deploy,6RXeuNivk3iznixVMxyZtw_90,6RXeuNivk3iznixVMxyZtw,90,./data/centercity/images/6RXeuNivk3iznixVMxyZtw_90.jpg,False
,deploy,6RXeuNivk3iznixVMxyZtw_180,6RXeuNivk3iznixVMxyZtw,180,./data/centercity/images/6RXeuNivk3iznixVMxyZtw_180.jpg,False
,deploy,6RXeuNivk3iznixVMxyZtw_270,6RXeuNivk3iznixVMxyZtw,270,./data/centercity/images/6RXeuNivk3iznixVMxyZtw_270.jpg,False
,deploy,EPpmAlVcpPdAofh0UPbOXA_0,EPpmAlVcpPdAofh0UPbOXA,0,./data/centercity/images/EPpmAlVcpPdAofh0UPbOXA_0.jpg,False
,deploy,EPpmAlVcpPdAofh0UPbOXA_90,EPpmAlVcpPdAofh0UPbOXA,90,./data/centercity/images/EPpmAlVcpPdAofh0UPbOXA_90.jpg,False
,deploy,EPpmAlVcpPdAofh0UPbOXA_180,EPpmAlVcpPdAofh0UPbOXA,180,./data/centercity/images/EPpmAlVcpPdAofh0UPbOXA_180.jpg,False
,deploy,EPpmAlVcpPdAofh0UPbOXA_270,EPpmAlVcpPdAofh0UPbOXA,270,./data/centercity/images/EPpmAlVcpPdAofh0UPbOXA_270.jpg,False
,deploy,B5HVzFRSghlGTBnC_pI9Ug_0,B5HVzFRSghlGTBnC_pI9Ug,0,./data/centercity/images/B5HVzFRSghlGTBnC_pI9Ug_0.jpg,False
,deploy,B5HVzFRSghlGTBnC_pI9Ug_90,B5HVzFRSghlGTBnC_pI9Ug,90,./data/centercity/images/B5HVzFRSghlGTBnC_pI9Ug_90.jpg,False
,deploy,B5HVzFRSghlGTBnC_pI9Ug_180,B5HVzFRSghlGTBnC_pI9Ug,180,./data/centercity/images/B5HVzFRSghlGTBnC_pI9Ug_180.jpg,False
,deploy,B5HVzFRSghlGTBnC_pI9Ug_270,B5HVzFRSghlGTBnC_pI9Ug,270,./data/centercity/images/B5HVzFRSghlGTBnC_pI9Ug_270.jpg,False
,deploy,ulYfKm8WVeQlrJ1C0-JrJw_0,ulYfKm8WVeQlrJ1C0-JrJw,0,./data/centercity/images/ulYfKm8WVeQlrJ1C0-JrJw_0.jpg,False
,deploy,ulYfKm8WVeQlrJ1C0-JrJw_90,ulYfKm8WVeQlrJ1C0-JrJw,90,./data/centercity/images/ulYfKm8WVeQlrJ1C0-JrJw_90.jpg,False
,deploy,ulYfKm8WVeQlrJ1C0-JrJw_180,ulYfKm8WVeQlrJ1C0-JrJw,180,./data/centercity/images/ulYfKm8WVeQlrJ1C0-JrJw_180.jpg,False
,deploy,ulYfKm8WVeQlrJ1C0-JrJw_270,ulYfKm8WVeQlrJ1C0-JrJw,270,./data/centercity/images/ulYfKm8WVeQlrJ1C0-JrJw_270.jpg,False
,deploy,_K5Rj_TBEQF3efYJtVTJ0w_0,_K5Rj_TBEQF3efYJtVTJ0w,0,./data/centercity/images/_K5Rj_TBEQF3efYJtVTJ0w_0.jpg,False
,deploy,_K5Rj_TBEQF3efYJtVTJ0w_90,_K5Rj_TBEQF3efYJtVTJ0w,90,./data/centercity/images/_K5Rj_TBEQF3efYJtVTJ0w_90.jpg,False
,deploy,_K5Rj_TBEQF3efYJtVTJ0w_180,_K5Rj_TBEQF3efYJtVTJ0w,180,./data/centercity/images/_K5Rj_TBEQF3efYJtVTJ0w_180.jpg,False
,deploy,_K5Rj_TBEQF3efYJtVTJ0w_270,_K5Rj_TBEQF3efYJtVTJ0w,270,./data/centercity/images/_K5Rj_TBEQF3efYJtVTJ0w_270.jpg,False
,deploy,CibYLJ7AsmTYA6l6G4ToPg_0,CibYLJ7AsmTYA6l6G4ToPg,0,./data/centercity/images/CibYLJ7AsmTYA6l6G4ToPg_0.jpg,False
,deploy,CibYLJ7AsmTYA6l6G4ToPg_90,CibYLJ7AsmTYA6l6G4ToPg,90,./data/centercity/images/CibYLJ7AsmTYA6l6G4ToPg_90.jpg,False
,deploy,CibYLJ7AsmTYA6l6G4ToPg_180,CibYLJ7AsmTYA6l6G4ToPg,180,./data/centercity/images/CibYLJ7AsmTYA6l6G4ToPg_180.jpg,False
,deploy,CibYLJ7AsmTYA6l6G4ToPg_270,CibYLJ7AsmTYA6l6G4ToPg,270,./data/centercity/images/CibYLJ7AsmTYA6l6G4ToPg_270.jpg,False
,deploy,BNlkxZsGdjq29ZHw0S68XA_0,BNlkxZsGdjq29ZHw0S68XA,0,./data/centercity/images/BNlkxZsGdjq29ZHw0S68XA_0.jpg,False
,deploy,BNlkxZsGdjq29ZHw0S68XA_90,BNlkxZsGdjq29ZHw0S68XA,90,./data/centercity/images/BNlkxZsGdjq29ZHw0S68XA_90.jpg,False
,deploy,BNlkxZsGdjq29ZHw0S68XA_180,BNlkxZsGdjq29ZHw0S68XA,180,./data/centercity/images/BNlkxZsGdjq29ZHw0S68XA_180.jpg,False
,deploy,BNlkxZsGdjq29ZHw0S68XA_270,BNlkxZsGdjq29ZHw0S68XA,270,./data/centercity/images/BNlkxZsGdjq29ZHw0S68XA_270.jpg,False
,deploy,7yEpdxs0CnD_tgqQR_3xxg_0,7yEpdxs0CnD_tgqQR_3xxg,0,./data/centercity/images/7yEpdxs0CnD_tgqQR_3xxg_0.jpg,False
,deploy,7yEpdxs0CnD_tgqQR_3xxg_90,7yEpdxs0CnD_tgqQR_3xxg,90,./data/centercity/images/7yEpdxs0CnD_tgqQR_3xxg_90.jpg,False
,deploy,7yEpdxs0CnD_tgqQR_3xxg_180,7yEpdxs0CnD_tgqQR_3xxg,180,./data/centercity/images/7yEpdxs0CnD_tgqQR_3xxg_180.jpg,False
,deploy,7yEpdxs0CnD_tgqQR_3xxg_270,7yEpdxs0CnD_tgqQR_3xxg,270,./data/centercity/images/7yEpdxs0CnD_tgqQR_3xxg_270.jpg,False
,deploy,CAoSFkNJSE0wb2dLRUlDQWdJRE9nZGVpZXc._0,CAoSFkNJSE0wb2dLRUlDQWdJRE9nZGVpZXc.,0,./data/centercity/images/CAoSFkNJSE0wb2dLRUlDQWdJRE9nZGVpZXc._0.jpg,False
,deploy,CAoSFkNJSE0wb2dLRUlDQWdJRE9nZGVpZXc._90,CAoSFkNJSE0wb2dLRUlDQWdJRE9nZGVpZXc.,90,./data/centercity/images/CAoSFkNJSE0wb2dLRUlDQWdJRE9nZGVpZXc._90.jpg,False
,deploy,CAoSFkNJSE0wb2dLRUlDQWdJRE9nZGVpZXc._180,CAoSFkNJSE0wb2dLRUlDQWdJRE9nZGVpZXc.,180,./data/centercity/images/CAoSFkNJSE0wb2dLRUlDQWdJRE9nZGVpZXc._180.jpg,False
,deploy,CAoSFkNJSE0wb2dLRUlDQWdJRE9nZGVpZXc._270,CAoSFkNJSE0wb2dLRUlDQWdJRE9nZGVpZXc.,270,./data/centercity/images/CAoSFkNJSE0wb2dLRUlDQWdJRE9nZGVpZXc._270.jpg,False
,deploy,CAoSFENJSE0wb2dLRUlDQWdJRE8zdDFp_0,CAoSFENJSE0wb2dLRUlDQWdJRE8zdDFp,0,./data/centercity/images/CAoSFENJSE0wb2dLRUlDQWdJRE8zdDFp_0.jpg,False
,deploy,CAoSFENJSE0wb2dLRUlDQWdJRE8zdDFp_90,CAoSFENJSE0wb2dLRUlDQWdJRE8zdDFp,90,./data/centercity/images/CAoSFENJSE0wb2dLRUlDQWdJRE8zdDFp_90.jpg,False
,deploy,CAoSFENJSE0wb2dLRUlDQWdJRE8zdDFp_180,CAoSFENJSE0wb2dLRUlDQWdJRE8zdDFp,180,./data/centercity/images/CAoSFENJSE0wb2dLRUlDQWdJRE8zdDFp_180.jpg,False
,deploy,CAoSFENJSE0wb2dLRUlDQWdJRE8zdDFp_270,CAoSFENJSE0wb2dLRUlDQWdJRE8zdDFp,270,./data/centercity/images/CAoSFENJSE0wb2dLRUlDQWdJRE8zdDFp_270.jpg,False
,deploy,LpoBDck0XyJzkI-2Y45LTA_0,LpoBDck0XyJzkI-2Y45LTA,0,./data/centercity/images/LpoBDck0XyJzkI-2Y45LTA_0.jpg,False
,deploy,LpoBDck0XyJzkI-2Y45LTA_90,LpoBDck0XyJzkI-2Y45LTA,90,./data/centercity/images/LpoBDck0XyJzkI-2Y45LTA_90.jpg,False
,deploy,LpoBDck0XyJzkI-2Y45LTA_180,LpoBDck0XyJzkI-2Y45LTA,180,./data/centercity/images/LpoBDck0XyJzkI-2Y45LTA_180.jpg,False
,deploy,LpoBDck0XyJzkI-2Y45LTA_270,LpoBDck0XyJzkI-2Y45LTA,270,./data/centercity/images/LpoBDck0XyJzkI-2Y45LTA_270.jpg,False
,deploy,CAoSF0NJSE0wb2dLRUlDQWdJRE9nZGZpcUFF_0,CAoSF0NJSE0wb2dLRUlDQWdJRE9nZGZpcUFF,0,./data/centercity/images/CAoSF0NJSE0wb2dLRUlDQWdJRE9nZGZpcUFF_0.jpg,False
,deploy,CAoSF0NJSE0wb2dLRUlDQWdJRE9nZGZpcUFF_90,CAoSF0NJSE0wb2dLRUlDQWdJRE9nZGZpcUFF,90,./data/centercity/images/CAoSF0NJSE0wb2dLRUlDQWdJRE9nZGZpcUFF_90.jpg,False
,deploy,CAoSF0NJSE0wb2dLRUlDQWdJRE9nZGZpcUFF_180,CAoSF0NJSE0wb2dLRUlDQWdJRE9nZGZpcUFF,180,./data/centercity/images/CAoSF0NJSE0wb2dLRUlDQWdJRE9nZGZpcUFF_180.jpg,False
,deploy,CAoSF0NJSE0wb2dLRUlDQWdJRE9nZGZpcUFF_270,CAoSF0NJSE0wb2dLRUlDQWdJRE9nZGZpcUFF,270,./data/centercity/images/CAoSF0NJSE0wb2dLRUlDQWdJRE9nZGZpcUFF_270.jpg,False
,deploy,Cfy_r_BGvLUaN0n6sXE8Jw_0,Cfy_r_BGvLUaN0n6sXE8Jw,0,./data/centercity/images/Cfy_r_BGvLUaN0n6sXE8Jw_0.jpg,False
,deploy,Cfy_r_BGvLUaN0n6sXE8Jw_90,Cfy_r_BGvLUaN0n6sXE8Jw,90,./data/centercity/images/Cfy_r_BGvLUaN0n6sXE8Jw_90.jpg,False
,deploy,Cfy_r_BGvLUaN0n6sXE8Jw_180,Cfy_r_BGvLUaN0n6sXE8Jw,180,./data/centercity/images/Cfy_r_BGvLUaN0n6sXE8Jw_180.jpg,False
,deploy,Cfy_r_BGvLUaN0n6sXE8Jw_270,Cfy_r_BGvLUaN0n6sXE8Jw,270,./data/centercity/images/Cfy_r_BGvLUaN0n6sXE8Jw_270.jpg,False
,deploy,eHxaV2H5a_Ix4tXOyPubxQ_0,eHxaV2H5a_Ix4tXOyPubxQ,0,./data/centercity/images/eHxaV2H5a_Ix4tXOyPubxQ_0.jpg,False
,deploy,eHxaV2H5a_Ix4tXOyPubxQ_90,eHxaV2H5a_Ix4tXOyPubxQ,90,./data/centercity/images/eHxaV2H5a_Ix4tXOyPubxQ_90.jpg,False
,deploy,eHxaV2H5a_Ix4tXOyPubxQ_180,eHxaV2H5a_Ix4tXOyPubxQ,180,./data/centercity/images/eHxaV2H5a_Ix4tXOyPubxQ_180.jpg,False
,deploy,eHxaV2H5a_Ix4tXOyPubxQ_270,eHxaV2H5a_Ix4tXOyPubxQ,270,./data/centercity/images/eHxaV2H5a_Ix4tXOyPubxQ_270.jpg,False
,deploy,k2nAn6W7yj30KigsbF6ZgA_0,k2nAn6W7yj30KigsbF6ZgA,0,./data/centercity/images/k2nAn6W7yj30KigsbF6ZgA_0.jpg,False
,deploy,k2nAn6W7yj30KigsbF6ZgA_90,k2nAn6W7yj30KigsbF6ZgA,90,./data/centercity/images/k2nAn6W7yj30KigsbF6ZgA_90.jpg,False
,deploy,k2nAn6W7yj30KigsbF6ZgA_180,k2nAn6W7yj30KigsbF6ZgA,180,./data/centercity/images/k2nAn6W7yj30KigsbF6ZgA_180.jpg,False
,deploy,k2nAn6W7yj30KigsbF6ZgA_270,k2nAn6W7yj30KigsbF6ZgA,270,./data/centercity/images/k2nAn6W7yj30KigsbF6ZgA_270.jpg,False
,deploy,8xhUOmxQxR1Gu1jkStNxOQ_0,8xhUOmxQxR1Gu1jkStNxOQ,0,./data/centercity/images/8xhUOmxQxR1Gu1jkStNxOQ_0.jpg,False
,deploy,8xhUOmxQxR1Gu1jkStNxOQ_90,8xhUOmxQxR1Gu1jkStNxOQ,90,./data/centercity/images/8xhUOmxQxR1Gu1jkStNxOQ_90.jpg,False
,deploy,8xhUOmxQxR1Gu1jkStNxOQ_180,8xhUOmxQxR1Gu1jkStNxOQ,180,./data/centercity/images/8xhUOmxQxR1Gu1jkStNxOQ_180.jpg,False
,deploy,8xhUOmxQxR1Gu1jkStNxOQ_270,8xhUOmxQxR1Gu1jkStNxOQ,270,./data/centercity/images/8xhUOmxQxR1Gu1jkStNxOQ_270.jpg,False
,deploy,9uBZeOvcbzkNvJdRyCUjYQ_0,9uBZeOvcbzkNvJdRyCUjYQ,0,./data/centercity/images/9uBZeOvcbzkNvJdRyCUjYQ_0.jpg,False
,deploy,9uBZeOvcbzkNvJdRyCUjYQ_90,9uBZeOvcbzkNvJdRyCUjYQ,90,./data/centercity/images/9uBZeOvcbzkNvJdRyCUjYQ_90.jpg,False
,deploy,9uBZeOvcbzkNvJdRyCUjYQ_180,9uBZeOvcbzkNvJdRyCUjYQ,180,./data/centercity/images/9uBZeOvcbzkNvJdRyCUjYQ_180.jpg,False
,deploy,9uBZeOvcbzkNvJdRyCUjYQ_270,9uBZeOvcbzkNvJdRyCUjYQ,270,./data/centercity/images/9uBZeOvcbzkNvJdRyCUjYQ_270.jpg,False
,deploy,CAoSFkNJSE0wb2dLRUlDQWdJRE9nWmVORXc._0,CAoSFkNJSE0wb2dLRUlDQWdJRE9nWmVORXc.,0,./data/centercity/images/CAoSFkNJSE0wb2dLRUlDQWdJRE9nWmVORXc._0.jpg,False
,deploy,CAoSFkNJSE0wb2dLRUlDQWdJRE9nWmVORXc._90,CAoSFkNJSE0wb2dLRUlDQWdJRE9nWmVORXc.,90,./data/centercity/images/CAoSFkNJSE0wb2dLRUlDQWdJRE9nWmVORXc._90.jpg,False
,deploy,CAoSFkNJSE0wb2dLRUlDQWdJRE9nWmVORXc._180,CAoSFkNJSE0wb2dLRUlDQWdJRE9nWmVORXc.,180,./data/centercity/images/CAoSFkNJSE0wb2dLRUlDQWdJRE9nWmVORXc._180.jpg,False
,deploy,CAoSFkNJSE0wb2dLRUlDQWdJRE9nWmVORXc._270,CAoSFkNJSE0wb2dLRUlDQWdJRE9nWmVORXc.,270,./data/centercity/images/CAoSFkNJSE0wb2dLRUlDQWdJRE9nWmVORXc._270.jpg,False
,deploy,bdLv17WJzt7-P9JNjY18aQ_0,bdLv17WJzt7-P9JNjY18aQ,0,./data/centercity/images/bdLv17WJzt7-P9JNjY18aQ_0.jpg,False
,deploy,bdLv17WJzt7-P9JNjY18aQ_90,bdLv17WJzt7-P9JNjY18aQ,90,./data/centercity/images/bdLv17WJzt7-P9JNjY18aQ_90.jpg,False
,deploy,bdLv17WJzt7-P9JNjY18aQ_180,bdLv17WJzt7-P9JNjY18aQ,180,./data/centercity/images/bdLv17WJzt7-P9JNjY18aQ_180.jpg,False
,deploy,bdLv17WJzt7-P9JNjY18aQ_270,bdLv17WJzt7-P9JNjY18aQ,270,./data/centercity/images/bdLv17WJzt7-P9JNjY18aQ_270.jpg,False
,deploy,E3aogIRIW0psnjNIHma2iQ_0,E3aogIRIW0psnjNIHma2iQ,0,./data/centercity/images/E3aogIRIW0psnjNIHma2iQ_0.jpg,False
,deploy,E3aogIRIW0psnjNIHma2iQ_90,E3aogIRIW0psnjNIHma2iQ,90,./data/centercity/images/E3aogIRIW0psnjNIHma2iQ_90.jpg,False
,deploy,E3aogIRIW0psnjNIHma2iQ_180,E3aogIRIW0psnjNIHma2iQ,180,./data/centercity/images/E3aogIRIW0psnjNIHma2iQ_180.jpg,False
,deploy,E3aogIRIW0psnjNIHma2iQ_270,E3aogIRIW0psnjNIHma2iQ,270,./data/centercity/images/E3aogIRIW0psnjNIHma2iQ_270.jpg,False
,deploy,CAoSF0NJSE0wb2dLRUlDQWdJRE9nWWJYNlFF_0,CAoSF0NJSE0wb2dLRUlDQWdJRE9nWWJYNlFF,0,./data/centercity/images/CAoSF0NJSE0wb2dLRUlDQWdJRE9nWWJYNlFF_0.jpg,False
,deploy,CAoSF0NJSE0wb2dLRUlDQWdJRE9nWWJYNlFF_90,CAoSF0NJSE0wb2dLRUlDQWdJRE9nWWJYNlFF,90,./data/centercity/images/CAoSF0NJSE0wb2dLRUlDQWdJRE9nWWJYNlFF_90.jpg,False
,deploy,CAoSF0NJSE0wb2dLRUlDQWdJRE9nWWJYNlFF_180,CAoSF0NJSE0wb2dLRUlDQWdJRE9nWWJYNlFF,180,./data/centercity/images/CAoSF0NJSE0wb2dLRUlDQWdJRE9nWWJYNlFF_180.jpg,False
,deploy,CAoSF0NJSE0wb2dLRUlDQWdJRE9nWWJYNlFF_270,CAoSF0NJSE0wb2dLRUlDQWdJRE9nWWJYNlFF,270,./data/centercity/images/CAoSF0NJSE0wb2dLRUlDQWdJRE9nWWJYNlFF_270.jpg,False
,deploy,uvtq9XWCSKMfMpKmYdCOzg_0,uvtq9XWCSKMfMpKmYdCOzg,0,./data/centercity/images/uvtq9XWCSKMfMpKmYdCOzg_0.jpg,False
,deploy,uvtq9XWCSKMfMpKmYdCOzg_90,uvtq9XWCSKMfMpKmYdCOzg,90,./data/centercity/images/uvtq9XWCSKMfMpKmYdCOzg_90.jpg,False
,deploy,uvtq9XWCSKMfMpKmYdCOzg_180,uvtq9XWCSKMfMpKmYdCOzg,180,./data/centercity/images/uvtq9XWCSKMfMpKmYdCOzg_180.jpg,False
,deploy,uvtq9XWCSKMfMpKmYdCOzg_270,uvtq9XWCSKMfMpKmYdCOzg,270,./data/centercity/images/uvtq9XWCSKMfMpKmYdCOzg_270.jpg,False
,deploy,hvgDvRO7eI9W4ylNB7M22w_0,hvgDvRO7eI9W4ylNB7M22w,0,./data/centercity/images/hvgDvRO7eI9W4ylNB7M22w_0.jpg,False
,deploy,hvgDvRO7eI9W4ylNB7M22w_90,hvgDvRO7eI9W4ylNB7M22w,90,./data/centercity/images/hvgDvRO7eI9W4ylNB7M22w_90.jpg,False
,deploy,hvgDvRO7eI9W4ylNB7M22w_180,hvgDvRO7eI9W4ylNB7M22w,180,./data/centercity/images/hvgDvRO7eI9W4ylNB7M22w_180.jpg,False
,deploy,hvgDvRO7eI9W4ylNB7M22w_270,hvgDvRO7eI9W4ylNB7M22w,270,./data/centercity/images/hvgDvRO7eI9W4ylNB7M22w_270.jpg,False
,deploy,bbp9ZQlVygOeUSZUsl-MmQ_0,bbp9ZQlVygOeUSZUsl-MmQ,0,./data/centercity/images/bbp9ZQlVygOeUSZUsl-MmQ_0.jpg,False
,deploy,bbp9ZQlVygOeUSZUsl-MmQ_90,bbp9ZQlVygOeUSZUsl-MmQ,90,./data/centercity/images/bbp9ZQlVygOeUSZUsl-MmQ_90.jpg,False
,deploy,bbp9ZQlVygOeUSZUsl-MmQ_180,bbp9ZQlVygOeUSZUsl-MmQ,180,./data/centercity/images/bbp9ZQlVygOeUSZUsl-MmQ_180.jpg,False
,deploy,bbp9ZQlVygOeUSZUsl-MmQ_270,bbp9ZQlVygOeUSZUsl-MmQ,270,./data/centercity/images/bbp9ZQlVygOeUSZUsl-MmQ_270.jpg,False
,deploy,x5Hlmu6B2JTb0QmGC8rFdQ_0,x5Hlmu6B2JTb0QmGC8rFdQ,0,./data/centercity/images/x5Hlmu6B2JTb0QmGC8rFdQ_0.jpg,False
,deploy,x5Hlmu6B2JTb0QmGC8rFdQ_90,x5Hlmu6B2JTb0QmGC8rFdQ,90,./data/centercity/images/x5Hlmu6B2JTb0QmGC8rFdQ_90.jpg,False
,deploy,x5Hlmu6B2JTb0QmGC8rFdQ_180,x5Hlmu6B2JTb0QmGC8rFdQ,180,./data/centercity/images/x5Hlmu6B2JTb0QmGC8rFdQ_180.jpg,False
,deploy,x5Hlmu6B2JTb0QmGC8rFdQ_270,x5Hlmu6B2JTb0QmGC8rFdQ,270,./data/centercity/images/x5Hlmu6B2JTb0QmGC8rFdQ_270.jpg,False
,deploy,0gKKB8gFx-BkLFpx-CgDyw_0,0gKKB8gFx-BkLFpx-CgDyw,0,./data/centercity/images/0gKKB8gFx-BkLFpx-CgDyw_0.jpg,False
,deploy,0gKKB8gFx-BkLFpx-CgDyw_90,0gKKB8gFx-BkLFpx-CgDyw,90,./data/centercity/images/0gKKB8gFx-BkLFpx-CgDyw_90.jpg,False
,deploy,0gKKB8gFx-BkLFpx-CgDyw_180,0gKKB8gFx-BkLFpx-CgDyw,180,./data/centercity/images/0gKKB8gFx-BkLFpx-CgDyw_180.jpg,False
,deploy,0gKKB8gFx-BkLFpx-CgDyw_270,0gKKB8gFx-BkLFpx-CgDyw,270,./data/centercity/images/0gKKB8gFx-BkLFpx-CgDyw_270.jpg,False
,deploy,CAoSFkNJSE0wb2dLRUlDQWdJREdrZkRhVWc._0,CAoSFkNJSE0wb2dLRUlDQWdJREdrZkRhVWc.,0,./data/centercity/images/CAoSFkNJSE0wb2dLRUlDQWdJREdrZkRhVWc._0.jpg,False
,deploy,CAoSFkNJSE0wb2dLRUlDQWdJREdrZkRhVWc._90,CAoSFkNJSE0wb2dLRUlDQWdJREdrZkRhVWc.,90,./data/centercity/images/CAoSFkNJSE0wb2dLRUlDQWdJREdrZkRhVWc._90.jpg,False
,deploy,CAoSFkNJSE0wb2dLRUlDQWdJREdrZkRhVWc._180,CAoSFkNJSE0wb2dLRUlDQWdJREdrZkRhVWc.,180,./data/centercity/images/CAoSFkNJSE0wb2dLRUlDQWdJREdrZkRhVWc._180.jpg,False
,deploy,CAoSFkNJSE0wb2dLRUlDQWdJREdrZkRhVWc._270,CAoSFkNJSE0wb2dLRUlDQWdJREdrZkRhVWc.,270,./data/centercity/images/CAoSFkNJSE0wb2dLRUlDQWdJREdrZkRhVWc._270.jpg,False
,deploy,Iklt51Pytl1NP0I2BzZDUg_0,Iklt51Pytl1NP0I2BzZDUg,0,./data/centercity/images/Iklt51Pytl1NP0I2BzZDUg_0.jpg,False
,deploy,Iklt51Pytl1NP0I2BzZDUg_90,Iklt51Pytl1NP0I2BzZDUg,90,./data/centercity/images/Iklt51Pytl1NP0I2BzZDUg_90.jpg,False
,deploy,Iklt51Pytl1NP0I2BzZDUg_180,Iklt51Pytl1NP0I2BzZDUg,180,./data/centercity/images/Iklt51Pytl1NP0I2BzZDUg_180.jpg,False
,deploy,Iklt51Pytl1NP0I2BzZDUg_270,Iklt51Pytl1NP0I2BzZDUg,270,./data/centercity/images/Iklt51Pytl1NP0I2BzZDUg_270.jpg,False
,deploy,CAoSF0NJSE0wb2dLRUlDQWdJRGEyWTJJM3dF_0,CAoSF0NJSE0wb2dLRUlDQWdJRGEyWTJJM3dF,0,./data/centercity/images/CAoSF0NJSE0wb2dLRUlDQWdJRGEyWTJJM3dF_0.jpg,False
,deploy,CAoSF0NJSE0wb2dLRUlDQWdJRGEyWTJJM3dF_90,CAoSF0NJSE0wb2dLRUlDQWdJRGEyWTJJM3dF,90,./data/centercity/images/CAoSF0NJSE0wb2dLRUlDQWdJRGEyWTJJM3dF_90.jpg,False
,deploy,CAoSF0NJSE0wb2dLRUlDQWdJRGEyWTJJM3dF_180,CAoSF0NJSE0wb2dLRUlDQWdJRGEyWTJJM3dF,180,./data/centercity/images/CAoSF0NJSE0wb2dLRUlDQWdJRGEyWTJJM3dF_180.jpg,False
,deploy,CAoSF0NJSE0wb2dLRUlDQWdJRGEyWTJJM3dF_270,CAoSF0NJSE0wb2dLRUlDQWdJRGEyWTJJM3dF,270,./data/centercity/images/CAoSF0NJSE0wb2dLRUlDQWdJRGEyWTJJM3dF_270.jpg,False
,deploy,WdvXNn5yY7qID_BT9b_LDQ_0,WdvXNn5yY7qID_BT9b_LDQ,0,./data/centercity/images/WdvXNn5yY7qID_BT9b_LDQ_0.jpg,False
,deploy,WdvXNn5yY7qID_BT9b_LDQ_90,WdvXNn5yY7qID_BT9b_LDQ,90,./data/centercity/images/WdvXNn5yY7qID_BT9b_LDQ_90.jpg,False
,deploy,WdvXNn5yY7qID_BT9b_LDQ_180,WdvXNn5yY7qID_BT9b_LDQ,180,./data/centercity/images/WdvXNn5yY7qID_BT9b_LDQ_180.jpg,False
,deploy,WdvXNn5yY7qID_BT9b_LDQ_270,WdvXNn5yY7qID_BT9b_LDQ,270,./data/centercity/images/WdvXNn5yY7qID_BT9b_LDQ_270.jpg,False
,deploy,KrTdsIciCfEcKA4uNcXNqA_0,KrTdsIciCfEcKA4uNcXNqA,0,./data/centercity/images/KrTdsIciCfEcKA4uNcXNqA_0.jpg,False
,deploy,KrTdsIciCfEcKA4uNcXNqA_90,KrTdsIciCfEcKA4uNcXNqA,90,./data/centercity/images/KrTdsIciCfEcKA4uNcXNqA_90.jpg,False
,deploy,KrTdsIciCfEcKA4uNcXNqA_180,KrTdsIciCfEcKA4uNcXNqA,180,./data/centercity/images/KrTdsIciCfEcKA4uNcXNqA_180.jpg,False
,deploy,KrTdsIciCfEcKA4uNcXNqA_270,KrTdsIciCfEcKA4uNcXNqA,270,./data/centercity/images/KrTdsIciCfEcKA4uNcXNqA_270.jpg,False
,deploy,lszzuvh7kPXUhxUjZRgatQ_0,lszzuvh7kPXUhxUjZRgatQ,0,./data/centercity/images/lszzuvh7kPXUhxUjZRgatQ_0.jpg,False
,deploy,lszzuvh7kPXUhxUjZRgatQ_90,lszzuvh7kPXUhxUjZRgatQ,90,./data/centercity/images/lszzuvh7kPXUhxUjZRgatQ_90.jpg,False
,deploy,lszzuvh7kPXUhxUjZRgatQ_180,lszzuvh7kPXUhxUjZRgatQ,180,./data/centercity/images/lszzuvh7kPXUhxUjZRgatQ_180.jpg,False
,deploy,lszzuvh7kPXUhxUjZRgatQ_270,lszzuvh7kPXUhxUjZRgatQ,270,./data/centercity/images/lszzuvh7kPXUhxUjZRgatQ_270.jpg,False
,deploy,qTj8uLAR3mU7-1XzeLOfSg_0,qTj8uLAR3mU7-1XzeLOfSg,0,./data/centercity/images/qTj8uLAR3mU7-1XzeLOfSg_0.jpg,False
,deploy,qTj8uLAR3mU7-1XzeLOfSg_90,qTj8uLAR3mU7-1XzeLOfSg,90,./data/centercity/images/qTj8uLAR3mU7-1XzeLOfSg_90.jpg,False
,deploy,qTj8uLAR3mU7-1XzeLOfSg_180,qTj8uLAR3mU7-1XzeLOfSg,180,./data/centercity/images/qTj8uLAR3mU7-1XzeLOfSg_180.jpg,False
,deploy,qTj8uLAR3mU7-1XzeLOfSg_270,qTj8uLAR3mU7-1XzeLOfSg,270,./data/centercity/images/qTj8uLAR3mU7-1XzeLOfSg_270.jpg,False
,deploy,jMqGEYNp8qXwLRARV-FPEQ_0,jMqGEYNp8qXwLRARV-FPEQ,0,./data/centercity/images/jMqGEYNp8qXwLRARV-FPEQ_0.jpg,False
,deploy,jMqGEYNp8qXwLRARV-FPEQ_90,jMqGEYNp8qXwLRARV-FPEQ,90,./data/centercity/images/jMqGEYNp8qXwLRARV-FPEQ_90.jpg,False
,deploy,jMqGEYNp8qXwLRARV-FPEQ_180,jMqGEYNp8qXwLRARV-FPEQ,180,./data/centercity/images/jMqGEYNp8qXwLRARV-FPEQ_180.jpg,False
,deploy,jMqGEYNp8qXwLRARV-FPEQ_270,jMqGEYNp8qXwLRARV-FPEQ,270,./data/centercity/images/jMqGEYNp8qXwLRARV-FPEQ_270.jpg,False
,deploy,mfj8wXRzw6NaI7JmENvdTQ_0,mfj8wXRzw6NaI7JmENvdTQ,0,./data/centercity/images/mfj8wXRzw6NaI7JmENvdTQ_0.jpg,False
,deploy,mfj8wXRzw6NaI7JmENvdTQ_90,mfj8wXRzw6NaI7JmENvdTQ,90,./data/centercity/images/mfj8wXRzw6NaI7JmENvdTQ_90.jpg,False
,deploy,mfj8wXRzw6NaI7JmENvdTQ_180,mfj8wXRzw6NaI7JmENvdTQ,180,./data/centercity/images/mfj8wXRzw6NaI7JmENvdTQ_180.jpg,False
,deploy,mfj8wXRzw6NaI7JmENvdTQ_270,mfj8wXRzw6NaI7JmENvdTQ,270,./data/centercity/images/mfj8wXRzw6NaI7JmENvdTQ_270.jpg,False
,deploy,zcxAKpFGxTLW7RlYWxPxBg_0,zcxAKpFGxTLW7RlYWxPxBg,0,./data/centercity/images/zcxAKpFGxTLW7RlYWxPxBg_0.jpg,False
,deploy,zcxAKpFGxTLW7RlYWxPxBg_90,zcxAKpFGxTLW7RlYWxPxBg,90,./data/centercity/images/zcxAKpFGxTLW7RlYWxPxBg_90.jpg,False
,deploy,zcxAKpFGxTLW7RlYWxPxBg_180,zcxAKpFGxTLW7RlYWxPxBg,180,./data/centercity/images/zcxAKpFGxTLW7RlYWxPxBg_180.jpg,False
,deploy,zcxAKpFGxTLW7RlYWxPxBg_270,zcxAKpFGxTLW7RlYWxPxBg,270,./data/centercity/images/zcxAKpFGxTLW7RlYWxPxBg_270.jpg,False
,deploy,CAoSFkNJSE0wb2dLRUlDQWdJRE8zcDJXRVE._0,CAoSFkNJSE0wb2dLRUlDQWdJRE8zcDJXRVE.,0,./data/centercity/images/CAoSFkNJSE0wb2dLRUlDQWdJRE8zcDJXRVE._0.jpg,False
,deploy,CAoSFkNJSE0wb2dLRUlDQWdJRE8zcDJXRVE._90,CAoSFkNJSE0wb2dLRUlDQWdJRE8zcDJXRVE.,90,./data/centercity/images/CAoSFkNJSE0wb2dLRUlDQWdJRE8zcDJXRVE._90.jpg,False
,deploy,CAoSFkNJSE0wb2dLRUlDQWdJRE8zcDJXRVE._180,CAoSFkNJSE0wb2dLRUlDQWdJRE8zcDJXRVE.,180,./data/centercity/images/CAoSFkNJSE0wb2dLRUlDQWdJRE8zcDJXRVE._180.jpg,False
,deploy,CAoSFkNJSE0wb2dLRUlDQWdJRE8zcDJXRVE._270,CAoSFkNJSE0wb2dLRUlDQWdJRE8zcDJXRVE.,270,./data/centercity/images/CAoSFkNJSE0wb2dLRUlDQWdJRE8zcDJXRVE._270.jpg,False
,deploy,FW52KQ35Rmy43tFnWUXggg_0,FW52KQ35Rmy43tFnWUXggg,0,./data/centercity/images/FW52KQ35Rmy43tFnWUXggg_0.jpg,False
,deploy,FW52KQ35Rmy43tFnWUXggg_90,FW52KQ35Rmy43tFnWUXggg,90,./data/centercity/images/FW52KQ35Rmy43tFnWUXggg_90.jpg,False
,deploy,FW52KQ35Rmy43tFnWUXggg_180,FW52KQ35Rmy43tFnWUXggg,180,./data/centercity/images/FW52KQ35Rmy43tFnWUXggg_180.jpg,False
,deploy,FW52KQ35Rmy43tFnWUXggg_270,FW52KQ35Rmy43tFnWUXggg,270,./data/centercity/images/FW52KQ35Rmy43tFnWUXggg_270.jpg,False
,deploy,CAoSFkNJSE0wb2dLRUlDQWdJRE9nYzdxS0E._0,CAoSFkNJSE0wb2dLRUlDQWdJRE9nYzdxS0E.,0,./data/centercity/images/CAoSFkNJSE0wb2dLRUlDQWdJRE9nYzdxS0E._0.jpg,False
,deploy,CAoSFkNJSE0wb2dLRUlDQWdJRE9nYzdxS0E._90,CAoSFkNJSE0wb2dLRUlDQWdJRE9nYzdxS0E.,90,./data/centercity/images/CAoSFkNJSE0wb2dLRUlDQWdJRE9nYzdxS0E._90.jpg,False
,deploy,CAoSFkNJSE0wb2dLRUlDQWdJRE9nYzdxS0E._180,CAoSFkNJSE0wb2dLRUlDQWdJRE9nYzdxS0E.,180,./data/centercity/images/CAoSFkNJSE0wb2dLRUlDQWdJRE9nYzdxS0E._180.jpg,False
,deploy,CAoSFkNJSE0wb2dLRUlDQWdJRE9nYzdxS0E._270,CAoSFkNJSE0wb2dLRUlDQWdJRE9nYzdxS0E.,270,./data/centercity/images/CAoSFkNJSE0wb2dLRUlDQWdJRE9nYzdxS0E._270.jpg,False
,deploy,GF_8zt90QGezM1QA347UUw_0,GF_8zt90QGezM1QA347UUw,0,./data/centercity/images/GF_8zt90QGezM1QA347UUw_0.jpg,False
,deploy,GF_8zt90QGezM1QA347UUw_90,GF_8zt90QGezM1QA347UUw,90,./data/centercity/images/GF_8zt90QGezM1QA347UUw_90.jpg,False
,deploy,GF_8zt90QGezM1QA347UUw_180,GF_8zt90QGezM1QA347UUw,180,./data/centercity/images/GF_8zt90QGezM1QA347UUw_180.jpg,False
,deploy,GF_8zt90QGezM1QA347UUw_270,GF_8zt90QGezM1QA347UUw,270,./data/centercity/images/GF_8zt90QGezM1QA347UUw_270.jpg,False
,deploy,9Bkne8K5VB2k1U0hnwGLxA_0,9Bkne8K5VB2k1U0hnwGLxA,0,./data/centercity/images/9Bkne8K5VB2k1U0hnwGLxA_0.jpg,False
,deploy,9Bkne8K5VB2k1U0hnwGLxA_90,9Bkne8K5VB2k1U0hnwGLxA,90,./data/centercity/images/9Bkne8K5VB2k1U0hnwGLxA_90.jpg,False
,deploy,9Bkne8K5VB2k1U0hnwGLxA_180,9Bkne8K5VB2k1U0hnwGLxA,180,./data/centercity/images/9Bkne8K5VB2k1U0hnwGLxA_180.jpg,False
,deploy,9Bkne8K5VB2k1U0hnwGLxA_270,9Bkne8K5VB2k1U0hnwGLxA,270,./data/centercity/images/9Bkne8K5VB2k1U0hnwGLxA_270.jpg,False
,deploy,YKeAcYkGXP1VFt-Xtgj70w_0,YKeAcYkGXP1VFt-Xtgj70w,0,./data/centercity/images/YKeAcYkGXP1VFt-Xtgj70w_0.jpg,False
,deploy,YKeAcYkGXP1VFt-Xtgj70w_90,YKeAcYkGXP1VFt-Xtgj70w,90,./data/centercity/images/YKeAcYkGXP1VFt-Xtgj70w_90.jpg,False
,deploy,YKeAcYkGXP1VFt-Xtgj70w_180,YKeAcYkGXP1VFt-Xtgj70w,180,./data/centercity/images/YKeAcYkGXP1VFt-Xtgj70w_180.jpg,False
,deploy,YKeAcYkGXP1VFt-Xtgj70w_270,YKeAcYkGXP1VFt-Xtgj70w,270,./data/centercity/images/YKeAcYkGXP1VFt-Xtgj70w_270.jpg,False
,deploy,8kP1j6-zk2pIs-5m_K1SpQ_0,8kP1j6-zk2pIs-5m_K1SpQ,0,./data/centercity/images/8kP1j6-zk2pIs-5m_K1SpQ_0.jpg,False
,deploy,8kP1j6-zk2pIs-5m_K1SpQ_90,8kP1j6-zk2pIs-5m_K1SpQ,90,./data/centercity/images/8kP1j6-zk2pIs-5m_K1SpQ_90.jpg,False
,deploy,8kP1j6-zk2pIs-5m_K1SpQ_180,8kP1j6-zk2pIs-5m_K1SpQ,180,./data/centercity/images/8kP1j6-zk2pIs-5m_K1SpQ_180.jpg,False
,deploy,8kP1j6-zk2pIs-5m_K1SpQ_270,8kP1j6-zk2pIs-5m_K1SpQ,270,./data/centercity/images/8kP1j6-zk2pIs-5m_K1SpQ_270.jpg,False
,deploy,saUXa0tIbrxKgf1Uualbww_0,saUXa0tIbrxKgf1Uualbww,0,./data/centercity/images/saUXa0tIbrxKgf1Uualbww_0.jpg,False
,deploy,saUXa0tIbrxKgf1Uualbww_90,saUXa0tIbrxKgf1Uualbww,90,./data/centercity/images/saUXa0tIbrxKgf1Uualbww_90.jpg,False
,deploy,saUXa0tIbrxKgf1Uualbww_180,saUXa0tIbrxKgf1Uualbww,180,./data/centercity/images/saUXa0tIbrxKgf1Uualbww_180.jpg,False
,deploy,saUXa0tIbrxKgf1Uualbww_270,saUXa0tIbrxKgf1Uualbww,270,./data/centercity/images/saUXa0tIbrxKgf1Uualbww_270.jpg,False
,deploy,KzaxmqZrxK1YUmblKr1t4Q_0,KzaxmqZrxK1YUmblKr1t4Q,0,./data/centercity/images/KzaxmqZrxK1YUmblKr1t4Q_0.jpg,False
,deploy,KzaxmqZrxK1YUmblKr1t4Q_90,KzaxmqZrxK1YUmblKr1t4Q,90,./data/centercity/images/KzaxmqZrxK1YUmblKr1t4Q_90.jpg,False
,deploy,KzaxmqZrxK1YUmblKr1t4Q_180,KzaxmqZrxK1YUmblKr1t4Q,180,./data/centercity/images/KzaxmqZrxK1YUmblKr1t4Q_180.jpg,False
,deploy,KzaxmqZrxK1YUmblKr1t4Q_270,KzaxmqZrxK1YUmblKr1t4Q,270,./data/centercity/images/KzaxmqZrxK1YUmblKr1t4Q_270.jpg,False
,deploy,y73miUyvtpXTfzZfjkN7xA_0,y73miUyvtpXTfzZfjkN7xA,0,./data/centercity/images/y73miUyvtpXTfzZfjkN7xA_0.jpg,False
,deploy,y73miUyvtpXTfzZfjkN7xA_90,y73miUyvtpXTfzZfjkN7xA,90,./data/centercity/images/y73miUyvtpXTfzZfjkN7xA_90.jpg,False
,deploy,y73miUyvtpXTfzZfjkN7xA_180,y73miUyvtpXTfzZfjkN7xA,180,./data/centercity/images/y73miUyvtpXTfzZfjkN7xA_180.jpg,False
,deploy,y73miUyvtpXTfzZfjkN7xA_270,y73miUyvtpXTfzZfjkN7xA,270,./data/centercity/images/y73miUyvtpXTfzZfjkN7xA_270.jpg,False
,deploy,vpcmKLRfR5Jt8ToEZEJA9w_0,vpcmKLRfR5Jt8ToEZEJA9w,0,./data/centercity/images/vpcmKLRfR5Jt8ToEZEJA9w_0.jpg,False
,deploy,vpcmKLRfR5Jt8ToEZEJA9w_90,vpcmKLRfR5Jt8ToEZEJA9w,90,./data/centercity/images/vpcmKLRfR5Jt8ToEZEJA9w_90.jpg,False
,deploy,vpcmKLRfR5Jt8ToEZEJA9w_180,vpcmKLRfR5Jt8ToEZEJA9w,180,./data/centercity/images/vpcmKLRfR5Jt8ToEZEJA9w_180.jpg,False
,deploy,vpcmKLRfR5Jt8ToEZEJA9w_270,vpcmKLRfR5Jt8ToEZEJA9w,270,./data/centercity/images/vpcmKLRfR5Jt8ToEZEJA9w_270.jpg,False
,deploy,HvpMk65pu1-xLHAXzTIn4A_0,HvpMk65pu1-xLHAXzTIn4A,0,./data/centercity/images/HvpMk65pu1-xLHAXzTIn4A_0.jpg,False
,deploy,HvpMk65pu1-xLHAXzTIn4A_90,HvpMk65pu1-xLHAXzTIn4A,90,./data/centercity/images/HvpMk65pu1-xLHAXzTIn4A_90.jpg,False
,deploy,HvpMk65pu1-xLHAXzTIn4A_180,HvpMk65pu1-xLHAXzTIn4A,180,./data/centercity/images/HvpMk65pu1-xLHAXzTIn4A_180.jpg,False
,deploy,HvpMk65pu1-xLHAXzTIn4A_270,HvpMk65pu1-xLHAXzTIn4A,270,./data/centercity/images/HvpMk65pu1-xLHAXzTIn4A_270.jpg,False
,deploy,MJzgFG8cpqQ3Nc3oV8lw1w_0,MJzgFG8cpqQ3Nc3oV8lw1w,0,./data/centercity/images/MJzgFG8cpqQ3Nc3oV8lw1w_0.jpg,False
,deploy,MJzgFG8cpqQ3Nc3oV8lw1w_90,MJzgFG8cpqQ3Nc3oV8lw1w,90,./data/centercity/images/MJzgFG8cpqQ3Nc3oV8lw1w_90.jpg,False
,deploy,MJzgFG8cpqQ3Nc3oV8lw1w_180,MJzgFG8cpqQ3Nc3oV8lw1w,180,./data/centercity/images/MJzgFG8cpqQ3Nc3oV8lw1w_180.jpg,False
,deploy,MJzgFG8cpqQ3Nc3oV8lw1w_270,MJzgFG8cpqQ3Nc3oV8lw1w,270,./data/centercity/images/MJzgFG8cpqQ3Nc3oV8lw1w_270.jpg,False
,deploy,aP2mO4U1bfU7IPahgnzpLw_0,aP2mO4U1bfU7IPahgnzpLw,0,./data/centercity/images/aP2mO4U1bfU7IPahgnzpLw_0.jpg,False
,deploy,aP2mO4U1bfU7IPahgnzpLw_90,aP2mO4U1bfU7IPahgnzpLw,90,./data/centercity/images/aP2mO4U1bfU7IPahgnzpLw_90.jpg,False
,deploy,aP2mO4U1bfU7IPahgnzpLw_180,aP2mO4U1bfU7IPahgnzpLw,180,./data/centercity/images/aP2mO4U1bfU7IPahgnzpLw_180.jpg,False
,deploy,aP2mO4U1bfU7IPahgnzpLw_270,aP2mO4U1bfU7IPahgnzpLw,270,./data/centercity/images/aP2mO4U1bfU7IPahgnzpLw_270.jpg,False
,deploy,CAoSFkNJSE0wb2dLRUlDQWdJRE92cVRpY3c._0,CAoSFkNJSE0wb2dLRUlDQWdJRE92cVRpY3c.,0,./data/centercity/images/CAoSFkNJSE0wb2dLRUlDQWdJRE92cVRpY3c._0.jpg,False
,deploy,CAoSFkNJSE0wb2dLRUlDQWdJRE92cVRpY3c._90,CAoSFkNJSE0wb2dLRUlDQWdJRE92cVRpY3c.,90,./data/centercity/images/CAoSFkNJSE0wb2dLRUlDQWdJRE92cVRpY3c._90.jpg,False
,deploy,CAoSFkNJSE0wb2dLRUlDQWdJRE92cVRpY3c._180,CAoSFkNJSE0wb2dLRUlDQWdJRE92cVRpY3c.,180,./data/centercity/images/CAoSFkNJSE0wb2dLRUlDQWdJRE92cVRpY3c._180.jpg,False
,deploy,CAoSFkNJSE0wb2dLRUlDQWdJRE92cVRpY3c._270,CAoSFkNJSE0wb2dLRUlDQWdJRE92cVRpY3c.,270,./data/centercity/images/CAoSFkNJSE0wb2dLRUlDQWdJRE92cVRpY3c._270.jpg,False
,deploy,4y5Br0kF1mUG_1RyBtvMcw_0,4y5Br0kF1mUG_1RyBtvMcw,0,./data/centercity/images/4y5Br0kF1mUG_1RyBtvMcw_0.jpg,False
,deploy,4y5Br0kF1mUG_1RyBtvMcw_90,4y5Br0kF1mUG_1RyBtvMcw,90,./data/centercity/images/4y5Br0kF1mUG_1RyBtvMcw_90.jpg,False
,deploy,4y5Br0kF1mUG_1RyBtvMcw_180,4y5Br0kF1mUG_1RyBtvMcw,180,./data/centercity/images/4y5Br0kF1mUG_1RyBtvMcw_180.jpg,False
,deploy,4y5Br0kF1mUG_1RyBtvMcw_270,4y5Br0kF1mUG_1RyBtvMcw,270,./data/centercity/images/4y5Br0kF1mUG_1RyBtvMcw_270.jpg,False
,deploy,ylxCL-AGfeKmIc08hQqKnw_0,ylxCL-AGfeKmIc08hQqKnw,0,./data/centercity/images/ylxCL-AGfeKmIc08hQqKnw_0.jpg,False
,deploy,ylxCL-AGfeKmIc08hQqKnw_90,ylxCL-AGfeKmIc08hQqKnw,90,./data/centercity/images/ylxCL-AGfeKmIc08hQqKnw_90.jpg,False
,deploy,ylxCL-AGfeKmIc08hQqKnw_180,ylxCL-AGfeKmIc08hQqKnw,180,./data/centercity/images/ylxCL-AGfeKmIc08hQqKnw_180.jpg,False
,deploy,ylxCL-AGfeKmIc08hQqKnw_270,ylxCL-AGfeKmIc08hQqKnw,270,./data/centercity/images/ylxCL-AGfeKmIc08hQqKnw_270.jpg,False
,deploy,4iQWB7KFZFUFCZAvNsbq3Q_0,4iQWB7KFZFUFCZAvNsbq3Q,0,./data/centercity/images/4iQWB7KFZFUFCZAvNsbq3Q_0.jpg,False
,deploy,4iQWB7KFZFUFCZAvNsbq3Q_90,4iQWB7KFZFUFCZAvNsbq3Q,90,./data/centercity/images/4iQWB7KFZFUFCZAvNsbq3Q_90.jpg,False
,deploy,4iQWB7KFZFUFCZAvNsbq3Q_180,4iQWB7KFZFUFCZAvNsbq3Q,180,./data/centercity/images/4iQWB7KFZFUFCZAvNsbq3Q_180.jpg,False
,deploy,4iQWB7KFZFUFCZAvNsbq3Q_270,4iQWB7KFZFUFCZAvNsbq3Q,270,./data/centercity/images/4iQWB7KFZFUFCZAvNsbq3Q_270.jpg,False
,deploy,HjjShoiDNABqr_FyOXTOEA_0,HjjShoiDNABqr_FyOXTOEA,0,./data/centercity/images/HjjShoiDNABqr_FyOXTOEA_0.jpg,False
,deploy,HjjShoiDNABqr_FyOXTOEA_90,HjjShoiDNABqr_FyOXTOEA,90,./data/centercity/images/HjjShoiDNABqr_FyOXTOEA_90.jpg,False
,deploy,HjjShoiDNABqr_FyOXTOEA_180,HjjShoiDNABqr_FyOXTOEA,180,./data/centercity/images/HjjShoiDNABqr_FyOXTOEA_180.jpg,False
,deploy,HjjShoiDNABqr_FyOXTOEA_270,HjjShoiDNABqr_FyOXTOEA,270,./data/centercity/images/HjjShoiDNABqr_FyOXTOEA_270.jpg,False
,deploy,CAoSF0NJSE0wb2dLRUlDQWdJRGFzYWJzaFFF_0,CAoSF0NJSE0wb2dLRUlDQWdJRGFzYWJzaFFF,0,./data/centercity/images/CAoSF0NJSE0wb2dLRUlDQWdJRGFzYWJzaFFF_0.jpg,False
,deploy,CAoSF0NJSE0wb2dLRUlDQWdJRGFzYWJzaFFF_90,CAoSF0NJSE0wb2dLRUlDQWdJRGFzYWJzaFFF,90,./data/centercity/images/CAoSF0NJSE0wb2dLRUlDQWdJRGFzYWJzaFFF_90.jpg,False
,deploy,CAoSF0NJSE0wb2dLRUlDQWdJRGFzYWJzaFFF_180,CAoSF0NJSE0wb2dLRUlDQWdJRGFzYWJzaFFF,180,./data/centercity/images/CAoSF0NJSE0wb2dLRUlDQWdJRGFzYWJzaFFF_180.jpg,False
,deploy,CAoSF0NJSE0wb2dLRUlDQWdJRGFzYWJzaFFF_270,CAoSF0NJSE0wb2dLRUlDQWdJRGFzYWJzaFFF,270,./data/centercity/images/CAoSF0NJSE0wb2dLRUlDQWdJRGFzYWJzaFFF_270.jpg,False
,deploy,WGZr39JxodWLYfTxfGVyOw_0,WGZr39JxodWLYfTxfGVyOw,0,./data/centercity/images/WGZr39JxodWLYfTxfGVyOw_0.jpg,False
,deploy,WGZr39JxodWLYfTxfGVyOw_90,WGZr39JxodWLYfTxfGVyOw,90,./data/centercity/images/WGZr39JxodWLYfTxfGVyOw_90.jpg,False
,deploy,WGZr39JxodWLYfTxfGVyOw_180,WGZr39JxodWLYfTxfGVyOw,180,./data/centercity/images/WGZr39JxodWLYfTxfGVyOw_180.jpg,False
,deploy,WGZr39JxodWLYfTxfGVyOw_270,WGZr39JxodWLYfTxfGVyOw,270,./data/centercity/images/WGZr39JxodWLYfTxfGVyOw_270.jpg,False
,deploy,LNJ-pfQFX5Ss70BvRe4COg_0,LNJ-pfQFX5Ss70BvRe4COg,0,./data/centercity/images/LNJ-pfQFX5Ss70BvRe4COg_0.jpg,False
,deploy,LNJ-pfQFX5Ss70BvRe4COg_90,LNJ-pfQFX5Ss70BvRe4COg,90,./data/centercity/images/LNJ-pfQFX5Ss70BvRe4COg_90.jpg,False
,deploy,LNJ-pfQFX5Ss70BvRe4COg_180,LNJ-pfQFX5Ss70BvRe4COg,180,./data/centercity/images/LNJ-pfQFX5Ss70BvRe4COg_180.jpg,False
,deploy,LNJ-pfQFX5Ss70BvRe4COg_270,LNJ-pfQFX5Ss70BvRe4COg,270,./data/centercity/images/LNJ-pfQFX5Ss70BvRe4COg_270.jpg,False
,deploy,GB2F2nck0hwZnYR4Lo3RlQ_0,GB2F2nck0hwZnYR4Lo3RlQ,0,./data/centercity/images/GB2F2nck0hwZnYR4Lo3RlQ_0.jpg,False
,deploy,GB2F2nck0hwZnYR4Lo3RlQ_90,GB2F2nck0hwZnYR4Lo3RlQ,90,./data/centercity/images/GB2F2nck0hwZnYR4Lo3RlQ_90.jpg,False
,deploy,GB2F2nck0hwZnYR4Lo3RlQ_180,GB2F2nck0hwZnYR4Lo3RlQ,180,./data/centercity/images/GB2F2nck0hwZnYR4Lo3RlQ_180.jpg,False
,deploy,GB2F2nck0hwZnYR4Lo3RlQ_270,GB2F2nck0hwZnYR4Lo3RlQ,270,./data/centercity/images/GB2F2nck0hwZnYR4Lo3RlQ_270.jpg,False
,deploy,JcXYBBfep9tuzIO9ONFKXA_0,JcXYBBfep9tuzIO9ONFKXA,0,./data/centercity/images/JcXYBBfep9tuzIO9ONFKXA_0.jpg,False
,deploy,JcXYBBfep9tuzIO9ONFKXA_90,JcXYBBfep9tuzIO9ONFKXA,90,./data/centercity/images/JcXYBBfep9tuzIO9ONFKXA_90.jpg,False
,deploy,JcXYBBfep9tuzIO9ONFKXA_180,JcXYBBfep9tuzIO9ONFKXA,180,./data/centercity/images/JcXYBBfep9tuzIO9ONFKXA_180.jpg,False
,deploy,JcXYBBfep9tuzIO9ONFKXA_270,JcXYBBfep9tuzIO9ONFKXA,270,./data/centercity/images/JcXYBBfep9tuzIO9ONFKXA_270.jpg,False
,deploy,CAoSFkNJSE0wb2dLRUlDQWdJRGEyZi1fUFE._0,CAoSFkNJSE0wb2dLRUlDQWdJRGEyZi1fUFE.,0,./data/centercity/images/CAoSFkNJSE0wb2dLRUlDQWdJRGEyZi1fUFE._0.jpg,False
,deploy,CAoSFkNJSE0wb2dLRUlDQWdJRGEyZi1fUFE._90,CAoSFkNJSE0wb2dLRUlDQWdJRGEyZi1fUFE.,90,./data/centercity/images/CAoSFkNJSE0wb2dLRUlDQWdJRGEyZi1fUFE._90.jpg,False
,deploy,CAoSFkNJSE0wb2dLRUlDQWdJRGEyZi1fUFE._180,CAoSFkNJSE0wb2dLRUlDQWdJRGEyZi1fUFE.,180,./data/centercity/images/CAoSFkNJSE0wb2dLRUlDQWdJRGEyZi1fUFE._180.jpg,False
,deploy,CAoSFkNJSE0wb2dLRUlDQWdJRGEyZi1fUFE._270,CAoSFkNJSE0wb2dLRUlDQWdJRGEyZi1fUFE.,270,./data/centercity/images/CAoSFkNJSE0wb2dLRUlDQWdJRGEyZi1fUFE._270.jpg,False
,deploy,_6JCg5piIrxnEL6aftzgYQ_0,_6JCg5piIrxnEL6aftzgYQ,0,./data/centercity/images/_6JCg5piIrxnEL6aftzgYQ_0.jpg,False
,deploy,_6JCg5piIrxnEL6aftzgYQ_90,_6JCg5piIrxnEL6aftzgYQ,90,./data/centercity/images/_6JCg5piIrxnEL6aftzgYQ_90.jpg,False
,deploy,_6JCg5piIrxnEL6aftzgYQ_180,_6JCg5piIrxnEL6aftzgYQ,180,./data/centercity/images/_6JCg5piIrxnEL6aftzgYQ_180.jpg,False
,deploy,_6JCg5piIrxnEL6aftzgYQ_270,_6JCg5piIrxnEL6aftzgYQ,270,./data/centercity/images/_6JCg5piIrxnEL6aftzgYQ_270.jpg,False
,deploy,d9sA3RbEYa7zLgo9NMvrOQ_0,d9sA3RbEYa7zLgo9NMvrOQ,0,./data/centercity/images/d9sA3RbEYa7zLgo9NMvrOQ_0.jpg,False
,deploy,d9sA3RbEYa7zLgo9NMvrOQ_90,d9sA3RbEYa7zLgo9NMvrOQ,90,./data/centercity/images/d9sA3RbEYa7zLgo9NMvrOQ_90.jpg,False
,deploy,d9sA3RbEYa7zLgo9NMvrOQ_180,d9sA3RbEYa7zLgo9NMvrOQ,180,./data/centercity/images/d9sA3RbEYa7zLgo9NMvrOQ_180.jpg,False
,deploy,d9sA3RbEYa7zLgo9NMvrOQ_270,d9sA3RbEYa7zLgo9NMvrOQ,270,./data/centercity/images/d9sA3RbEYa7zLgo9NMvrOQ_270.jpg,False
,deploy,pawVjQ9nN4Dl0rpWjg72cg_0,pawVjQ9nN4Dl0rpWjg72cg,0,./data/centercity/images/pawVjQ9nN4Dl0rpWjg72cg_0.jpg,False
,deploy,pawVjQ9nN4Dl0rpWjg72cg_90,pawVjQ9nN4Dl0rpWjg72cg,90,./data/centercity/images/pawVjQ9nN4Dl0rpWjg72cg_90.jpg,False
,deploy,pawVjQ9nN4Dl0rpWjg72cg_180,pawVjQ9nN4Dl0rpWjg72cg,180,./data/centercity/images/pawVjQ9nN4Dl0rpWjg72cg_180.jpg,False
,deploy,pawVjQ9nN4Dl0rpWjg72cg_270,pawVjQ9nN4Dl0rpWjg72cg,270,./data/centercity/images/pawVjQ9nN4Dl0rpWjg72cg_270.jpg,False
,deploy,klt0x6jczb7u0DmIu4VtRg_0,klt0x6jczb7u0DmIu4VtRg,0,./data/centercity/images/klt0x6jczb7u0DmIu4VtRg_0.jpg,False
,deploy,klt0x6jczb7u0DmIu4VtRg_90,klt0x6jczb7u0DmIu4VtRg,90,./data/centercity/images/klt0x6jczb7u0DmIu4VtRg_90.jpg,False
,deploy,klt0x6jczb7u0DmIu4VtRg_180,klt0x6jczb7u0DmIu4VtRg,180,./data/centercity/images/klt0x6jczb7u0DmIu4VtRg_180.jpg,False
,deploy,klt0x6jczb7u0DmIu4VtRg_270,klt0x6jczb7u0DmIu4VtRg,270,./data/centercity/images/klt0x6jczb7u0DmIu4VtRg_270.jpg,False
,deploy,u9U-GNtHh7TPHCFEiTVqjQ_0,u9U-GNtHh7TPHCFEiTVqjQ,0,./data/centercity/images/u9U-GNtHh7TPHCFEiTVqjQ_0.jpg,False
,deploy,u9U-GNtHh7TPHCFEiTVqjQ_90,u9U-GNtHh7TPHCFEiTVqjQ,90,./data/centercity/images/u9U-GNtHh7TPHCFEiTVqjQ_90.jpg,False
,deploy,u9U-GNtHh7TPHCFEiTVqjQ_180,u9U-GNtHh7TPHCFEiTVqjQ,180,./data/centercity/images/u9U-GNtHh7TPHCFEiTVqjQ_180.jpg,False
,deploy,u9U-GNtHh7TPHCFEiTVqjQ_270,u9U-GNtHh7TPHCFEiTVqjQ,270,./data/centercity/images/u9U-GNtHh7TPHCFEiTVqjQ_270.jpg,False
,deploy,NFtWdjGJurat9Yh5oEo8QA_0,NFtWdjGJurat9Yh5oEo8QA,0,./data/centercity/images/NFtWdjGJurat9Yh5oEo8QA_0.jpg,False
,deploy,NFtWdjGJurat9Yh5oEo8QA_90,NFtWdjGJurat9Yh5oEo8QA,90,./data/centercity/images/NFtWdjGJurat9Yh5oEo8QA_90.jpg,False
,deploy,NFtWdjGJurat9Yh5oEo8QA_180,NFtWdjGJurat9Yh5oEo8QA,180,./data/centercity/images/NFtWdjGJurat9Yh5oEo8QA_180.jpg,False
,deploy,NFtWdjGJurat9Yh5oEo8QA_270,NFtWdjGJurat9Yh5oEo8QA,270,./data/centercity/images/NFtWdjGJurat9Yh5oEo8QA_270.jpg,False
,deploy,CAoSFkNJSE0wb2dLRUlDQWdJRE8zc1dfRHc._0,CAoSFkNJSE0wb2dLRUlDQWdJRE8zc1dfRHc.,0,./data/centercity/images/CAoSFkNJSE0wb2dLRUlDQWdJRE8zc1dfRHc._0.jpg,False
,deploy,CAoSFkNJSE0wb2dLRUlDQWdJRE8zc1dfRHc._90,CAoSFkNJSE0wb2dLRUlDQWdJRE8zc1dfRHc.,90,./data/centercity/images/CAoSFkNJSE0wb2dLRUlDQWdJRE8zc1dfRHc._90.jpg,False
,deploy,CAoSFkNJSE0wb2dLRUlDQWdJRE8zc1dfRHc._180,CAoSFkNJSE0wb2dLRUlDQWdJRE8zc1dfRHc.,180,./data/centercity/images/CAoSFkNJSE0wb2dLRUlDQWdJRE8zc1dfRHc._180.jpg,False
,deploy,CAoSFkNJSE0wb2dLRUlDQWdJRE8zc1dfRHc._270,CAoSFkNJSE0wb2dLRUlDQWdJRE8zc1dfRHc.,270,./data/centercity/images/CAoSFkNJSE0wb2dLRUlDQWdJRE8zc1dfRHc._270.jpg,False
,deploy,ZvXO-j0sZHcdnbZnuJ5x_w_0,ZvXO-j0sZHcdnbZnuJ5x_w,0,./data/centercity/images/ZvXO-j0sZHcdnbZnuJ5x_w_0.jpg,False
,deploy,ZvXO-j0sZHcdnbZnuJ5x_w_90,ZvXO-j0sZHcdnbZnuJ5x_w,90,./data/centercity/images/ZvXO-j0sZHcdnbZnuJ5x_w_90.jpg,False
,deploy,ZvXO-j0sZHcdnbZnuJ5x_w_180,ZvXO-j0sZHcdnbZnuJ5x_w,180,./data/centercity/images/ZvXO-j0sZHcdnbZnuJ5x_w_180.jpg,False
,deploy,ZvXO-j0sZHcdnbZnuJ5x_w_270,ZvXO-j0sZHcdnbZnuJ5x_w,270,./data/centercity/images/ZvXO-j0sZHcdnbZnuJ5x_w_270.jpg,False
,deploy,CAoSFkNJSE0wb2dLRUlDQWdJRE9nWVBFRlE._0,CAoSFkNJSE0wb2dLRUlDQWdJRE9nWVBFRlE.,0,./data/centercity/images/CAoSFkNJSE0wb2dLRUlDQWdJRE9nWVBFRlE._0.jpg,False
,deploy,CAoSFkNJSE0wb2dLRUlDQWdJRE9nWVBFRlE._90,CAoSFkNJSE0wb2dLRUlDQWdJRE9nWVBFRlE.,90,./data/centercity/images/CAoSFkNJSE0wb2dLRUlDQWdJRE9nWVBFRlE._90.jpg,False
,deploy,CAoSFkNJSE0wb2dLRUlDQWdJRE9nWVBFRlE._180,CAoSFkNJSE0wb2dLRUlDQWdJRE9nWVBFRlE.,180,./data/centercity/images/CAoSFkNJSE0wb2dLRUlDQWdJRE9nWVBFRlE._180.jpg,False
,deploy,CAoSFkNJSE0wb2dLRUlDQWdJRE9nWVBFRlE._270,CAoSFkNJSE0wb2dLRUlDQWdJRE9nWVBFRlE.,270,./data/centercity/images/CAoSFkNJSE0wb2dLRUlDQWdJRE9nWVBFRlE._270.jpg,False
,deploy,PyqUuLmWW8r77MQKDT8euA_0,PyqUuLmWW8r77MQKDT8euA,0,./data/centercity/images/PyqUuLmWW8r77MQKDT8euA_0.jpg,False
,deploy,PyqUuLmWW8r77MQKDT8euA_90,PyqUuLmWW8r77MQKDT8euA,90,./data/centercity/images/PyqUuLmWW8r77MQKDT8euA_90.jpg,False
,deploy,PyqUuLmWW8r77MQKDT8euA_180,PyqUuLmWW8r77MQKDT8euA,180,./data/centercity/images/PyqUuLmWW8r77MQKDT8euA_180.jpg,False
,deploy,PyqUuLmWW8r77MQKDT8euA_270,PyqUuLmWW8r77MQKDT8euA,270,./data/centercity/images/PyqUuLmWW8r77MQKDT8euA_270.jpg,False
,deploy,80gz0Ui1B5nmmLCnzswcrA_0,80gz0Ui1B5nmmLCnzswcrA,0,./data/centercity/images/80gz0Ui1B5nmmLCnzswcrA_0.jpg,False
,deploy,80gz0Ui1B5nmmLCnzswcrA_90,80gz0Ui1B5nmmLCnzswcrA,90,./data/centercity/images/80gz0Ui1B5nmmLCnzswcrA_90.jpg,False
,deploy,80gz0Ui1B5nmmLCnzswcrA_180,80gz0Ui1B5nmmLCnzswcrA,180,./data/centercity/images/80gz0Ui1B5nmmLCnzswcrA_180.jpg,False
,deploy,80gz0Ui1B5nmmLCnzswcrA_270,80gz0Ui1B5nmmLCnzswcrA,270,./data/centercity/images/80gz0Ui1B5nmmLCnzswcrA_270.jpg,False
,deploy,LxKmXKFjwjQcTZkflj5r_w_0,LxKmXKFjwjQcTZkflj5r_w,0,./data/centercity/images/LxKmXKFjwjQcTZkflj5r_w_0.jpg,False
,deploy,LxKmXKFjwjQcTZkflj5r_w_90,LxKmXKFjwjQcTZkflj5r_w,90,./data/centercity/images/LxKmXKFjwjQcTZkflj5r_w_90.jpg,False
,deploy,LxKmXKFjwjQcTZkflj5r_w_180,LxKmXKFjwjQcTZkflj5r_w,180,./data/centercity/images/LxKmXKFjwjQcTZkflj5r_w_180.jpg,False
,deploy,LxKmXKFjwjQcTZkflj5r_w_270,LxKmXKFjwjQcTZkflj5r_w,270,./data/centercity/images/LxKmXKFjwjQcTZkflj5r_w_270.jpg,False
,deploy,qImxL_xbf43m5jNkEqXxCQ_0,qImxL_xbf43m5jNkEqXxCQ,0,./data/centercity/images/qImxL_xbf43m5jNkEqXxCQ_0.jpg,False
,deploy,qImxL_xbf43m5jNkEqXxCQ_90,qImxL_xbf43m5jNkEqXxCQ,90,./data/centercity/images/qImxL_xbf43m5jNkEqXxCQ_90.jpg,False
,deploy,qImxL_xbf43m5jNkEqXxCQ_180,qImxL_xbf43m5jNkEqXxCQ,180,./data/centercity/images/qImxL_xbf43m5jNkEqXxCQ_180.jpg,False
,deploy,qImxL_xbf43m5jNkEqXxCQ_270,qImxL_xbf43m5jNkEqXxCQ,270,./data/centercity/images/qImxL_xbf43m5jNkEqXxCQ_270.jpg,False
,deploy,QOss7eT-nVvr85rNfQxgjg_0,QOss7eT-nVvr85rNfQxgjg,0,./data/centercity/images/QOss7eT-nVvr85rNfQxgjg_0.jpg,False
,deploy,QOss7eT-nVvr85rNfQxgjg_90,QOss7eT-nVvr85rNfQxgjg,90,./data/centercity/images/QOss7eT-nVvr85rNfQxgjg_90.jpg,False
,deploy,QOss7eT-nVvr85rNfQxgjg_180,QOss7eT-nVvr85rNfQxgjg,180,./data/centercity/images/QOss7eT-nVvr85rNfQxgjg_180.jpg,False
,deploy,QOss7eT-nVvr85rNfQxgjg_270,QOss7eT-nVvr85rNfQxgjg,270,./data/centercity/images/QOss7eT-nVvr85rNfQxgjg_270.jpg,False
,deploy,CAoSFkNJSE0wb2dLRUlDQWdJRE92dnlSZVE._0,CAoSFkNJSE0wb2dLRUlDQWdJRE92dnlSZVE.,0,./data/centercity/images/CAoSFkNJSE0wb2dLRUlDQWdJRE92dnlSZVE._0.jpg,False
,deploy,CAoSFkNJSE0wb2dLRUlDQWdJRE92dnlSZVE._90,CAoSFkNJSE0wb2dLRUlDQWdJRE92dnlSZVE.,90,./data/centercity/images/CAoSFkNJSE0wb2dLRUlDQWdJRE92dnlSZVE._90.jpg,False
,deploy,CAoSFkNJSE0wb2dLRUlDQWdJRE92dnlSZVE._180,CAoSFkNJSE0wb2dLRUlDQWdJRE92dnlSZVE.,180,./data/centercity/images/CAoSFkNJSE0wb2dLRUlDQWdJRE92dnlSZVE._180.jpg,False
,deploy,CAoSFkNJSE0wb2dLRUlDQWdJRE92dnlSZVE._270,CAoSFkNJSE0wb2dLRUlDQWdJRE92dnlSZVE.,270,./data/centercity/images/CAoSFkNJSE0wb2dLRUlDQWdJRE92dnlSZVE._270.jpg,False
,deploy,eDbZoeRUxmwwzMVdaBjM4A_0,eDbZoeRUxmwwzMVdaBjM4A,0,./data/centercity/images/eDbZoeRUxmwwzMVdaBjM4A_0.jpg,False
,deploy,eDbZoeRUxmwwzMVdaBjM4A_90,eDbZoeRUxmwwzMVdaBjM4A,90,./data/centercity/images/eDbZoeRUxmwwzMVdaBjM4A_90.jpg,False
,deploy,eDbZoeRUxmwwzMVdaBjM4A_180,eDbZoeRUxmwwzMVdaBjM4A,180,./data/centercity/images/eDbZoeRUxmwwzMVdaBjM4A_180.jpg,False
,deploy,eDbZoeRUxmwwzMVdaBjM4A_270,eDbZoeRUxmwwzMVdaBjM4A,270,./data/centercity/images/eDbZoeRUxmwwzMVdaBjM4A_270.jpg,False
,deploy,sQGI62oJpJ0RHP06plOIew_0,sQGI62oJpJ0RHP06plOIew,0,./data/centercity/images/sQGI62oJpJ0RHP06plOIew_0.jpg,False
,deploy,sQGI62oJpJ0RHP06plOIew_90,sQGI62oJpJ0RHP06plOIew,90,./data/centercity/images/sQGI62oJpJ0RHP06plOIew_90.jpg,False
,deploy,sQGI62oJpJ0RHP06plOIew_180,sQGI62oJpJ0RHP06plOIew,180,./data/centercity/images/sQGI62oJpJ0RHP06plOIew_180.jpg,False
,deploy,sQGI62oJpJ0RHP06plOIew_270,sQGI62oJpJ0RHP06plOIew,270,./data/centercity/images/sQGI62oJpJ0RHP06plOIew_270.jpg,False
,deploy,AEvnlWzn5CRaCGOt22bPww_0,AEvnlWzn5CRaCGOt22bPww,0,./data/centercity/images/AEvnlWzn5CRaCGOt22bPww_0.jpg,False
,deploy,AEvnlWzn5CRaCGOt22bPww_90,AEvnlWzn5CRaCGOt22bPww,90,./data/centercity/images/AEvnlWzn5CRaCGOt22bPww_90.jpg,False
,deploy,AEvnlWzn5CRaCGOt22bPww_180,AEvnlWzn5CRaCGOt22bPww,180,./data/centercity/images/AEvnlWzn5CRaCGOt22bPww_180.jpg,False
,deploy,AEvnlWzn5CRaCGOt22bPww_270,AEvnlWzn5CRaCGOt22bPww,270,./data/centercity/images/AEvnlWzn5CRaCGOt22bPww_270.jpg,False
,deploy,YWAi2HD2Mfoy4x9sBbfGXA_0,YWAi2HD2Mfoy4x9sBbfGXA,0,./data/centercity/images/YWAi2HD2Mfoy4x9sBbfGXA_0.jpg,False
,deploy,YWAi2HD2Mfoy4x9sBbfGXA_90,YWAi2HD2Mfoy4x9sBbfGXA,90,./data/centercity/images/YWAi2HD2Mfoy4x9sBbfGXA_90.jpg,False
,deploy,YWAi2HD2Mfoy4x9sBbfGXA_180,YWAi2HD2Mfoy4x9sBbfGXA,180,./data/centercity/images/YWAi2HD2Mfoy4x9sBbfGXA_180.jpg,False
,deploy,YWAi2HD2Mfoy4x9sBbfGXA_270,YWAi2HD2Mfoy4x9sBbfGXA,270,./data/centercity/images/YWAi2HD2Mfoy4x9sBbfGXA_270.jpg,False
,deploy,41_Wj_n64d0_jwYnMHklRA_0,41_Wj_n64d0_jwYnMHklRA,0,./data/centercity/images/41_Wj_n64d0_jwYnMHklRA_0.jpg,False
,deploy,41_Wj_n64d0_jwYnMHklRA_90,41_Wj_n64d0_jwYnMHklRA,90,./data/centercity/images/41_Wj_n64d0_jwYnMHklRA_90.jpg,False
,deploy,41_Wj_n64d0_jwYnMHklRA_180,41_Wj_n64d0_jwYnMHklRA,180,./data/centercity/images/41_Wj_n64d0_jwYnMHklRA_180.jpg,False
,deploy,41_Wj_n64d0_jwYnMHklRA_270,41_Wj_n64d0_jwYnMHklRA,270,./data/centercity/images/41_Wj_n64d0_jwYnMHklRA_270.jpg,False
,deploy,6uhBN2CEDf1Lf3DfYPaKwQ_0,6uhBN2CEDf1Lf3DfYPaKwQ,0,./data/centercity/images/6uhBN2CEDf1Lf3DfYPaKwQ_0.jpg,False
,deploy,6uhBN2CEDf1Lf3DfYPaKwQ_90,6uhBN2CEDf1Lf3DfYPaKwQ,90,./data/centercity/images/6uhBN2CEDf1Lf3DfYPaKwQ_90.jpg,False
,deploy,6uhBN2CEDf1Lf3DfYPaKwQ_180,6uhBN2CEDf1Lf3DfYPaKwQ,180,./data/centercity/images/6uhBN2CEDf1Lf3DfYPaKwQ_180.jpg,False
,deploy,6uhBN2CEDf1Lf3DfYPaKwQ_270,6uhBN2CEDf1Lf3DfYPaKwQ,270,./data/centercity/images/6uhBN2CEDf1Lf3DfYPaKwQ_270.jpg,False
,deploy,S6IRDbtgQ9nBkBPkSOXU7A_0,S6IRDbtgQ9nBkBPkSOXU7A,0,./data/centercity/images/S6IRDbtgQ9nBkBPkSOXU7A_0.jpg,False
,deploy,S6IRDbtgQ9nBkBPkSOXU7A_90,S6IRDbtgQ9nBkBPkSOXU7A,90,./data/centercity/images/S6IRDbtgQ9nBkBPkSOXU7A_90.jpg,False
,deploy,S6IRDbtgQ9nBkBPkSOXU7A_180,S6IRDbtgQ9nBkBPkSOXU7A,180,./data/centercity/images/S6IRDbtgQ9nBkBPkSOXU7A_180.jpg,False
,deploy,S6IRDbtgQ9nBkBPkSOXU7A_270,S6IRDbtgQ9nBkBPkSOXU7A,270,./data/centercity/images/S6IRDbtgQ9nBkBPkSOXU7A_270.jpg,False
,deploy,m-ztZrmR2c2UQJDbdA409A_0,m-ztZrmR2c2UQJDbdA409A,0,./data/centercity/images/m-ztZrmR2c2UQJDbdA409A_0.jpg,False
,deploy,m-ztZrmR2c2UQJDbdA409A_90,m-ztZrmR2c2UQJDbdA409A,90,./data/centercity/images/m-ztZrmR2c2UQJDbdA409A_90.jpg,False
,deploy,m-ztZrmR2c2UQJDbdA409A_180,m-ztZrmR2c2UQJDbdA409A,180,./data/centercity/images/m-ztZrmR2c2UQJDbdA409A_180.jpg,False
,deploy,m-ztZrmR2c2UQJDbdA409A_270,m-ztZrmR2c2UQJDbdA409A,270,./data/centercity/images/m-ztZrmR2c2UQJDbdA409A_270.jpg,False
,deploy,HW2aQGamU8-0xWDQYdsejw_0,HW2aQGamU8-0xWDQYdsejw,0,./data/centercity/images/HW2aQGamU8-0xWDQYdsejw_0.jpg,False
,deploy,HW2aQGamU8-0xWDQYdsejw_90,HW2aQGamU8-0xWDQYdsejw,90,./data/centercity/images/HW2aQGamU8-0xWDQYdsejw_90.jpg,False
,deploy,HW2aQGamU8-0xWDQYdsejw_180,HW2aQGamU8-0xWDQYdsejw,180,./data/centercity/images/HW2aQGamU8-0xWDQYdsejw_180.jpg,False
,deploy,HW2aQGamU8-0xWDQYdsejw_270,HW2aQGamU8-0xWDQYdsejw,270,./data/centercity/images/HW2aQGamU8-0xWDQYdsejw_270.jpg,False
,deploy,HLlqQhHuwTDHz40dL9NeLQ_0,HLlqQhHuwTDHz40dL9NeLQ,0,./data/centercity/images/HLlqQhHuwTDHz40dL9NeLQ_0.jpg,False
,deploy,HLlqQhHuwTDHz40dL9NeLQ_90,HLlqQhHuwTDHz40dL9NeLQ,90,./data/centercity/images/HLlqQhHuwTDHz40dL9NeLQ_90.jpg,False
,deploy,HLlqQhHuwTDHz40dL9NeLQ_180,HLlqQhHuwTDHz40dL9NeLQ,180,./data/centercity/images/HLlqQhHuwTDHz40dL9NeLQ_180.jpg,False
,deploy,HLlqQhHuwTDHz40dL9NeLQ_270,HLlqQhHuwTDHz40dL9NeLQ,270,./data/centercity/images/HLlqQhHuwTDHz40dL9NeLQ_270.jpg,False
,deploy,JuhZpIoXe4GWi0ULbCotiQ_0,JuhZpIoXe4GWi0ULbCotiQ,0,./data/centercity/images/JuhZpIoXe4GWi0ULbCotiQ_0.jpg,False
,deploy,JuhZpIoXe4GWi0ULbCotiQ_90,JuhZpIoXe4GWi0ULbCotiQ,90,./data/centercity/images/JuhZpIoXe4GWi0ULbCotiQ_90.jpg,False
,deploy,JuhZpIoXe4GWi0ULbCotiQ_180,JuhZpIoXe4GWi0ULbCotiQ,180,./data/centercity/images/JuhZpIoXe4GWi0ULbCotiQ_180.jpg,False
,deploy,JuhZpIoXe4GWi0ULbCotiQ_270,JuhZpIoXe4GWi0ULbCotiQ,270,./data/centercity/images/JuhZpIoXe4GWi0ULbCotiQ_270.jpg,False
,deploy,p4u_DBNhX0a1w0TZ2qNL8g_0,p4u_DBNhX0a1w0TZ2qNL8g,0,./data/centercity/images/p4u_DBNhX0a1w0TZ2qNL8g_0.jpg,False
,deploy,p4u_DBNhX0a1w0TZ2qNL8g_90,p4u_DBNhX0a1w0TZ2qNL8g,90,./data/centercity/images/p4u_DBNhX0a1w0TZ2qNL8g_90.jpg,False
,deploy,p4u_DBNhX0a1w0TZ2qNL8g_180,p4u_DBNhX0a1w0TZ2qNL8g,180,./data/centercity/images/p4u_DBNhX0a1w0TZ2qNL8g_180.jpg,False
,deploy,p4u_DBNhX0a1w0TZ2qNL8g_270,p4u_DBNhX0a1w0TZ2qNL8g,270,./data/centercity/images/p4u_DBNhX0a1w0TZ2qNL8g_270.jpg,False
,deploy,QHC93-dFBYToi7YPl6HiDQ_0,QHC93-dFBYToi7YPl6HiDQ,0,./data/centercity/images/QHC93-dFBYToi7YPl6HiDQ_0.jpg,False
,deploy,QHC93-dFBYToi7YPl6HiDQ_90,QHC93-dFBYToi7YPl6HiDQ,90,./data/centercity/images/QHC93-dFBYToi7YPl6HiDQ_90.jpg,False
,deploy,QHC93-dFBYToi7YPl6HiDQ_180,QHC93-dFBYToi7YPl6HiDQ,180,./data/centercity/images/QHC93-dFBYToi7YPl6HiDQ_180.jpg,False
,deploy,QHC93-dFBYToi7YPl6HiDQ_270,QHC93-dFBYToi7YPl6HiDQ,270,./data/centercity/images/QHC93-dFBYToi7YPl6HiDQ_270.jpg,False
,deploy,GUB5bFKm5jKomn2eIXgoCA_0,GUB5bFKm5jKomn2eIXgoCA,0,./data/centercity/images/GUB5bFKm5jKomn2eIXgoCA_0.jpg,False
,deploy,GUB5bFKm5jKomn2eIXgoCA_90,GUB5bFKm5jKomn2eIXgoCA,90,./data/centercity/images/GUB5bFKm5jKomn2eIXgoCA_90.jpg,False
,deploy,GUB5bFKm5jKomn2eIXgoCA_180,GUB5bFKm5jKomn2eIXgoCA,180,./data/centercity/images/GUB5bFKm5jKomn2eIXgoCA_180.jpg,False
,deploy,GUB5bFKm5jKomn2eIXgoCA_270,GUB5bFKm5jKomn2eIXgoCA,270,./data/centercity/images/GUB5bFKm5jKomn2eIXgoCA_270.jpg,False
,deploy,uwePNFEThgAK8J9qNDsn2A_0,uwePNFEThgAK8J9qNDsn2A,0,./data/centercity/images/uwePNFEThgAK8J9qNDsn2A_0.jpg,False
,deploy,uwePNFEThgAK8J9qNDsn2A_90,uwePNFEThgAK8J9qNDsn2A,90,./data/centercity/images/uwePNFEThgAK8J9qNDsn2A_90.jpg,False
,deploy,uwePNFEThgAK8J9qNDsn2A_180,uwePNFEThgAK8J9qNDsn2A,180,./data/centercity/images/uwePNFEThgAK8J9qNDsn2A_180.jpg,False
,deploy,uwePNFEThgAK8J9qNDsn2A_270,uwePNFEThgAK8J9qNDsn2A,270,./data/centercity/images/uwePNFEThgAK8J9qNDsn2A_270.jpg,False
,deploy,Kkok3F-X0EERG2ErixQIOQ_0,Kkok3F-X0EERG2ErixQIOQ,0,./data/centercity/images/Kkok3F-X0EERG2ErixQIOQ_0.jpg,False
,deploy,Kkok3F-X0EERG2ErixQIOQ_90,Kkok3F-X0EERG2ErixQIOQ,90,./data/centercity/images/Kkok3F-X0EERG2ErixQIOQ_90.jpg,False
,deploy,Kkok3F-X0EERG2ErixQIOQ_180,Kkok3F-X0EERG2ErixQIOQ,180,./data/centercity/images/Kkok3F-X0EERG2ErixQIOQ_180.jpg,False
,deploy,Kkok3F-X0EERG2ErixQIOQ_270,Kkok3F-X0EERG2ErixQIOQ,270,./data/centercity/images/Kkok3F-X0EERG2ErixQIOQ_270.jpg,False
,deploy,I5YmM_vph2irODuJ9rcrOg_0,I5YmM_vph2irODuJ9rcrOg,0,./data/centercity/images/I5YmM_vph2irODuJ9rcrOg_0.jpg,False
,deploy,I5YmM_vph2irODuJ9rcrOg_90,I5YmM_vph2irODuJ9rcrOg,90,./data/centercity/images/I5YmM_vph2irODuJ9rcrOg_90.jpg,False
,deploy,I5YmM_vph2irODuJ9rcrOg_180,I5YmM_vph2irODuJ9rcrOg,180,./data/centercity/images/I5YmM_vph2irODuJ9rcrOg_180.jpg,False
,deploy,I5YmM_vph2irODuJ9rcrOg_270,I5YmM_vph2irODuJ9rcrOg,270,./data/centercity/images/I5YmM_vph2irODuJ9rcrOg_270.jpg,False
,deploy,DSYS0AUDu1otovxYWR0xJg_0,DSYS0AUDu1otovxYWR0xJg,0,./data/centercity/images/DSYS0AUDu1otovxYWR0xJg_0.jpg,False
,deploy,DSYS0AUDu1otovxYWR0xJg_90,DSYS0AUDu1otovxYWR0xJg,90,./data/centercity/images/DSYS0AUDu1otovxYWR0xJg_90.jpg,False
,deploy,DSYS0AUDu1otovxYWR0xJg_180,DSYS0AUDu1otovxYWR0xJg,180,./data/centercity/images/DSYS0AUDu1otovxYWR0xJg_180.jpg,False
,deploy,DSYS0AUDu1otovxYWR0xJg_270,DSYS0AUDu1otovxYWR0xJg,270,./data/centercity/images/DSYS0AUDu1otovxYWR0xJg_270.jpg,False
,deploy,DVIFbR1V5M4GgPjviE9Ktg_0,DVIFbR1V5M4GgPjviE9Ktg,0,./data/centercity/images/DVIFbR1V5M4GgPjviE9Ktg_0.jpg,False
,deploy,DVIFbR1V5M4GgPjviE9Ktg_90,DVIFbR1V5M4GgPjviE9Ktg,90,./data/centercity/images/DVIFbR1V5M4GgPjviE9Ktg_90.jpg,False
,deploy,DVIFbR1V5M4GgPjviE9Ktg_180,DVIFbR1V5M4GgPjviE9Ktg,180,./data/centercity/images/DVIFbR1V5M4GgPjviE9Ktg_180.jpg,False
,deploy,DVIFbR1V5M4GgPjviE9Ktg_270,DVIFbR1V5M4GgPjviE9Ktg,270,./data/centercity/images/DVIFbR1V5M4GgPjviE9Ktg_270.jpg,False
,deploy,vcbQhKFEKshRpis3tk3PqA_0,vcbQhKFEKshRpis3tk3PqA,0,./data/centercity/images/vcbQhKFEKshRpis3tk3PqA_0.jpg,False
,deploy,vcbQhKFEKshRpis3tk3PqA_90,vcbQhKFEKshRpis3tk3PqA,90,./data/centercity/images/vcbQhKFEKshRpis3tk3PqA_90.jpg,False
,deploy,vcbQhKFEKshRpis3tk3PqA_180,vcbQhKFEKshRpis3tk3PqA,180,./data/centercity/images/vcbQhKFEKshRpis3tk3PqA_180.jpg,False
,deploy,vcbQhKFEKshRpis3tk3PqA_270,vcbQhKFEKshRpis3tk3PqA,270,./data/centercity/images/vcbQhKFEKshRpis3tk3PqA_270.jpg,False
,deploy,SDJQkrWpAH6piwWsJqtc9A_0,SDJQkrWpAH6piwWsJqtc9A,0,./data/centercity/images/SDJQkrWpAH6piwWsJqtc9A_0.jpg,False
,deploy,SDJQkrWpAH6piwWsJqtc9A_90,SDJQkrWpAH6piwWsJqtc9A,90,./data/centercity/images/SDJQkrWpAH6piwWsJqtc9A_90.jpg,False
,deploy,SDJQkrWpAH6piwWsJqtc9A_180,SDJQkrWpAH6piwWsJqtc9A,180,./data/centercity/images/SDJQkrWpAH6piwWsJqtc9A_180.jpg,False
,deploy,SDJQkrWpAH6piwWsJqtc9A_270,SDJQkrWpAH6piwWsJqtc9A,270,./data/centercity/images/SDJQkrWpAH6piwWsJqtc9A_270.jpg,False
,deploy,KbhPDiah-mcqLHr-dVGClw_0,KbhPDiah-mcqLHr-dVGClw,0,./data/centercity/images/KbhPDiah-mcqLHr-dVGClw_0.jpg,False
,deploy,KbhPDiah-mcqLHr-dVGClw_90,KbhPDiah-mcqLHr-dVGClw,90,./data/centercity/images/KbhPDiah-mcqLHr-dVGClw_90.jpg,False
,deploy,KbhPDiah-mcqLHr-dVGClw_180,KbhPDiah-mcqLHr-dVGClw,180,./data/centercity/images/KbhPDiah-mcqLHr-dVGClw_180.jpg,False
,deploy,KbhPDiah-mcqLHr-dVGClw_270,KbhPDiah-mcqLHr-dVGClw,270,./data/centercity/images/KbhPDiah-mcqLHr-dVGClw_270.jpg,False
,deploy,TphVm35yGyoybeAghrH2NQ_0,TphVm35yGyoybeAghrH2NQ,0,./data/centercity/images/TphVm35yGyoybeAghrH2NQ_0.jpg,False
,deploy,TphVm35yGyoybeAghrH2NQ_90,TphVm35yGyoybeAghrH2NQ,90,./data/centercity/images/TphVm35yGyoybeAghrH2NQ_90.jpg,False
,deploy,TphVm35yGyoybeAghrH2NQ_180,TphVm35yGyoybeAghrH2NQ,180,./data/centercity/images/TphVm35yGyoybeAghrH2NQ_180.jpg,False
,deploy,TphVm35yGyoybeAghrH2NQ_270,TphVm35yGyoybeAghrH2NQ,270,./data/centercity/images/TphVm35yGyoybeAghrH2NQ_270.jpg,False
,deploy,rkQYhffwd3FphdE6nAR1XQ_0,rkQYhffwd3FphdE6nAR1XQ,0,./data/centercity/images/rkQYhffwd3FphdE6nAR1XQ_0.jpg,False
,deploy,rkQYhffwd3FphdE6nAR1XQ_90,rkQYhffwd3FphdE6nAR1XQ,90,./data/centercity/images/rkQYhffwd3FphdE6nAR1XQ_90.jpg,False
,deploy,rkQYhffwd3FphdE6nAR1XQ_180,rkQYhffwd3FphdE6nAR1XQ,180,./data/centercity/images/rkQYhffwd3FphdE6nAR1XQ_180.jpg,False
,deploy,rkQYhffwd3FphdE6nAR1XQ_270,rkQYhffwd3FphdE6nAR1XQ,270,./data/centercity/images/rkQYhffwd3FphdE6nAR1XQ_270.jpg,False
,deploy,XLzFxnqTs-o3a9kdAUI_ow_0,XLzFxnqTs-o3a9kdAUI_ow,0,./data/centercity/images/XLzFxnqTs-o3a9kdAUI_ow_0.jpg,False
,deploy,XLzFxnqTs-o3a9kdAUI_ow_90,XLzFxnqTs-o3a9kdAUI_ow,90,./data/centercity/images/XLzFxnqTs-o3a9kdAUI_ow_90.jpg,False
,deploy,XLzFxnqTs-o3a9kdAUI_ow_180,XLzFxnqTs-o3a9kdAUI_ow,180,./data/centercity/images/XLzFxnqTs-o3a9kdAUI_ow_180.jpg,False
,deploy,XLzFxnqTs-o3a9kdAUI_ow_270,XLzFxnqTs-o3a9kdAUI_ow,270,./data/centercity/images/XLzFxnqTs-o3a9kdAUI_ow_270.jpg,False
,deploy,DmOEHIoz6ueD2ExV5sJG1A_0,DmOEHIoz6ueD2ExV5sJG1A,0,./data/centercity/images/DmOEHIoz6ueD2ExV5sJG1A_0.jpg,False
,deploy,DmOEHIoz6ueD2ExV5sJG1A_90,DmOEHIoz6ueD2ExV5sJG1A,90,./data/centercity/images/DmOEHIoz6ueD2ExV5sJG1A_90.jpg,False
,deploy,DmOEHIoz6ueD2ExV5sJG1A_180,DmOEHIoz6ueD2ExV5sJG1A,180,./data/centercity/images/DmOEHIoz6ueD2ExV5sJG1A_180.jpg,False
,deploy,DmOEHIoz6ueD2ExV5sJG1A_270,DmOEHIoz6ueD2ExV5sJG1A,270,./data/centercity/images/DmOEHIoz6ueD2ExV5sJG1A_270.jpg,False
,deploy,JU2J4UbmHXWF4SRqg3_ARg_0,JU2J4UbmHXWF4SRqg3_ARg,0,./data/centercity/images/JU2J4UbmHXWF4SRqg3_ARg_0.jpg,False
,deploy,JU2J4UbmHXWF4SRqg3_ARg_90,JU2J4UbmHXWF4SRqg3_ARg,90,./data/centercity/images/JU2J4UbmHXWF4SRqg3_ARg_90.jpg,False
,deploy,JU2J4UbmHXWF4SRqg3_ARg_180,JU2J4UbmHXWF4SRqg3_ARg,180,./data/centercity/images/JU2J4UbmHXWF4SRqg3_ARg_180.jpg,False
,deploy,JU2J4UbmHXWF4SRqg3_ARg_270,JU2J4UbmHXWF4SRqg3_ARg,270,./data/centercity/images/JU2J4UbmHXWF4SRqg3_ARg_270.jpg,False
,deploy,eEJjgDOxfRgkry9yrGCBIw_0,eEJjgDOxfRgkry9yrGCBIw,0,./data/centercity/images/eEJjgDOxfRgkry9yrGCBIw_0.jpg,False
,deploy,eEJjgDOxfRgkry9yrGCBIw_90,eEJjgDOxfRgkry9yrGCBIw,90,./data/centercity/images/eEJjgDOxfRgkry9yrGCBIw_90.jpg,False
,deploy,eEJjgDOxfRgkry9yrGCBIw_180,eEJjgDOxfRgkry9yrGCBIw,180,./data/centercity/images/eEJjgDOxfRgkry9yrGCBIw_180.jpg,False
,deploy,eEJjgDOxfRgkry9yrGCBIw_270,eEJjgDOxfRgkry9yrGCBIw,270,./data/centercity/images/eEJjgDOxfRgkry9yrGCBIw_270.jpg,False
,deploy,BiU8Rd1FFNqIhmLrj4ehOw_0,BiU8Rd1FFNqIhmLrj4ehOw,0,./data/centercity/images/BiU8Rd1FFNqIhmLrj4ehOw_0.jpg,False
,deploy,BiU8Rd1FFNqIhmLrj4ehOw_90,BiU8Rd1FFNqIhmLrj4ehOw,90,./data/centercity/images/BiU8Rd1FFNqIhmLrj4ehOw_90.jpg,False
,deploy,BiU8Rd1FFNqIhmLrj4ehOw_180,BiU8Rd1FFNqIhmLrj4ehOw,180,./data/centercity/images/BiU8Rd1FFNqIhmLrj4ehOw_180.jpg,False
,deploy,BiU8Rd1FFNqIhmLrj4ehOw_270,BiU8Rd1FFNqIhmLrj4ehOw,270,./data/centercity/images/BiU8Rd1FFNqIhmLrj4ehOw_270.jpg,False
,deploy,DzmMwd72Uob-EBU1KyQ5Ig_0,DzmMwd72Uob-EBU1KyQ5Ig,0,./data/centercity/images/DzmMwd72Uob-EBU1KyQ5Ig_0.jpg,False
,deploy,DzmMwd72Uob-EBU1KyQ5Ig_90,DzmMwd72Uob-EBU1KyQ5Ig,90,./data/centercity/images/DzmMwd72Uob-EBU1KyQ5Ig_90.jpg,False
,deploy,DzmMwd72Uob-EBU1KyQ5Ig_180,DzmMwd72Uob-EBU1KyQ5Ig,180,./data/centercity/images/DzmMwd72Uob-EBU1KyQ5Ig_180.jpg,False
,deploy,DzmMwd72Uob-EBU1KyQ5Ig_270,DzmMwd72Uob-EBU1KyQ5Ig,270,./data/centercity/images/DzmMwd72Uob-EBU1KyQ5Ig_270.jpg,False
,deploy,_Qon5n5RPAq5anoayg6-eA_0,_Qon5n5RPAq5anoayg6-eA,0,./data/centercity/images/_Qon5n5RPAq5anoayg6-eA_0.jpg,False
,deploy,_Qon5n5RPAq5anoayg6-eA_90,_Qon5n5RPAq5anoayg6-eA,90,./data/centercity/images/_Qon5n5RPAq5anoayg6-eA_90.jpg,False
,deploy,_Qon5n5RPAq5anoayg6-eA_180,_Qon5n5RPAq5anoayg6-eA,180,./data/centercity/images/_Qon5n5RPAq5anoayg6-eA_180.jpg,False
,deploy,_Qon5n5RPAq5anoayg6-eA_270,_Qon5n5RPAq5anoayg6-eA,270,./data/centercity/images/_Qon5n5RPAq5anoayg6-eA_270.jpg,False
,deploy,GVxNF892SwedhAjstxNMbQ_0,GVxNF892SwedhAjstxNMbQ,0,./data/centercity/images/GVxNF892SwedhAjstxNMbQ_0.jpg,False
,deploy,GVxNF892SwedhAjstxNMbQ_90,GVxNF892SwedhAjstxNMbQ,90,./data/centercity/images/GVxNF892SwedhAjstxNMbQ_90.jpg,False
,deploy,GVxNF892SwedhAjstxNMbQ_180,GVxNF892SwedhAjstxNMbQ,180,./data/centercity/images/GVxNF892SwedhAjstxNMbQ_180.jpg,False
,deploy,GVxNF892SwedhAjstxNMbQ_270,GVxNF892SwedhAjstxNMbQ,270,./data/centercity/images/GVxNF892SwedhAjstxNMbQ_270.jpg,False
,deploy,GGR4sIJKyeCKYEeVLvxgLw_0,GGR4sIJKyeCKYEeVLvxgLw,0,./data/centercity/images/GGR4sIJKyeCKYEeVLvxgLw_0.jpg,False
,deploy,GGR4sIJKyeCKYEeVLvxgLw_90,GGR4sIJKyeCKYEeVLvxgLw,90,./data/centercity/images/GGR4sIJKyeCKYEeVLvxgLw_90.jpg,False
,deploy,GGR4sIJKyeCKYEeVLvxgLw_180,GGR4sIJKyeCKYEeVLvxgLw,180,./data/centercity/images/GGR4sIJKyeCKYEeVLvxgLw_180.jpg,False
,deploy,GGR4sIJKyeCKYEeVLvxgLw_270,GGR4sIJKyeCKYEeVLvxgLw,270,./data/centercity/images/GGR4sIJKyeCKYEeVLvxgLw_270.jpg,False
,deploy,Mr-lHFI4lUdUKp3psk4Siw_0,Mr-lHFI4lUdUKp3psk4Siw,0,./data/centercity/images/Mr-lHFI4lUdUKp3psk4Siw_0.jpg,False
,deploy,Mr-lHFI4lUdUKp3psk4Siw_90,Mr-lHFI4lUdUKp3psk4Siw,90,./data/centercity/images/Mr-lHFI4lUdUKp3psk4Siw_90.jpg,False
,deploy,Mr-lHFI4lUdUKp3psk4Siw_180,Mr-lHFI4lUdUKp3psk4Siw,180,./data/centercity/images/Mr-lHFI4lUdUKp3psk4Siw_180.jpg,False
,deploy,Mr-lHFI4lUdUKp3psk4Siw_270,Mr-lHFI4lUdUKp3psk4Siw,270,./data/centercity/images/Mr-lHFI4lUdUKp3psk4Siw_270.jpg,False
,deploy,CAoSFkNJSE0wb2dLRUlDQWdJQzRrdE9VSlE._0,CAoSFkNJSE0wb2dLRUlDQWdJQzRrdE9VSlE.,0,./data/centercity/images/CAoSFkNJSE0wb2dLRUlDQWdJQzRrdE9VSlE._0.jpg,False
,deploy,CAoSFkNJSE0wb2dLRUlDQWdJQzRrdE9VSlE._90,CAoSFkNJSE0wb2dLRUlDQWdJQzRrdE9VSlE.,90,./data/centercity/images/CAoSFkNJSE0wb2dLRUlDQWdJQzRrdE9VSlE._90.jpg,False
,deploy,CAoSFkNJSE0wb2dLRUlDQWdJQzRrdE9VSlE._180,CAoSFkNJSE0wb2dLRUlDQWdJQzRrdE9VSlE.,180,./data/centercity/images/CAoSFkNJSE0wb2dLRUlDQWdJQzRrdE9VSlE._180.jpg,False
,deploy,CAoSFkNJSE0wb2dLRUlDQWdJQzRrdE9VSlE._270,CAoSFkNJSE0wb2dLRUlDQWdJQzRrdE9VSlE.,270,./data/centercity/images/CAoSFkNJSE0wb2dLRUlDQWdJQzRrdE9VSlE._270.jpg,False
,deploy,B9q3wjNoQeUPsZjgNu6eAw_0,B9q3wjNoQeUPsZjgNu6eAw,0,./data/centercity/images/B9q3wjNoQeUPsZjgNu6eAw_0.jpg,False
,deploy,B9q3wjNoQeUPsZjgNu6eAw_90,B9q3wjNoQeUPsZjgNu6eAw,90,./data/centercity/images/B9q3wjNoQeUPsZjgNu6eAw_90.jpg,False
,deploy,B9q3wjNoQeUPsZjgNu6eAw_180,B9q3wjNoQeUPsZjgNu6eAw,180,./data/centercity/images/B9q3wjNoQeUPsZjgNu6eAw_180.jpg,False
,deploy,B9q3wjNoQeUPsZjgNu6eAw_270,B9q3wjNoQeUPsZjgNu6eAw,270,./data/centercity/images/B9q3wjNoQeUPsZjgNu6eAw_270.jpg,False
,deploy,lcn_7Pwjb_bv5rXc1FLhlQ_0,lcn_7Pwjb_bv5rXc1FLhlQ,0,./data/centercity/images/lcn_7Pwjb_bv5rXc1FLhlQ_0.jpg,False
,deploy,lcn_7Pwjb_bv5rXc1FLhlQ_90,lcn_7Pwjb_bv5rXc1FLhlQ,90,./data/centercity/images/lcn_7Pwjb_bv5rXc1FLhlQ_90.jpg,False
,deploy,lcn_7Pwjb_bv5rXc1FLhlQ_180,lcn_7Pwjb_bv5rXc1FLhlQ,180,./data/centercity/images/lcn_7Pwjb_bv5rXc1FLhlQ_180.jpg,False
,deploy,lcn_7Pwjb_bv5rXc1FLhlQ_270,lcn_7Pwjb_bv5rXc1FLhlQ,270,./data/centercity/images/lcn_7Pwjb_bv5rXc1FLhlQ_270.jpg,False
,deploy,0EwH_ItbimTpRTlfSFce6A_0,0EwH_ItbimTpRTlfSFce6A,0,./data/centercity/images/0EwH_ItbimTpRTlfSFce6A_0.jpg,False
,deploy,0EwH_ItbimTpRTlfSFce6A_90,0EwH_ItbimTpRTlfSFce6A,90,./data/centercity/images/0EwH_ItbimTpRTlfSFce6A_90.jpg,False
,deploy,0EwH_ItbimTpRTlfSFce6A_180,0EwH_ItbimTpRTlfSFce6A,180,./data/centercity/images/0EwH_ItbimTpRTlfSFce6A_180.jpg,False
,deploy,0EwH_ItbimTpRTlfSFce6A_270,0EwH_ItbimTpRTlfSFce6A,270,./data/centercity/images/0EwH_ItbimTpRTlfSFce6A_270.jpg,False
,deploy,lXhthyB_z_yzVuB_dTjVig_0,lXhthyB_z_yzVuB_dTjVig,0,./data/centercity/images/lXhthyB_z_yzVuB_dTjVig_0.jpg,False
,deploy,lXhthyB_z_yzVuB_dTjVig_90,lXhthyB_z_yzVuB_dTjVig,90,./data/centercity/images/lXhthyB_z_yzVuB_dTjVig_90.jpg,False
,deploy,lXhthyB_z_yzVuB_dTjVig_180,lXhthyB_z_yzVuB_dTjVig,180,./data/centercity/images/lXhthyB_z_yzVuB_dTjVig_180.jpg,False
,deploy,lXhthyB_z_yzVuB_dTjVig_270,lXhthyB_z_yzVuB_dTjVig,270,./data/centercity/images/lXhthyB_z_yzVuB_dTjVig_270.jpg,False
,deploy,JRP3OMrzy1ubbxpApeRQog_0,JRP3OMrzy1ubbxpApeRQog,0,./data/centercity/images/JRP3OMrzy1ubbxpApeRQog_0.jpg,False
,deploy,JRP3OMrzy1ubbxpApeRQog_90,JRP3OMrzy1ubbxpApeRQog,90,./data/centercity/images/JRP3OMrzy1ubbxpApeRQog_90.jpg,False
,deploy,JRP3OMrzy1ubbxpApeRQog_180,JRP3OMrzy1ubbxpApeRQog,180,./data/centercity/images/JRP3OMrzy1ubbxpApeRQog_180.jpg,False
,deploy,JRP3OMrzy1ubbxpApeRQog_270,JRP3OMrzy1ubbxpApeRQog,270,./data/centercity/images/JRP3OMrzy1ubbxpApeRQog_270.jpg,False
,deploy,8cvBO4wgU1qds9R9Lf4f3g_0,8cvBO4wgU1qds9R9Lf4f3g,0,./data/centercity/images/8cvBO4wgU1qds9R9Lf4f3g_0.jpg,False
,deploy,8cvBO4wgU1qds9R9Lf4f3g_90,8cvBO4wgU1qds9R9Lf4f3g,90,./data/centercity/images/8cvBO4wgU1qds9R9Lf4f3g_90.jpg,False
,deploy,8cvBO4wgU1qds9R9Lf4f3g_180,8cvBO4wgU1qds9R9Lf4f3g,180,./data/centercity/images/8cvBO4wgU1qds9R9Lf4f3g_180.jpg,False
,deploy,8cvBO4wgU1qds9R9Lf4f3g_270,8cvBO4wgU1qds9R9Lf4f3g,270,./data/centercity/images/8cvBO4wgU1qds9R9Lf4f3g_270.jpg,False
,deploy,SE0E_lh9pbJfpvVWILl8-g_0,SE0E_lh9pbJfpvVWILl8-g,0,./data/centercity/images/SE0E_lh9pbJfpvVWILl8-g_0.jpg,False
,deploy,SE0E_lh9pbJfpvVWILl8-g_90,SE0E_lh9pbJfpvVWILl8-g,90,./data/centercity/images/SE0E_lh9pbJfpvVWILl8-g_90.jpg,False
,deploy,SE0E_lh9pbJfpvVWILl8-g_180,SE0E_lh9pbJfpvVWILl8-g,180,./data/centercity/images/SE0E_lh9pbJfpvVWILl8-g_180.jpg,False
,deploy,SE0E_lh9pbJfpvVWILl8-g_270,SE0E_lh9pbJfpvVWILl8-g,270,./data/centercity/images/SE0E_lh9pbJfpvVWILl8-g_270.jpg,False
,deploy,6QSRvKlCvFnVN5e859FPEQ_0,6QSRvKlCvFnVN5e859FPEQ,0,./data/centercity/images/6QSRvKlCvFnVN5e859FPEQ_0.jpg,False
,deploy,6QSRvKlCvFnVN5e859FPEQ_90,6QSRvKlCvFnVN5e859FPEQ,90,./data/centercity/images/6QSRvKlCvFnVN5e859FPEQ_90.jpg,False
,deploy,6QSRvKlCvFnVN5e859FPEQ_180,6QSRvKlCvFnVN5e859FPEQ,180,./data/centercity/images/6QSRvKlCvFnVN5e859FPEQ_180.jpg,False
,deploy,6QSRvKlCvFnVN5e859FPEQ_270,6QSRvKlCvFnVN5e859FPEQ,270,./data/centercity/images/6QSRvKlCvFnVN5e859FPEQ_270.jpg,False
,deploy,xOFxUKvcl1u-y6h6YEHPFw_0,xOFxUKvcl1u-y6h6YEHPFw,0,./data/centercity/images/xOFxUKvcl1u-y6h6YEHPFw_0.jpg,False
,deploy,xOFxUKvcl1u-y6h6YEHPFw_90,xOFxUKvcl1u-y6h6YEHPFw,90,./data/centercity/images/xOFxUKvcl1u-y6h6YEHPFw_90.jpg,False
,deploy,xOFxUKvcl1u-y6h6YEHPFw_180,xOFxUKvcl1u-y6h6YEHPFw,180,./data/centercity/images/xOFxUKvcl1u-y6h6YEHPFw_180.jpg,False
,deploy,xOFxUKvcl1u-y6h6YEHPFw_270,xOFxUKvcl1u-y6h6YEHPFw,270,./data/centercity/images/xOFxUKvcl1u-y6h6YEHPFw_270.jpg,False
,deploy,t4lZ4HYwgVqhle_mi_3l5w_0,t4lZ4HYwgVqhle_mi_3l5w,0,./data/centercity/images/t4lZ4HYwgVqhle_mi_3l5w_0.jpg,False
,deploy,t4lZ4HYwgVqhle_mi_3l5w_90,t4lZ4HYwgVqhle_mi_3l5w,90,./data/centercity/images/t4lZ4HYwgVqhle_mi_3l5w_90.jpg,False
,deploy,t4lZ4HYwgVqhle_mi_3l5w_180,t4lZ4HYwgVqhle_mi_3l5w,180,./data/centercity/images/t4lZ4HYwgVqhle_mi_3l5w_180.jpg,False
,deploy,t4lZ4HYwgVqhle_mi_3l5w_270,t4lZ4HYwgVqhle_mi_3l5w,270,./data/centercity/images/t4lZ4HYwgVqhle_mi_3l5w_270.jpg,False
,deploy,CAoSF0NJSE0wb2dLRUlDQWdJRGFzZDdqeXdF_0,CAoSF0NJSE0wb2dLRUlDQWdJRGFzZDdqeXdF,0,./data/centercity/images/CAoSF0NJSE0wb2dLRUlDQWdJRGFzZDdqeXdF_0.jpg,False
,deploy,CAoSF0NJSE0wb2dLRUlDQWdJRGFzZDdqeXdF_90,CAoSF0NJSE0wb2dLRUlDQWdJRGFzZDdqeXdF,90,./data/centercity/images/CAoSF0NJSE0wb2dLRUlDQWdJRGFzZDdqeXdF_90.jpg,False
,deploy,CAoSF0NJSE0wb2dLRUlDQWdJRGFzZDdqeXdF_180,CAoSF0NJSE0wb2dLRUlDQWdJRGFzZDdqeXdF,180,./data/centercity/images/CAoSF0NJSE0wb2dLRUlDQWdJRGFzZDdqeXdF_180.jpg,False
,deploy,CAoSF0NJSE0wb2dLRUlDQWdJRGFzZDdqeXdF_270,CAoSF0NJSE0wb2dLRUlDQWdJRGFzZDdqeXdF,270,./data/centercity/images/CAoSF0NJSE0wb2dLRUlDQWdJRGFzZDdqeXdF_270.jpg,False
,deploy,gQEdxpDRgOfpR9s3QJUe2g_0,gQEdxpDRgOfpR9s3QJUe2g,0,./data/centercity/images/gQEdxpDRgOfpR9s3QJUe2g_0.jpg,False
,deploy,gQEdxpDRgOfpR9s3QJUe2g_90,gQEdxpDRgOfpR9s3QJUe2g,90,./data/centercity/images/gQEdxpDRgOfpR9s3QJUe2g_90.jpg,False
,deploy,gQEdxpDRgOfpR9s3QJUe2g_180,gQEdxpDRgOfpR9s3QJUe2g,180,./data/centercity/images/gQEdxpDRgOfpR9s3QJUe2g_180.jpg,False
,deploy,gQEdxpDRgOfpR9s3QJUe2g_270,gQEdxpDRgOfpR9s3QJUe2g,270,./data/centercity/images/gQEdxpDRgOfpR9s3QJUe2g_270.jpg,False
,deploy,CAoSF0NJSE0wb2dLRUlDQWdJRGE2WUd0MndF_0,CAoSF0NJSE0wb2dLRUlDQWdJRGE2WUd0MndF,0,./data/centercity/images/CAoSF0NJSE0wb2dLRUlDQWdJRGE2WUd0MndF_0.jpg,False
,deploy,CAoSF0NJSE0wb2dLRUlDQWdJRGE2WUd0MndF_90,CAoSF0NJSE0wb2dLRUlDQWdJRGE2WUd0MndF,90,./data/centercity/images/CAoSF0NJSE0wb2dLRUlDQWdJRGE2WUd0MndF_90.jpg,False
,deploy,CAoSF0NJSE0wb2dLRUlDQWdJRGE2WUd0MndF_180,CAoSF0NJSE0wb2dLRUlDQWdJRGE2WUd0MndF,180,./data/centercity/images/CAoSF0NJSE0wb2dLRUlDQWdJRGE2WUd0MndF_180.jpg,False
,deploy,CAoSF0NJSE0wb2dLRUlDQWdJRGE2WUd0MndF_270,CAoSF0NJSE0wb2dLRUlDQWdJRGE2WUd0MndF,270,./data/centercity/images/CAoSF0NJSE0wb2dLRUlDQWdJRGE2WUd0MndF_270.jpg,False
,deploy,QrPXBGa60JrFGN8kPlJDRQ_0,QrPXBGa60JrFGN8kPlJDRQ,0,./data/centercity/images/QrPXBGa60JrFGN8kPlJDRQ_0.jpg,False
,deploy,QrPXBGa60JrFGN8kPlJDRQ_90,QrPXBGa60JrFGN8kPlJDRQ,90,./data/centercity/images/QrPXBGa60JrFGN8kPlJDRQ_90.jpg,False
,deploy,QrPXBGa60JrFGN8kPlJDRQ_180,QrPXBGa60JrFGN8kPlJDRQ,180,./data/centercity/images/QrPXBGa60JrFGN8kPlJDRQ_180.jpg,False
,deploy,QrPXBGa60JrFGN8kPlJDRQ_270,QrPXBGa60JrFGN8kPlJDRQ,270,./data/centercity/images/QrPXBGa60JrFGN8kPlJDRQ_270.jpg,False
,deploy,CAoSF0NJSE0wb2dLRUlDQWdJRGFtZVdlelFF_0,CAoSF0NJSE0wb2dLRUlDQWdJRGFtZVdlelFF,0,./data/centercity/images/CAoSF0NJSE0wb2dLRUlDQWdJRGFtZVdlelFF_0.jpg,False
,deploy,CAoSF0NJSE0wb2dLRUlDQWdJRGFtZVdlelFF_90,CAoSF0NJSE0wb2dLRUlDQWdJRGFtZVdlelFF,90,./data/centercity/images/CAoSF0NJSE0wb2dLRUlDQWdJRGFtZVdlelFF_90.jpg,False
,deploy,CAoSF0NJSE0wb2dLRUlDQWdJRGFtZVdlelFF_180,CAoSF0NJSE0wb2dLRUlDQWdJRGFtZVdlelFF,180,./data/centercity/images/CAoSF0NJSE0wb2dLRUlDQWdJRGFtZVdlelFF_180.jpg,False
,deploy,CAoSF0NJSE0wb2dLRUlDQWdJRGFtZVdlelFF_270,CAoSF0NJSE0wb2dLRUlDQWdJRGFtZVdlelFF,270,./data/centercity/images/CAoSF0NJSE0wb2dLRUlDQWdJRGFtZVdlelFF_270.jpg,False
,deploy,8Q-qV31FZCSloQm8AT4k6Q_0,8Q-qV31FZCSloQm8AT4k6Q,0,./data/centercity/images/8Q-qV31FZCSloQm8AT4k6Q_0.jpg,False
,deploy,8Q-qV31FZCSloQm8AT4k6Q_90,8Q-qV31FZCSloQm8AT4k6Q,90,./data/centercity/images/8Q-qV31FZCSloQm8AT4k6Q_90.jpg,False
,deploy,8Q-qV31FZCSloQm8AT4k6Q_180,8Q-qV31FZCSloQm8AT4k6Q,180,./data/centercity/images/8Q-qV31FZCSloQm8AT4k6Q_180.jpg,False
,deploy,8Q-qV31FZCSloQm8AT4k6Q_270,8Q-qV31FZCSloQm8AT4k6Q,270,./data/centercity/images/8Q-qV31FZCSloQm8AT4k6Q_270.jpg,False
,deploy,CAoSFkNJSE0wb2dLRUlDQWdJRGE4WVQ2RWc._0,CAoSFkNJSE0wb2dLRUlDQWdJRGE4WVQ2RWc.,0,./data/centercity/images/CAoSFkNJSE0wb2dLRUlDQWdJRGE4WVQ2RWc._0.jpg,False
,deploy,CAoSFkNJSE0wb2dLRUlDQWdJRGE4WVQ2RWc._90,CAoSFkNJSE0wb2dLRUlDQWdJRGE4WVQ2RWc.,90,./data/centercity/images/CAoSFkNJSE0wb2dLRUlDQWdJRGE4WVQ2RWc._90.jpg,False
,deploy,CAoSFkNJSE0wb2dLRUlDQWdJRGE4WVQ2RWc._180,CAoSFkNJSE0wb2dLRUlDQWdJRGE4WVQ2RWc.,180,./data/centercity/images/CAoSFkNJSE0wb2dLRUlDQWdJRGE4WVQ2RWc._180.jpg,False
,deploy,CAoSFkNJSE0wb2dLRUlDQWdJRGE4WVQ2RWc._270,CAoSFkNJSE0wb2dLRUlDQWdJRGE4WVQ2RWc.,270,./data/centercity/images/CAoSFkNJSE0wb2dLRUlDQWdJRGE4WVQ2RWc._270.jpg,False
,deploy,ZO1q1_pNQCsBuTYg1HeMsA_0,ZO1q1_pNQCsBuTYg1HeMsA,0,./data/centercity/images/ZO1q1_pNQCsBuTYg1HeMsA_0.jpg,False
,deploy,ZO1q1_pNQCsBuTYg1HeMsA_90,ZO1q1_pNQCsBuTYg1HeMsA,90,./data/centercity/images/ZO1q1_pNQCsBuTYg1HeMsA_90.jpg,False
,deploy,ZO1q1_pNQCsBuTYg1HeMsA_180,ZO1q1_pNQCsBuTYg1HeMsA,180,./data/centercity/images/ZO1q1_pNQCsBuTYg1HeMsA_180.jpg,False
,deploy,ZO1q1_pNQCsBuTYg1HeMsA_270,ZO1q1_pNQCsBuTYg1HeMsA,270,./data/centercity/images/ZO1q1_pNQCsBuTYg1HeMsA_270.jpg,False
,deploy,zjAgFxxqqtv67vqB9O-afQ_0,zjAgFxxqqtv67vqB9O-afQ,0,./data/centercity/images/zjAgFxxqqtv67vqB9O-afQ_0.jpg,False
,deploy,zjAgFxxqqtv67vqB9O-afQ_90,zjAgFxxqqtv67vqB9O-afQ,90,./data/centercity/images/zjAgFxxqqtv67vqB9O-afQ_90.jpg,False
,deploy,zjAgFxxqqtv67vqB9O-afQ_180,zjAgFxxqqtv67vqB9O-afQ,180,./data/centercity/images/zjAgFxxqqtv67vqB9O-afQ_180.jpg,False
,deploy,zjAgFxxqqtv67vqB9O-afQ_270,zjAgFxxqqtv67vqB9O-afQ,270,./data/centercity/images/zjAgFxxqqtv67vqB9O-afQ_270.jpg,False
,deploy,-WSUkyQoSwuwxWS1wQHgyg_0,-WSUkyQoSwuwxWS1wQHgyg,0,./data/centercity/images/-WSUkyQoSwuwxWS1wQHgyg_0.jpg,False
,deploy,-WSUkyQoSwuwxWS1wQHgyg_90,-WSUkyQoSwuwxWS1wQHgyg,90,./data/centercity/images/-WSUkyQoSwuwxWS1wQHgyg_90.jpg,False
,deploy,-WSUkyQoSwuwxWS1wQHgyg_180,-WSUkyQoSwuwxWS1wQHgyg,180,./data/centercity/images/-WSUkyQoSwuwxWS1wQHgyg_180.jpg,False
,deploy,-WSUkyQoSwuwxWS1wQHgyg_270,-WSUkyQoSwuwxWS1wQHgyg,270,./data/centercity/images/-WSUkyQoSwuwxWS1wQHgyg_270.jpg,False
,deploy,mLFMZE1n1fC2iowpWs5CTQ_0,mLFMZE1n1fC2iowpWs5CTQ,0,./data/centercity/images/mLFMZE1n1fC2iowpWs5CTQ_0.jpg,False
,deploy,mLFMZE1n1fC2iowpWs5CTQ_90,mLFMZE1n1fC2iowpWs5CTQ,90,./data/centercity/images/mLFMZE1n1fC2iowpWs5CTQ_90.jpg,False
,deploy,mLFMZE1n1fC2iowpWs5CTQ_180,mLFMZE1n1fC2iowpWs5CTQ,180,./data/centercity/images/mLFMZE1n1fC2iowpWs5CTQ_180.jpg,False
,deploy,mLFMZE1n1fC2iowpWs5CTQ_270,mLFMZE1n1fC2iowpWs5CTQ,270,./data/centercity/images/mLFMZE1n1fC2iowpWs5CTQ_270.jpg,False
,deploy,CAoSFkNJSE0wb2dLRUlDQWdJRGEyZTM1VXc._0,CAoSFkNJSE0wb2dLRUlDQWdJRGEyZTM1VXc.,0,./data/centercity/images/CAoSFkNJSE0wb2dLRUlDQWdJRGEyZTM1VXc._0.jpg,False
,deploy,CAoSFkNJSE0wb2dLRUlDQWdJRGEyZTM1VXc._90,CAoSFkNJSE0wb2dLRUlDQWdJRGEyZTM1VXc.,90,./data/centercity/images/CAoSFkNJSE0wb2dLRUlDQWdJRGEyZTM1VXc._90.jpg,False
,deploy,CAoSFkNJSE0wb2dLRUlDQWdJRGEyZTM1VXc._180,CAoSFkNJSE0wb2dLRUlDQWdJRGEyZTM1VXc.,180,./data/centercity/images/CAoSFkNJSE0wb2dLRUlDQWdJRGEyZTM1VXc._180.jpg,False
,deploy,CAoSFkNJSE0wb2dLRUlDQWdJRGEyZTM1VXc._270,CAoSFkNJSE0wb2dLRUlDQWdJRGEyZTM1VXc.,270,./data/centercity/images/CAoSFkNJSE0wb2dLRUlDQWdJRGEyZTM1VXc._270.jpg,False
,deploy,SE6KU_k-cIIZgYidIKJ2EA_0,SE6KU_k-cIIZgYidIKJ2EA,0,./data/centercity/images/SE6KU_k-cIIZgYidIKJ2EA_0.jpg,False
,deploy,SE6KU_k-cIIZgYidIKJ2EA_90,SE6KU_k-cIIZgYidIKJ2EA,90,./data/centercity/images/SE6KU_k-cIIZgYidIKJ2EA_90.jpg,False
,deploy,SE6KU_k-cIIZgYidIKJ2EA_180,SE6KU_k-cIIZgYidIKJ2EA,180,./data/centercity/images/SE6KU_k-cIIZgYidIKJ2EA_180.jpg,False
,deploy,SE6KU_k-cIIZgYidIKJ2EA_270,SE6KU_k-cIIZgYidIKJ2EA,270,./data/centercity/images/SE6KU_k-cIIZgYidIKJ2EA_270.jpg,False
,deploy,4U7WVB0YplBgYkxK1GSp6Q_0,4U7WVB0YplBgYkxK1GSp6Q,0,./data/centercity/images/4U7WVB0YplBgYkxK1GSp6Q_0.jpg,False
,deploy,4U7WVB0YplBgYkxK1GSp6Q_90,4U7WVB0YplBgYkxK1GSp6Q,90,./data/centercity/images/4U7WVB0YplBgYkxK1GSp6Q_90.jpg,False
,deploy,4U7WVB0YplBgYkxK1GSp6Q_180,4U7WVB0YplBgYkxK1GSp6Q,180,./data/centercity/images/4U7WVB0YplBgYkxK1GSp6Q_180.jpg,False
,deploy,4U7WVB0YplBgYkxK1GSp6Q_270,4U7WVB0YplBgYkxK1GSp6Q,270,./data/centercity/images/4U7WVB0YplBgYkxK1GSp6Q_270.jpg,False
,deploy,CAoSFkNJSE0wb2dLRUlDQWdJRGFpYmlsRVE._0,CAoSFkNJSE0wb2dLRUlDQWdJRGFpYmlsRVE.,0,./data/centercity/images/CAoSFkNJSE0wb2dLRUlDQWdJRGFpYmlsRVE._0.jpg,False
,deploy,CAoSFkNJSE0wb2dLRUlDQWdJRGFpYmlsRVE._90,CAoSFkNJSE0wb2dLRUlDQWdJRGFpYmlsRVE.,90,./data/centercity/images/CAoSFkNJSE0wb2dLRUlDQWdJRGFpYmlsRVE._90.jpg,False
,deploy,CAoSFkNJSE0wb2dLRUlDQWdJRGFpYmlsRVE._180,CAoSFkNJSE0wb2dLRUlDQWdJRGFpYmlsRVE.,180,./data/centercity/images/CAoSFkNJSE0wb2dLRUlDQWdJRGFpYmlsRVE._180.jpg,False
,deploy,CAoSFkNJSE0wb2dLRUlDQWdJRGFpYmlsRVE._270,CAoSFkNJSE0wb2dLRUlDQWdJRGFpYmlsRVE.,270,./data/centercity/images/CAoSFkNJSE0wb2dLRUlDQWdJRGFpYmlsRVE._270.jpg,False
,deploy,OMOUEdicOCcfVno6pvJoVQ_0,OMOUEdicOCcfVno6pvJoVQ,0,./data/centercity/images/OMOUEdicOCcfVno6pvJoVQ_0.jpg,False
,deploy,OMOUEdicOCcfVno6pvJoVQ_90,OMOUEdicOCcfVno6pvJoVQ,90,./data/centercity/images/OMOUEdicOCcfVno6pvJoVQ_90.jpg,False
,deploy,OMOUEdicOCcfVno6pvJoVQ_180,OMOUEdicOCcfVno6pvJoVQ,180,./data/centercity/images/OMOUEdicOCcfVno6pvJoVQ_180.jpg,False
,deploy,OMOUEdicOCcfVno6pvJoVQ_270,OMOUEdicOCcfVno6pvJoVQ,270,./data/centercity/images/OMOUEdicOCcfVno6pvJoVQ_270.jpg,False
,deploy,e4AgFC-CT9BHa98WZN4KVw_0,e4AgFC-CT9BHa98WZN4KVw,0,./data/centercity/images/e4AgFC-CT9BHa98WZN4KVw_0.jpg,False
,deploy,e4AgFC-CT9BHa98WZN4KVw_90,e4AgFC-CT9BHa98WZN4KVw,90,./data/centercity/images/e4AgFC-CT9BHa98WZN4KVw_90.jpg,False
,deploy,e4AgFC-CT9BHa98WZN4KVw_180,e4AgFC-CT9BHa98WZN4KVw,180,./data/centercity/images/e4AgFC-CT9BHa98WZN4KVw_180.jpg,False
,deploy,e4AgFC-CT9BHa98WZN4KVw_270,e4AgFC-CT9BHa98WZN4KVw,270,./data/centercity/images/e4AgFC-CT9BHa98WZN4KVw_270.jpg,False
,deploy,H--CQq0z-RrTgUeWQO0X7g_0,H--CQq0z-RrTgUeWQO0X7g,0,./data/centercity/images/H--CQq0z-RrTgUeWQO0X7g_0.jpg,False
,deploy,H--CQq0z-RrTgUeWQO0X7g_90,H--CQq0z-RrTgUeWQO0X7g,90,./data/centercity/images/H--CQq0z-RrTgUeWQO0X7g_90.jpg,False
,deploy,H--CQq0z-RrTgUeWQO0X7g_180,H--CQq0z-RrTgUeWQO0X7g,180,./data/centercity/images/H--CQq0z-RrTgUeWQO0X7g_180.jpg,False
,deploy,H--CQq0z-RrTgUeWQO0X7g_270,H--CQq0z-RrTgUeWQO0X7g,270,./data/centercity/images/H--CQq0z-RrTgUeWQO0X7g_270.jpg,False
,deploy,eb7JuOt-PCPl2pDiStNFXg_0,eb7JuOt-PCPl2pDiStNFXg,0,./data/centercity/images/eb7JuOt-PCPl2pDiStNFXg_0.jpg,False
,deploy,eb7JuOt-PCPl2pDiStNFXg_90,eb7JuOt-PCPl2pDiStNFXg,90,./data/centercity/images/eb7JuOt-PCPl2pDiStNFXg_90.jpg,False
,deploy,eb7JuOt-PCPl2pDiStNFXg_180,eb7JuOt-PCPl2pDiStNFXg,180,./data/centercity/images/eb7JuOt-PCPl2pDiStNFXg_180.jpg,False
,deploy,eb7JuOt-PCPl2pDiStNFXg_270,eb7JuOt-PCPl2pDiStNFXg,270,./data/centercity/images/eb7JuOt-PCPl2pDiStNFXg_270.jpg,False
,deploy,Ec_PjYXJrk6zBfFHhDY_Ig_0,Ec_PjYXJrk6zBfFHhDY_Ig,0,./data/centercity/images/Ec_PjYXJrk6zBfFHhDY_Ig_0.jpg,False
,deploy,Ec_PjYXJrk6zBfFHhDY_Ig_90,Ec_PjYXJrk6zBfFHhDY_Ig,90,./data/centercity/images/Ec_PjYXJrk6zBfFHhDY_Ig_90.jpg,False
,deploy,Ec_PjYXJrk6zBfFHhDY_Ig_180,Ec_PjYXJrk6zBfFHhDY_Ig,180,./data/centercity/images/Ec_PjYXJrk6zBfFHhDY_Ig_180.jpg,False
,deploy,Ec_PjYXJrk6zBfFHhDY_Ig_270,Ec_PjYXJrk6zBfFHhDY_Ig,270,./data/centercity/images/Ec_PjYXJrk6zBfFHhDY_Ig_270.jpg,False
,deploy,Dvqm0pkF6K0M8F20k0Mx5Q_0,Dvqm0pkF6K0M8F20k0Mx5Q,0,./data/centercity/images/Dvqm0pkF6K0M8F20k0Mx5Q_0.jpg,False
,deploy,Dvqm0pkF6K0M8F20k0Mx5Q_90,Dvqm0pkF6K0M8F20k0Mx5Q,90,./data/centercity/images/Dvqm0pkF6K0M8F20k0Mx5Q_90.jpg,False
,deploy,Dvqm0pkF6K0M8F20k0Mx5Q_180,Dvqm0pkF6K0M8F20k0Mx5Q,180,./data/centercity/images/Dvqm0pkF6K0M8F20k0Mx5Q_180.jpg,False
,deploy,Dvqm0pkF6K0M8F20k0Mx5Q_270,Dvqm0pkF6K0M8F20k0Mx5Q,270,./data/centercity/images/Dvqm0pkF6K0M8F20k0Mx5Q_270.jpg,False
,deploy,2cubdyPQXfIPZQiONeKzkg_0,2cubdyPQXfIPZQiONeKzkg,0,./data/centercity/images/2cubdyPQXfIPZQiONeKzkg_0.jpg,False
,deploy,2cubdyPQXfIPZQiONeKzkg_90,2cubdyPQXfIPZQiONeKzkg,90,./data/centercity/images/2cubdyPQXfIPZQiONeKzkg_90.jpg,False
,deploy,2cubdyPQXfIPZQiONeKzkg_180,2cubdyPQXfIPZQiONeKzkg,180,./data/centercity/images/2cubdyPQXfIPZQiONeKzkg_180.jpg,False
,deploy,2cubdyPQXfIPZQiONeKzkg_270,2cubdyPQXfIPZQiONeKzkg,270,./data/centercity/images/2cubdyPQXfIPZQiONeKzkg_270.jpg,False
,deploy,T-5eEL9qqZsonip5UQDHcA_0,T-5eEL9qqZsonip5UQDHcA,0,./data/centercity/images/T-5eEL9qqZsonip5UQDHcA_0.jpg,False
,deploy,T-5eEL9qqZsonip5UQDHcA_90,T-5eEL9qqZsonip5UQDHcA,90,./data/centercity/images/T-5eEL9qqZsonip5UQDHcA_90.jpg,False
,deploy,T-5eEL9qqZsonip5UQDHcA_180,T-5eEL9qqZsonip5UQDHcA,180,./data/centercity/images/T-5eEL9qqZsonip5UQDHcA_180.jpg,False
,deploy,T-5eEL9qqZsonip5UQDHcA_270,T-5eEL9qqZsonip5UQDHcA,270,./data/centercity/images/T-5eEL9qqZsonip5UQDHcA_270.jpg,False
,deploy,GFPISIPCRniZmHdkM-aOqQ_0,GFPISIPCRniZmHdkM-aOqQ,0,./data/centercity/images/GFPISIPCRniZmHdkM-aOqQ_0.jpg,False
,deploy,GFPISIPCRniZmHdkM-aOqQ_90,GFPISIPCRniZmHdkM-aOqQ,90,./data/centercity/images/GFPISIPCRniZmHdkM-aOqQ_90.jpg,False
,deploy,GFPISIPCRniZmHdkM-aOqQ_180,GFPISIPCRniZmHdkM-aOqQ,180,./data/centercity/images/GFPISIPCRniZmHdkM-aOqQ_180.jpg,False
,deploy,GFPISIPCRniZmHdkM-aOqQ_270,GFPISIPCRniZmHdkM-aOqQ,270,./data/centercity/images/GFPISIPCRniZmHdkM-aOqQ_270.jpg,False
,deploy,6PBKtAO4da-gz5Z-mwD8zw_0,6PBKtAO4da-gz5Z-mwD8zw,0,./data/centercity/images/6PBKtAO4da-gz5Z-mwD8zw_0.jpg,False
,deploy,6PBKtAO4da-gz5Z-mwD8zw_90,6PBKtAO4da-gz5Z-mwD8zw,90,./data/centercity/images/6PBKtAO4da-gz5Z-mwD8zw_90.jpg,False
,deploy,6PBKtAO4da-gz5Z-mwD8zw_180,6PBKtAO4da-gz5Z-mwD8zw,180,./data/centercity/images/6PBKtAO4da-gz5Z-mwD8zw_180.jpg,False
,deploy,6PBKtAO4da-gz5Z-mwD8zw_270,6PBKtAO4da-gz5Z-mwD8zw,270,./data/centercity/images/6PBKtAO4da-gz5Z-mwD8zw_270.jpg,False
,deploy,SNhtKrTJJ5fhnzYQhBA6RQ_0,SNhtKrTJJ5fhnzYQhBA6RQ,0,./data/centercity/images/SNhtKrTJJ5fhnzYQhBA6RQ_0.jpg,False
,deploy,SNhtKrTJJ5fhnzYQhBA6RQ_90,SNhtKrTJJ5fhnzYQhBA6RQ,90,./data/centercity/images/SNhtKrTJJ5fhnzYQhBA6RQ_90.jpg,False
,deploy,SNhtKrTJJ5fhnzYQhBA6RQ_180,SNhtKrTJJ5fhnzYQhBA6RQ,180,./data/centercity/images/SNhtKrTJJ5fhnzYQhBA6RQ_180.jpg,False
,deploy,SNhtKrTJJ5fhnzYQhBA6RQ_270,SNhtKrTJJ5fhnzYQhBA6RQ,270,./data/centercity/images/SNhtKrTJJ5fhnzYQhBA6RQ_270.jpg,False
,deploy,IHDnBRUq1Vx_-JH4l4Mz-A_0,IHDnBRUq1Vx_-JH4l4Mz-A,0,./data/centercity/images/IHDnBRUq1Vx_-JH4l4Mz-A_0.jpg,False
,deploy,IHDnBRUq1Vx_-JH4l4Mz-A_90,IHDnBRUq1Vx_-JH4l4Mz-A,90,./data/centercity/images/IHDnBRUq1Vx_-JH4l4Mz-A_90.jpg,False
,deploy,IHDnBRUq1Vx_-JH4l4Mz-A_180,IHDnBRUq1Vx_-JH4l4Mz-A,180,./data/centercity/images/IHDnBRUq1Vx_-JH4l4Mz-A_180.jpg,False
,deploy,IHDnBRUq1Vx_-JH4l4Mz-A_270,IHDnBRUq1Vx_-JH4l4Mz-A,270,./data/centercity/images/IHDnBRUq1Vx_-JH4l4Mz-A_270.jpg,False
,deploy,CAoSF0NJSE0wb2dLRUlDQWdJRGEyWjZwdkFF_0,CAoSF0NJSE0wb2dLRUlDQWdJRGEyWjZwdkFF,0,./data/centercity/images/CAoSF0NJSE0wb2dLRUlDQWdJRGEyWjZwdkFF_0.jpg,False
,deploy,CAoSF0NJSE0wb2dLRUlDQWdJRGEyWjZwdkFF_90,CAoSF0NJSE0wb2dLRUlDQWdJRGEyWjZwdkFF,90,./data/centercity/images/CAoSF0NJSE0wb2dLRUlDQWdJRGEyWjZwdkFF_90.jpg,False
,deploy,CAoSF0NJSE0wb2dLRUlDQWdJRGEyWjZwdkFF_180,CAoSF0NJSE0wb2dLRUlDQWdJRGEyWjZwdkFF,180,./data/centercity/images/CAoSF0NJSE0wb2dLRUlDQWdJRGEyWjZwdkFF_180.jpg,False
,deploy,CAoSF0NJSE0wb2dLRUlDQWdJRGEyWjZwdkFF_270,CAoSF0NJSE0wb2dLRUlDQWdJRGEyWjZwdkFF,270,./data/centercity/images/CAoSF0NJSE0wb2dLRUlDQWdJRGEyWjZwdkFF_270.jpg,False
,deploy,osAXwdOy00pUSDm0A0TioQ_0,osAXwdOy00pUSDm0A0TioQ,0,./data/centercity/images/osAXwdOy00pUSDm0A0TioQ_0.jpg,False
,deploy,osAXwdOy00pUSDm0A0TioQ_90,osAXwdOy00pUSDm0A0TioQ,90,./data/centercity/images/osAXwdOy00pUSDm0A0TioQ_90.jpg,False
,deploy,osAXwdOy00pUSDm0A0TioQ_180,osAXwdOy00pUSDm0A0TioQ,180,./data/centercity/images/osAXwdOy00pUSDm0A0TioQ_180.jpg,False
,deploy,osAXwdOy00pUSDm0A0TioQ_270,osAXwdOy00pUSDm0A0TioQ,270,./data/centercity/images/osAXwdOy00pUSDm0A0TioQ_270.jpg,False
,deploy,ri3I8tz898kNbmqxv3uHRQ_0,ri3I8tz898kNbmqxv3uHRQ,0,./data/centercity/images/ri3I8tz898kNbmqxv3uHRQ_0.jpg,False
,deploy,ri3I8tz898kNbmqxv3uHRQ_90,ri3I8tz898kNbmqxv3uHRQ,90,./data/centercity/images/ri3I8tz898kNbmqxv3uHRQ_90.jpg,False
,deploy,ri3I8tz898kNbmqxv3uHRQ_180,ri3I8tz898kNbmqxv3uHRQ,180,./data/centercity/images/ri3I8tz898kNbmqxv3uHRQ_180.jpg,False
,deploy,ri3I8tz898kNbmqxv3uHRQ_270,ri3I8tz898kNbmqxv3uHRQ,270,./data/centercity/images/ri3I8tz898kNbmqxv3uHRQ_270.jpg,False
,deploy,WQieZpAPXP_laS40tEPOnQ_0,WQieZpAPXP_laS40tEPOnQ,0,./data/centercity/images/WQieZpAPXP_laS40tEPOnQ_0.jpg,False
,deploy,WQieZpAPXP_laS40tEPOnQ_90,WQieZpAPXP_laS40tEPOnQ,90,./data/centercity/images/WQieZpAPXP_laS40tEPOnQ_90.jpg,False
,deploy,WQieZpAPXP_laS40tEPOnQ_180,WQieZpAPXP_laS40tEPOnQ,180,./data/centercity/images/WQieZpAPXP_laS40tEPOnQ_180.jpg,False
,deploy,WQieZpAPXP_laS40tEPOnQ_270,WQieZpAPXP_laS40tEPOnQ,270,./data/centercity/images/WQieZpAPXP_laS40tEPOnQ_270.jpg,False
,deploy,Tjx8uSJ1mrCmf4pQ4MPQqQ_0,Tjx8uSJ1mrCmf4pQ4MPQqQ,0,./data/centercity/images/Tjx8uSJ1mrCmf4pQ4MPQqQ_0.jpg,False
,deploy,Tjx8uSJ1mrCmf4pQ4MPQqQ_90,Tjx8uSJ1mrCmf4pQ4MPQqQ,90,./data/centercity/images/Tjx8uSJ1mrCmf4pQ4MPQqQ_90.jpg,False
,deploy,Tjx8uSJ1mrCmf4pQ4MPQqQ_180,Tjx8uSJ1mrCmf4pQ4MPQqQ,180,./data/centercity/images/Tjx8uSJ1mrCmf4pQ4MPQqQ_180.jpg,False
,deploy,Tjx8uSJ1mrCmf4pQ4MPQqQ_270,Tjx8uSJ1mrCmf4pQ4MPQqQ,270,./data/centercity/images/Tjx8uSJ1mrCmf4pQ4MPQqQ_270.jpg,False
,deploy,ju6xuqMT7U0KGo6Jj5cJsQ_0,ju6xuqMT7U0KGo6Jj5cJsQ,0,./data/centercity/images/ju6xuqMT7U0KGo6Jj5cJsQ_0.jpg,False
,deploy,ju6xuqMT7U0KGo6Jj5cJsQ_90,ju6xuqMT7U0KGo6Jj5cJsQ,90,./data/centercity/images/ju6xuqMT7U0KGo6Jj5cJsQ_90.jpg,False
,deploy,ju6xuqMT7U0KGo6Jj5cJsQ_180,ju6xuqMT7U0KGo6Jj5cJsQ,180,./data/centercity/images/ju6xuqMT7U0KGo6Jj5cJsQ_180.jpg,False
,deploy,ju6xuqMT7U0KGo6Jj5cJsQ_270,ju6xuqMT7U0KGo6Jj5cJsQ,270,./data/centercity/images/ju6xuqMT7U0KGo6Jj5cJsQ_270.jpg,False
,deploy,CAoSF0NJSE0wb2dLRUlDQWdJRE8zcjNTM2dF_0,CAoSF0NJSE0wb2dLRUlDQWdJRE8zcjNTM2dF,0,./data/centercity/images/CAoSF0NJSE0wb2dLRUlDQWdJRE8zcjNTM2dF_0.jpg,False
,deploy,CAoSF0NJSE0wb2dLRUlDQWdJRE8zcjNTM2dF_90,CAoSF0NJSE0wb2dLRUlDQWdJRE8zcjNTM2dF,90,./data/centercity/images/CAoSF0NJSE0wb2dLRUlDQWdJRE8zcjNTM2dF_90.jpg,False
,deploy,CAoSF0NJSE0wb2dLRUlDQWdJRE8zcjNTM2dF_180,CAoSF0NJSE0wb2dLRUlDQWdJRE8zcjNTM2dF,180,./data/centercity/images/CAoSF0NJSE0wb2dLRUlDQWdJRE8zcjNTM2dF_180.jpg,False
,deploy,CAoSF0NJSE0wb2dLRUlDQWdJRE8zcjNTM2dF_270,CAoSF0NJSE0wb2dLRUlDQWdJRE8zcjNTM2dF,270,./data/centercity/images/CAoSF0NJSE0wb2dLRUlDQWdJRE8zcjNTM2dF_270.jpg,False
,deploy,9WvfqdflKPIUmrQfBVoUMg_0,9WvfqdflKPIUmrQfBVoUMg,0,./data/centercity/images/9WvfqdflKPIUmrQfBVoUMg_0.jpg,False
,deploy,9WvfqdflKPIUmrQfBVoUMg_90,9WvfqdflKPIUmrQfBVoUMg,90,./data/centercity/images/9WvfqdflKPIUmrQfBVoUMg_90.jpg,False
,deploy,9WvfqdflKPIUmrQfBVoUMg_180,9WvfqdflKPIUmrQfBVoUMg,180,./data/centercity/images/9WvfqdflKPIUmrQfBVoUMg_180.jpg,False
,deploy,9WvfqdflKPIUmrQfBVoUMg_270,9WvfqdflKPIUmrQfBVoUMg,270,./data/centercity/images/9WvfqdflKPIUmrQfBVoUMg_270.jpg,False
,deploy,Bz0crdTZ4vCcA4vGD_b1bA_0,Bz0crdTZ4vCcA4vGD_b1bA,0,./data/centercity/images/Bz0crdTZ4vCcA4vGD_b1bA_0.jpg,False
,deploy,Bz0crdTZ4vCcA4vGD_b1bA_90,Bz0crdTZ4vCcA4vGD_b1bA,90,./data/centercity/images/Bz0crdTZ4vCcA4vGD_b1bA_90.jpg,False
,deploy,Bz0crdTZ4vCcA4vGD_b1bA_180,Bz0crdTZ4vCcA4vGD_b1bA,180,./data/centercity/images/Bz0crdTZ4vCcA4vGD_b1bA_180.jpg,False
,deploy,Bz0crdTZ4vCcA4vGD_b1bA_270,Bz0crdTZ4vCcA4vGD_b1bA,270,./data/centercity/images/Bz0crdTZ4vCcA4vGD_b1bA_270.jpg,False
,deploy,sgaHSCj_Xp2sdqzA3wAKbQ_0,sgaHSCj_Xp2sdqzA3wAKbQ,0,./data/centercity/images/sgaHSCj_Xp2sdqzA3wAKbQ_0.jpg,False
,deploy,sgaHSCj_Xp2sdqzA3wAKbQ_90,sgaHSCj_Xp2sdqzA3wAKbQ,90,./data/centercity/images/sgaHSCj_Xp2sdqzA3wAKbQ_90.jpg,False
,deploy,sgaHSCj_Xp2sdqzA3wAKbQ_180,sgaHSCj_Xp2sdqzA3wAKbQ,180,./data/centercity/images/sgaHSCj_Xp2sdqzA3wAKbQ_180.jpg,False
,deploy,sgaHSCj_Xp2sdqzA3wAKbQ_270,sgaHSCj_Xp2sdqzA3wAKbQ,270,./data/centercity/images/sgaHSCj_Xp2sdqzA3wAKbQ_270.jpg,False
,deploy,0LodON_Rbpsjm0VdWCZwBw_0,0LodON_Rbpsjm0VdWCZwBw,0,./data/centercity/images/0LodON_Rbpsjm0VdWCZwBw_0.jpg,False
,deploy,0LodON_Rbpsjm0VdWCZwBw_90,0LodON_Rbpsjm0VdWCZwBw,90,./data/centercity/images/0LodON_Rbpsjm0VdWCZwBw_90.jpg,False
,deploy,0LodON_Rbpsjm0VdWCZwBw_180,0LodON_Rbpsjm0VdWCZwBw,180,./data/centercity/images/0LodON_Rbpsjm0VdWCZwBw_180.jpg,False
,deploy,0LodON_Rbpsjm0VdWCZwBw_270,0LodON_Rbpsjm0VdWCZwBw,270,./data/centercity/images/0LodON_Rbpsjm0VdWCZwBw_270.jpg,False
,deploy,ussJ9o17AHAXtUULULna7A_0,ussJ9o17AHAXtUULULna7A,0,./data/centercity/images/ussJ9o17AHAXtUULULna7A_0.jpg,False
,deploy,ussJ9o17AHAXtUULULna7A_90,ussJ9o17AHAXtUULULna7A,90,./data/centercity/images/ussJ9o17AHAXtUULULna7A_90.jpg,False
,deploy,ussJ9o17AHAXtUULULna7A_180,ussJ9o17AHAXtUULULna7A,180,./data/centercity/images/ussJ9o17AHAXtUULULna7A_180.jpg,False
,deploy,ussJ9o17AHAXtUULULna7A_270,ussJ9o17AHAXtUULULna7A,270,./data/centercity/images/ussJ9o17AHAXtUULULna7A_270.jpg,False
,deploy,0mUjvYvfSfAKZbu0F-8Lrg_0,0mUjvYvfSfAKZbu0F-8Lrg,0,./data/centercity/images/0mUjvYvfSfAKZbu0F-8Lrg_0.jpg,False
,deploy,0mUjvYvfSfAKZbu0F-8Lrg_90,0mUjvYvfSfAKZbu0F-8Lrg,90,./data/centercity/images/0mUjvYvfSfAKZbu0F-8Lrg_90.jpg,False
,deploy,0mUjvYvfSfAKZbu0F-8Lrg_180,0mUjvYvfSfAKZbu0F-8Lrg,180,./data/centercity/images/0mUjvYvfSfAKZbu0F-8Lrg_180.jpg,False
,deploy,0mUjvYvfSfAKZbu0F-8Lrg_270,0mUjvYvfSfAKZbu0F-8Lrg,270,./data/centercity/images/0mUjvYvfSfAKZbu0F-8Lrg_270.jpg,False
,deploy,AXo3pb7X6VGJAET6P7tDAQ_0,AXo3pb7X6VGJAET6P7tDAQ,0,./data/centercity/images/AXo3pb7X6VGJAET6P7tDAQ_0.jpg,False
,deploy,AXo3pb7X6VGJAET6P7tDAQ_90,AXo3pb7X6VGJAET6P7tDAQ,90,./data/centercity/images/AXo3pb7X6VGJAET6P7tDAQ_90.jpg,False
,deploy,AXo3pb7X6VGJAET6P7tDAQ_180,AXo3pb7X6VGJAET6P7tDAQ,180,./data/centercity/images/AXo3pb7X6VGJAET6P7tDAQ_180.jpg,False
,deploy,AXo3pb7X6VGJAET6P7tDAQ_270,AXo3pb7X6VGJAET6P7tDAQ,270,./data/centercity/images/AXo3pb7X6VGJAET6P7tDAQ_270.jpg,False
,deploy,mR_OC2-jE6PrTA-cHln6Pg_0,mR_OC2-jE6PrTA-cHln6Pg,0,./data/centercity/images/mR_OC2-jE6PrTA-cHln6Pg_0.jpg,False
,deploy,mR_OC2-jE6PrTA-cHln6Pg_90,mR_OC2-jE6PrTA-cHln6Pg,90,./data/centercity/images/mR_OC2-jE6PrTA-cHln6Pg_90.jpg,False
,deploy,mR_OC2-jE6PrTA-cHln6Pg_180,mR_OC2-jE6PrTA-cHln6Pg,180,./data/centercity/images/mR_OC2-jE6PrTA-cHln6Pg_180.jpg,False
,deploy,mR_OC2-jE6PrTA-cHln6Pg_270,mR_OC2-jE6PrTA-cHln6Pg,270,./data/centercity/images/mR_OC2-jE6PrTA-cHln6Pg_270.jpg,False
,deploy,CAoSFkNJSE0wb2dLRUlDQWdJRE8zdDM3T0E._0,CAoSFkNJSE0wb2dLRUlDQWdJRE8zdDM3T0E.,0,./data/centercity/images/CAoSFkNJSE0wb2dLRUlDQWdJRE8zdDM3T0E._0.jpg,False
,deploy,CAoSFkNJSE0wb2dLRUlDQWdJRE8zdDM3T0E._90,CAoSFkNJSE0wb2dLRUlDQWdJRE8zdDM3T0E.,90,./data/centercity/images/CAoSFkNJSE0wb2dLRUlDQWdJRE8zdDM3T0E._90.jpg,False
,deploy,CAoSFkNJSE0wb2dLRUlDQWdJRE8zdDM3T0E._180,CAoSFkNJSE0wb2dLRUlDQWdJRE8zdDM3T0E.,180,./data/centercity/images/CAoSFkNJSE0wb2dLRUlDQWdJRE8zdDM3T0E._180.jpg,False
,deploy,CAoSFkNJSE0wb2dLRUlDQWdJRE8zdDM3T0E._270,CAoSFkNJSE0wb2dLRUlDQWdJRE8zdDM3T0E.,270,./data/centercity/images/CAoSFkNJSE0wb2dLRUlDQWdJRE8zdDM3T0E._270.jpg,False
,deploy,CAoSF0NJSE0wb2dLRUlDQWdJRE92c3JFLUFF_0,CAoSF0NJSE0wb2dLRUlDQWdJRE92c3JFLUFF,0,./data/centercity/images/CAoSF0NJSE0wb2dLRUlDQWdJRE92c3JFLUFF_0.jpg,False
,deploy,CAoSF0NJSE0wb2dLRUlDQWdJRE92c3JFLUFF_90,CAoSF0NJSE0wb2dLRUlDQWdJRE92c3JFLUFF,90,./data/centercity/images/CAoSF0NJSE0wb2dLRUlDQWdJRE92c3JFLUFF_90.jpg,False
,deploy,CAoSF0NJSE0wb2dLRUlDQWdJRE92c3JFLUFF_180,CAoSF0NJSE0wb2dLRUlDQWdJRE92c3JFLUFF,180,./data/centercity/images/CAoSF0NJSE0wb2dLRUlDQWdJRE92c3JFLUFF_180.jpg,False
,deploy,CAoSF0NJSE0wb2dLRUlDQWdJRE92c3JFLUFF_270,CAoSF0NJSE0wb2dLRUlDQWdJRE92c3JFLUFF,270,./data/centercity/images/CAoSF0NJSE0wb2dLRUlDQWdJRE92c3JFLUFF_270.jpg,False
,deploy,RAaL4otcaWYH48-V4oLgyA_0,RAaL4otcaWYH48-V4oLgyA,0,./data/centercity/images/RAaL4otcaWYH48-V4oLgyA_0.jpg,False
,deploy,RAaL4otcaWYH48-V4oLgyA_90,RAaL4otcaWYH48-V4oLgyA,90,./data/centercity/images/RAaL4otcaWYH48-V4oLgyA_90.jpg,False
,deploy,RAaL4otcaWYH48-V4oLgyA_180,RAaL4otcaWYH48-V4oLgyA,180,./data/centercity/images/RAaL4otcaWYH48-V4oLgyA_180.jpg,False
,deploy,RAaL4otcaWYH48-V4oLgyA_270,RAaL4otcaWYH48-V4oLgyA,270,./data/centercity/images/RAaL4otcaWYH48-V4oLgyA_270.jpg,False
,deploy,zbEoeNIHweM4K359aSghiw_0,zbEoeNIHweM4K359aSghiw,0,./data/centercity/images/zbEoeNIHweM4K359aSghiw_0.jpg,False
,deploy,zbEoeNIHweM4K359aSghiw_90,zbEoeNIHweM4K359aSghiw,90,./data/centercity/images/zbEoeNIHweM4K359aSghiw_90.jpg,False
,deploy,zbEoeNIHweM4K359aSghiw_180,zbEoeNIHweM4K359aSghiw,180,./data/centercity/images/zbEoeNIHweM4K359aSghiw_180.jpg,False
,deploy,zbEoeNIHweM4K359aSghiw_270,zbEoeNIHweM4K359aSghiw,270,./data/centercity/images/zbEoeNIHweM4K359aSghiw_270.jpg,False
,deploy,b574IXEcEB8RSVV0YpoZSQ_0,b574IXEcEB8RSVV0YpoZSQ,0,./data/centercity/images/b574IXEcEB8RSVV0YpoZSQ_0.jpg,False
,deploy,b574IXEcEB8RSVV0YpoZSQ_90,b574IXEcEB8RSVV0YpoZSQ,90,./data/centercity/images/b574IXEcEB8RSVV0YpoZSQ_90.jpg,False
,deploy,b574IXEcEB8RSVV0YpoZSQ_180,b574IXEcEB8RSVV0YpoZSQ,180,./data/centercity/images/b574IXEcEB8RSVV0YpoZSQ_180.jpg,False
,deploy,b574IXEcEB8RSVV0YpoZSQ_270,b574IXEcEB8RSVV0YpoZSQ,270,./data/centercity/images/b574IXEcEB8RSVV0YpoZSQ_270.jpg,False
,deploy,hJLkdKHGT4dv8TLqVCLLrQ_0,hJLkdKHGT4dv8TLqVCLLrQ,0,./data/centercity/images/hJLkdKHGT4dv8TLqVCLLrQ_0.jpg,False
,deploy,hJLkdKHGT4dv8TLqVCLLrQ_90,hJLkdKHGT4dv8TLqVCLLrQ,90,./data/centercity/images/hJLkdKHGT4dv8TLqVCLLrQ_90.jpg,False
,deploy,hJLkdKHGT4dv8TLqVCLLrQ_180,hJLkdKHGT4dv8TLqVCLLrQ,180,./data/centercity/images/hJLkdKHGT4dv8TLqVCLLrQ_180.jpg,False
,deploy,hJLkdKHGT4dv8TLqVCLLrQ_270,hJLkdKHGT4dv8TLqVCLLrQ,270,./data/centercity/images/hJLkdKHGT4dv8TLqVCLLrQ_270.jpg,False
,deploy,OjVnmXv3ooO38FGh2bDJ1g_0,OjVnmXv3ooO38FGh2bDJ1g,0,./data/centercity/images/OjVnmXv3ooO38FGh2bDJ1g_0.jpg,False
,deploy,OjVnmXv3ooO38FGh2bDJ1g_90,OjVnmXv3ooO38FGh2bDJ1g,90,./data/centercity/images/OjVnmXv3ooO38FGh2bDJ1g_90.jpg,False
,deploy,OjVnmXv3ooO38FGh2bDJ1g_180,OjVnmXv3ooO38FGh2bDJ1g,180,./data/centercity/images/OjVnmXv3ooO38FGh2bDJ1g_180.jpg,False
,deploy,OjVnmXv3ooO38FGh2bDJ1g_270,OjVnmXv3ooO38FGh2bDJ1g,270,./data/centercity/images/OjVnmXv3ooO38FGh2bDJ1g_270.jpg,False
,deploy,hdeBPT_LxxBh45wjKl44Rw_0,hdeBPT_LxxBh45wjKl44Rw,0,./data/centercity/images/hdeBPT_LxxBh45wjKl44Rw_0.jpg,False
,deploy,hdeBPT_LxxBh45wjKl44Rw_90,hdeBPT_LxxBh45wjKl44Rw,90,./data/centercity/images/hdeBPT_LxxBh45wjKl44Rw_90.jpg,False
,deploy,hdeBPT_LxxBh45wjKl44Rw_180,hdeBPT_LxxBh45wjKl44Rw,180,./data/centercity/images/hdeBPT_LxxBh45wjKl44Rw_180.jpg,False
,deploy,hdeBPT_LxxBh45wjKl44Rw_270,hdeBPT_LxxBh45wjKl44Rw,270,./data/centercity/images/hdeBPT_LxxBh45wjKl44Rw_270.jpg,False
,deploy,7XHwl_Mkz6HLB2yImdl8rg_0,7XHwl_Mkz6HLB2yImdl8rg,0,./data/centercity/images/7XHwl_Mkz6HLB2yImdl8rg_0.jpg,False
,deploy,7XHwl_Mkz6HLB2yImdl8rg_90,7XHwl_Mkz6HLB2yImdl8rg,90,./data/centercity/images/7XHwl_Mkz6HLB2yImdl8rg_90.jpg,False
,deploy,7XHwl_Mkz6HLB2yImdl8rg_180,7XHwl_Mkz6HLB2yImdl8rg,180,./data/centercity/images/7XHwl_Mkz6HLB2yImdl8rg_180.jpg,False
,deploy,7XHwl_Mkz6HLB2yImdl8rg_270,7XHwl_Mkz6HLB2yImdl8rg,270,./data/centercity/images/7XHwl_Mkz6HLB2yImdl8rg_270.jpg,False
,deploy,dCC-qzLCB7qWFQ94fR7Wtg_0,dCC-qzLCB7qWFQ94fR7Wtg,0,./data/centercity/images/dCC-qzLCB7qWFQ94fR7Wtg_0.jpg,False
,deploy,dCC-qzLCB7qWFQ94fR7Wtg_90,dCC-qzLCB7qWFQ94fR7Wtg,90,./data/centercity/images/dCC-qzLCB7qWFQ94fR7Wtg_90.jpg,False
,deploy,dCC-qzLCB7qWFQ94fR7Wtg_180,dCC-qzLCB7qWFQ94fR7Wtg,180,./data/centercity/images/dCC-qzLCB7qWFQ94fR7Wtg_180.jpg,False
,deploy,dCC-qzLCB7qWFQ94fR7Wtg_270,dCC-qzLCB7qWFQ94fR7Wtg,270,./data/centercity/images/dCC-qzLCB7qWFQ94fR7Wtg_270.jpg,False
,deploy,0LUbXYuI-FkPo0CLPXhw9w_0,0LUbXYuI-FkPo0CLPXhw9w,0,./data/centercity/images/0LUbXYuI-FkPo0CLPXhw9w_0.jpg,False
,deploy,0LUbXYuI-FkPo0CLPXhw9w_90,0LUbXYuI-FkPo0CLPXhw9w,90,./data/centercity/images/0LUbXYuI-FkPo0CLPXhw9w_90.jpg,False
,deploy,0LUbXYuI-FkPo0CLPXhw9w_180,0LUbXYuI-FkPo0CLPXhw9w,180,./data/centercity/images/0LUbXYuI-FkPo0CLPXhw9w_180.jpg,False
,deploy,0LUbXYuI-FkPo0CLPXhw9w_270,0LUbXYuI-FkPo0CLPXhw9w,270,./data/centercity/images/0LUbXYuI-FkPo0CLPXhw9w_270.jpg,False
,deploy,KubItEMdOFu3McEP2TjqGQ_0,KubItEMdOFu3McEP2TjqGQ,0,./data/centercity/images/KubItEMdOFu3McEP2TjqGQ_0.jpg,False
,deploy,KubItEMdOFu3McEP2TjqGQ_90,KubItEMdOFu3McEP2TjqGQ,90,./data/centercity/images/KubItEMdOFu3McEP2TjqGQ_90.jpg,False
,deploy,KubItEMdOFu3McEP2TjqGQ_180,KubItEMdOFu3McEP2TjqGQ,180,./data/centercity/images/KubItEMdOFu3McEP2TjqGQ_180.jpg,False
,deploy,KubItEMdOFu3McEP2TjqGQ_270,KubItEMdOFu3McEP2TjqGQ,270,./data/centercity/images/KubItEMdOFu3McEP2TjqGQ_270.jpg,False
,deploy,DCy7UsSDSroHCdzSb_jfXA_0,DCy7UsSDSroHCdzSb_jfXA,0,./data/centercity/images/DCy7UsSDSroHCdzSb_jfXA_0.jpg,False
,deploy,DCy7UsSDSroHCdzSb_jfXA_90,DCy7UsSDSroHCdzSb_jfXA,90,./data/centercity/images/DCy7UsSDSroHCdzSb_jfXA_90.jpg,False
,deploy,DCy7UsSDSroHCdzSb_jfXA_180,DCy7UsSDSroHCdzSb_jfXA,180,./data/centercity/images/DCy7UsSDSroHCdzSb_jfXA_180.jpg,False
,deploy,DCy7UsSDSroHCdzSb_jfXA_270,DCy7UsSDSroHCdzSb_jfXA,270,./data/centercity/images/DCy7UsSDSroHCdzSb_jfXA_270.jpg,False
,deploy,CAoSF0NJSE0wb2dLRUlDQWdJRGE2ZDd2b1FF_0,CAoSF0NJSE0wb2dLRUlDQWdJRGE2ZDd2b1FF,0,./data/centercity/images/CAoSF0NJSE0wb2dLRUlDQWdJRGE2ZDd2b1FF_0.jpg,False
,deploy,CAoSF0NJSE0wb2dLRUlDQWdJRGE2ZDd2b1FF_90,CAoSF0NJSE0wb2dLRUlDQWdJRGE2ZDd2b1FF,90,./data/centercity/images/CAoSF0NJSE0wb2dLRUlDQWdJRGE2ZDd2b1FF_90.jpg,False
,deploy,CAoSF0NJSE0wb2dLRUlDQWdJRGE2ZDd2b1FF_180,CAoSF0NJSE0wb2dLRUlDQWdJRGE2ZDd2b1FF,180,./data/centercity/images/CAoSF0NJSE0wb2dLRUlDQWdJRGE2ZDd2b1FF_180.jpg,False
,deploy,CAoSF0NJSE0wb2dLRUlDQWdJRGE2ZDd2b1FF_270,CAoSF0NJSE0wb2dLRUlDQWdJRGE2ZDd2b1FF,270,./data/centercity/images/CAoSF0NJSE0wb2dLRUlDQWdJRGE2ZDd2b1FF_270.jpg,False
,deploy,CAoSF0NJSE0wb2dLRUlDQWdJRGE2ZUhfendF_0,CAoSF0NJSE0wb2dLRUlDQWdJRGE2ZUhfendF,0,./data/centercity/images/CAoSF0NJSE0wb2dLRUlDQWdJRGE2ZUhfendF_0.jpg,False
,deploy,CAoSF0NJSE0wb2dLRUlDQWdJRGE2ZUhfendF_90,CAoSF0NJSE0wb2dLRUlDQWdJRGE2ZUhfendF,90,./data/centercity/images/CAoSF0NJSE0wb2dLRUlDQWdJRGE2ZUhfendF_90.jpg,False
,deploy,CAoSF0NJSE0wb2dLRUlDQWdJRGE2ZUhfendF_180,CAoSF0NJSE0wb2dLRUlDQWdJRGE2ZUhfendF,180,./data/centercity/images/CAoSF0NJSE0wb2dLRUlDQWdJRGE2ZUhfendF_180.jpg,False
,deploy,CAoSF0NJSE0wb2dLRUlDQWdJRGE2ZUhfendF_270,CAoSF0NJSE0wb2dLRUlDQWdJRGE2ZUhfendF,270,./data/centercity/images/CAoSF0NJSE0wb2dLRUlDQWdJRGE2ZUhfendF_270.jpg,False
,deploy,CAoSFkNJSE0wb2dLRUlDQWdJRGFtZHFpUmc._0,CAoSFkNJSE0wb2dLRUlDQWdJRGFtZHFpUmc.,0,./data/centercity/images/CAoSFkNJSE0wb2dLRUlDQWdJRGFtZHFpUmc._0.jpg,False
,deploy,CAoSFkNJSE0wb2dLRUlDQWdJRGFtZHFpUmc._90,CAoSFkNJSE0wb2dLRUlDQWdJRGFtZHFpUmc.,90,./data/centercity/images/CAoSFkNJSE0wb2dLRUlDQWdJRGFtZHFpUmc._90.jpg,False
,deploy,CAoSFkNJSE0wb2dLRUlDQWdJRGFtZHFpUmc._180,CAoSFkNJSE0wb2dLRUlDQWdJRGFtZHFpUmc.,180,./data/centercity/images/CAoSFkNJSE0wb2dLRUlDQWdJRGFtZHFpUmc._180.jpg,False
,deploy,CAoSFkNJSE0wb2dLRUlDQWdJRGFtZHFpUmc._270,CAoSFkNJSE0wb2dLRUlDQWdJRGFtZHFpUmc.,270,./data/centercity/images/CAoSFkNJSE0wb2dLRUlDQWdJRGFtZHFpUmc._270.jpg,False
,deploy,kYjBhVvCr-1tOHFDhzQNlg_0,kYjBhVvCr-1tOHFDhzQNlg,0,./data/centercity/images/kYjBhVvCr-1tOHFDhzQNlg_0.jpg,False
,deploy,kYjBhVvCr-1tOHFDhzQNlg_90,kYjBhVvCr-1tOHFDhzQNlg,90,./data/centercity/images/kYjBhVvCr-1tOHFDhzQNlg_90.jpg,False
,deploy,kYjBhVvCr-1tOHFDhzQNlg_180,kYjBhVvCr-1tOHFDhzQNlg,180,./data/centercity/images/kYjBhVvCr-1tOHFDhzQNlg_180.jpg,False
,deploy,kYjBhVvCr-1tOHFDhzQNlg_270,kYjBhVvCr-1tOHFDhzQNlg,270,./data/centercity/images/kYjBhVvCr-1tOHFDhzQNlg_270.jpg,False
,deploy,4UTVI9S-FJjM_rEgcX3iWw_0,4UTVI9S-FJjM_rEgcX3iWw,0,./data/centercity/images/4UTVI9S-FJjM_rEgcX3iWw_0.jpg,False
,deploy,4UTVI9S-FJjM_rEgcX3iWw_90,4UTVI9S-FJjM_rEgcX3iWw,90,./data/centercity/images/4UTVI9S-FJjM_rEgcX3iWw_90.jpg,False
,deploy,4UTVI9S-FJjM_rEgcX3iWw_180,4UTVI9S-FJjM_rEgcX3iWw,180,./data/centercity/images/4UTVI9S-FJjM_rEgcX3iWw_180.jpg,False
,deploy,4UTVI9S-FJjM_rEgcX3iWw_270,4UTVI9S-FJjM_rEgcX3iWw,270,./data/centercity/images/4UTVI9S-FJjM_rEgcX3iWw_270.jpg,False
,deploy,Nq6n0Fk469JB6PEumuhSxQ_0,Nq6n0Fk469JB6PEumuhSxQ,0,./data/centercity/images/Nq6n0Fk469JB6PEumuhSxQ_0.jpg,False
,deploy,Nq6n0Fk469JB6PEumuhSxQ_90,Nq6n0Fk469JB6PEumuhSxQ,90,./data/centercity/images/Nq6n0Fk469JB6PEumuhSxQ_90.jpg,False
,deploy,Nq6n0Fk469JB6PEumuhSxQ_180,Nq6n0Fk469JB6PEumuhSxQ,180,./data/centercity/images/Nq6n0Fk469JB6PEumuhSxQ_180.jpg,False
,deploy,Nq6n0Fk469JB6PEumuhSxQ_270,Nq6n0Fk469JB6PEumuhSxQ,270,./data/centercity/images/Nq6n0Fk469JB6PEumuhSxQ_270.jpg,False
,deploy,XsthhBsVSVNp_d5JvHwb8A_0,XsthhBsVSVNp_d5JvHwb8A,0,./data/centercity/images/XsthhBsVSVNp_d5JvHwb8A_0.jpg,False
,deploy,XsthhBsVSVNp_d5JvHwb8A_90,XsthhBsVSVNp_d5JvHwb8A,90,./data/centercity/images/XsthhBsVSVNp_d5JvHwb8A_90.jpg,False
,deploy,XsthhBsVSVNp_d5JvHwb8A_180,XsthhBsVSVNp_d5JvHwb8A,180,./data/centercity/images/XsthhBsVSVNp_d5JvHwb8A_180.jpg,False
,deploy,XsthhBsVSVNp_d5JvHwb8A_270,XsthhBsVSVNp_d5JvHwb8A,270,./data/centercity/images/XsthhBsVSVNp_d5JvHwb8A_270.jpg,False
,deploy,CAoSFkNJSE0wb2dLRUlDQWdJRGEyYTNrRlE._0,CAoSFkNJSE0wb2dLRUlDQWdJRGEyYTNrRlE.,0,./data/centercity/images/CAoSFkNJSE0wb2dLRUlDQWdJRGEyYTNrRlE._0.jpg,False
,deploy,CAoSFkNJSE0wb2dLRUlDQWdJRGEyYTNrRlE._90,CAoSFkNJSE0wb2dLRUlDQWdJRGEyYTNrRlE.,90,./data/centercity/images/CAoSFkNJSE0wb2dLRUlDQWdJRGEyYTNrRlE._90.jpg,False
,deploy,CAoSFkNJSE0wb2dLRUlDQWdJRGEyYTNrRlE._180,CAoSFkNJSE0wb2dLRUlDQWdJRGEyYTNrRlE.,180,./data/centercity/images/CAoSFkNJSE0wb2dLRUlDQWdJRGEyYTNrRlE._180.jpg,False
,deploy,CAoSFkNJSE0wb2dLRUlDQWdJRGEyYTNrRlE._270,CAoSFkNJSE0wb2dLRUlDQWdJRGEyYTNrRlE.,270,./data/centercity/images/CAoSFkNJSE0wb2dLRUlDQWdJRGEyYTNrRlE._270.jpg,False
,deploy,CAoSF0NJSE0wb2dLRUlDQWdJRGF5ZWJJb2dF_0,CAoSF0NJSE0wb2dLRUlDQWdJRGF5ZWJJb2dF,0,./data/centercity/images/CAoSF0NJSE0wb2dLRUlDQWdJRGF5ZWJJb2dF_0.jpg,False
,deploy,CAoSF0NJSE0wb2dLRUlDQWdJRGF5ZWJJb2dF_90,CAoSF0NJSE0wb2dLRUlDQWdJRGF5ZWJJb2dF,90,./data/centercity/images/CAoSF0NJSE0wb2dLRUlDQWdJRGF5ZWJJb2dF_90.jpg,False
,deploy,CAoSF0NJSE0wb2dLRUlDQWdJRGF5ZWJJb2dF_180,CAoSF0NJSE0wb2dLRUlDQWdJRGF5ZWJJb2dF,180,./data/centercity/images/CAoSF0NJSE0wb2dLRUlDQWdJRGF5ZWJJb2dF_180.jpg,False
,deploy,CAoSF0NJSE0wb2dLRUlDQWdJRGF5ZWJJb2dF_270,CAoSF0NJSE0wb2dLRUlDQWdJRGF5ZWJJb2dF,270,./data/centercity/images/CAoSF0NJSE0wb2dLRUlDQWdJRGF5ZWJJb2dF_270.jpg,False
,deploy,HBeEaPuvqXxtPtFzuygbqA_0,HBeEaPuvqXxtPtFzuygbqA,0,./data/centercity/images/HBeEaPuvqXxtPtFzuygbqA_0.jpg,False
,deploy,HBeEaPuvqXxtPtFzuygbqA_90,HBeEaPuvqXxtPtFzuygbqA,90,./data/centercity/images/HBeEaPuvqXxtPtFzuygbqA_90.jpg,False
,deploy,HBeEaPuvqXxtPtFzuygbqA_180,HBeEaPuvqXxtPtFzuygbqA,180,./data/centercity/images/HBeEaPuvqXxtPtFzuygbqA_180.jpg,False
,deploy,HBeEaPuvqXxtPtFzuygbqA_270,HBeEaPuvqXxtPtFzuygbqA,270,./data/centercity/images/HBeEaPuvqXxtPtFzuygbqA_270.jpg,False
,deploy,rmq78Z6vaVMBiEf9Z4_OPA_0,rmq78Z6vaVMBiEf9Z4_OPA,0,./data/centercity/images/rmq78Z6vaVMBiEf9Z4_OPA_0.jpg,False
,deploy,rmq78Z6vaVMBiEf9Z4_OPA_90,rmq78Z6vaVMBiEf9Z4_OPA,90,./data/centercity/images/rmq78Z6vaVMBiEf9Z4_OPA_90.jpg,False
,deploy,rmq78Z6vaVMBiEf9Z4_OPA_180,rmq78Z6vaVMBiEf9Z4_OPA,180,./data/centercity/images/rmq78Z6vaVMBiEf9Z4_OPA_180.jpg,False
,deploy,rmq78Z6vaVMBiEf9Z4_OPA_270,rmq78Z6vaVMBiEf9Z4_OPA,270,./data/centercity/images/rmq78Z6vaVMBiEf9Z4_OPA_270.jpg,False
,deploy,6PyTn_ujxBYSzPtiFOX3gg_0,6PyTn_ujxBYSzPtiFOX3gg,0,./data/centercity/images/6PyTn_ujxBYSzPtiFOX3gg_0.jpg,False
,deploy,6PyTn_ujxBYSzPtiFOX3gg_90,6PyTn_ujxBYSzPtiFOX3gg,90,./data/centercity/images/6PyTn_ujxBYSzPtiFOX3gg_90.jpg,False
,deploy,6PyTn_ujxBYSzPtiFOX3gg_180,6PyTn_ujxBYSzPtiFOX3gg,180,./data/centercity/images/6PyTn_ujxBYSzPtiFOX3gg_180.jpg,False
,deploy,6PyTn_ujxBYSzPtiFOX3gg_270,6PyTn_ujxBYSzPtiFOX3gg,270,./data/centercity/images/6PyTn_ujxBYSzPtiFOX3gg_270.jpg,False
,deploy,CAoSFkNJSE0wb2dLRUlDQWdJRGFpWldlYUE._0,CAoSFkNJSE0wb2dLRUlDQWdJRGFpWldlYUE.,0,./data/centercity/images/CAoSFkNJSE0wb2dLRUlDQWdJRGFpWldlYUE._0.jpg,False
,deploy,CAoSFkNJSE0wb2dLRUlDQWdJRGFpWldlYUE._90,CAoSFkNJSE0wb2dLRUlDQWdJRGFpWldlYUE.,90,./data/centercity/images/CAoSFkNJSE0wb2dLRUlDQWdJRGFpWldlYUE._90.jpg,False
,deploy,CAoSFkNJSE0wb2dLRUlDQWdJRGFpWldlYUE._180,CAoSFkNJSE0wb2dLRUlDQWdJRGFpWldlYUE.,180,./data/centercity/images/CAoSFkNJSE0wb2dLRUlDQWdJRGFpWldlYUE._180.jpg,False
,deploy,CAoSFkNJSE0wb2dLRUlDQWdJRGFpWldlYUE._270,CAoSFkNJSE0wb2dLRUlDQWdJRGFpWldlYUE.,270,./data/centercity/images/CAoSFkNJSE0wb2dLRUlDQWdJRGFpWldlYUE._270.jpg,False
,deploy,CD1mLdxzx1n9Dl2W7f0fwg_0,CD1mLdxzx1n9Dl2W7f0fwg,0,./data/centercity/images/CD1mLdxzx1n9Dl2W7f0fwg_0.jpg,False
,deploy,CD1mLdxzx1n9Dl2W7f0fwg_90,CD1mLdxzx1n9Dl2W7f0fwg,90,./data/centercity/images/CD1mLdxzx1n9Dl2W7f0fwg_90.jpg,False
,deploy,CD1mLdxzx1n9Dl2W7f0fwg_180,CD1mLdxzx1n9Dl2W7f0fwg,180,./data/centercity/images/CD1mLdxzx1n9Dl2W7f0fwg_180.jpg,False
,deploy,CD1mLdxzx1n9Dl2W7f0fwg_270,CD1mLdxzx1n9Dl2W7f0fwg,270,./data/centercity/images/CD1mLdxzx1n9Dl2W7f0fwg_270.jpg,False
,deploy,CAoSFkNJSE0wb2dLRUlDQWdJRGF5ZS1SRUE._0,CAoSFkNJSE0wb2dLRUlDQWdJRGF5ZS1SRUE.,0,./data/centercity/images/CAoSFkNJSE0wb2dLRUlDQWdJRGF5ZS1SRUE._0.jpg,False
,deploy,CAoSFkNJSE0wb2dLRUlDQWdJRGF5ZS1SRUE._90,CAoSFkNJSE0wb2dLRUlDQWdJRGF5ZS1SRUE.,90,./data/centercity/images/CAoSFkNJSE0wb2dLRUlDQWdJRGF5ZS1SRUE._90.jpg,False
,deploy,CAoSFkNJSE0wb2dLRUlDQWdJRGF5ZS1SRUE._180,CAoSFkNJSE0wb2dLRUlDQWdJRGF5ZS1SRUE.,180,./data/centercity/images/CAoSFkNJSE0wb2dLRUlDQWdJRGF5ZS1SRUE._180.jpg,False
,deploy,CAoSFkNJSE0wb2dLRUlDQWdJRGF5ZS1SRUE._270,CAoSFkNJSE0wb2dLRUlDQWdJRGF5ZS1SRUE.,270,./data/centercity/images/CAoSFkNJSE0wb2dLRUlDQWdJRGF5ZS1SRUE._270.jpg,False
,deploy,CAoSF0NJSE0wb2dLRUlDQWdJRGF5ZmV4akFF_0,CAoSF0NJSE0wb2dLRUlDQWdJRGF5ZmV4akFF,0,./data/centercity/images/CAoSF0NJSE0wb2dLRUlDQWdJRGF5ZmV4akFF_0.jpg,False
,deploy,CAoSF0NJSE0wb2dLRUlDQWdJRGF5ZmV4akFF_90,CAoSF0NJSE0wb2dLRUlDQWdJRGF5ZmV4akFF,90,./data/centercity/images/CAoSF0NJSE0wb2dLRUlDQWdJRGF5ZmV4akFF_90.jpg,False
,deploy,CAoSF0NJSE0wb2dLRUlDQWdJRGF5ZmV4akFF_180,CAoSF0NJSE0wb2dLRUlDQWdJRGF5ZmV4akFF,180,./data/centercity/images/CAoSF0NJSE0wb2dLRUlDQWdJRGF5ZmV4akFF_180.jpg,False
,deploy,CAoSF0NJSE0wb2dLRUlDQWdJRGF5ZmV4akFF_270,CAoSF0NJSE0wb2dLRUlDQWdJRGF5ZmV4akFF,270,./data/centercity/images/CAoSF0NJSE0wb2dLRUlDQWdJRGF5ZmV4akFF_270.jpg,False
,deploy,CAoSF0NJSE0wb2dLRUlDQWdJRGE4YkxGc3dF_0,CAoSF0NJSE0wb2dLRUlDQWdJRGE4YkxGc3dF,0,./data/centercity/images/CAoSF0NJSE0wb2dLRUlDQWdJRGE4YkxGc3dF_0.jpg,False
,deploy,CAoSF0NJSE0wb2dLRUlDQWdJRGE4YkxGc3dF_90,CAoSF0NJSE0wb2dLRUlDQWdJRGE4YkxGc3dF,90,./data/centercity/images/CAoSF0NJSE0wb2dLRUlDQWdJRGE4YkxGc3dF_90.jpg,False
,deploy,CAoSF0NJSE0wb2dLRUlDQWdJRGE4YkxGc3dF_180,CAoSF0NJSE0wb2dLRUlDQWdJRGE4YkxGc3dF,180,./data/centercity/images/CAoSF0NJSE0wb2dLRUlDQWdJRGE4YkxGc3dF_180.jpg,False
,deploy,CAoSF0NJSE0wb2dLRUlDQWdJRGE4YkxGc3dF_270,CAoSF0NJSE0wb2dLRUlDQWdJRGE4YkxGc3dF,270,./data/centercity/images/CAoSF0NJSE0wb2dLRUlDQWdJRGE4YkxGc3dF_270.jpg,False
,deploy,CAoSFkNJSE0wb2dLRUlDQWdJRGFxZGl3VVE._0,CAoSFkNJSE0wb2dLRUlDQWdJRGFxZGl3VVE.,0,./data/centercity/images/CAoSFkNJSE0wb2dLRUlDQWdJRGFxZGl3VVE._0.jpg,False
,deploy,CAoSFkNJSE0wb2dLRUlDQWdJRGFxZGl3VVE._90,CAoSFkNJSE0wb2dLRUlDQWdJRGFxZGl3VVE.,90,./data/centercity/images/CAoSFkNJSE0wb2dLRUlDQWdJRGFxZGl3VVE._90.jpg,False
,deploy,CAoSFkNJSE0wb2dLRUlDQWdJRGFxZGl3VVE._180,CAoSFkNJSE0wb2dLRUlDQWdJRGFxZGl3VVE.,180,./data/centercity/images/CAoSFkNJSE0wb2dLRUlDQWdJRGFxZGl3VVE._180.jpg,False
,deploy,CAoSFkNJSE0wb2dLRUlDQWdJRGFxZGl3VVE._270,CAoSFkNJSE0wb2dLRUlDQWdJRGFxZGl3VVE.,270,./data/centercity/images/CAoSFkNJSE0wb2dLRUlDQWdJRGFxZGl3VVE._270.jpg,False
,deploy,It8b57LgKseP-9hlDx2tHQ_0,It8b57LgKseP-9hlDx2tHQ,0,./data/centercity/images/It8b57LgKseP-9hlDx2tHQ_0.jpg,False
,deploy,It8b57LgKseP-9hlDx2tHQ_90,It8b57LgKseP-9hlDx2tHQ,90,./data/centercity/images/It8b57LgKseP-9hlDx2tHQ_90.jpg,False
,deploy,It8b57LgKseP-9hlDx2tHQ_180,It8b57LgKseP-9hlDx2tHQ,180,./data/centercity/images/It8b57LgKseP-9hlDx2tHQ_180.jpg,False
,deploy,It8b57LgKseP-9hlDx2tHQ_270,It8b57LgKseP-9hlDx2tHQ,270,./data/centercity/images/It8b57LgKseP-9hlDx2tHQ_270.jpg,False
,deploy,HDO4nnOx8sZ4X1JGQWu5WQ_0,HDO4nnOx8sZ4X1JGQWu5WQ,0,./data/centercity/images/HDO4nnOx8sZ4X1JGQWu5WQ_0.jpg,False
,deploy,HDO4nnOx8sZ4X1JGQWu5WQ_90,HDO4nnOx8sZ4X1JGQWu5WQ,90,./data/centercity/images/HDO4nnOx8sZ4X1JGQWu5WQ_90.jpg,False
,deploy,HDO4nnOx8sZ4X1JGQWu5WQ_180,HDO4nnOx8sZ4X1JGQWu5WQ,180,./data/centercity/images/HDO4nnOx8sZ4X1JGQWu5WQ_180.jpg,False
,deploy,HDO4nnOx8sZ4X1JGQWu5WQ_270,HDO4nnOx8sZ4X1JGQWu5WQ,270,./data/centercity/images/HDO4nnOx8sZ4X1JGQWu5WQ_270.jpg,False
,deploy,sIjvc3b3wUUzuY8YhQSteQ_0,sIjvc3b3wUUzuY8YhQSteQ,0,./data/centercity/images/sIjvc3b3wUUzuY8YhQSteQ_0.jpg,False
,deploy,sIjvc3b3wUUzuY8YhQSteQ_90,sIjvc3b3wUUzuY8YhQSteQ,90,./data/centercity/images/sIjvc3b3wUUzuY8YhQSteQ_90.jpg,False
,deploy,sIjvc3b3wUUzuY8YhQSteQ_180,sIjvc3b3wUUzuY8YhQSteQ,180,./data/centercity/images/sIjvc3b3wUUzuY8YhQSteQ_180.jpg,False
,deploy,sIjvc3b3wUUzuY8YhQSteQ_270,sIjvc3b3wUUzuY8YhQSteQ,270,./data/centercity/images/sIjvc3b3wUUzuY8YhQSteQ_270.jpg,False
,deploy,CAoSFkNJSE0wb2dLRUlDQWdJRGEyYU9lUFE._0,CAoSFkNJSE0wb2dLRUlDQWdJRGEyYU9lUFE.,0,./data/centercity/images/CAoSFkNJSE0wb2dLRUlDQWdJRGEyYU9lUFE._0.jpg,False
,deploy,CAoSFkNJSE0wb2dLRUlDQWdJRGEyYU9lUFE._90,CAoSFkNJSE0wb2dLRUlDQWdJRGEyYU9lUFE.,90,./data/centercity/images/CAoSFkNJSE0wb2dLRUlDQWdJRGEyYU9lUFE._90.jpg,False
,deploy,CAoSFkNJSE0wb2dLRUlDQWdJRGEyYU9lUFE._180,CAoSFkNJSE0wb2dLRUlDQWdJRGEyYU9lUFE.,180,./data/centercity/images/CAoSFkNJSE0wb2dLRUlDQWdJRGEyYU9lUFE._180.jpg,False
,deploy,CAoSFkNJSE0wb2dLRUlDQWdJRGEyYU9lUFE._270,CAoSFkNJSE0wb2dLRUlDQWdJRGEyYU9lUFE.,270,./data/centercity/images/CAoSFkNJSE0wb2dLRUlDQWdJRGEyYU9lUFE._270.jpg,False
,deploy,tzF4Z3FvpyUtkGLUN17y3A_0,tzF4Z3FvpyUtkGLUN17y3A,0,./data/centercity/images/tzF4Z3FvpyUtkGLUN17y3A_0.jpg,False
,deploy,tzF4Z3FvpyUtkGLUN17y3A_90,tzF4Z3FvpyUtkGLUN17y3A,90,./data/centercity/images/tzF4Z3FvpyUtkGLUN17y3A_90.jpg,False
,deploy,tzF4Z3FvpyUtkGLUN17y3A_180,tzF4Z3FvpyUtkGLUN17y3A,180,./data/centercity/images/tzF4Z3FvpyUtkGLUN17y3A_180.jpg,False
,deploy,tzF4Z3FvpyUtkGLUN17y3A_270,tzF4Z3FvpyUtkGLUN17y3A,270,./data/centercity/images/tzF4Z3FvpyUtkGLUN17y3A_270.jpg,False
,deploy,Kc_KAe0YW99B_PXFbGA_Tg_0,Kc_KAe0YW99B_PXFbGA_Tg,0,./data/centercity/images/Kc_KAe0YW99B_PXFbGA_Tg_0.jpg,False
,deploy,Kc_KAe0YW99B_PXFbGA_Tg_90,Kc_KAe0YW99B_PXFbGA_Tg,90,./data/centercity/images/Kc_KAe0YW99B_PXFbGA_Tg_90.jpg,False
,deploy,Kc_KAe0YW99B_PXFbGA_Tg_180,Kc_KAe0YW99B_PXFbGA_Tg,180,./data/centercity/images/Kc_KAe0YW99B_PXFbGA_Tg_180.jpg,False
,deploy,Kc_KAe0YW99B_PXFbGA_Tg_270,Kc_KAe0YW99B_PXFbGA_Tg,270,./data/centercity/images/Kc_KAe0YW99B_PXFbGA_Tg_270.jpg,False
,deploy,9KMIGlWBGrn8UKHEWAezuQ_0,9KMIGlWBGrn8UKHEWAezuQ,0,./data/centercity/images/9KMIGlWBGrn8UKHEWAezuQ_0.jpg,False
,deploy,9KMIGlWBGrn8UKHEWAezuQ_90,9KMIGlWBGrn8UKHEWAezuQ,90,./data/centercity/images/9KMIGlWBGrn8UKHEWAezuQ_90.jpg,False
,deploy,9KMIGlWBGrn8UKHEWAezuQ_180,9KMIGlWBGrn8UKHEWAezuQ,180,./data/centercity/images/9KMIGlWBGrn8UKHEWAezuQ_180.jpg,False
,deploy,9KMIGlWBGrn8UKHEWAezuQ_270,9KMIGlWBGrn8UKHEWAezuQ,270,./data/centercity/images/9KMIGlWBGrn8UKHEWAezuQ_270.jpg,False
,deploy,MLVHFnGIa0gvmJvcKsbK3w_0,MLVHFnGIa0gvmJvcKsbK3w,0,./data/centercity/images/MLVHFnGIa0gvmJvcKsbK3w_0.jpg,False
,deploy,MLVHFnGIa0gvmJvcKsbK3w_90,MLVHFnGIa0gvmJvcKsbK3w,90,./data/centercity/images/MLVHFnGIa0gvmJvcKsbK3w_90.jpg,False
,deploy,MLVHFnGIa0gvmJvcKsbK3w_180,MLVHFnGIa0gvmJvcKsbK3w,180,./data/centercity/images/MLVHFnGIa0gvmJvcKsbK3w_180.jpg,False
,deploy,MLVHFnGIa0gvmJvcKsbK3w_270,MLVHFnGIa0gvmJvcKsbK3w,270,./data/centercity/images/MLVHFnGIa0gvmJvcKsbK3w_270.jpg,False
,deploy,CAoSFkNJSE0wb2dLRUlDQWdJRGE4WTdyUVE._0,CAoSFkNJSE0wb2dLRUlDQWdJRGE4WTdyUVE.,0,./data/centercity/images/CAoSFkNJSE0wb2dLRUlDQWdJRGE4WTdyUVE._0.jpg,False
,deploy,CAoSFkNJSE0wb2dLRUlDQWdJRGE4WTdyUVE._90,CAoSFkNJSE0wb2dLRUlDQWdJRGE4WTdyUVE.,90,./data/centercity/images/CAoSFkNJSE0wb2dLRUlDQWdJRGE4WTdyUVE._90.jpg,False
,deploy,CAoSFkNJSE0wb2dLRUlDQWdJRGE4WTdyUVE._180,CAoSFkNJSE0wb2dLRUlDQWdJRGE4WTdyUVE.,180,./data/centercity/images/CAoSFkNJSE0wb2dLRUlDQWdJRGE4WTdyUVE._180.jpg,False
,deploy,CAoSFkNJSE0wb2dLRUlDQWdJRGE4WTdyUVE._270,CAoSFkNJSE0wb2dLRUlDQWdJRGE4WTdyUVE.,270,./data/centercity/images/CAoSFkNJSE0wb2dLRUlDQWdJRGE4WTdyUVE._270.jpg,False
,deploy,CAoSF0NJSE0wb2dLRUlDQWdJRGFxWTdIeFFF_0,CAoSF0NJSE0wb2dLRUlDQWdJRGFxWTdIeFFF,0,./data/centercity/images/CAoSF0NJSE0wb2dLRUlDQWdJRGFxWTdIeFFF_0.jpg,False
,deploy,CAoSF0NJSE0wb2dLRUlDQWdJRGFxWTdIeFFF_90,CAoSF0NJSE0wb2dLRUlDQWdJRGFxWTdIeFFF,90,./data/centercity/images/CAoSF0NJSE0wb2dLRUlDQWdJRGFxWTdIeFFF_90.jpg,False
,deploy,CAoSF0NJSE0wb2dLRUlDQWdJRGFxWTdIeFFF_180,CAoSF0NJSE0wb2dLRUlDQWdJRGFxWTdIeFFF,180,./data/centercity/images/CAoSF0NJSE0wb2dLRUlDQWdJRGFxWTdIeFFF_180.jpg,False
,deploy,CAoSF0NJSE0wb2dLRUlDQWdJRGFxWTdIeFFF_270,CAoSF0NJSE0wb2dLRUlDQWdJRGFxWTdIeFFF,270,./data/centercity/images/CAoSF0NJSE0wb2dLRUlDQWdJRGFxWTdIeFFF_270.jpg,False
,deploy,CAoSF0NJSE0wb2dLRUlDQWdJRGEyZld1MUFF_0,CAoSF0NJSE0wb2dLRUlDQWdJRGEyZld1MUFF,0,./data/centercity/images/CAoSF0NJSE0wb2dLRUlDQWdJRGEyZld1MUFF_0.jpg,False
,deploy,CAoSF0NJSE0wb2dLRUlDQWdJRGEyZld1MUFF_90,CAoSF0NJSE0wb2dLRUlDQWdJRGEyZld1MUFF,90,./data/centercity/images/CAoSF0NJSE0wb2dLRUlDQWdJRGEyZld1MUFF_90.jpg,False
,deploy,CAoSF0NJSE0wb2dLRUlDQWdJRGEyZld1MUFF_180,CAoSF0NJSE0wb2dLRUlDQWdJRGEyZld1MUFF,180,./data/centercity/images/CAoSF0NJSE0wb2dLRUlDQWdJRGEyZld1MUFF_180.jpg,False
,deploy,CAoSF0NJSE0wb2dLRUlDQWdJRGEyZld1MUFF_270,CAoSF0NJSE0wb2dLRUlDQWdJRGEyZld1MUFF,270,./data/centercity/images/CAoSF0NJSE0wb2dLRUlDQWdJRGEyZld1MUFF_270.jpg,False
,deploy,nV6nNlnH_O-4EmixCeO1lw_0,nV6nNlnH_O-4EmixCeO1lw,0,./data/centercity/images/nV6nNlnH_O-4EmixCeO1lw_0.jpg,False
,deploy,nV6nNlnH_O-4EmixCeO1lw_90,nV6nNlnH_O-4EmixCeO1lw,90,./data/centercity/images/nV6nNlnH_O-4EmixCeO1lw_90.jpg,False
,deploy,nV6nNlnH_O-4EmixCeO1lw_180,nV6nNlnH_O-4EmixCeO1lw,180,./data/centercity/images/nV6nNlnH_O-4EmixCeO1lw_180.jpg,False
,deploy,nV6nNlnH_O-4EmixCeO1lw_270,nV6nNlnH_O-4EmixCeO1lw,270,./data/centercity/images/nV6nNlnH_O-4EmixCeO1lw_270.jpg,False
,deploy,v6Orn9QQXXn1eSJV97AXHA_0,v6Orn9QQXXn1eSJV97AXHA,0,./data/centercity/images/v6Orn9QQXXn1eSJV97AXHA_0.jpg,False
,deploy,v6Orn9QQXXn1eSJV97AXHA_90,v6Orn9QQXXn1eSJV97AXHA,90,./data/centercity/images/v6Orn9QQXXn1eSJV97AXHA_90.jpg,False
,deploy,v6Orn9QQXXn1eSJV97AXHA_180,v6Orn9QQXXn1eSJV97AXHA,180,./data/centercity/images/v6Orn9QQXXn1eSJV97AXHA_180.jpg,False
,deploy,v6Orn9QQXXn1eSJV97AXHA_270,v6Orn9QQXXn1eSJV97AXHA,270,./data/centercity/images/v6Orn9QQXXn1eSJV97AXHA_270.jpg,False
,deploy,WzbIi7u_hc5xZEQVyuto2w_0,WzbIi7u_hc5xZEQVyuto2w,0,./data/centercity/images/WzbIi7u_hc5xZEQVyuto2w_0.jpg,False
,deploy,WzbIi7u_hc5xZEQVyuto2w_90,WzbIi7u_hc5xZEQVyuto2w,90,./data/centercity/images/WzbIi7u_hc5xZEQVyuto2w_90.jpg,False
,deploy,WzbIi7u_hc5xZEQVyuto2w_180,WzbIi7u_hc5xZEQVyuto2w,180,./data/centercity/images/WzbIi7u_hc5xZEQVyuto2w_180.jpg,False
,deploy,WzbIi7u_hc5xZEQVyuto2w_270,WzbIi7u_hc5xZEQVyuto2w,270,./data/centercity/images/WzbIi7u_hc5xZEQVyuto2w_270.jpg,False
,deploy,gWxrKB-ko2mcAFPbmbzOZg_0,gWxrKB-ko2mcAFPbmbzOZg,0,./data/centercity/images/gWxrKB-ko2mcAFPbmbzOZg_0.jpg,False
,deploy,gWxrKB-ko2mcAFPbmbzOZg_90,gWxrKB-ko2mcAFPbmbzOZg,90,./data/centercity/images/gWxrKB-ko2mcAFPbmbzOZg_90.jpg,False
,deploy,gWxrKB-ko2mcAFPbmbzOZg_180,gWxrKB-ko2mcAFPbmbzOZg,180,./data/centercity/images/gWxrKB-ko2mcAFPbmbzOZg_180.jpg,False
,deploy,gWxrKB-ko2mcAFPbmbzOZg_270,gWxrKB-ko2mcAFPbmbzOZg,270,./data/centercity/images/gWxrKB-ko2mcAFPbmbzOZg_270.jpg,False
,deploy,CAoSF0NJSE0wb2dLRUlDQWdJRGE4Y2FQc0FF_0,CAoSF0NJSE0wb2dLRUlDQWdJRGE4Y2FQc0FF,0,./data/centercity/images/CAoSF0NJSE0wb2dLRUlDQWdJRGE4Y2FQc0FF_0.jpg,False
,deploy,CAoSF0NJSE0wb2dLRUlDQWdJRGE4Y2FQc0FF_90,CAoSF0NJSE0wb2dLRUlDQWdJRGE4Y2FQc0FF,90,./data/centercity/images/CAoSF0NJSE0wb2dLRUlDQWdJRGE4Y2FQc0FF_90.jpg,False
,deploy,CAoSF0NJSE0wb2dLRUlDQWdJRGE4Y2FQc0FF_180,CAoSF0NJSE0wb2dLRUlDQWdJRGE4Y2FQc0FF,180,./data/centercity/images/CAoSF0NJSE0wb2dLRUlDQWdJRGE4Y2FQc0FF_180.jpg,False
,deploy,CAoSF0NJSE0wb2dLRUlDQWdJRGE4Y2FQc0FF_270,CAoSF0NJSE0wb2dLRUlDQWdJRGE4Y2FQc0FF,270,./data/centercity/images/CAoSF0NJSE0wb2dLRUlDQWdJRGE4Y2FQc0FF_270.jpg,False
,deploy,CAoSF0NJSE0wb2dLRUlDQWdJRGEwWWFNOUFF_0,CAoSF0NJSE0wb2dLRUlDQWdJRGEwWWFNOUFF,0,./data/centercity/images/CAoSF0NJSE0wb2dLRUlDQWdJRGEwWWFNOUFF_0.jpg,False
,deploy,CAoSF0NJSE0wb2dLRUlDQWdJRGEwWWFNOUFF_90,CAoSF0NJSE0wb2dLRUlDQWdJRGEwWWFNOUFF,90,./data/centercity/images/CAoSF0NJSE0wb2dLRUlDQWdJRGEwWWFNOUFF_90.jpg,False
,deploy,CAoSF0NJSE0wb2dLRUlDQWdJRGEwWWFNOUFF_180,CAoSF0NJSE0wb2dLRUlDQWdJRGEwWWFNOUFF,180,./data/centercity/images/CAoSF0NJSE0wb2dLRUlDQWdJRGEwWWFNOUFF_180.jpg,False
,deploy,CAoSF0NJSE0wb2dLRUlDQWdJRGEwWWFNOUFF_270,CAoSF0NJSE0wb2dLRUlDQWdJRGEwWWFNOUFF,270,./data/centercity/images/CAoSF0NJSE0wb2dLRUlDQWdJRGEwWWFNOUFF_270.jpg,False
,deploy,CAoSFkNJSE0wb2dLRUlDQWdJRGEyZkhMYVE._0,CAoSFkNJSE0wb2dLRUlDQWdJRGEyZkhMYVE.,0,./data/centercity/images/CAoSFkNJSE0wb2dLRUlDQWdJRGEyZkhMYVE._0.jpg,False
,deploy,CAoSFkNJSE0wb2dLRUlDQWdJRGEyZkhMYVE._90,CAoSFkNJSE0wb2dLRUlDQWdJRGEyZkhMYVE.,90,./data/centercity/images/CAoSFkNJSE0wb2dLRUlDQWdJRGEyZkhMYVE._90.jpg,False
,deploy,CAoSFkNJSE0wb2dLRUlDQWdJRGEyZkhMYVE._180,CAoSFkNJSE0wb2dLRUlDQWdJRGEyZkhMYVE.,180,./data/centercity/images/CAoSFkNJSE0wb2dLRUlDQWdJRGEyZkhMYVE._180.jpg,False
,deploy,CAoSFkNJSE0wb2dLRUlDQWdJRGEyZkhMYVE._270,CAoSFkNJSE0wb2dLRUlDQWdJRGEyZkhMYVE.,270,./data/centercity/images/CAoSFkNJSE0wb2dLRUlDQWdJRGEyZkhMYVE._270.jpg,False
,deploy,dApTrQga6-b-tJs3pyfCdQ_0,dApTrQga6-b-tJs3pyfCdQ,0,./data/centercity/images/dApTrQga6-b-tJs3pyfCdQ_0.jpg,False
,deploy,dApTrQga6-b-tJs3pyfCdQ_90,dApTrQga6-b-tJs3pyfCdQ,90,./data/centercity/images/dApTrQga6-b-tJs3pyfCdQ_90.jpg,False
,deploy,dApTrQga6-b-tJs3pyfCdQ_180,dApTrQga6-b-tJs3pyfCdQ,180,./data/centercity/images/dApTrQga6-b-tJs3pyfCdQ_180.jpg,False
,deploy,dApTrQga6-b-tJs3pyfCdQ_270,dApTrQga6-b-tJs3pyfCdQ,270,./data/centercity/images/dApTrQga6-b-tJs3pyfCdQ_270.jpg,False
,deploy,dGVNheaxX1JiSgIzlNeLvw_0,dGVNheaxX1JiSgIzlNeLvw,0,./data/centercity/images/dGVNheaxX1JiSgIzlNeLvw_0.jpg,False
,deploy,dGVNheaxX1JiSgIzlNeLvw_90,dGVNheaxX1JiSgIzlNeLvw,90,./data/centercity/images/dGVNheaxX1JiSgIzlNeLvw_90.jpg,False
,deploy,dGVNheaxX1JiSgIzlNeLvw_180,dGVNheaxX1JiSgIzlNeLvw,180,./data/centercity/images/dGVNheaxX1JiSgIzlNeLvw_180.jpg,False
,deploy,dGVNheaxX1JiSgIzlNeLvw_270,dGVNheaxX1JiSgIzlNeLvw,270,./data/centercity/images/dGVNheaxX1JiSgIzlNeLvw_270.jpg,False
,deploy,zv6Mwr7hoLkdpRuQE1rVTQ_0,zv6Mwr7hoLkdpRuQE1rVTQ,0,./data/centercity/images/zv6Mwr7hoLkdpRuQE1rVTQ_0.jpg,False
,deploy,zv6Mwr7hoLkdpRuQE1rVTQ_90,zv6Mwr7hoLkdpRuQE1rVTQ,90,./data/centercity/images/zv6Mwr7hoLkdpRuQE1rVTQ_90.jpg,False
,deploy,zv6Mwr7hoLkdpRuQE1rVTQ_180,zv6Mwr7hoLkdpRuQE1rVTQ,180,./data/centercity/images/zv6Mwr7hoLkdpRuQE1rVTQ_180.jpg,False
,deploy,zv6Mwr7hoLkdpRuQE1rVTQ_270,zv6Mwr7hoLkdpRuQE1rVTQ,270,./data/centercity/images/zv6Mwr7hoLkdpRuQE1rVTQ_270.jpg,False
,deploy,yWFSx_WWBWxP-vSlFrDjfA_0,yWFSx_WWBWxP-vSlFrDjfA,0,./data/centercity/images/yWFSx_WWBWxP-vSlFrDjfA_0.jpg,False
,deploy,yWFSx_WWBWxP-vSlFrDjfA_90,yWFSx_WWBWxP-vSlFrDjfA,90,./data/centercity/images/yWFSx_WWBWxP-vSlFrDjfA_90.jpg,False
,deploy,yWFSx_WWBWxP-vSlFrDjfA_180,yWFSx_WWBWxP-vSlFrDjfA,180,./data/centercity/images/yWFSx_WWBWxP-vSlFrDjfA_180.jpg,False
,deploy,yWFSx_WWBWxP-vSlFrDjfA_270,yWFSx_WWBWxP-vSlFrDjfA,270,./data/centercity/images/yWFSx_WWBWxP-vSlFrDjfA_270.jpg,False
,deploy,SKT51x6MHBHGXixAsABzKQ_0,SKT51x6MHBHGXixAsABzKQ,0,./data/centercity/images/SKT51x6MHBHGXixAsABzKQ_0.jpg,False
,deploy,SKT51x6MHBHGXixAsABzKQ_90,SKT51x6MHBHGXixAsABzKQ,90,./data/centercity/images/SKT51x6MHBHGXixAsABzKQ_90.jpg,False
,deploy,SKT51x6MHBHGXixAsABzKQ_180,SKT51x6MHBHGXixAsABzKQ,180,./data/centercity/images/SKT51x6MHBHGXixAsABzKQ_180.jpg,False
,deploy,SKT51x6MHBHGXixAsABzKQ_270,SKT51x6MHBHGXixAsABzKQ,270,./data/centercity/images/SKT51x6MHBHGXixAsABzKQ_270.jpg,False
,deploy,QotcrQcQI82mByRsjl1_4w_0,QotcrQcQI82mByRsjl1_4w,0,./data/centercity/images/QotcrQcQI82mByRsjl1_4w_0.jpg,False
,deploy,QotcrQcQI82mByRsjl1_4w_90,QotcrQcQI82mByRsjl1_4w,90,./data/centercity/images/QotcrQcQI82mByRsjl1_4w_90.jpg,False
,deploy,QotcrQcQI82mByRsjl1_4w_180,QotcrQcQI82mByRsjl1_4w,180,./data/centercity/images/QotcrQcQI82mByRsjl1_4w_180.jpg,False
,deploy,QotcrQcQI82mByRsjl1_4w_270,QotcrQcQI82mByRsjl1_4w,270,./data/centercity/images/QotcrQcQI82mByRsjl1_4w_270.jpg,False
,deploy,vu4z-ldtj99zLB0yjulCsg_0,vu4z-ldtj99zLB0yjulCsg,0,./data/centercity/images/vu4z-ldtj99zLB0yjulCsg_0.jpg,False
,deploy,vu4z-ldtj99zLB0yjulCsg_90,vu4z-ldtj99zLB0yjulCsg,90,./data/centercity/images/vu4z-ldtj99zLB0yjulCsg_90.jpg,False
,deploy,vu4z-ldtj99zLB0yjulCsg_180,vu4z-ldtj99zLB0yjulCsg,180,./data/centercity/images/vu4z-ldtj99zLB0yjulCsg_180.jpg,False
,deploy,vu4z-ldtj99zLB0yjulCsg_270,vu4z-ldtj99zLB0yjulCsg,270,./data/centercity/images/vu4z-ldtj99zLB0yjulCsg_270.jpg,False
,deploy,KSXcEpiHdnPk2RyAb9txyg_0,KSXcEpiHdnPk2RyAb9txyg,0,./data/centercity/images/KSXcEpiHdnPk2RyAb9txyg_0.jpg,False
,deploy,KSXcEpiHdnPk2RyAb9txyg_90,KSXcEpiHdnPk2RyAb9txyg,90,./data/centercity/images/KSXcEpiHdnPk2RyAb9txyg_90.jpg,False
,deploy,KSXcEpiHdnPk2RyAb9txyg_180,KSXcEpiHdnPk2RyAb9txyg,180,./data/centercity/images/KSXcEpiHdnPk2RyAb9txyg_180.jpg,False
,deploy,KSXcEpiHdnPk2RyAb9txyg_270,KSXcEpiHdnPk2RyAb9txyg,270,./data/centercity/images/KSXcEpiHdnPk2RyAb9txyg_270.jpg,False
,deploy,Uy3FV8XlQSrAytxXISOutg_0,Uy3FV8XlQSrAytxXISOutg,0,./data/centercity/images/Uy3FV8XlQSrAytxXISOutg_0.jpg,False
,deploy,Uy3FV8XlQSrAytxXISOutg_90,Uy3FV8XlQSrAytxXISOutg,90,./data/centercity/images/Uy3FV8XlQSrAytxXISOutg_90.jpg,False
,deploy,Uy3FV8XlQSrAytxXISOutg_180,Uy3FV8XlQSrAytxXISOutg,180,./data/centercity/images/Uy3FV8XlQSrAytxXISOutg_180.jpg,False
,deploy,Uy3FV8XlQSrAytxXISOutg_270,Uy3FV8XlQSrAytxXISOutg,270,./data/centercity/images/Uy3FV8XlQSrAytxXISOutg_270.jpg,False
,deploy,VvqAWbyXTFuj7AGLoTEptw_0,VvqAWbyXTFuj7AGLoTEptw,0,./data/centercity/images/VvqAWbyXTFuj7AGLoTEptw_0.jpg,False
,deploy,VvqAWbyXTFuj7AGLoTEptw_90,VvqAWbyXTFuj7AGLoTEptw,90,./data/centercity/images/VvqAWbyXTFuj7AGLoTEptw_90.jpg,False
,deploy,VvqAWbyXTFuj7AGLoTEptw_180,VvqAWbyXTFuj7AGLoTEptw,180,./data/centercity/images/VvqAWbyXTFuj7AGLoTEptw_180.jpg,False
,deploy,VvqAWbyXTFuj7AGLoTEptw_270,VvqAWbyXTFuj7AGLoTEptw,270,./data/centercity/images/VvqAWbyXTFuj7AGLoTEptw_270.jpg,False
,deploy,NG_MjXDqdjygZDVClnT7KQ_0,NG_MjXDqdjygZDVClnT7KQ,0,./data/centercity/images/NG_MjXDqdjygZDVClnT7KQ_0.jpg,False
,deploy,NG_MjXDqdjygZDVClnT7KQ_90,NG_MjXDqdjygZDVClnT7KQ,90,./data/centercity/images/NG_MjXDqdjygZDVClnT7KQ_90.jpg,False
,deploy,NG_MjXDqdjygZDVClnT7KQ_180,NG_MjXDqdjygZDVClnT7KQ,180,./data/centercity/images/NG_MjXDqdjygZDVClnT7KQ_180.jpg,False
,deploy,NG_MjXDqdjygZDVClnT7KQ_270,NG_MjXDqdjygZDVClnT7KQ,270,./data/centercity/images/NG_MjXDqdjygZDVClnT7KQ_270.jpg,False
,deploy,CAoSFkNJSE0wb2dLRUlDQWdJQzJrcTJYZFE._0,CAoSFkNJSE0wb2dLRUlDQWdJQzJrcTJYZFE.,0,./data/centercity/images/CAoSFkNJSE0wb2dLRUlDQWdJQzJrcTJYZFE._0.jpg,False
,deploy,CAoSFkNJSE0wb2dLRUlDQWdJQzJrcTJYZFE._90,CAoSFkNJSE0wb2dLRUlDQWdJQzJrcTJYZFE.,90,./data/centercity/images/CAoSFkNJSE0wb2dLRUlDQWdJQzJrcTJYZFE._90.jpg,False
,deploy,CAoSFkNJSE0wb2dLRUlDQWdJQzJrcTJYZFE._180,CAoSFkNJSE0wb2dLRUlDQWdJQzJrcTJYZFE.,180,./data/centercity/images/CAoSFkNJSE0wb2dLRUlDQWdJQzJrcTJYZFE._180.jpg,False
,deploy,CAoSFkNJSE0wb2dLRUlDQWdJQzJrcTJYZFE._270,CAoSFkNJSE0wb2dLRUlDQWdJQzJrcTJYZFE.,270,./data/centercity/images/CAoSFkNJSE0wb2dLRUlDQWdJQzJrcTJYZFE._270.jpg,False
,deploy,wqdVw6JM8dckPi9qagT-mA_0,wqdVw6JM8dckPi9qagT-mA,0,./data/centercity/images/wqdVw6JM8dckPi9qagT-mA_0.jpg,False
,deploy,wqdVw6JM8dckPi9qagT-mA_90,wqdVw6JM8dckPi9qagT-mA,90,./data/centercity/images/wqdVw6JM8dckPi9qagT-mA_90.jpg,False
,deploy,wqdVw6JM8dckPi9qagT-mA_180,wqdVw6JM8dckPi9qagT-mA,180,./data/centercity/images/wqdVw6JM8dckPi9qagT-mA_180.jpg,False
,deploy,wqdVw6JM8dckPi9qagT-mA_270,wqdVw6JM8dckPi9qagT-mA,270,./data/centercity/images/wqdVw6JM8dckPi9qagT-mA_270.jpg,False
,deploy,maqJwaxB1BmgmCwNxcdRFw_0,maqJwaxB1BmgmCwNxcdRFw,0,./data/centercity/images/maqJwaxB1BmgmCwNxcdRFw_0.jpg,False
,deploy,maqJwaxB1BmgmCwNxcdRFw_90,maqJwaxB1BmgmCwNxcdRFw,90,./data/centercity/images/maqJwaxB1BmgmCwNxcdRFw_90.jpg,False
,deploy,maqJwaxB1BmgmCwNxcdRFw_180,maqJwaxB1BmgmCwNxcdRFw,180,./data/centercity/images/maqJwaxB1BmgmCwNxcdRFw_180.jpg,False
,deploy,maqJwaxB1BmgmCwNxcdRFw_270,maqJwaxB1BmgmCwNxcdRFw,270,./data/centercity/images/maqJwaxB1BmgmCwNxcdRFw_270.jpg,False
,deploy,6ukQ9ik84exIU2guskfTvQ_0,6ukQ9ik84exIU2guskfTvQ,0,./data/centercity/images/6ukQ9ik84exIU2guskfTvQ_0.jpg,False
,deploy,6ukQ9ik84exIU2guskfTvQ_90,6ukQ9ik84exIU2guskfTvQ,90,./data/centercity/images/6ukQ9ik84exIU2guskfTvQ_90.jpg,False
,deploy,6ukQ9ik84exIU2guskfTvQ_180,6ukQ9ik84exIU2guskfTvQ,180,./data/centercity/images/6ukQ9ik84exIU2guskfTvQ_180.jpg,False
,deploy,6ukQ9ik84exIU2guskfTvQ_270,6ukQ9ik84exIU2guskfTvQ,270,./data/centercity/images/6ukQ9ik84exIU2guskfTvQ_270.jpg,False
,deploy,CAoSF0NJSE0wb2dLRUlDQWdJRGF5Y1d3bEFF_0,CAoSF0NJSE0wb2dLRUlDQWdJRGF5Y1d3bEFF,0,./data/centercity/images/CAoSF0NJSE0wb2dLRUlDQWdJRGF5Y1d3bEFF_0.jpg,False
,deploy,CAoSF0NJSE0wb2dLRUlDQWdJRGF5Y1d3bEFF_90,CAoSF0NJSE0wb2dLRUlDQWdJRGF5Y1d3bEFF,90,./data/centercity/images/CAoSF0NJSE0wb2dLRUlDQWdJRGF5Y1d3bEFF_90.jpg,False
,deploy,CAoSF0NJSE0wb2dLRUlDQWdJRGF5Y1d3bEFF_180,CAoSF0NJSE0wb2dLRUlDQWdJRGF5Y1d3bEFF,180,./data/centercity/images/CAoSF0NJSE0wb2dLRUlDQWdJRGF5Y1d3bEFF_180.jpg,False
,deploy,CAoSF0NJSE0wb2dLRUlDQWdJRGF5Y1d3bEFF_270,CAoSF0NJSE0wb2dLRUlDQWdJRGF5Y1d3bEFF,270,./data/centercity/images/CAoSF0NJSE0wb2dLRUlDQWdJRGF5Y1d3bEFF_270.jpg,False
,deploy,CAoSF0NJSE0wb2dLRUlDQWdJRGFtZWU4cmdF_0,CAoSF0NJSE0wb2dLRUlDQWdJRGFtZWU4cmdF,0,./data/centercity/images/CAoSF0NJSE0wb2dLRUlDQWdJRGFtZWU4cmdF_0.jpg,False
,deploy,CAoSF0NJSE0wb2dLRUlDQWdJRGFtZWU4cmdF_90,CAoSF0NJSE0wb2dLRUlDQWdJRGFtZWU4cmdF,90,./data/centercity/images/CAoSF0NJSE0wb2dLRUlDQWdJRGFtZWU4cmdF_90.jpg,False
,deploy,CAoSF0NJSE0wb2dLRUlDQWdJRGFtZWU4cmdF_180,CAoSF0NJSE0wb2dLRUlDQWdJRGFtZWU4cmdF,180,./data/centercity/images/CAoSF0NJSE0wb2dLRUlDQWdJRGFtZWU4cmdF_180.jpg,False
,deploy,CAoSF0NJSE0wb2dLRUlDQWdJRGFtZWU4cmdF_270,CAoSF0NJSE0wb2dLRUlDQWdJRGFtZWU4cmdF,270,./data/centercity/images/CAoSF0NJSE0wb2dLRUlDQWdJRGFtZWU4cmdF_270.jpg,False
,deploy,CAoSF0NJSE0wb2dLRUlDQWdJRGFxWlB1OEFF_0,CAoSF0NJSE0wb2dLRUlDQWdJRGFxWlB1OEFF,0,./data/centercity/images/CAoSF0NJSE0wb2dLRUlDQWdJRGFxWlB1OEFF_0.jpg,False
,deploy,CAoSF0NJSE0wb2dLRUlDQWdJRGFxWlB1OEFF_90,CAoSF0NJSE0wb2dLRUlDQWdJRGFxWlB1OEFF,90,./data/centercity/images/CAoSF0NJSE0wb2dLRUlDQWdJRGFxWlB1OEFF_90.jpg,False
,deploy,CAoSF0NJSE0wb2dLRUlDQWdJRGFxWlB1OEFF_180,CAoSF0NJSE0wb2dLRUlDQWdJRGFxWlB1OEFF,180,./data/centercity/images/CAoSF0NJSE0wb2dLRUlDQWdJRGFxWlB1OEFF_180.jpg,False
,deploy,CAoSF0NJSE0wb2dLRUlDQWdJRGFxWlB1OEFF_270,CAoSF0NJSE0wb2dLRUlDQWdJRGFxWlB1OEFF,270,./data/centercity/images/CAoSF0NJSE0wb2dLRUlDQWdJRGFxWlB1OEFF_270.jpg,False
,deploy,OKNA2qq03AMKINLg5KmB0Q_0,OKNA2qq03AMKINLg5KmB0Q,0,./data/centercity/images/OKNA2qq03AMKINLg5KmB0Q_0.jpg,False
,deploy,OKNA2qq03AMKINLg5KmB0Q_90,OKNA2qq03AMKINLg5KmB0Q,90,./data/centercity/images/OKNA2qq03AMKINLg5KmB0Q_90.jpg,False
,deploy,OKNA2qq03AMKINLg5KmB0Q_180,OKNA2qq03AMKINLg5KmB0Q,180,./data/centercity/images/OKNA2qq03AMKINLg5KmB0Q_180.jpg,False
,deploy,OKNA2qq03AMKINLg5KmB0Q_270,OKNA2qq03AMKINLg5KmB0Q,270,./data/centercity/images/OKNA2qq03AMKINLg5KmB0Q_270.jpg,False
,deploy,CAoSF0NJSE0wb2dLRUlDQWdJRGFtZE9DclFF_0,CAoSF0NJSE0wb2dLRUlDQWdJRGFtZE9DclFF,0,./data/centercity/images/CAoSF0NJSE0wb2dLRUlDQWdJRGFtZE9DclFF_0.jpg,False
,deploy,CAoSF0NJSE0wb2dLRUlDQWdJRGFtZE9DclFF_90,CAoSF0NJSE0wb2dLRUlDQWdJRGFtZE9DclFF,90,./data/centercity/images/CAoSF0NJSE0wb2dLRUlDQWdJRGFtZE9DclFF_90.jpg,False
,deploy,CAoSF0NJSE0wb2dLRUlDQWdJRGFtZE9DclFF_180,CAoSF0NJSE0wb2dLRUlDQWdJRGFtZE9DclFF,180,./data/centercity/images/CAoSF0NJSE0wb2dLRUlDQWdJRGFtZE9DclFF_180.jpg,False
,deploy,CAoSF0NJSE0wb2dLRUlDQWdJRGFtZE9DclFF_270,CAoSF0NJSE0wb2dLRUlDQWdJRGFtZE9DclFF,270,./data/centercity/images/CAoSF0NJSE0wb2dLRUlDQWdJRGFtZE9DclFF_270.jpg,False
,deploy,OlB-hlgeSRluELHGny8OjQ_0,OlB-hlgeSRluELHGny8OjQ,0,./data/centercity/images/OlB-hlgeSRluELHGny8OjQ_0.jpg,False
,deploy,OlB-hlgeSRluELHGny8OjQ_90,OlB-hlgeSRluELHGny8OjQ,90,./data/centercity/images/OlB-hlgeSRluELHGny8OjQ_90.jpg,False
,deploy,OlB-hlgeSRluELHGny8OjQ_180,OlB-hlgeSRluELHGny8OjQ,180,./data/centercity/images/OlB-hlgeSRluELHGny8OjQ_180.jpg,False
,deploy,OlB-hlgeSRluELHGny8OjQ_270,OlB-hlgeSRluELHGny8OjQ,270,./data/centercity/images/OlB-hlgeSRluELHGny8OjQ_270.jpg,False
,deploy,0uw1VRP8Rgnh27SJjWEY7w_0,0uw1VRP8Rgnh27SJjWEY7w,0,./data/centercity/images/0uw1VRP8Rgnh27SJjWEY7w_0.jpg,False
,deploy,0uw1VRP8Rgnh27SJjWEY7w_90,0uw1VRP8Rgnh27SJjWEY7w,90,./data/centercity/images/0uw1VRP8Rgnh27SJjWEY7w_90.jpg,False
,deploy,0uw1VRP8Rgnh27SJjWEY7w_180,0uw1VRP8Rgnh27SJjWEY7w,180,./data/centercity/images/0uw1VRP8Rgnh27SJjWEY7w_180.jpg,False
,deploy,0uw1VRP8Rgnh27SJjWEY7w_270,0uw1VRP8Rgnh27SJjWEY7w,270,./data/centercity/images/0uw1VRP8Rgnh27SJjWEY7w_270.jpg,False
,deploy,oFzyVapt0jvHhCMwWamdfw_0,oFzyVapt0jvHhCMwWamdfw,0,./data/centercity/images/oFzyVapt0jvHhCMwWamdfw_0.jpg,False
,deploy,oFzyVapt0jvHhCMwWamdfw_90,oFzyVapt0jvHhCMwWamdfw,90,./data/centercity/images/oFzyVapt0jvHhCMwWamdfw_90.jpg,False
,deploy,oFzyVapt0jvHhCMwWamdfw_180,oFzyVapt0jvHhCMwWamdfw,180,./data/centercity/images/oFzyVapt0jvHhCMwWamdfw_180.jpg,False
,deploy,oFzyVapt0jvHhCMwWamdfw_270,oFzyVapt0jvHhCMwWamdfw,270,./data/centercity/images/oFzyVapt0jvHhCMwWamdfw_270.jpg,False
,deploy,Kj7lXyUmrq6Kkp0QQBFo0g_0,Kj7lXyUmrq6Kkp0QQBFo0g,0,./data/centercity/images/Kj7lXyUmrq6Kkp0QQBFo0g_0.jpg,False
,deploy,Kj7lXyUmrq6Kkp0QQBFo0g_90,Kj7lXyUmrq6Kkp0QQBFo0g,90,./data/centercity/images/Kj7lXyUmrq6Kkp0QQBFo0g_90.jpg,False
,deploy,Kj7lXyUmrq6Kkp0QQBFo0g_180,Kj7lXyUmrq6Kkp0QQBFo0g,180,./data/centercity/images/Kj7lXyUmrq6Kkp0QQBFo0g_180.jpg,False
,deploy,Kj7lXyUmrq6Kkp0QQBFo0g_270,Kj7lXyUmrq6Kkp0QQBFo0g,270,./data/centercity/images/Kj7lXyUmrq6Kkp0QQBFo0g_270.jpg,False
,deploy,Ov59U7hZa1GFInQetUOaEA_0,Ov59U7hZa1GFInQetUOaEA,0,./data/centercity/images/Ov59U7hZa1GFInQetUOaEA_0.jpg,False
,deploy,Ov59U7hZa1GFInQetUOaEA_90,Ov59U7hZa1GFInQetUOaEA,90,./data/centercity/images/Ov59U7hZa1GFInQetUOaEA_90.jpg,False
,deploy,Ov59U7hZa1GFInQetUOaEA_180,Ov59U7hZa1GFInQetUOaEA,180,./data/centercity/images/Ov59U7hZa1GFInQetUOaEA_180.jpg,False
,deploy,Ov59U7hZa1GFInQetUOaEA_270,Ov59U7hZa1GFInQetUOaEA,270,./data/centercity/images/Ov59U7hZa1GFInQetUOaEA_270.jpg,False
,deploy,Y8PcrUDVDuAKW5Iizn0xmA_0,Y8PcrUDVDuAKW5Iizn0xmA,0,./data/centercity/images/Y8PcrUDVDuAKW5Iizn0xmA_0.jpg,False
,deploy,Y8PcrUDVDuAKW5Iizn0xmA_90,Y8PcrUDVDuAKW5Iizn0xmA,90,./data/centercity/images/Y8PcrUDVDuAKW5Iizn0xmA_90.jpg,False
,deploy,Y8PcrUDVDuAKW5Iizn0xmA_180,Y8PcrUDVDuAKW5Iizn0xmA,180,./data/centercity/images/Y8PcrUDVDuAKW5Iizn0xmA_180.jpg,False
,deploy,Y8PcrUDVDuAKW5Iizn0xmA_270,Y8PcrUDVDuAKW5Iizn0xmA,270,./data/centercity/images/Y8PcrUDVDuAKW5Iizn0xmA_270.jpg,False
,deploy,LvYbCFFwBptud907GgmnfQ_0,LvYbCFFwBptud907GgmnfQ,0,./data/centercity/images/LvYbCFFwBptud907GgmnfQ_0.jpg,False
,deploy,LvYbCFFwBptud907GgmnfQ_90,LvYbCFFwBptud907GgmnfQ,90,./data/centercity/images/LvYbCFFwBptud907GgmnfQ_90.jpg,False
,deploy,LvYbCFFwBptud907GgmnfQ_180,LvYbCFFwBptud907GgmnfQ,180,./data/centercity/images/LvYbCFFwBptud907GgmnfQ_180.jpg,False
,deploy,LvYbCFFwBptud907GgmnfQ_270,LvYbCFFwBptud907GgmnfQ,270,./data/centercity/images/LvYbCFFwBptud907GgmnfQ_270.jpg,False
,deploy,vAIo8OXtIN24JyENXHCTXw_0,vAIo8OXtIN24JyENXHCTXw,0,./data/centercity/images/vAIo8OXtIN24JyENXHCTXw_0.jpg,False
,deploy,vAIo8OXtIN24JyENXHCTXw_90,vAIo8OXtIN24JyENXHCTXw,90,./data/centercity/images/vAIo8OXtIN24JyENXHCTXw_90.jpg,False
,deploy,vAIo8OXtIN24JyENXHCTXw_180,vAIo8OXtIN24JyENXHCTXw,180,./data/centercity/images/vAIo8OXtIN24JyENXHCTXw_180.jpg,False
,deploy,vAIo8OXtIN24JyENXHCTXw_270,vAIo8OXtIN24JyENXHCTXw,270,./data/centercity/images/vAIo8OXtIN24JyENXHCTXw_270.jpg,False
,deploy,w-lKcGcs2BIawbFpcpqh9w_0,w-lKcGcs2BIawbFpcpqh9w,0,./data/centercity/images/w-lKcGcs2BIawbFpcpqh9w_0.jpg,False
,deploy,w-lKcGcs2BIawbFpcpqh9w_90,w-lKcGcs2BIawbFpcpqh9w,90,./data/centercity/images/w-lKcGcs2BIawbFpcpqh9w_90.jpg,False
,deploy,w-lKcGcs2BIawbFpcpqh9w_180,w-lKcGcs2BIawbFpcpqh9w,180,./data/centercity/images/w-lKcGcs2BIawbFpcpqh9w_180.jpg,False
,deploy,w-lKcGcs2BIawbFpcpqh9w_270,w-lKcGcs2BIawbFpcpqh9w,270,./data/centercity/images/w-lKcGcs2BIawbFpcpqh9w_270.jpg,False
,deploy,0n2ZenokvDVmS9xXF3-Olw_0,0n2ZenokvDVmS9xXF3-Olw,0,./data/centercity/images/0n2ZenokvDVmS9xXF3-Olw_0.jpg,False
,deploy,0n2ZenokvDVmS9xXF3-Olw_90,0n2ZenokvDVmS9xXF3-Olw,90,./data/centercity/images/0n2ZenokvDVmS9xXF3-Olw_90.jpg,False
,deploy,0n2ZenokvDVmS9xXF3-Olw_180,0n2ZenokvDVmS9xXF3-Olw,180,./data/centercity/images/0n2ZenokvDVmS9xXF3-Olw_180.jpg,False
,deploy,0n2ZenokvDVmS9xXF3-Olw_270,0n2ZenokvDVmS9xXF3-Olw,270,./data/centercity/images/0n2ZenokvDVmS9xXF3-Olw_270.jpg,False
,deploy,nC1pSWKDJUMG2vZKuS_j0g_0,nC1pSWKDJUMG2vZKuS_j0g,0,./data/centercity/images/nC1pSWKDJUMG2vZKuS_j0g_0.jpg,False
,deploy,nC1pSWKDJUMG2vZKuS_j0g_90,nC1pSWKDJUMG2vZKuS_j0g,90,./data/centercity/images/nC1pSWKDJUMG2vZKuS_j0g_90.jpg,False
,deploy,nC1pSWKDJUMG2vZKuS_j0g_180,nC1pSWKDJUMG2vZKuS_j0g,180,./data/centercity/images/nC1pSWKDJUMG2vZKuS_j0g_180.jpg,False
,deploy,nC1pSWKDJUMG2vZKuS_j0g_270,nC1pSWKDJUMG2vZKuS_j0g,270,./data/centercity/images/nC1pSWKDJUMG2vZKuS_j0g_270.jpg,False
,deploy,CAoSF0NJSE0wb2dLRUlDQWdJQ3VrdWYyakFF_0,CAoSF0NJSE0wb2dLRUlDQWdJQ3VrdWYyakFF,0,./data/centercity/images/CAoSF0NJSE0wb2dLRUlDQWdJQ3VrdWYyakFF_0.jpg,False
,deploy,CAoSF0NJSE0wb2dLRUlDQWdJQ3VrdWYyakFF_90,CAoSF0NJSE0wb2dLRUlDQWdJQ3VrdWYyakFF,90,./data/centercity/images/CAoSF0NJSE0wb2dLRUlDQWdJQ3VrdWYyakFF_90.jpg,False
,deploy,CAoSF0NJSE0wb2dLRUlDQWdJQ3VrdWYyakFF_180,CAoSF0NJSE0wb2dLRUlDQWdJQ3VrdWYyakFF,180,./data/centercity/images/CAoSF0NJSE0wb2dLRUlDQWdJQ3VrdWYyakFF_180.jpg,False
,deploy,CAoSF0NJSE0wb2dLRUlDQWdJQ3VrdWYyakFF_270,CAoSF0NJSE0wb2dLRUlDQWdJQ3VrdWYyakFF,270,./data/centercity/images/CAoSF0NJSE0wb2dLRUlDQWdJQ3VrdWYyakFF_270.jpg,False
,deploy,siGjRc1UxVyfevIfJcvSsw_0,siGjRc1UxVyfevIfJcvSsw,0,./data/centercity/images/siGjRc1UxVyfevIfJcvSsw_0.jpg,False
,deploy,siGjRc1UxVyfevIfJcvSsw_90,siGjRc1UxVyfevIfJcvSsw,90,./data/centercity/images/siGjRc1UxVyfevIfJcvSsw_90.jpg,False
,deploy,siGjRc1UxVyfevIfJcvSsw_180,siGjRc1UxVyfevIfJcvSsw,180,./data/centercity/images/siGjRc1UxVyfevIfJcvSsw_180.jpg,False
,deploy,siGjRc1UxVyfevIfJcvSsw_270,siGjRc1UxVyfevIfJcvSsw,270,./data/centercity/images/siGjRc1UxVyfevIfJcvSsw_270.jpg,False
,deploy,fYKdodhE5t8o3zfR-7vW-g_0,fYKdodhE5t8o3zfR-7vW-g,0,./data/centercity/images/fYKdodhE5t8o3zfR-7vW-g_0.jpg,False
,deploy,fYKdodhE5t8o3zfR-7vW-g_90,fYKdodhE5t8o3zfR-7vW-g,90,./data/centercity/images/fYKdodhE5t8o3zfR-7vW-g_90.jpg,False
,deploy,fYKdodhE5t8o3zfR-7vW-g_180,fYKdodhE5t8o3zfR-7vW-g,180,./data/centercity/images/fYKdodhE5t8o3zfR-7vW-g_180.jpg,False
,deploy,fYKdodhE5t8o3zfR-7vW-g_270,fYKdodhE5t8o3zfR-7vW-g,270,./data/centercity/images/fYKdodhE5t8o3zfR-7vW-g_270.jpg,False
,deploy,IohH8YElUzGSzgmK0hmGdQ_0,IohH8YElUzGSzgmK0hmGdQ,0,./data/centercity/images/IohH8YElUzGSzgmK0hmGdQ_0.jpg,False
,deploy,IohH8YElUzGSzgmK0hmGdQ_90,IohH8YElUzGSzgmK0hmGdQ,90,./data/centercity/images/IohH8YElUzGSzgmK0hmGdQ_90.jpg,False
,deploy,IohH8YElUzGSzgmK0hmGdQ_180,IohH8YElUzGSzgmK0hmGdQ,180,./data/centercity/images/IohH8YElUzGSzgmK0hmGdQ_180.jpg,False
,deploy,IohH8YElUzGSzgmK0hmGdQ_270,IohH8YElUzGSzgmK0hmGdQ,270,./data/centercity/images/IohH8YElUzGSzgmK0hmGdQ_270.jpg,False
,deploy,bUUR87HcLp8WzkqUJ0o9Cg_0,bUUR87HcLp8WzkqUJ0o9Cg,0,./data/centercity/images/bUUR87HcLp8WzkqUJ0o9Cg_0.jpg,False
,deploy,bUUR87HcLp8WzkqUJ0o9Cg_90,bUUR87HcLp8WzkqUJ0o9Cg,90,./data/centercity/images/bUUR87HcLp8WzkqUJ0o9Cg_90.jpg,False
,deploy,bUUR87HcLp8WzkqUJ0o9Cg_180,bUUR87HcLp8WzkqUJ0o9Cg,180,./data/centercity/images/bUUR87HcLp8WzkqUJ0o9Cg_180.jpg,False
,deploy,bUUR87HcLp8WzkqUJ0o9Cg_270,bUUR87HcLp8WzkqUJ0o9Cg,270,./data/centercity/images/bUUR87HcLp8WzkqUJ0o9Cg_270.jpg,False
,deploy,n2a8q8Dj0mSIArgt9WAksA_0,n2a8q8Dj0mSIArgt9WAksA,0,./data/centercity/images/n2a8q8Dj0mSIArgt9WAksA_0.jpg,False
,deploy,n2a8q8Dj0mSIArgt9WAksA_90,n2a8q8Dj0mSIArgt9WAksA,90,./data/centercity/images/n2a8q8Dj0mSIArgt9WAksA_90.jpg,False
,deploy,n2a8q8Dj0mSIArgt9WAksA_180,n2a8q8Dj0mSIArgt9WAksA,180,./data/centercity/images/n2a8q8Dj0mSIArgt9WAksA_180.jpg,False
,deploy,n2a8q8Dj0mSIArgt9WAksA_270,n2a8q8Dj0mSIArgt9WAksA,270,./data/centercity/images/n2a8q8Dj0mSIArgt9WAksA_270.jpg,False
,deploy,CAoSFkNJSE0wb2dLRUlDQWdJRGFxYld2ZVE._0,CAoSFkNJSE0wb2dLRUlDQWdJRGFxYld2ZVE.,0,./data/centercity/images/CAoSFkNJSE0wb2dLRUlDQWdJRGFxYld2ZVE._0.jpg,False
,deploy,CAoSFkNJSE0wb2dLRUlDQWdJRGFxYld2ZVE._90,CAoSFkNJSE0wb2dLRUlDQWdJRGFxYld2ZVE.,90,./data/centercity/images/CAoSFkNJSE0wb2dLRUlDQWdJRGFxYld2ZVE._90.jpg,False
,deploy,CAoSFkNJSE0wb2dLRUlDQWdJRGFxYld2ZVE._180,CAoSFkNJSE0wb2dLRUlDQWdJRGFxYld2ZVE.,180,./data/centercity/images/CAoSFkNJSE0wb2dLRUlDQWdJRGFxYld2ZVE._180.jpg,False
,deploy,CAoSFkNJSE0wb2dLRUlDQWdJRGFxYld2ZVE._270,CAoSFkNJSE0wb2dLRUlDQWdJRGFxYld2ZVE.,270,./data/centercity/images/CAoSFkNJSE0wb2dLRUlDQWdJRGFxYld2ZVE._270.jpg,False
,deploy,CAoSFkNJSE0wb2dLRUlDQWdJQ3VrdXY1Tnc._0,CAoSFkNJSE0wb2dLRUlDQWdJQ3VrdXY1Tnc.,0,./data/centercity/images/CAoSFkNJSE0wb2dLRUlDQWdJQ3VrdXY1Tnc._0.jpg,False
,deploy,CAoSFkNJSE0wb2dLRUlDQWdJQ3VrdXY1Tnc._90,CAoSFkNJSE0wb2dLRUlDQWdJQ3VrdXY1Tnc.,90,./data/centercity/images/CAoSFkNJSE0wb2dLRUlDQWdJQ3VrdXY1Tnc._90.jpg,False
,deploy,CAoSFkNJSE0wb2dLRUlDQWdJQ3VrdXY1Tnc._180,CAoSFkNJSE0wb2dLRUlDQWdJQ3VrdXY1Tnc.,180,./data/centercity/images/CAoSFkNJSE0wb2dLRUlDQWdJQ3VrdXY1Tnc._180.jpg,False
,deploy,CAoSFkNJSE0wb2dLRUlDQWdJQ3VrdXY1Tnc._270,CAoSFkNJSE0wb2dLRUlDQWdJQ3VrdXY1Tnc.,270,./data/centercity/images/CAoSFkNJSE0wb2dLRUlDQWdJQ3VrdXY1Tnc._270.jpg,False
,deploy,LjBtiUHlfNqcIqdPx0dH6g_0,LjBtiUHlfNqcIqdPx0dH6g,0,./data/centercity/images/LjBtiUHlfNqcIqdPx0dH6g_0.jpg,False
,deploy,LjBtiUHlfNqcIqdPx0dH6g_90,LjBtiUHlfNqcIqdPx0dH6g,90,./data/centercity/images/LjBtiUHlfNqcIqdPx0dH6g_90.jpg,False
,deploy,LjBtiUHlfNqcIqdPx0dH6g_180,LjBtiUHlfNqcIqdPx0dH6g,180,./data/centercity/images/LjBtiUHlfNqcIqdPx0dH6g_180.jpg,False
,deploy,LjBtiUHlfNqcIqdPx0dH6g_270,LjBtiUHlfNqcIqdPx0dH6g,270,./data/centercity/images/LjBtiUHlfNqcIqdPx0dH6g_270.jpg,False
,deploy,CAoSF0NJSE0wb2dLRUlDQWdJQ3VrdXVUc0FF_0,CAoSF0NJSE0wb2dLRUlDQWdJQ3VrdXVUc0FF,0,./data/centercity/images/CAoSF0NJSE0wb2dLRUlDQWdJQ3VrdXVUc0FF_0.jpg,False
,deploy,CAoSF0NJSE0wb2dLRUlDQWdJQ3VrdXVUc0FF_90,CAoSF0NJSE0wb2dLRUlDQWdJQ3VrdXVUc0FF,90,./data/centercity/images/CAoSF0NJSE0wb2dLRUlDQWdJQ3VrdXVUc0FF_90.jpg,False
,deploy,CAoSF0NJSE0wb2dLRUlDQWdJQ3VrdXVUc0FF_180,CAoSF0NJSE0wb2dLRUlDQWdJQ3VrdXVUc0FF,180,./data/centercity/images/CAoSF0NJSE0wb2dLRUlDQWdJQ3VrdXVUc0FF_180.jpg,False
,deploy,CAoSF0NJSE0wb2dLRUlDQWdJQ3VrdXVUc0FF_270,CAoSF0NJSE0wb2dLRUlDQWdJQ3VrdXVUc0FF,270,./data/centercity/images/CAoSF0NJSE0wb2dLRUlDQWdJQ3VrdXVUc0FF_270.jpg,False
,deploy,y9BlZ82q1_Eg9zBJTolbLw_0,y9BlZ82q1_Eg9zBJTolbLw,0,./data/centercity/images/y9BlZ82q1_Eg9zBJTolbLw_0.jpg,False
,deploy,y9BlZ82q1_Eg9zBJTolbLw_90,y9BlZ82q1_Eg9zBJTolbLw,90,./data/centercity/images/y9BlZ82q1_Eg9zBJTolbLw_90.jpg,False
,deploy,y9BlZ82q1_Eg9zBJTolbLw_180,y9BlZ82q1_Eg9zBJTolbLw,180,./data/centercity/images/y9BlZ82q1_Eg9zBJTolbLw_180.jpg,False
,deploy,y9BlZ82q1_Eg9zBJTolbLw_270,y9BlZ82q1_Eg9zBJTolbLw,270,./data/centercity/images/y9BlZ82q1_Eg9zBJTolbLw_270.jpg,False
,deploy,CAoSF0NJSE0wb2dLRUlDQWdJQ3VrdXVUNEFF_0,CAoSF0NJSE0wb2dLRUlDQWdJQ3VrdXVUNEFF,0,./data/centercity/images/CAoSF0NJSE0wb2dLRUlDQWdJQ3VrdXVUNEFF_0.jpg,False
,deploy,CAoSF0NJSE0wb2dLRUlDQWdJQ3VrdXVUNEFF_90,CAoSF0NJSE0wb2dLRUlDQWdJQ3VrdXVUNEFF,90,./data/centercity/images/CAoSF0NJSE0wb2dLRUlDQWdJQ3VrdXVUNEFF_90.jpg,False
,deploy,CAoSF0NJSE0wb2dLRUlDQWdJQ3VrdXVUNEFF_180,CAoSF0NJSE0wb2dLRUlDQWdJQ3VrdXVUNEFF,180,./data/centercity/images/CAoSF0NJSE0wb2dLRUlDQWdJQ3VrdXVUNEFF_180.jpg,False
,deploy,CAoSF0NJSE0wb2dLRUlDQWdJQ3VrdXVUNEFF_270,CAoSF0NJSE0wb2dLRUlDQWdJQ3VrdXVUNEFF,270,./data/centercity/images/CAoSF0NJSE0wb2dLRUlDQWdJQ3VrdXVUNEFF_270.jpg,False
,deploy,-SOJp8aNOgMt-ZJc0VVgyg_0,-SOJp8aNOgMt-ZJc0VVgyg,0,./data/centercity/images/-SOJp8aNOgMt-ZJc0VVgyg_0.jpg,False
,deploy,-SOJp8aNOgMt-ZJc0VVgyg_90,-SOJp8aNOgMt-ZJc0VVgyg,90,./data/centercity/images/-SOJp8aNOgMt-ZJc0VVgyg_90.jpg,False
,deploy,-SOJp8aNOgMt-ZJc0VVgyg_180,-SOJp8aNOgMt-ZJc0VVgyg,180,./data/centercity/images/-SOJp8aNOgMt-ZJc0VVgyg_180.jpg,False
,deploy,-SOJp8aNOgMt-ZJc0VVgyg_270,-SOJp8aNOgMt-ZJc0VVgyg,270,./data/centercity/images/-SOJp8aNOgMt-ZJc0VVgyg_270.jpg,False
,deploy,L58OzbYSxTSfSiwbgxXPDw_0,L58OzbYSxTSfSiwbgxXPDw,0,./data/centercity/images/L58OzbYSxTSfSiwbgxXPDw_0.jpg,False
,deploy,L58OzbYSxTSfSiwbgxXPDw_90,L58OzbYSxTSfSiwbgxXPDw,90,./data/centercity/images/L58OzbYSxTSfSiwbgxXPDw_90.jpg,False
,deploy,L58OzbYSxTSfSiwbgxXPDw_180,L58OzbYSxTSfSiwbgxXPDw,180,./data/centercity/images/L58OzbYSxTSfSiwbgxXPDw_180.jpg,False
,deploy,L58OzbYSxTSfSiwbgxXPDw_270,L58OzbYSxTSfSiwbgxXPDw,270,./data/centercity/images/L58OzbYSxTSfSiwbgxXPDw_270.jpg,False
,deploy,GrfHjYSpyXguB7t79wCZ5w_0,GrfHjYSpyXguB7t79wCZ5w,0,./data/centercity/images/GrfHjYSpyXguB7t79wCZ5w_0.jpg,False
,deploy,GrfHjYSpyXguB7t79wCZ5w_90,GrfHjYSpyXguB7t79wCZ5w,90,./data/centercity/images/GrfHjYSpyXguB7t79wCZ5w_90.jpg,False
,deploy,GrfHjYSpyXguB7t79wCZ5w_180,GrfHjYSpyXguB7t79wCZ5w,180,./data/centercity/images/GrfHjYSpyXguB7t79wCZ5w_180.jpg,False
,deploy,GrfHjYSpyXguB7t79wCZ5w_270,GrfHjYSpyXguB7t79wCZ5w,270,./data/centercity/images/GrfHjYSpyXguB7t79wCZ5w_270.jpg,False
,deploy,rejvgUTAnOTK8k7B-aLsTg_0,rejvgUTAnOTK8k7B-aLsTg,0,./data/centercity/images/rejvgUTAnOTK8k7B-aLsTg_0.jpg,False
,deploy,rejvgUTAnOTK8k7B-aLsTg_90,rejvgUTAnOTK8k7B-aLsTg,90,./data/centercity/images/rejvgUTAnOTK8k7B-aLsTg_90.jpg,False
,deploy,rejvgUTAnOTK8k7B-aLsTg_180,rejvgUTAnOTK8k7B-aLsTg,180,./data/centercity/images/rejvgUTAnOTK8k7B-aLsTg_180.jpg,False
,deploy,rejvgUTAnOTK8k7B-aLsTg_270,rejvgUTAnOTK8k7B-aLsTg,270,./data/centercity/images/rejvgUTAnOTK8k7B-aLsTg_270.jpg,False
,deploy,oJtmc7fMmiu4gLe8qhQAQA_0,oJtmc7fMmiu4gLe8qhQAQA,0,./data/centercity/images/oJtmc7fMmiu4gLe8qhQAQA_0.jpg,False
,deploy,oJtmc7fMmiu4gLe8qhQAQA_90,oJtmc7fMmiu4gLe8qhQAQA,90,./data/centercity/images/oJtmc7fMmiu4gLe8qhQAQA_90.jpg,False
,deploy,oJtmc7fMmiu4gLe8qhQAQA_180,oJtmc7fMmiu4gLe8qhQAQA,180,./data/centercity/images/oJtmc7fMmiu4gLe8qhQAQA_180.jpg,False
,deploy,oJtmc7fMmiu4gLe8qhQAQA_270,oJtmc7fMmiu4gLe8qhQAQA,270,./data/centercity/images/oJtmc7fMmiu4gLe8qhQAQA_270.jpg,False
,deploy,B4db0tHTm36uwvJXa8p66A_0,B4db0tHTm36uwvJXa8p66A,0,./data/centercity/images/B4db0tHTm36uwvJXa8p66A_0.jpg,False
,deploy,B4db0tHTm36uwvJXa8p66A_90,B4db0tHTm36uwvJXa8p66A,90,./data/centercity/images/B4db0tHTm36uwvJXa8p66A_90.jpg,False
,deploy,B4db0tHTm36uwvJXa8p66A_180,B4db0tHTm36uwvJXa8p66A,180,./data/centercity/images/B4db0tHTm36uwvJXa8p66A_180.jpg,False
,deploy,B4db0tHTm36uwvJXa8p66A_270,B4db0tHTm36uwvJXa8p66A,270,./data/centercity/images/B4db0tHTm36uwvJXa8p66A_270.jpg,False
,deploy,Tuqf7WzslX5TpwD6xJHBug_0,Tuqf7WzslX5TpwD6xJHBug,0,./data/centercity/images/Tuqf7WzslX5TpwD6xJHBug_0.jpg,False
,deploy,Tuqf7WzslX5TpwD6xJHBug_90,Tuqf7WzslX5TpwD6xJHBug,90,./data/centercity/images/Tuqf7WzslX5TpwD6xJHBug_90.jpg,False
,deploy,Tuqf7WzslX5TpwD6xJHBug_180,Tuqf7WzslX5TpwD6xJHBug,180,./data/centercity/images/Tuqf7WzslX5TpwD6xJHBug_180.jpg,False
,deploy,Tuqf7WzslX5TpwD6xJHBug_270,Tuqf7WzslX5TpwD6xJHBug,270,./data/centercity/images/Tuqf7WzslX5TpwD6xJHBug_270.jpg,False
,deploy,_YxdytOKVSi06bYMWFX95A_0,_YxdytOKVSi06bYMWFX95A,0,./data/centercity/images/_YxdytOKVSi06bYMWFX95A_0.jpg,False
,deploy,_YxdytOKVSi06bYMWFX95A_90,_YxdytOKVSi06bYMWFX95A,90,./data/centercity/images/_YxdytOKVSi06bYMWFX95A_90.jpg,False
,deploy,_YxdytOKVSi06bYMWFX95A_180,_YxdytOKVSi06bYMWFX95A,180,./data/centercity/images/_YxdytOKVSi06bYMWFX95A_180.jpg,False
,deploy,_YxdytOKVSi06bYMWFX95A_270,_YxdytOKVSi06bYMWFX95A,270,./data/centercity/images/_YxdytOKVSi06bYMWFX95A_270.jpg,False
,deploy,k_WCGJNS04YW-zztRXpGzA_0,k_WCGJNS04YW-zztRXpGzA,0,./data/centercity/images/k_WCGJNS04YW-zztRXpGzA_0.jpg,False
,deploy,k_WCGJNS04YW-zztRXpGzA_90,k_WCGJNS04YW-zztRXpGzA,90,./data/centercity/images/k_WCGJNS04YW-zztRXpGzA_90.jpg,False
,deploy,k_WCGJNS04YW-zztRXpGzA_180,k_WCGJNS04YW-zztRXpGzA,180,./data/centercity/images/k_WCGJNS04YW-zztRXpGzA_180.jpg,False
,deploy,k_WCGJNS04YW-zztRXpGzA_270,k_WCGJNS04YW-zztRXpGzA,270,./data/centercity/images/k_WCGJNS04YW-zztRXpGzA_270.jpg,False
,deploy,DTYPEqICAsipAuNzIr9uzw_0,DTYPEqICAsipAuNzIr9uzw,0,./data/centercity/images/DTYPEqICAsipAuNzIr9uzw_0.jpg,False
,deploy,DTYPEqICAsipAuNzIr9uzw_90,DTYPEqICAsipAuNzIr9uzw,90,./data/centercity/images/DTYPEqICAsipAuNzIr9uzw_90.jpg,False
,deploy,DTYPEqICAsipAuNzIr9uzw_180,DTYPEqICAsipAuNzIr9uzw,180,./data/centercity/images/DTYPEqICAsipAuNzIr9uzw_180.jpg,False
,deploy,DTYPEqICAsipAuNzIr9uzw_270,DTYPEqICAsipAuNzIr9uzw,270,./data/centercity/images/DTYPEqICAsipAuNzIr9uzw_270.jpg,False
,deploy,Dku0P4MkDzqSija6PRFN2A_0,Dku0P4MkDzqSija6PRFN2A,0,./data/centercity/images/Dku0P4MkDzqSija6PRFN2A_0.jpg,False
,deploy,Dku0P4MkDzqSija6PRFN2A_90,Dku0P4MkDzqSija6PRFN2A,90,./data/centercity/images/Dku0P4MkDzqSija6PRFN2A_90.jpg,False
,deploy,Dku0P4MkDzqSija6PRFN2A_180,Dku0P4MkDzqSija6PRFN2A,180,./data/centercity/images/Dku0P4MkDzqSija6PRFN2A_180.jpg,False
,deploy,Dku0P4MkDzqSija6PRFN2A_270,Dku0P4MkDzqSija6PRFN2A,270,./data/centercity/images/Dku0P4MkDzqSija6PRFN2A_270.jpg,False
,deploy,FDMlnre3lUHJ__lU8FCxaw_0,FDMlnre3lUHJ__lU8FCxaw,0,./data/centercity/images/FDMlnre3lUHJ__lU8FCxaw_0.jpg,False
,deploy,FDMlnre3lUHJ__lU8FCxaw_90,FDMlnre3lUHJ__lU8FCxaw,90,./data/centercity/images/FDMlnre3lUHJ__lU8FCxaw_90.jpg,False
,deploy,FDMlnre3lUHJ__lU8FCxaw_180,FDMlnre3lUHJ__lU8FCxaw,180,./data/centercity/images/FDMlnre3lUHJ__lU8FCxaw_180.jpg,False
,deploy,FDMlnre3lUHJ__lU8FCxaw_270,FDMlnre3lUHJ__lU8FCxaw,270,./data/centercity/images/FDMlnre3lUHJ__lU8FCxaw_270.jpg,False
,deploy,buO5JBZx6fSEfffqqT8I9Q_0,buO5JBZx6fSEfffqqT8I9Q,0,./data/centercity/images/buO5JBZx6fSEfffqqT8I9Q_0.jpg,False
,deploy,buO5JBZx6fSEfffqqT8I9Q_90,buO5JBZx6fSEfffqqT8I9Q,90,./data/centercity/images/buO5JBZx6fSEfffqqT8I9Q_90.jpg,False
,deploy,buO5JBZx6fSEfffqqT8I9Q_180,buO5JBZx6fSEfffqqT8I9Q,180,./data/centercity/images/buO5JBZx6fSEfffqqT8I9Q_180.jpg,False
,deploy,buO5JBZx6fSEfffqqT8I9Q_270,buO5JBZx6fSEfffqqT8I9Q,270,./data/centercity/images/buO5JBZx6fSEfffqqT8I9Q_270.jpg,False
,deploy,WwdOrwtKkn5h2eR4iqZS1Q_0,WwdOrwtKkn5h2eR4iqZS1Q,0,./data/centercity/images/WwdOrwtKkn5h2eR4iqZS1Q_0.jpg,False
,deploy,WwdOrwtKkn5h2eR4iqZS1Q_90,WwdOrwtKkn5h2eR4iqZS1Q,90,./data/centercity/images/WwdOrwtKkn5h2eR4iqZS1Q_90.jpg,False
,deploy,WwdOrwtKkn5h2eR4iqZS1Q_180,WwdOrwtKkn5h2eR4iqZS1Q,180,./data/centercity/images/WwdOrwtKkn5h2eR4iqZS1Q_180.jpg,False
,deploy,WwdOrwtKkn5h2eR4iqZS1Q_270,WwdOrwtKkn5h2eR4iqZS1Q,270,./data/centercity/images/WwdOrwtKkn5h2eR4iqZS1Q_270.jpg,False
,deploy,AmQoKuXMlooErvMI6ItsxA_0,AmQoKuXMlooErvMI6ItsxA,0,./data/centercity/images/AmQoKuXMlooErvMI6ItsxA_0.jpg,False
,deploy,AmQoKuXMlooErvMI6ItsxA_90,AmQoKuXMlooErvMI6ItsxA,90,./data/centercity/images/AmQoKuXMlooErvMI6ItsxA_90.jpg,False
,deploy,AmQoKuXMlooErvMI6ItsxA_180,AmQoKuXMlooErvMI6ItsxA,180,./data/centercity/images/AmQoKuXMlooErvMI6ItsxA_180.jpg,False
,deploy,AmQoKuXMlooErvMI6ItsxA_270,AmQoKuXMlooErvMI6ItsxA,270,./data/centercity/images/AmQoKuXMlooErvMI6ItsxA_270.jpg,False
,deploy,vH4RgNprI6X77GSM0F8qyg_0,vH4RgNprI6X77GSM0F8qyg,0,./data/centercity/images/vH4RgNprI6X77GSM0F8qyg_0.jpg,False
,deploy,vH4RgNprI6X77GSM0F8qyg_90,vH4RgNprI6X77GSM0F8qyg,90,./data/centercity/images/vH4RgNprI6X77GSM0F8qyg_90.jpg,False
,deploy,vH4RgNprI6X77GSM0F8qyg_180,vH4RgNprI6X77GSM0F8qyg,180,./data/centercity/images/vH4RgNprI6X77GSM0F8qyg_180.jpg,False
,deploy,vH4RgNprI6X77GSM0F8qyg_270,vH4RgNprI6X77GSM0F8qyg,270,./data/centercity/images/vH4RgNprI6X77GSM0F8qyg_270.jpg,False
,deploy,IZn6qmZ4jk9T2pHZz1Twhw_0,IZn6qmZ4jk9T2pHZz1Twhw,0,./data/centercity/images/IZn6qmZ4jk9T2pHZz1Twhw_0.jpg,False
,deploy,IZn6qmZ4jk9T2pHZz1Twhw_90,IZn6qmZ4jk9T2pHZz1Twhw,90,./data/centercity/images/IZn6qmZ4jk9T2pHZz1Twhw_90.jpg,False
,deploy,IZn6qmZ4jk9T2pHZz1Twhw_180,IZn6qmZ4jk9T2pHZz1Twhw,180,./data/centercity/images/IZn6qmZ4jk9T2pHZz1Twhw_180.jpg,False
,deploy,IZn6qmZ4jk9T2pHZz1Twhw_270,IZn6qmZ4jk9T2pHZz1Twhw,270,./data/centercity/images/IZn6qmZ4jk9T2pHZz1Twhw_270.jpg,False
,deploy,uCkHbG-M4vSAsC9OlpDi0g_0,uCkHbG-M4vSAsC9OlpDi0g,0,./data/centercity/images/uCkHbG-M4vSAsC9OlpDi0g_0.jpg,False
,deploy,uCkHbG-M4vSAsC9OlpDi0g_90,uCkHbG-M4vSAsC9OlpDi0g,90,./data/centercity/images/uCkHbG-M4vSAsC9OlpDi0g_90.jpg,False
,deploy,uCkHbG-M4vSAsC9OlpDi0g_180,uCkHbG-M4vSAsC9OlpDi0g,180,./data/centercity/images/uCkHbG-M4vSAsC9OlpDi0g_180.jpg,False
,deploy,uCkHbG-M4vSAsC9OlpDi0g_270,uCkHbG-M4vSAsC9OlpDi0g,270,./data/centercity/images/uCkHbG-M4vSAsC9OlpDi0g_270.jpg,False
,deploy,7GnpGUCnYjotlbypOxaatw_0,7GnpGUCnYjotlbypOxaatw,0,./data/centercity/images/7GnpGUCnYjotlbypOxaatw_0.jpg,False
,deploy,7GnpGUCnYjotlbypOxaatw_90,7GnpGUCnYjotlbypOxaatw,90,./data/centercity/images/7GnpGUCnYjotlbypOxaatw_90.jpg,False
,deploy,7GnpGUCnYjotlbypOxaatw_180,7GnpGUCnYjotlbypOxaatw,180,./data/centercity/images/7GnpGUCnYjotlbypOxaatw_180.jpg,False
,deploy,7GnpGUCnYjotlbypOxaatw_270,7GnpGUCnYjotlbypOxaatw,270,./data/centercity/images/7GnpGUCnYjotlbypOxaatw_270.jpg,False
,deploy,j4sNaALpdMxQbCVhUDm4bw_0,j4sNaALpdMxQbCVhUDm4bw,0,./data/centercity/images/j4sNaALpdMxQbCVhUDm4bw_0.jpg,False
,deploy,j4sNaALpdMxQbCVhUDm4bw_90,j4sNaALpdMxQbCVhUDm4bw,90,./data/centercity/images/j4sNaALpdMxQbCVhUDm4bw_90.jpg,False
,deploy,j4sNaALpdMxQbCVhUDm4bw_180,j4sNaALpdMxQbCVhUDm4bw,180,./data/centercity/images/j4sNaALpdMxQbCVhUDm4bw_180.jpg,False
,deploy,j4sNaALpdMxQbCVhUDm4bw_270,j4sNaALpdMxQbCVhUDm4bw,270,./data/centercity/images/j4sNaALpdMxQbCVhUDm4bw_270.jpg,False
,deploy,3T3yXWa5Kz04DlNavidQug_0,3T3yXWa5Kz04DlNavidQug,0,./data/centercity/images/3T3yXWa5Kz04DlNavidQug_0.jpg,False
,deploy,3T3yXWa5Kz04DlNavidQug_90,3T3yXWa5Kz04DlNavidQug,90,./data/centercity/images/3T3yXWa5Kz04DlNavidQug_90.jpg,False
,deploy,3T3yXWa5Kz04DlNavidQug_180,3T3yXWa5Kz04DlNavidQug,180,./data/centercity/images/3T3yXWa5Kz04DlNavidQug_180.jpg,False
,deploy,3T3yXWa5Kz04DlNavidQug_270,3T3yXWa5Kz04DlNavidQug,270,./data/centercity/images/3T3yXWa5Kz04DlNavidQug_270.jpg,False
,deploy,kiDvIULQBBlyiQngYvP7PA_0,kiDvIULQBBlyiQngYvP7PA,0,./data/centercity/images/kiDvIULQBBlyiQngYvP7PA_0.jpg,False
,deploy,kiDvIULQBBlyiQngYvP7PA_90,kiDvIULQBBlyiQngYvP7PA,90,./data/centercity/images/kiDvIULQBBlyiQngYvP7PA_90.jpg,False
,deploy,kiDvIULQBBlyiQngYvP7PA_180,kiDvIULQBBlyiQngYvP7PA,180,./data/centercity/images/kiDvIULQBBlyiQngYvP7PA_180.jpg,False
,deploy,kiDvIULQBBlyiQngYvP7PA_270,kiDvIULQBBlyiQngYvP7PA,270,./data/centercity/images/kiDvIULQBBlyiQngYvP7PA_270.jpg,False
,deploy,MX3AdRnyj3FYgl8oiReNvw_0,MX3AdRnyj3FYgl8oiReNvw,0,./data/centercity/images/MX3AdRnyj3FYgl8oiReNvw_0.jpg,False
,deploy,MX3AdRnyj3FYgl8oiReNvw_90,MX3AdRnyj3FYgl8oiReNvw,90,./data/centercity/images/MX3AdRnyj3FYgl8oiReNvw_90.jpg,False
,deploy,MX3AdRnyj3FYgl8oiReNvw_180,MX3AdRnyj3FYgl8oiReNvw,180,./data/centercity/images/MX3AdRnyj3FYgl8oiReNvw_180.jpg,False
,deploy,MX3AdRnyj3FYgl8oiReNvw_270,MX3AdRnyj3FYgl8oiReNvw,270,./data/centercity/images/MX3AdRnyj3FYgl8oiReNvw_270.jpg,False
,deploy,hUMQ_1Fr_V1RZHqFg5N2mQ_0,hUMQ_1Fr_V1RZHqFg5N2mQ,0,./data/centercity/images/hUMQ_1Fr_V1RZHqFg5N2mQ_0.jpg,False
,deploy,hUMQ_1Fr_V1RZHqFg5N2mQ_90,hUMQ_1Fr_V1RZHqFg5N2mQ,90,./data/centercity/images/hUMQ_1Fr_V1RZHqFg5N2mQ_90.jpg,False
,deploy,hUMQ_1Fr_V1RZHqFg5N2mQ_180,hUMQ_1Fr_V1RZHqFg5N2mQ,180,./data/centercity/images/hUMQ_1Fr_V1RZHqFg5N2mQ_180.jpg,False
,deploy,hUMQ_1Fr_V1RZHqFg5N2mQ_270,hUMQ_1Fr_V1RZHqFg5N2mQ,270,./data/centercity/images/hUMQ_1Fr_V1RZHqFg5N2mQ_270.jpg,False
,deploy,d_nTH-vYnSdVAAYDqd4IMw_0,d_nTH-vYnSdVAAYDqd4IMw,0,./data/centercity/images/d_nTH-vYnSdVAAYDqd4IMw_0.jpg,False
,deploy,d_nTH-vYnSdVAAYDqd4IMw_90,d_nTH-vYnSdVAAYDqd4IMw,90,./data/centercity/images/d_nTH-vYnSdVAAYDqd4IMw_90.jpg,False
,deploy,d_nTH-vYnSdVAAYDqd4IMw_180,d_nTH-vYnSdVAAYDqd4IMw,180,./data/centercity/images/d_nTH-vYnSdVAAYDqd4IMw_180.jpg,False
,deploy,d_nTH-vYnSdVAAYDqd4IMw_270,d_nTH-vYnSdVAAYDqd4IMw,270,./data/centercity/images/d_nTH-vYnSdVAAYDqd4IMw_270.jpg,False
,deploy,myq6cQRp7DfYP3xQRf-mwA_0,myq6cQRp7DfYP3xQRf-mwA,0,./data/centercity/images/myq6cQRp7DfYP3xQRf-mwA_0.jpg,False
,deploy,myq6cQRp7DfYP3xQRf-mwA_90,myq6cQRp7DfYP3xQRf-mwA,90,./data/centercity/images/myq6cQRp7DfYP3xQRf-mwA_90.jpg,False
,deploy,myq6cQRp7DfYP3xQRf-mwA_180,myq6cQRp7DfYP3xQRf-mwA,180,./data/centercity/images/myq6cQRp7DfYP3xQRf-mwA_180.jpg,False
,deploy,myq6cQRp7DfYP3xQRf-mwA_270,myq6cQRp7DfYP3xQRf-mwA,270,./data/centercity/images/myq6cQRp7DfYP3xQRf-mwA_270.jpg,False
,deploy,sOgGAi3ufbyaY9IPQCzrEg_0,sOgGAi3ufbyaY9IPQCzrEg,0,./data/centercity/images/sOgGAi3ufbyaY9IPQCzrEg_0.jpg,False
,deploy,sOgGAi3ufbyaY9IPQCzrEg_90,sOgGAi3ufbyaY9IPQCzrEg,90,./data/centercity/images/sOgGAi3ufbyaY9IPQCzrEg_90.jpg,False
,deploy,sOgGAi3ufbyaY9IPQCzrEg_180,sOgGAi3ufbyaY9IPQCzrEg,180,./data/centercity/images/sOgGAi3ufbyaY9IPQCzrEg_180.jpg,False
,deploy,sOgGAi3ufbyaY9IPQCzrEg_270,sOgGAi3ufbyaY9IPQCzrEg,270,./data/centercity/images/sOgGAi3ufbyaY9IPQCzrEg_270.jpg,False
,deploy,4vcmyrPcIsbgQ30d3L_hjQ_0,4vcmyrPcIsbgQ30d3L_hjQ,0,./data/centercity/images/4vcmyrPcIsbgQ30d3L_hjQ_0.jpg,False
,deploy,4vcmyrPcIsbgQ30d3L_hjQ_90,4vcmyrPcIsbgQ30d3L_hjQ,90,./data/centercity/images/4vcmyrPcIsbgQ30d3L_hjQ_90.jpg,False
,deploy,4vcmyrPcIsbgQ30d3L_hjQ_180,4vcmyrPcIsbgQ30d3L_hjQ,180,./data/centercity/images/4vcmyrPcIsbgQ30d3L_hjQ_180.jpg,False
,deploy,4vcmyrPcIsbgQ30d3L_hjQ_270,4vcmyrPcIsbgQ30d3L_hjQ,270,./data/centercity/images/4vcmyrPcIsbgQ30d3L_hjQ_270.jpg,False
,deploy,CAoSF0NJSE0wb2dLRUlDQWdJRGFxWm1XOXdF_0,CAoSF0NJSE0wb2dLRUlDQWdJRGFxWm1XOXdF,0,./data/centercity/images/CAoSF0NJSE0wb2dLRUlDQWdJRGFxWm1XOXdF_0.jpg,False
,deploy,CAoSF0NJSE0wb2dLRUlDQWdJRGFxWm1XOXdF_90,CAoSF0NJSE0wb2dLRUlDQWdJRGFxWm1XOXdF,90,./data/centercity/images/CAoSF0NJSE0wb2dLRUlDQWdJRGFxWm1XOXdF_90.jpg,False
,deploy,CAoSF0NJSE0wb2dLRUlDQWdJRGFxWm1XOXdF_180,CAoSF0NJSE0wb2dLRUlDQWdJRGFxWm1XOXdF,180,./data/centercity/images/CAoSF0NJSE0wb2dLRUlDQWdJRGFxWm1XOXdF_180.jpg,False
,deploy,CAoSF0NJSE0wb2dLRUlDQWdJRGFxWm1XOXdF_270,CAoSF0NJSE0wb2dLRUlDQWdJRGFxWm1XOXdF,270,./data/centercity/images/CAoSF0NJSE0wb2dLRUlDQWdJRGFxWm1XOXdF_270.jpg,False
,deploy,ixOMhPHR_jMx82yA8iGBkQ_0,ixOMhPHR_jMx82yA8iGBkQ,0,./data/centercity/images/ixOMhPHR_jMx82yA8iGBkQ_0.jpg,False
,deploy,ixOMhPHR_jMx82yA8iGBkQ_90,ixOMhPHR_jMx82yA8iGBkQ,90,./data/centercity/images/ixOMhPHR_jMx82yA8iGBkQ_90.jpg,False
,deploy,ixOMhPHR_jMx82yA8iGBkQ_180,ixOMhPHR_jMx82yA8iGBkQ,180,./data/centercity/images/ixOMhPHR_jMx82yA8iGBkQ_180.jpg,False
,deploy,ixOMhPHR_jMx82yA8iGBkQ_270,ixOMhPHR_jMx82yA8iGBkQ,270,./data/centercity/images/ixOMhPHR_jMx82yA8iGBkQ_270.jpg,False
,deploy,5ofjXXYQUtCI-FAItnIDtg_0,5ofjXXYQUtCI-FAItnIDtg,0,./data/centercity/images/5ofjXXYQUtCI-FAItnIDtg_0.jpg,False
,deploy,5ofjXXYQUtCI-FAItnIDtg_90,5ofjXXYQUtCI-FAItnIDtg,90,./data/centercity/images/5ofjXXYQUtCI-FAItnIDtg_90.jpg,False
,deploy,5ofjXXYQUtCI-FAItnIDtg_180,5ofjXXYQUtCI-FAItnIDtg,180,./data/centercity/images/5ofjXXYQUtCI-FAItnIDtg_180.jpg,False
,deploy,5ofjXXYQUtCI-FAItnIDtg_270,5ofjXXYQUtCI-FAItnIDtg,270,./data/centercity/images/5ofjXXYQUtCI-FAItnIDtg_270.jpg,False
,deploy,TIkd_cN9vjTFnH8VSdYq2Q_0,TIkd_cN9vjTFnH8VSdYq2Q,0,./data/centercity/images/TIkd_cN9vjTFnH8VSdYq2Q_0.jpg,False
,deploy,TIkd_cN9vjTFnH8VSdYq2Q_90,TIkd_cN9vjTFnH8VSdYq2Q,90,./data/centercity/images/TIkd_cN9vjTFnH8VSdYq2Q_90.jpg,False
,deploy,TIkd_cN9vjTFnH8VSdYq2Q_180,TIkd_cN9vjTFnH8VSdYq2Q,180,./data/centercity/images/TIkd_cN9vjTFnH8VSdYq2Q_180.jpg,False
,deploy,TIkd_cN9vjTFnH8VSdYq2Q_270,TIkd_cN9vjTFnH8VSdYq2Q,270,./data/centercity/images/TIkd_cN9vjTFnH8VSdYq2Q_270.jpg,False
,deploy,gUzrx_vJB9fIb2JwCil18A_0,gUzrx_vJB9fIb2JwCil18A,0,./data/centercity/images/gUzrx_vJB9fIb2JwCil18A_0.jpg,False
,deploy,gUzrx_vJB9fIb2JwCil18A_90,gUzrx_vJB9fIb2JwCil18A,90,./data/centercity/images/gUzrx_vJB9fIb2JwCil18A_90.jpg,False
,deploy,gUzrx_vJB9fIb2JwCil18A_180,gUzrx_vJB9fIb2JwCil18A,180,./data/centercity/images/gUzrx_vJB9fIb2JwCil18A_180.jpg,False
,deploy,gUzrx_vJB9fIb2JwCil18A_270,gUzrx_vJB9fIb2JwCil18A,270,./data/centercity/images/gUzrx_vJB9fIb2JwCil18A_270.jpg,False
,deploy,-4A42IggwvKN77iHGgrtAQ_0,-4A42IggwvKN77iHGgrtAQ,0,./data/centercity/images/-4A42IggwvKN77iHGgrtAQ_0.jpg,False
,deploy,-4A42IggwvKN77iHGgrtAQ_90,-4A42IggwvKN77iHGgrtAQ,90,./data/centercity/images/-4A42IggwvKN77iHGgrtAQ_90.jpg,False
,deploy,-4A42IggwvKN77iHGgrtAQ_180,-4A42IggwvKN77iHGgrtAQ,180,./data/centercity/images/-4A42IggwvKN77iHGgrtAQ_180.jpg,False
,deploy,-4A42IggwvKN77iHGgrtAQ_270,-4A42IggwvKN77iHGgrtAQ,270,./data/centercity/images/-4A42IggwvKN77iHGgrtAQ_270.jpg,False
,deploy,eSgxZIWWFEMu56BkhihlKA_0,eSgxZIWWFEMu56BkhihlKA,0,./data/centercity/images/eSgxZIWWFEMu56BkhihlKA_0.jpg,False
,deploy,eSgxZIWWFEMu56BkhihlKA_90,eSgxZIWWFEMu56BkhihlKA,90,./data/centercity/images/eSgxZIWWFEMu56BkhihlKA_90.jpg,False
,deploy,eSgxZIWWFEMu56BkhihlKA_180,eSgxZIWWFEMu56BkhihlKA,180,./data/centercity/images/eSgxZIWWFEMu56BkhihlKA_180.jpg,False
,deploy,eSgxZIWWFEMu56BkhihlKA_270,eSgxZIWWFEMu56BkhihlKA,270,./data/centercity/images/eSgxZIWWFEMu56BkhihlKA_270.jpg,False
,deploy,favBWA-lSU2I-92FtbRTJw_0,favBWA-lSU2I-92FtbRTJw,0,./data/centercity/images/favBWA-lSU2I-92FtbRTJw_0.jpg,False
,deploy,favBWA-lSU2I-92FtbRTJw_90,favBWA-lSU2I-92FtbRTJw,90,./data/centercity/images/favBWA-lSU2I-92FtbRTJw_90.jpg,False
,deploy,favBWA-lSU2I-92FtbRTJw_180,favBWA-lSU2I-92FtbRTJw,180,./data/centercity/images/favBWA-lSU2I-92FtbRTJw_180.jpg,False
,deploy,favBWA-lSU2I-92FtbRTJw_270,favBWA-lSU2I-92FtbRTJw,270,./data/centercity/images/favBWA-lSU2I-92FtbRTJw_270.jpg,False
,deploy,8gv0NELAGVGxCga6UHblqg_0,8gv0NELAGVGxCga6UHblqg,0,./data/centercity/images/8gv0NELAGVGxCga6UHblqg_0.jpg,False
,deploy,8gv0NELAGVGxCga6UHblqg_90,8gv0NELAGVGxCga6UHblqg,90,./data/centercity/images/8gv0NELAGVGxCga6UHblqg_90.jpg,False
,deploy,8gv0NELAGVGxCga6UHblqg_180,8gv0NELAGVGxCga6UHblqg,180,./data/centercity/images/8gv0NELAGVGxCga6UHblqg_180.jpg,False
,deploy,8gv0NELAGVGxCga6UHblqg_270,8gv0NELAGVGxCga6UHblqg,270,./data/centercity/images/8gv0NELAGVGxCga6UHblqg_270.jpg,False
,deploy,CAoSFkNJSE0wb2dLRUlDQWdJRGFtYlRZVXc._0,CAoSFkNJSE0wb2dLRUlDQWdJRGFtYlRZVXc.,0,./data/centercity/images/CAoSFkNJSE0wb2dLRUlDQWdJRGFtYlRZVXc._0.jpg,False
,deploy,CAoSFkNJSE0wb2dLRUlDQWdJRGFtYlRZVXc._90,CAoSFkNJSE0wb2dLRUlDQWdJRGFtYlRZVXc.,90,./data/centercity/images/CAoSFkNJSE0wb2dLRUlDQWdJRGFtYlRZVXc._90.jpg,False
,deploy,CAoSFkNJSE0wb2dLRUlDQWdJRGFtYlRZVXc._180,CAoSFkNJSE0wb2dLRUlDQWdJRGFtYlRZVXc.,180,./data/centercity/images/CAoSFkNJSE0wb2dLRUlDQWdJRGFtYlRZVXc._180.jpg,False
,deploy,CAoSFkNJSE0wb2dLRUlDQWdJRGFtYlRZVXc._270,CAoSFkNJSE0wb2dLRUlDQWdJRGFtYlRZVXc.,270,./data/centercity/images/CAoSFkNJSE0wb2dLRUlDQWdJRGFtYlRZVXc._270.jpg,False
,deploy,CAoSFkNJSE0wb2dLRUlDQWdJRGEyWVBVZlE._0,CAoSFkNJSE0wb2dLRUlDQWdJRGEyWVBVZlE.,0,./data/centercity/images/CAoSFkNJSE0wb2dLRUlDQWdJRGEyWVBVZlE._0.jpg,False
,deploy,CAoSFkNJSE0wb2dLRUlDQWdJRGEyWVBVZlE._90,CAoSFkNJSE0wb2dLRUlDQWdJRGEyWVBVZlE.,90,./data/centercity/images/CAoSFkNJSE0wb2dLRUlDQWdJRGEyWVBVZlE._90.jpg,False
,deploy,CAoSFkNJSE0wb2dLRUlDQWdJRGEyWVBVZlE._180,CAoSFkNJSE0wb2dLRUlDQWdJRGEyWVBVZlE.,180,./data/centercity/images/CAoSFkNJSE0wb2dLRUlDQWdJRGEyWVBVZlE._180.jpg,False
,deploy,CAoSFkNJSE0wb2dLRUlDQWdJRGEyWVBVZlE._270,CAoSFkNJSE0wb2dLRUlDQWdJRGEyWVBVZlE.,270,./data/centercity/images/CAoSFkNJSE0wb2dLRUlDQWdJRGEyWVBVZlE._270.jpg,False
,deploy,3gs5wtgquqbr6XfFZuXE9g_0,3gs5wtgquqbr6XfFZuXE9g,0,./data/centercity/images/3gs5wtgquqbr6XfFZuXE9g_0.jpg,False
,deploy,3gs5wtgquqbr6XfFZuXE9g_90,3gs5wtgquqbr6XfFZuXE9g,90,./data/centercity/images/3gs5wtgquqbr6XfFZuXE9g_90.jpg,False
,deploy,3gs5wtgquqbr6XfFZuXE9g_180,3gs5wtgquqbr6XfFZuXE9g,180,./data/centercity/images/3gs5wtgquqbr6XfFZuXE9g_180.jpg,False
,deploy,3gs5wtgquqbr6XfFZuXE9g_270,3gs5wtgquqbr6XfFZuXE9g,270,./data/centercity/images/3gs5wtgquqbr6XfFZuXE9g_270.jpg,False
,deploy,cbhIAd9on2k0-FgeD5gByg_0,cbhIAd9on2k0-FgeD5gByg,0,./data/centercity/images/cbhIAd9on2k0-FgeD5gByg_0.jpg,False
,deploy,cbhIAd9on2k0-FgeD5gByg_90,cbhIAd9on2k0-FgeD5gByg,90,./data/centercity/images/cbhIAd9on2k0-FgeD5gByg_90.jpg,False
,deploy,cbhIAd9on2k0-FgeD5gByg_180,cbhIAd9on2k0-FgeD5gByg,180,./data/centercity/images/cbhIAd9on2k0-FgeD5gByg_180.jpg,False
,deploy,cbhIAd9on2k0-FgeD5gByg_270,cbhIAd9on2k0-FgeD5gByg,270,./data/centercity/images/cbhIAd9on2k0-FgeD5gByg_270.jpg,False
,deploy,LB5fSrCwqSxGftJ-5xG6og_0,LB5fSrCwqSxGftJ-5xG6og,0,./data/centercity/images/LB5fSrCwqSxGftJ-5xG6og_0.jpg,False
,deploy,LB5fSrCwqSxGftJ-5xG6og_90,LB5fSrCwqSxGftJ-5xG6og,90,./data/centercity/images/LB5fSrCwqSxGftJ-5xG6og_90.jpg,False
,deploy,LB5fSrCwqSxGftJ-5xG6og_180,LB5fSrCwqSxGftJ-5xG6og,180,./data/centercity/images/LB5fSrCwqSxGftJ-5xG6og_180.jpg,False
,deploy,LB5fSrCwqSxGftJ-5xG6og_270,LB5fSrCwqSxGftJ-5xG6og,270,./data/centercity/images/LB5fSrCwqSxGftJ-5xG6og_270.jpg,False
,deploy,TtpucVbzYXciCSkIu2ySzg_0,TtpucVbzYXciCSkIu2ySzg,0,./data/centercity/images/TtpucVbzYXciCSkIu2ySzg_0.jpg,False
,deploy,TtpucVbzYXciCSkIu2ySzg_90,TtpucVbzYXciCSkIu2ySzg,90,./data/centercity/images/TtpucVbzYXciCSkIu2ySzg_90.jpg,False
,deploy,TtpucVbzYXciCSkIu2ySzg_180,TtpucVbzYXciCSkIu2ySzg,180,./data/centercity/images/TtpucVbzYXciCSkIu2ySzg_180.jpg,False
,deploy,TtpucVbzYXciCSkIu2ySzg_270,TtpucVbzYXciCSkIu2ySzg,270,./data/centercity/images/TtpucVbzYXciCSkIu2ySzg_270.jpg,False
,deploy,CAoSF0NJSE0wb2dLRUlDQWdJRGFxZHEzc3dF_0,CAoSF0NJSE0wb2dLRUlDQWdJRGFxZHEzc3dF,0,./data/centercity/images/CAoSF0NJSE0wb2dLRUlDQWdJRGFxZHEzc3dF_0.jpg,False
,deploy,CAoSF0NJSE0wb2dLRUlDQWdJRGFxZHEzc3dF_90,CAoSF0NJSE0wb2dLRUlDQWdJRGFxZHEzc3dF,90,./data/centercity/images/CAoSF0NJSE0wb2dLRUlDQWdJRGFxZHEzc3dF_90.jpg,False
,deploy,CAoSF0NJSE0wb2dLRUlDQWdJRGFxZHEzc3dF_180,CAoSF0NJSE0wb2dLRUlDQWdJRGFxZHEzc3dF,180,./data/centercity/images/CAoSF0NJSE0wb2dLRUlDQWdJRGFxZHEzc3dF_180.jpg,False
,deploy,CAoSF0NJSE0wb2dLRUlDQWdJRGFxZHEzc3dF_270,CAoSF0NJSE0wb2dLRUlDQWdJRGFxZHEzc3dF,270,./data/centercity/images/CAoSF0NJSE0wb2dLRUlDQWdJRGFxZHEzc3dF_270.jpg,False
,deploy,3roCPw07EQINDQmmew8v3g_0,3roCPw07EQINDQmmew8v3g,0,./data/centercity/images/3roCPw07EQINDQmmew8v3g_0.jpg,False
,deploy,3roCPw07EQINDQmmew8v3g_90,3roCPw07EQINDQmmew8v3g,90,./data/centercity/images/3roCPw07EQINDQmmew8v3g_90.jpg,False
,deploy,3roCPw07EQINDQmmew8v3g_180,3roCPw07EQINDQmmew8v3g,180,./data/centercity/images/3roCPw07EQINDQmmew8v3g_180.jpg,False
,deploy,3roCPw07EQINDQmmew8v3g_270,3roCPw07EQINDQmmew8v3g,270,./data/centercity/images/3roCPw07EQINDQmmew8v3g_270.jpg,False
,deploy,RiJuqf4CYL2aegmMmQFbiA_0,RiJuqf4CYL2aegmMmQFbiA,0,./data/centercity/images/RiJuqf4CYL2aegmMmQFbiA_0.jpg,False
,deploy,RiJuqf4CYL2aegmMmQFbiA_90,RiJuqf4CYL2aegmMmQFbiA,90,./data/centercity/images/RiJuqf4CYL2aegmMmQFbiA_90.jpg,False
,deploy,RiJuqf4CYL2aegmMmQFbiA_180,RiJuqf4CYL2aegmMmQFbiA,180,./data/centercity/images/RiJuqf4CYL2aegmMmQFbiA_180.jpg,False
,deploy,RiJuqf4CYL2aegmMmQFbiA_270,RiJuqf4CYL2aegmMmQFbiA,270,./data/centercity/images/RiJuqf4CYL2aegmMmQFbiA_270.jpg,False
,deploy,J8brkjjr_SGJuyT5NjJoVg_0,J8brkjjr_SGJuyT5NjJoVg,0,./data/centercity/images/J8brkjjr_SGJuyT5NjJoVg_0.jpg,False
,deploy,J8brkjjr_SGJuyT5NjJoVg_90,J8brkjjr_SGJuyT5NjJoVg,90,./data/centercity/images/J8brkjjr_SGJuyT5NjJoVg_90.jpg,False
,deploy,J8brkjjr_SGJuyT5NjJoVg_180,J8brkjjr_SGJuyT5NjJoVg,180,./data/centercity/images/J8brkjjr_SGJuyT5NjJoVg_180.jpg,False
,deploy,J8brkjjr_SGJuyT5NjJoVg_270,J8brkjjr_SGJuyT5NjJoVg,270,./data/centercity/images/J8brkjjr_SGJuyT5NjJoVg_270.jpg,False
,deploy,CAoSF0NJSE0wb2dLRUlDQWdJRGEyZjY0M2dF_0,CAoSF0NJSE0wb2dLRUlDQWdJRGEyZjY0M2dF,0,./data/centercity/images/CAoSF0NJSE0wb2dLRUlDQWdJRGEyZjY0M2dF_0.jpg,False
,deploy,CAoSF0NJSE0wb2dLRUlDQWdJRGEyZjY0M2dF_90,CAoSF0NJSE0wb2dLRUlDQWdJRGEyZjY0M2dF,90,./data/centercity/images/CAoSF0NJSE0wb2dLRUlDQWdJRGEyZjY0M2dF_90.jpg,False
,deploy,CAoSF0NJSE0wb2dLRUlDQWdJRGEyZjY0M2dF_180,CAoSF0NJSE0wb2dLRUlDQWdJRGEyZjY0M2dF,180,./data/centercity/images/CAoSF0NJSE0wb2dLRUlDQWdJRGEyZjY0M2dF_180.jpg,False
,deploy,CAoSF0NJSE0wb2dLRUlDQWdJRGEyZjY0M2dF_270,CAoSF0NJSE0wb2dLRUlDQWdJRGEyZjY0M2dF,270,./data/centercity/images/CAoSF0NJSE0wb2dLRUlDQWdJRGEyZjY0M2dF_270.jpg,False
,deploy,8P8mB5TLILvOkObTPlMQkQ_0,8P8mB5TLILvOkObTPlMQkQ,0,./data/centercity/images/8P8mB5TLILvOkObTPlMQkQ_0.jpg,False
,deploy,8P8mB5TLILvOkObTPlMQkQ_90,8P8mB5TLILvOkObTPlMQkQ,90,./data/centercity/images/8P8mB5TLILvOkObTPlMQkQ_90.jpg,False
,deploy,8P8mB5TLILvOkObTPlMQkQ_180,8P8mB5TLILvOkObTPlMQkQ,180,./data/centercity/images/8P8mB5TLILvOkObTPlMQkQ_180.jpg,False
,deploy,8P8mB5TLILvOkObTPlMQkQ_270,8P8mB5TLILvOkObTPlMQkQ,270,./data/centercity/images/8P8mB5TLILvOkObTPlMQkQ_270.jpg,False
,deploy,CAoSF0NJSE0wb2dLRUlDQWdJRGFpZFBJblFF_0,CAoSF0NJSE0wb2dLRUlDQWdJRGFpZFBJblFF,0,./data/centercity/images/CAoSF0NJSE0wb2dLRUlDQWdJRGFpZFBJblFF_0.jpg,False
,deploy,CAoSF0NJSE0wb2dLRUlDQWdJRGFpZFBJblFF_90,CAoSF0NJSE0wb2dLRUlDQWdJRGFpZFBJblFF,90,./data/centercity/images/CAoSF0NJSE0wb2dLRUlDQWdJRGFpZFBJblFF_90.jpg,False
,deploy,CAoSF0NJSE0wb2dLRUlDQWdJRGFpZFBJblFF_180,CAoSF0NJSE0wb2dLRUlDQWdJRGFpZFBJblFF,180,./data/centercity/images/CAoSF0NJSE0wb2dLRUlDQWdJRGFpZFBJblFF_180.jpg,False
,deploy,CAoSF0NJSE0wb2dLRUlDQWdJRGFpZFBJblFF_270,CAoSF0NJSE0wb2dLRUlDQWdJRGFpZFBJblFF,270,./data/centercity/images/CAoSF0NJSE0wb2dLRUlDQWdJRGFpZFBJblFF_270.jpg,False
,deploy,CAoSFkNJSE0wb2dLRUlDQWdJRGF5YV93VUE._0,CAoSFkNJSE0wb2dLRUlDQWdJRGF5YV93VUE.,0,./data/centercity/images/CAoSFkNJSE0wb2dLRUlDQWdJRGF5YV93VUE._0.jpg,False
,deploy,CAoSFkNJSE0wb2dLRUlDQWdJRGF5YV93VUE._90,CAoSFkNJSE0wb2dLRUlDQWdJRGF5YV93VUE.,90,./data/centercity/images/CAoSFkNJSE0wb2dLRUlDQWdJRGF5YV93VUE._90.jpg,False
,deploy,CAoSFkNJSE0wb2dLRUlDQWdJRGF5YV93VUE._180,CAoSFkNJSE0wb2dLRUlDQWdJRGF5YV93VUE.,180,./data/centercity/images/CAoSFkNJSE0wb2dLRUlDQWdJRGF5YV93VUE._180.jpg,False
,deploy,CAoSFkNJSE0wb2dLRUlDQWdJRGF5YV93VUE._270,CAoSFkNJSE0wb2dLRUlDQWdJRGF5YV93VUE.,270,./data/centercity/images/CAoSFkNJSE0wb2dLRUlDQWdJRGF5YV93VUE._270.jpg,False
,deploy,CAoSF0NJSE0wb2dLRUlDQWdJRGFtYVdHendF_0,CAoSF0NJSE0wb2dLRUlDQWdJRGFtYVdHendF,0,./data/centercity/images/CAoSF0NJSE0wb2dLRUlDQWdJRGFtYVdHendF_0.jpg,False
,deploy,CAoSF0NJSE0wb2dLRUlDQWdJRGFtYVdHendF_90,CAoSF0NJSE0wb2dLRUlDQWdJRGFtYVdHendF,90,./data/centercity/images/CAoSF0NJSE0wb2dLRUlDQWdJRGFtYVdHendF_90.jpg,False
,deploy,CAoSF0NJSE0wb2dLRUlDQWdJRGFtYVdHendF_180,CAoSF0NJSE0wb2dLRUlDQWdJRGFtYVdHendF,180,./data/centercity/images/CAoSF0NJSE0wb2dLRUlDQWdJRGFtYVdHendF_180.jpg,False
,deploy,CAoSF0NJSE0wb2dLRUlDQWdJRGFtYVdHendF_270,CAoSF0NJSE0wb2dLRUlDQWdJRGFtYVdHendF,270,./data/centercity/images/CAoSF0NJSE0wb2dLRUlDQWdJRGFtYVdHendF_270.jpg,False
,deploy,CAoSFkNJSE0wb2dLRUlDQWdJRGFpYmpNWWc._0,CAoSFkNJSE0wb2dLRUlDQWdJRGFpYmpNWWc.,0,./data/centercity/images/CAoSFkNJSE0wb2dLRUlDQWdJRGFpYmpNWWc._0.jpg,False
,deploy,CAoSFkNJSE0wb2dLRUlDQWdJRGFpYmpNWWc._90,CAoSFkNJSE0wb2dLRUlDQWdJRGFpYmpNWWc.,90,./data/centercity/images/CAoSFkNJSE0wb2dLRUlDQWdJRGFpYmpNWWc._90.jpg,False
,deploy,CAoSFkNJSE0wb2dLRUlDQWdJRGFpYmpNWWc._180,CAoSFkNJSE0wb2dLRUlDQWdJRGFpYmpNWWc.,180,./data/centercity/images/CAoSFkNJSE0wb2dLRUlDQWdJRGFpYmpNWWc._180.jpg,False
,deploy,CAoSFkNJSE0wb2dLRUlDQWdJRGFpYmpNWWc._270,CAoSFkNJSE0wb2dLRUlDQWdJRGFpYmpNWWc.,270,./data/centercity/images/CAoSFkNJSE0wb2dLRUlDQWdJRGFpYmpNWWc._270.jpg,False
,deploy,CAoSFkNJSE0wb2dLRUlDQWdJRGE4ZExuWUE._0,CAoSFkNJSE0wb2dLRUlDQWdJRGE4ZExuWUE.,0,./data/centercity/images/CAoSFkNJSE0wb2dLRUlDQWdJRGE4ZExuWUE._0.jpg,False
,deploy,CAoSFkNJSE0wb2dLRUlDQWdJRGE4ZExuWUE._90,CAoSFkNJSE0wb2dLRUlDQWdJRGE4ZExuWUE.,90,./data/centercity/images/CAoSFkNJSE0wb2dLRUlDQWdJRGE4ZExuWUE._90.jpg,False
,deploy,CAoSFkNJSE0wb2dLRUlDQWdJRGE4ZExuWUE._180,CAoSFkNJSE0wb2dLRUlDQWdJRGE4ZExuWUE.,180,./data/centercity/images/CAoSFkNJSE0wb2dLRUlDQWdJRGE4ZExuWUE._180.jpg,False
,deploy,CAoSFkNJSE0wb2dLRUlDQWdJRGE4ZExuWUE._270,CAoSFkNJSE0wb2dLRUlDQWdJRGE4ZExuWUE.,270,./data/centercity/images/CAoSFkNJSE0wb2dLRUlDQWdJRGE4ZExuWUE._270.jpg,False
,deploy,2DTgn8be-2N6O76EewdhkA_0,2DTgn8be-2N6O76EewdhkA,0,./data/centercity/images/2DTgn8be-2N6O76EewdhkA_0.jpg,False
,deploy,2DTgn8be-2N6O76EewdhkA_90,2DTgn8be-2N6O76EewdhkA,90,./data/centercity/images/2DTgn8be-2N6O76EewdhkA_90.jpg,False
,deploy,2DTgn8be-2N6O76EewdhkA_180,2DTgn8be-2N6O76EewdhkA,180,./data/centercity/images/2DTgn8be-2N6O76EewdhkA_180.jpg,False
,deploy,2DTgn8be-2N6O76EewdhkA_270,2DTgn8be-2N6O76EewdhkA,270,./data/centercity/images/2DTgn8be-2N6O76EewdhkA_270.jpg,False
,deploy,smemiwKsrzhTAJuzDOi1pA_0,smemiwKsrzhTAJuzDOi1pA,0,./data/centercity/images/smemiwKsrzhTAJuzDOi1pA_0.jpg,False
,deploy,smemiwKsrzhTAJuzDOi1pA_90,smemiwKsrzhTAJuzDOi1pA,90,./data/centercity/images/smemiwKsrzhTAJuzDOi1pA_90.jpg,False
,deploy,smemiwKsrzhTAJuzDOi1pA_180,smemiwKsrzhTAJuzDOi1pA,180,./data/centercity/images/smemiwKsrzhTAJuzDOi1pA_180.jpg,False
,deploy,smemiwKsrzhTAJuzDOi1pA_270,smemiwKsrzhTAJuzDOi1pA,270,./data/centercity/images/smemiwKsrzhTAJuzDOi1pA_270.jpg,False
,deploy,CAoSFkNJSE0wb2dLRUlDQWdJRGE2YXpoZFE._0,CAoSFkNJSE0wb2dLRUlDQWdJRGE2YXpoZFE.,0,./data/centercity/images/CAoSFkNJSE0wb2dLRUlDQWdJRGE2YXpoZFE._0.jpg,False
,deploy,CAoSFkNJSE0wb2dLRUlDQWdJRGE2YXpoZFE._90,CAoSFkNJSE0wb2dLRUlDQWdJRGE2YXpoZFE.,90,./data/centercity/images/CAoSFkNJSE0wb2dLRUlDQWdJRGE2YXpoZFE._90.jpg,False
,deploy,CAoSFkNJSE0wb2dLRUlDQWdJRGE2YXpoZFE._180,CAoSFkNJSE0wb2dLRUlDQWdJRGE2YXpoZFE.,180,./data/centercity/images/CAoSFkNJSE0wb2dLRUlDQWdJRGE2YXpoZFE._180.jpg,False
,deploy,CAoSFkNJSE0wb2dLRUlDQWdJRGE2YXpoZFE._270,CAoSFkNJSE0wb2dLRUlDQWdJRGE2YXpoZFE.,270,./data/centercity/images/CAoSFkNJSE0wb2dLRUlDQWdJRGE2YXpoZFE._270.jpg,False
,deploy,CAoSFkNJSE0wb2dLRUlDQWdJRGE2YnU0QWc._0,CAoSFkNJSE0wb2dLRUlDQWdJRGE2YnU0QWc.,0,./data/centercity/images/CAoSFkNJSE0wb2dLRUlDQWdJRGE2YnU0QWc._0.jpg,False
,deploy,CAoSFkNJSE0wb2dLRUlDQWdJRGE2YnU0QWc._90,CAoSFkNJSE0wb2dLRUlDQWdJRGE2YnU0QWc.,90,./data/centercity/images/CAoSFkNJSE0wb2dLRUlDQWdJRGE2YnU0QWc._90.jpg,False
,deploy,CAoSFkNJSE0wb2dLRUlDQWdJRGE2YnU0QWc._180,CAoSFkNJSE0wb2dLRUlDQWdJRGE2YnU0QWc.,180,./data/centercity/images/CAoSFkNJSE0wb2dLRUlDQWdJRGE2YnU0QWc._180.jpg,False
,deploy,CAoSFkNJSE0wb2dLRUlDQWdJRGE2YnU0QWc._270,CAoSFkNJSE0wb2dLRUlDQWdJRGE2YnU0QWc.,270,./data/centercity/images/CAoSFkNJSE0wb2dLRUlDQWdJRGE2YnU0QWc._270.jpg,False
,deploy,WnMDWR3RDJJJSqKkcagoWQ_0,WnMDWR3RDJJJSqKkcagoWQ,0,./data/centercity/images/WnMDWR3RDJJJSqKkcagoWQ_0.jpg,False
,deploy,WnMDWR3RDJJJSqKkcagoWQ_90,WnMDWR3RDJJJSqKkcagoWQ,90,./data/centercity/images/WnMDWR3RDJJJSqKkcagoWQ_90.jpg,False
,deploy,WnMDWR3RDJJJSqKkcagoWQ_180,WnMDWR3RDJJJSqKkcagoWQ,180,./data/centercity/images/WnMDWR3RDJJJSqKkcagoWQ_180.jpg,False
,deploy,WnMDWR3RDJJJSqKkcagoWQ_270,WnMDWR3RDJJJSqKkcagoWQ,270,./data/centercity/images/WnMDWR3RDJJJSqKkcagoWQ_270.jpg,False
,deploy,CAoSF0NJSE0wb2dLRUlDQWdJRGFpYnJ2M1FF_0,CAoSF0NJSE0wb2dLRUlDQWdJRGFpYnJ2M1FF,0,./data/centercity/images/CAoSF0NJSE0wb2dLRUlDQWdJRGFpYnJ2M1FF_0.jpg,False
,deploy,CAoSF0NJSE0wb2dLRUlDQWdJRGFpYnJ2M1FF_90,CAoSF0NJSE0wb2dLRUlDQWdJRGFpYnJ2M1FF,90,./data/centercity/images/CAoSF0NJSE0wb2dLRUlDQWdJRGFpYnJ2M1FF_90.jpg,False
,deploy,CAoSF0NJSE0wb2dLRUlDQWdJRGFpYnJ2M1FF_180,CAoSF0NJSE0wb2dLRUlDQWdJRGFpYnJ2M1FF,180,./data/centercity/images/CAoSF0NJSE0wb2dLRUlDQWdJRGFpYnJ2M1FF_180.jpg,False
,deploy,CAoSF0NJSE0wb2dLRUlDQWdJRGFpYnJ2M1FF_270,CAoSF0NJSE0wb2dLRUlDQWdJRGFpYnJ2M1FF,270,./data/centercity/images/CAoSF0NJSE0wb2dLRUlDQWdJRGFpYnJ2M1FF_270.jpg,False
,deploy,QfIIrfM6fwo3dSLOQ1RxAg_0,QfIIrfM6fwo3dSLOQ1RxAg,0,./data/centercity/images/QfIIrfM6fwo3dSLOQ1RxAg_0.jpg,False
,deploy,QfIIrfM6fwo3dSLOQ1RxAg_90,QfIIrfM6fwo3dSLOQ1RxAg,90,./data/centercity/images/QfIIrfM6fwo3dSLOQ1RxAg_90.jpg,False
,deploy,QfIIrfM6fwo3dSLOQ1RxAg_180,QfIIrfM6fwo3dSLOQ1RxAg,180,./data/centercity/images/QfIIrfM6fwo3dSLOQ1RxAg_180.jpg,False
,deploy,QfIIrfM6fwo3dSLOQ1RxAg_270,QfIIrfM6fwo3dSLOQ1RxAg,270,./data/centercity/images/QfIIrfM6fwo3dSLOQ1RxAg_270.jpg,False
,deploy,MkdrOduLyeQrM6FuK_t_Lw_0,MkdrOduLyeQrM6FuK_t_Lw,0,./data/centercity/images/MkdrOduLyeQrM6FuK_t_Lw_0.jpg,False
,deploy,MkdrOduLyeQrM6FuK_t_Lw_90,MkdrOduLyeQrM6FuK_t_Lw,90,./data/centercity/images/MkdrOduLyeQrM6FuK_t_Lw_90.jpg,False
,deploy,MkdrOduLyeQrM6FuK_t_Lw_180,MkdrOduLyeQrM6FuK_t_Lw,180,./data/centercity/images/MkdrOduLyeQrM6FuK_t_Lw_180.jpg,False
,deploy,MkdrOduLyeQrM6FuK_t_Lw_270,MkdrOduLyeQrM6FuK_t_Lw,270,./data/centercity/images/MkdrOduLyeQrM6FuK_t_Lw_270.jpg,False
,deploy,MtzJwG2jsnyd812a1k3M0w_0,MtzJwG2jsnyd812a1k3M0w,0,./data/centercity/images/MtzJwG2jsnyd812a1k3M0w_0.jpg,False
,deploy,MtzJwG2jsnyd812a1k3M0w_90,MtzJwG2jsnyd812a1k3M0w,90,./data/centercity/images/MtzJwG2jsnyd812a1k3M0w_90.jpg,False
,deploy,MtzJwG2jsnyd812a1k3M0w_180,MtzJwG2jsnyd812a1k3M0w,180,./data/centercity/images/MtzJwG2jsnyd812a1k3M0w_180.jpg,False
,deploy,MtzJwG2jsnyd812a1k3M0w_270,MtzJwG2jsnyd812a1k3M0w,270,./data/centercity/images/MtzJwG2jsnyd812a1k3M0w_270.jpg,False
,deploy,pbRopsBcrFCKqxceqGhsZw_0,pbRopsBcrFCKqxceqGhsZw,0,./data/centercity/images/pbRopsBcrFCKqxceqGhsZw_0.jpg,False
,deploy,pbRopsBcrFCKqxceqGhsZw_90,pbRopsBcrFCKqxceqGhsZw,90,./data/centercity/images/pbRopsBcrFCKqxceqGhsZw_90.jpg,False
,deploy,pbRopsBcrFCKqxceqGhsZw_180,pbRopsBcrFCKqxceqGhsZw,180,./data/centercity/images/pbRopsBcrFCKqxceqGhsZw_180.jpg,False
,deploy,pbRopsBcrFCKqxceqGhsZw_270,pbRopsBcrFCKqxceqGhsZw,270,./data/centercity/images/pbRopsBcrFCKqxceqGhsZw_270.jpg,False
,deploy,1k5GsGvLKF7R7H6YG-4myA_0,1k5GsGvLKF7R7H6YG-4myA,0,./data/centercity/images/1k5GsGvLKF7R7H6YG-4myA_0.jpg,False
,deploy,1k5GsGvLKF7R7H6YG-4myA_90,1k5GsGvLKF7R7H6YG-4myA,90,./data/centercity/images/1k5GsGvLKF7R7H6YG-4myA_90.jpg,False
,deploy,1k5GsGvLKF7R7H6YG-4myA_180,1k5GsGvLKF7R7H6YG-4myA,180,./data/centercity/images/1k5GsGvLKF7R7H6YG-4myA_180.jpg,False
,deploy,1k5GsGvLKF7R7H6YG-4myA_270,1k5GsGvLKF7R7H6YG-4myA,270,./data/centercity/images/1k5GsGvLKF7R7H6YG-4myA_270.jpg,False
,deploy,RcGqiAno8E3HEFHSXeE8Og_0,RcGqiAno8E3HEFHSXeE8Og,0,./data/centercity/images/RcGqiAno8E3HEFHSXeE8Og_0.jpg,False
,deploy,RcGqiAno8E3HEFHSXeE8Og_90,RcGqiAno8E3HEFHSXeE8Og,90,./data/centercity/images/RcGqiAno8E3HEFHSXeE8Og_90.jpg,False
,deploy,RcGqiAno8E3HEFHSXeE8Og_180,RcGqiAno8E3HEFHSXeE8Og,180,./data/centercity/images/RcGqiAno8E3HEFHSXeE8Og_180.jpg,False
,deploy,RcGqiAno8E3HEFHSXeE8Og_270,RcGqiAno8E3HEFHSXeE8Og,270,./data/centercity/images/RcGqiAno8E3HEFHSXeE8Og_270.jpg,False
,deploy,G3z2JHUmfOkGK0wgZ4PJkA_0,G3z2JHUmfOkGK0wgZ4PJkA,0,./data/centercity/images/G3z2JHUmfOkGK0wgZ4PJkA_0.jpg,False
,deploy,G3z2JHUmfOkGK0wgZ4PJkA_90,G3z2JHUmfOkGK0wgZ4PJkA,90,./data/centercity/images/G3z2JHUmfOkGK0wgZ4PJkA_90.jpg,False
,deploy,G3z2JHUmfOkGK0wgZ4PJkA_180,G3z2JHUmfOkGK0wgZ4PJkA,180,./data/centercity/images/G3z2JHUmfOkGK0wgZ4PJkA_180.jpg,False
,deploy,G3z2JHUmfOkGK0wgZ4PJkA_270,G3z2JHUmfOkGK0wgZ4PJkA,270,./data/centercity/images/G3z2JHUmfOkGK0wgZ4PJkA_270.jpg,False
,deploy,m0jmMGrtwgJ5T3b7comOrA_0,m0jmMGrtwgJ5T3b7comOrA,0,./data/centercity/images/m0jmMGrtwgJ5T3b7comOrA_0.jpg,False
,deploy,m0jmMGrtwgJ5T3b7comOrA_90,m0jmMGrtwgJ5T3b7comOrA,90,./data/centercity/images/m0jmMGrtwgJ5T3b7comOrA_90.jpg,False
,deploy,m0jmMGrtwgJ5T3b7comOrA_180,m0jmMGrtwgJ5T3b7comOrA,180,./data/centercity/images/m0jmMGrtwgJ5T3b7comOrA_180.jpg,False
,deploy,m0jmMGrtwgJ5T3b7comOrA_270,m0jmMGrtwgJ5T3b7comOrA,270,./data/centercity/images/m0jmMGrtwgJ5T3b7comOrA_270.jpg,False
,deploy,CAoSF0NJSE0wb2dLRUlDQWdJRGFpZW45cFFF_0,CAoSF0NJSE0wb2dLRUlDQWdJRGFpZW45cFFF,0,./data/centercity/images/CAoSF0NJSE0wb2dLRUlDQWdJRGFpZW45cFFF_0.jpg,False
,deploy,CAoSF0NJSE0wb2dLRUlDQWdJRGFpZW45cFFF_90,CAoSF0NJSE0wb2dLRUlDQWdJRGFpZW45cFFF,90,./data/centercity/images/CAoSF0NJSE0wb2dLRUlDQWdJRGFpZW45cFFF_90.jpg,False
,deploy,CAoSF0NJSE0wb2dLRUlDQWdJRGFpZW45cFFF_180,CAoSF0NJSE0wb2dLRUlDQWdJRGFpZW45cFFF,180,./data/centercity/images/CAoSF0NJSE0wb2dLRUlDQWdJRGFpZW45cFFF_180.jpg,False
,deploy,CAoSF0NJSE0wb2dLRUlDQWdJRGFpZW45cFFF_270,CAoSF0NJSE0wb2dLRUlDQWdJRGFpZW45cFFF,270,./data/centercity/images/CAoSF0NJSE0wb2dLRUlDQWdJRGFpZW45cFFF_270.jpg,False
,deploy,CAoSF0NJSE0wb2dLRUlDQWdJQzI2OHEwMHdF_0,CAoSF0NJSE0wb2dLRUlDQWdJQzI2OHEwMHdF,0,./data/centercity/images/CAoSF0NJSE0wb2dLRUlDQWdJQzI2OHEwMHdF_0.jpg,False
,deploy,CAoSF0NJSE0wb2dLRUlDQWdJQzI2OHEwMHdF_90,CAoSF0NJSE0wb2dLRUlDQWdJQzI2OHEwMHdF,90,./data/centercity/images/CAoSF0NJSE0wb2dLRUlDQWdJQzI2OHEwMHdF_90.jpg,False
,deploy,CAoSF0NJSE0wb2dLRUlDQWdJQzI2OHEwMHdF_180,CAoSF0NJSE0wb2dLRUlDQWdJQzI2OHEwMHdF,180,./data/centercity/images/CAoSF0NJSE0wb2dLRUlDQWdJQzI2OHEwMHdF_180.jpg,False
,deploy,CAoSF0NJSE0wb2dLRUlDQWdJQzI2OHEwMHdF_270,CAoSF0NJSE0wb2dLRUlDQWdJQzI2OHEwMHdF,270,./data/centercity/images/CAoSF0NJSE0wb2dLRUlDQWdJQzI2OHEwMHdF_270.jpg,False
,deploy,BKJgwyqxHcE35aQV1ub_gw_0,BKJgwyqxHcE35aQV1ub_gw,0,./data/centercity/images/BKJgwyqxHcE35aQV1ub_gw_0.jpg,False
,deploy,BKJgwyqxHcE35aQV1ub_gw_90,BKJgwyqxHcE35aQV1ub_gw,90,./data/centercity/images/BKJgwyqxHcE35aQV1ub_gw_90.jpg,False
,deploy,BKJgwyqxHcE35aQV1ub_gw_180,BKJgwyqxHcE35aQV1ub_gw,180,./data/centercity/images/BKJgwyqxHcE35aQV1ub_gw_180.jpg,False
,deploy,BKJgwyqxHcE35aQV1ub_gw_270,BKJgwyqxHcE35aQV1ub_gw,270,./data/centercity/images/BKJgwyqxHcE35aQV1ub_gw_270.jpg,False
,deploy,CAoSFkNJSE0wb2dLRUlDQWdJRGE2WjJOV3c._0,CAoSFkNJSE0wb2dLRUlDQWdJRGE2WjJOV3c.,0,./data/centercity/images/CAoSFkNJSE0wb2dLRUlDQWdJRGE2WjJOV3c._0.jpg,False
,deploy,CAoSFkNJSE0wb2dLRUlDQWdJRGE2WjJOV3c._90,CAoSFkNJSE0wb2dLRUlDQWdJRGE2WjJOV3c.,90,./data/centercity/images/CAoSFkNJSE0wb2dLRUlDQWdJRGE2WjJOV3c._90.jpg,False
,deploy,CAoSFkNJSE0wb2dLRUlDQWdJRGE2WjJOV3c._180,CAoSFkNJSE0wb2dLRUlDQWdJRGE2WjJOV3c.,180,./data/centercity/images/CAoSFkNJSE0wb2dLRUlDQWdJRGE2WjJOV3c._180.jpg,False
,deploy,CAoSFkNJSE0wb2dLRUlDQWdJRGE2WjJOV3c._270,CAoSFkNJSE0wb2dLRUlDQWdJRGE2WjJOV3c.,270,./data/centercity/images/CAoSFkNJSE0wb2dLRUlDQWdJRGE2WjJOV3c._270.jpg,False
,deploy,xFkihF7lnPK8aXfSa8CA7A_0,xFkihF7lnPK8aXfSa8CA7A,0,./data/centercity/images/xFkihF7lnPK8aXfSa8CA7A_0.jpg,False
,deploy,xFkihF7lnPK8aXfSa8CA7A_90,xFkihF7lnPK8aXfSa8CA7A,90,./data/centercity/images/xFkihF7lnPK8aXfSa8CA7A_90.jpg,False
,deploy,xFkihF7lnPK8aXfSa8CA7A_180,xFkihF7lnPK8aXfSa8CA7A,180,./data/centercity/images/xFkihF7lnPK8aXfSa8CA7A_180.jpg,False
,deploy,xFkihF7lnPK8aXfSa8CA7A_270,xFkihF7lnPK8aXfSa8CA7A,270,./data/centercity/images/xFkihF7lnPK8aXfSa8CA7A_270.jpg,False
,deploy,CAoSFkNJSE0wb2dLRUlDQWdJRGFtYnZFWEE._0,CAoSFkNJSE0wb2dLRUlDQWdJRGFtYnZFWEE.,0,./data/centercity/images/CAoSFkNJSE0wb2dLRUlDQWdJRGFtYnZFWEE._0.jpg,False
,deploy,CAoSFkNJSE0wb2dLRUlDQWdJRGFtYnZFWEE._90,CAoSFkNJSE0wb2dLRUlDQWdJRGFtYnZFWEE.,90,./data/centercity/images/CAoSFkNJSE0wb2dLRUlDQWdJRGFtYnZFWEE._90.jpg,False
,deploy,CAoSFkNJSE0wb2dLRUlDQWdJRGFtYnZFWEE._180,CAoSFkNJSE0wb2dLRUlDQWdJRGFtYnZFWEE.,180,./data/centercity/images/CAoSFkNJSE0wb2dLRUlDQWdJRGFtYnZFWEE._180.jpg,False
,deploy,CAoSFkNJSE0wb2dLRUlDQWdJRGFtYnZFWEE._270,CAoSFkNJSE0wb2dLRUlDQWdJRGFtYnZFWEE.,270,./data/centercity/images/CAoSFkNJSE0wb2dLRUlDQWdJRGFtYnZFWEE._270.jpg,False
,deploy,CAoSFkNJSE0wb2dLRUlDQWdJRGFxZERZR3c._0,CAoSFkNJSE0wb2dLRUlDQWdJRGFxZERZR3c.,0,./data/centercity/images/CAoSFkNJSE0wb2dLRUlDQWdJRGFxZERZR3c._0.jpg,False
,deploy,CAoSFkNJSE0wb2dLRUlDQWdJRGFxZERZR3c._90,CAoSFkNJSE0wb2dLRUlDQWdJRGFxZERZR3c.,90,./data/centercity/images/CAoSFkNJSE0wb2dLRUlDQWdJRGFxZERZR3c._90.jpg,False
,deploy,CAoSFkNJSE0wb2dLRUlDQWdJRGFxZERZR3c._180,CAoSFkNJSE0wb2dLRUlDQWdJRGFxZERZR3c.,180,./data/centercity/images/CAoSFkNJSE0wb2dLRUlDQWdJRGFxZERZR3c._180.jpg,False
,deploy,CAoSFkNJSE0wb2dLRUlDQWdJRGFxZERZR3c._270,CAoSFkNJSE0wb2dLRUlDQWdJRGFxZERZR3c.,270,./data/centercity/images/CAoSFkNJSE0wb2dLRUlDQWdJRGFxZERZR3c._270.jpg,False
,deploy,CAoSFkNJSE0wb2dLRUlDQWdJQ09nc3VpTUE._0,CAoSFkNJSE0wb2dLRUlDQWdJQ09nc3VpTUE.,0,./data/centercity/images/CAoSFkNJSE0wb2dLRUlDQWdJQ09nc3VpTUE._0.jpg,False
,deploy,CAoSFkNJSE0wb2dLRUlDQWdJQ09nc3VpTUE._90,CAoSFkNJSE0wb2dLRUlDQWdJQ09nc3VpTUE.,90,./data/centercity/images/CAoSFkNJSE0wb2dLRUlDQWdJQ09nc3VpTUE._90.jpg,False
,deploy,CAoSFkNJSE0wb2dLRUlDQWdJQ09nc3VpTUE._180,CAoSFkNJSE0wb2dLRUlDQWdJQ09nc3VpTUE.,180,./data/centercity/images/CAoSFkNJSE0wb2dLRUlDQWdJQ09nc3VpTUE._180.jpg,False
,deploy,CAoSFkNJSE0wb2dLRUlDQWdJQ09nc3VpTUE._270,CAoSFkNJSE0wb2dLRUlDQWdJQ09nc3VpTUE.,270,./data/centercity/images/CAoSFkNJSE0wb2dLRUlDQWdJQ09nc3VpTUE._270.jpg,False
,deploy,10shHBIk4ql5afAmmnQjfw_0,10shHBIk4ql5afAmmnQjfw,0,./data/centercity/images/10shHBIk4ql5afAmmnQjfw_0.jpg,False
,deploy,10shHBIk4ql5afAmmnQjfw_90,10shHBIk4ql5afAmmnQjfw,90,./data/centercity/images/10shHBIk4ql5afAmmnQjfw_90.jpg,False
,deploy,10shHBIk4ql5afAmmnQjfw_180,10shHBIk4ql5afAmmnQjfw,180,./data/centercity/images/10shHBIk4ql5afAmmnQjfw_180.jpg,False
,deploy,10shHBIk4ql5afAmmnQjfw_270,10shHBIk4ql5afAmmnQjfw,270,./data/centercity/images/10shHBIk4ql5afAmmnQjfw_270.jpg,False
,deploy,ZMJDeHk2gmvDa5jGfM2lnQ_0,ZMJDeHk2gmvDa5jGfM2lnQ,0,./data/centercity/images/ZMJDeHk2gmvDa5jGfM2lnQ_0.jpg,False
,deploy,ZMJDeHk2gmvDa5jGfM2lnQ_90,ZMJDeHk2gmvDa5jGfM2lnQ,90,./data/centercity/images/ZMJDeHk2gmvDa5jGfM2lnQ_90.jpg,False
,deploy,ZMJDeHk2gmvDa5jGfM2lnQ_180,ZMJDeHk2gmvDa5jGfM2lnQ,180,./data/centercity/images/ZMJDeHk2gmvDa5jGfM2lnQ_180.jpg,False
,deploy,ZMJDeHk2gmvDa5jGfM2lnQ_270,ZMJDeHk2gmvDa5jGfM2lnQ,270,./data/centercity/images/ZMJDeHk2gmvDa5jGfM2lnQ_270.jpg,False
,deploy,xbTajmuTgjPxsXyqQ4hvLg_0,xbTajmuTgjPxsXyqQ4hvLg,0,./data/centercity/images/xbTajmuTgjPxsXyqQ4hvLg_0.jpg,False
,deploy,xbTajmuTgjPxsXyqQ4hvLg_90,xbTajmuTgjPxsXyqQ4hvLg,90,./data/centercity/images/xbTajmuTgjPxsXyqQ4hvLg_90.jpg,False
,deploy,xbTajmuTgjPxsXyqQ4hvLg_180,xbTajmuTgjPxsXyqQ4hvLg,180,./data/centercity/images/xbTajmuTgjPxsXyqQ4hvLg_180.jpg,False
,deploy,xbTajmuTgjPxsXyqQ4hvLg_270,xbTajmuTgjPxsXyqQ4hvLg,270,./data/centercity/images/xbTajmuTgjPxsXyqQ4hvLg_270.jpg,False
,deploy,8d8TbxrA39v0MQYTHzQemw_0,8d8TbxrA39v0MQYTHzQemw,0,./data/centercity/images/8d8TbxrA39v0MQYTHzQemw_0.jpg,False
,deploy,8d8TbxrA39v0MQYTHzQemw_90,8d8TbxrA39v0MQYTHzQemw,90,./data/centercity/images/8d8TbxrA39v0MQYTHzQemw_90.jpg,False
,deploy,8d8TbxrA39v0MQYTHzQemw_180,8d8TbxrA39v0MQYTHzQemw,180,./data/centercity/images/8d8TbxrA39v0MQYTHzQemw_180.jpg,False
,deploy,8d8TbxrA39v0MQYTHzQemw_270,8d8TbxrA39v0MQYTHzQemw,270,./data/centercity/images/8d8TbxrA39v0MQYTHzQemw_270.jpg,False
,deploy,X0g6HnAWKSEjr8-OS_wuLQ_0,X0g6HnAWKSEjr8-OS_wuLQ,0,./data/centercity/images/X0g6HnAWKSEjr8-OS_wuLQ_0.jpg,False
,deploy,X0g6HnAWKSEjr8-OS_wuLQ_90,X0g6HnAWKSEjr8-OS_wuLQ,90,./data/centercity/images/X0g6HnAWKSEjr8-OS_wuLQ_90.jpg,False
,deploy,X0g6HnAWKSEjr8-OS_wuLQ_180,X0g6HnAWKSEjr8-OS_wuLQ,180,./data/centercity/images/X0g6HnAWKSEjr8-OS_wuLQ_180.jpg,False
,deploy,X0g6HnAWKSEjr8-OS_wuLQ_270,X0g6HnAWKSEjr8-OS_wuLQ,270,./data/centercity/images/X0g6HnAWKSEjr8-OS_wuLQ_270.jpg,False
,deploy,xb8JNl-0fgMhVpbSCUmivQ_0,xb8JNl-0fgMhVpbSCUmivQ,0,./data/centercity/images/xb8JNl-0fgMhVpbSCUmivQ_0.jpg,False
,deploy,xb8JNl-0fgMhVpbSCUmivQ_90,xb8JNl-0fgMhVpbSCUmivQ,90,./data/centercity/images/xb8JNl-0fgMhVpbSCUmivQ_90.jpg,False
,deploy,xb8JNl-0fgMhVpbSCUmivQ_180,xb8JNl-0fgMhVpbSCUmivQ,180,./data/centercity/images/xb8JNl-0fgMhVpbSCUmivQ_180.jpg,False
,deploy,xb8JNl-0fgMhVpbSCUmivQ_270,xb8JNl-0fgMhVpbSCUmivQ,270,./data/centercity/images/xb8JNl-0fgMhVpbSCUmivQ_270.jpg,False
,deploy,S9z3SeJ-AWqkoPkGmwt9Nw_0,S9z3SeJ-AWqkoPkGmwt9Nw,0,./data/centercity/images/S9z3SeJ-AWqkoPkGmwt9Nw_0.jpg,False
,deploy,S9z3SeJ-AWqkoPkGmwt9Nw_90,S9z3SeJ-AWqkoPkGmwt9Nw,90,./data/centercity/images/S9z3SeJ-AWqkoPkGmwt9Nw_90.jpg,False
,deploy,S9z3SeJ-AWqkoPkGmwt9Nw_180,S9z3SeJ-AWqkoPkGmwt9Nw,180,./data/centercity/images/S9z3SeJ-AWqkoPkGmwt9Nw_180.jpg,False
,deploy,S9z3SeJ-AWqkoPkGmwt9Nw_270,S9z3SeJ-AWqkoPkGmwt9Nw,270,./data/centercity/images/S9z3SeJ-AWqkoPkGmwt9Nw_270.jpg,False
,deploy,CACPE75nLJiiSdp28Sk3xQ_0,CACPE75nLJiiSdp28Sk3xQ,0,./data/centercity/images/CACPE75nLJiiSdp28Sk3xQ_0.jpg,False
,deploy,CACPE75nLJiiSdp28Sk3xQ_90,CACPE75nLJiiSdp28Sk3xQ,90,./data/centercity/images/CACPE75nLJiiSdp28Sk3xQ_90.jpg,False
,deploy,CACPE75nLJiiSdp28Sk3xQ_180,CACPE75nLJiiSdp28Sk3xQ,180,./data/centercity/images/CACPE75nLJiiSdp28Sk3xQ_180.jpg,False
,deploy,CACPE75nLJiiSdp28Sk3xQ_270,CACPE75nLJiiSdp28Sk3xQ,270,./data/centercity/images/CACPE75nLJiiSdp28Sk3xQ_270.jpg,False
,deploy,CAoSFkNJSE0wb2dLRUlDQWdJQzRrYlhXSkE._0,CAoSFkNJSE0wb2dLRUlDQWdJQzRrYlhXSkE.,0,./data/centercity/images/CAoSFkNJSE0wb2dLRUlDQWdJQzRrYlhXSkE._0.jpg,False
,deploy,CAoSFkNJSE0wb2dLRUlDQWdJQzRrYlhXSkE._90,CAoSFkNJSE0wb2dLRUlDQWdJQzRrYlhXSkE.,90,./data/centercity/images/CAoSFkNJSE0wb2dLRUlDQWdJQzRrYlhXSkE._90.jpg,False
,deploy,CAoSFkNJSE0wb2dLRUlDQWdJQzRrYlhXSkE._180,CAoSFkNJSE0wb2dLRUlDQWdJQzRrYlhXSkE.,180,./data/centercity/images/CAoSFkNJSE0wb2dLRUlDQWdJQzRrYlhXSkE._180.jpg,False
,deploy,CAoSFkNJSE0wb2dLRUlDQWdJQzRrYlhXSkE._270,CAoSFkNJSE0wb2dLRUlDQWdJQzRrYlhXSkE.,270,./data/centercity/images/CAoSFkNJSE0wb2dLRUlDQWdJQzRrYlhXSkE._270.jpg,False
,deploy,ZpCoCcNlwkgHWX6Wqc5MaQ_0,ZpCoCcNlwkgHWX6Wqc5MaQ,0,./data/centercity/images/ZpCoCcNlwkgHWX6Wqc5MaQ_0.jpg,False
,deploy,ZpCoCcNlwkgHWX6Wqc5MaQ_90,ZpCoCcNlwkgHWX6Wqc5MaQ,90,./data/centercity/images/ZpCoCcNlwkgHWX6Wqc5MaQ_90.jpg,False
,deploy,ZpCoCcNlwkgHWX6Wqc5MaQ_180,ZpCoCcNlwkgHWX6Wqc5MaQ,180,./data/centercity/images/ZpCoCcNlwkgHWX6Wqc5MaQ_180.jpg,False
,deploy,ZpCoCcNlwkgHWX6Wqc5MaQ_270,ZpCoCcNlwkgHWX6Wqc5MaQ,270,./data/centercity/images/ZpCoCcNlwkgHWX6Wqc5MaQ_270.jpg,False
,deploy,CAoSF0NJSE0wb2dLRUlDQWdJRGFrZHZIamdF_0,CAoSF0NJSE0wb2dLRUlDQWdJRGFrZHZIamdF,0,./data/centercity/images/CAoSF0NJSE0wb2dLRUlDQWdJRGFrZHZIamdF_0.jpg,False
,deploy,CAoSF0NJSE0wb2dLRUlDQWdJRGFrZHZIamdF_90,CAoSF0NJSE0wb2dLRUlDQWdJRGFrZHZIamdF,90,./data/centercity/images/CAoSF0NJSE0wb2dLRUlDQWdJRGFrZHZIamdF_90.jpg,False
,deploy,CAoSF0NJSE0wb2dLRUlDQWdJRGFrZHZIamdF_180,CAoSF0NJSE0wb2dLRUlDQWdJRGFrZHZIamdF,180,./data/centercity/images/CAoSF0NJSE0wb2dLRUlDQWdJRGFrZHZIamdF_180.jpg,False
,deploy,CAoSF0NJSE0wb2dLRUlDQWdJRGFrZHZIamdF_270,CAoSF0NJSE0wb2dLRUlDQWdJRGFrZHZIamdF,270,./data/centercity/images/CAoSF0NJSE0wb2dLRUlDQWdJRGFrZHZIamdF_270.jpg,False
,deploy,O44WedNbuDMFIYRI3ag3YQ_0,O44WedNbuDMFIYRI3ag3YQ,0,./data/centercity/images/O44WedNbuDMFIYRI3ag3YQ_0.jpg,False
,deploy,O44WedNbuDMFIYRI3ag3YQ_90,O44WedNbuDMFIYRI3ag3YQ,90,./data/centercity/images/O44WedNbuDMFIYRI3ag3YQ_90.jpg,False
,deploy,O44WedNbuDMFIYRI3ag3YQ_180,O44WedNbuDMFIYRI3ag3YQ,180,./data/centercity/images/O44WedNbuDMFIYRI3ag3YQ_180.jpg,False
,deploy,O44WedNbuDMFIYRI3ag3YQ_270,O44WedNbuDMFIYRI3ag3YQ,270,./data/centercity/images/O44WedNbuDMFIYRI3ag3YQ_270.jpg,False
,deploy,9wB4PAUMJPdgnbJmRKscQg_0,9wB4PAUMJPdgnbJmRKscQg,0,./data/centercity/images/9wB4PAUMJPdgnbJmRKscQg_0.jpg,False
,deploy,9wB4PAUMJPdgnbJmRKscQg_90,9wB4PAUMJPdgnbJmRKscQg,90,./data/centercity/images/9wB4PAUMJPdgnbJmRKscQg_90.jpg,False
,deploy,9wB4PAUMJPdgnbJmRKscQg_180,9wB4PAUMJPdgnbJmRKscQg,180,./data/centercity/images/9wB4PAUMJPdgnbJmRKscQg_180.jpg,False
,deploy,9wB4PAUMJPdgnbJmRKscQg_270,9wB4PAUMJPdgnbJmRKscQg,270,./data/centercity/images/9wB4PAUMJPdgnbJmRKscQg_270.jpg,False
,deploy,SpR6ckBjo39qY-su6baK4w_0,SpR6ckBjo39qY-su6baK4w,0,./data/centercity/images/SpR6ckBjo39qY-su6baK4w_0.jpg,False
,deploy,SpR6ckBjo39qY-su6baK4w_90,SpR6ckBjo39qY-su6baK4w,90,./data/centercity/images/SpR6ckBjo39qY-su6baK4w_90.jpg,False
,deploy,SpR6ckBjo39qY-su6baK4w_180,SpR6ckBjo39qY-su6baK4w,180,./data/centercity/images/SpR6ckBjo39qY-su6baK4w_180.jpg,False
,deploy,SpR6ckBjo39qY-su6baK4w_270,SpR6ckBjo39qY-su6baK4w,270,./data/centercity/images/SpR6ckBjo39qY-su6baK4w_270.jpg,False
,deploy,rOR_CL6VhyW81imXcXee6g_0,rOR_CL6VhyW81imXcXee6g,0,./data/centercity/images/rOR_CL6VhyW81imXcXee6g_0.jpg,False
,deploy,rOR_CL6VhyW81imXcXee6g_90,rOR_CL6VhyW81imXcXee6g,90,./data/centercity/images/rOR_CL6VhyW81imXcXee6g_90.jpg,False
,deploy,rOR_CL6VhyW81imXcXee6g_180,rOR_CL6VhyW81imXcXee6g,180,./data/centercity/images/rOR_CL6VhyW81imXcXee6g_180.jpg,False
,deploy,rOR_CL6VhyW81imXcXee6g_270,rOR_CL6VhyW81imXcXee6g,270,./data/centercity/images/rOR_CL6VhyW81imXcXee6g_270.jpg,False
,deploy,ieu6sh8T2HGV8EA93920Dw_0,ieu6sh8T2HGV8EA93920Dw,0,./data/centercity/images/ieu6sh8T2HGV8EA93920Dw_0.jpg,False
,deploy,ieu6sh8T2HGV8EA93920Dw_90,ieu6sh8T2HGV8EA93920Dw,90,./data/centercity/images/ieu6sh8T2HGV8EA93920Dw_90.jpg,False
,deploy,ieu6sh8T2HGV8EA93920Dw_180,ieu6sh8T2HGV8EA93920Dw,180,./data/centercity/images/ieu6sh8T2HGV8EA93920Dw_180.jpg,False
,deploy,ieu6sh8T2HGV8EA93920Dw_270,ieu6sh8T2HGV8EA93920Dw,270,./data/centercity/images/ieu6sh8T2HGV8EA93920Dw_270.jpg,False
,deploy,CAoSFkNJSE0wb2dLRUlDQWdJRGEyZHZ2WFE._0,CAoSFkNJSE0wb2dLRUlDQWdJRGEyZHZ2WFE.,0,./data/centercity/images/CAoSFkNJSE0wb2dLRUlDQWdJRGEyZHZ2WFE._0.jpg,False
,deploy,CAoSFkNJSE0wb2dLRUlDQWdJRGEyZHZ2WFE._90,CAoSFkNJSE0wb2dLRUlDQWdJRGEyZHZ2WFE.,90,./data/centercity/images/CAoSFkNJSE0wb2dLRUlDQWdJRGEyZHZ2WFE._90.jpg,False
,deploy,CAoSFkNJSE0wb2dLRUlDQWdJRGEyZHZ2WFE._180,CAoSFkNJSE0wb2dLRUlDQWdJRGEyZHZ2WFE.,180,./data/centercity/images/CAoSFkNJSE0wb2dLRUlDQWdJRGEyZHZ2WFE._180.jpg,False
,deploy,CAoSFkNJSE0wb2dLRUlDQWdJRGEyZHZ2WFE._270,CAoSFkNJSE0wb2dLRUlDQWdJRGEyZHZ2WFE.,270,./data/centercity/images/CAoSFkNJSE0wb2dLRUlDQWdJRGEyZHZ2WFE._270.jpg,False
,deploy,CAoSFkNJSE0wb2dLRUlDQWdJRGE2ZHl2VUE._0,CAoSFkNJSE0wb2dLRUlDQWdJRGE2ZHl2VUE.,0,./data/centercity/images/CAoSFkNJSE0wb2dLRUlDQWdJRGE2ZHl2VUE._0.jpg,False
,deploy,CAoSFkNJSE0wb2dLRUlDQWdJRGE2ZHl2VUE._90,CAoSFkNJSE0wb2dLRUlDQWdJRGE2ZHl2VUE.,90,./data/centercity/images/CAoSFkNJSE0wb2dLRUlDQWdJRGE2ZHl2VUE._90.jpg,False
,deploy,CAoSFkNJSE0wb2dLRUlDQWdJRGE2ZHl2VUE._180,CAoSFkNJSE0wb2dLRUlDQWdJRGE2ZHl2VUE.,180,./data/centercity/images/CAoSFkNJSE0wb2dLRUlDQWdJRGE2ZHl2VUE._180.jpg,False
,deploy,CAoSFkNJSE0wb2dLRUlDQWdJRGE2ZHl2VUE._270,CAoSFkNJSE0wb2dLRUlDQWdJRGE2ZHl2VUE.,270,./data/centercity/images/CAoSFkNJSE0wb2dLRUlDQWdJRGE2ZHl2VUE._270.jpg,False
,deploy,CAoSF0NJSE0wb2dLRUlDQWdJRGEyYk9LMGdF_0,CAoSF0NJSE0wb2dLRUlDQWdJRGEyYk9LMGdF,0,./data/centercity/images/CAoSF0NJSE0wb2dLRUlDQWdJRGEyYk9LMGdF_0.jpg,False
,deploy,CAoSF0NJSE0wb2dLRUlDQWdJRGEyYk9LMGdF_90,CAoSF0NJSE0wb2dLRUlDQWdJRGEyYk9LMGdF,90,./data/centercity/images/CAoSF0NJSE0wb2dLRUlDQWdJRGEyYk9LMGdF_90.jpg,False
,deploy,CAoSF0NJSE0wb2dLRUlDQWdJRGEyYk9LMGdF_180,CAoSF0NJSE0wb2dLRUlDQWdJRGEyYk9LMGdF,180,./data/centercity/images/CAoSF0NJSE0wb2dLRUlDQWdJRGEyYk9LMGdF_180.jpg,False
,deploy,CAoSF0NJSE0wb2dLRUlDQWdJRGEyYk9LMGdF_270,CAoSF0NJSE0wb2dLRUlDQWdJRGEyYk9LMGdF,270,./data/centercity/images/CAoSF0NJSE0wb2dLRUlDQWdJRGEyYk9LMGdF_270.jpg,False
,deploy,zksbrarqY8NDuz6cw-HBhQ_0,zksbrarqY8NDuz6cw-HBhQ,0,./data/centercity/images/zksbrarqY8NDuz6cw-HBhQ_0.jpg,False
,deploy,zksbrarqY8NDuz6cw-HBhQ_90,zksbrarqY8NDuz6cw-HBhQ,90,./data/centercity/images/zksbrarqY8NDuz6cw-HBhQ_90.jpg,False
,deploy,zksbrarqY8NDuz6cw-HBhQ_180,zksbrarqY8NDuz6cw-HBhQ,180,./data/centercity/images/zksbrarqY8NDuz6cw-HBhQ_180.jpg,False
,deploy,zksbrarqY8NDuz6cw-HBhQ_270,zksbrarqY8NDuz6cw-HBhQ,270,./data/centercity/images/zksbrarqY8NDuz6cw-HBhQ_270.jpg,False
,deploy,deHHCUSUVybWv08b5_42FQ_0,deHHCUSUVybWv08b5_42FQ,0,./data/centercity/images/deHHCUSUVybWv08b5_42FQ_0.jpg,False
,deploy,deHHCUSUVybWv08b5_42FQ_90,deHHCUSUVybWv08b5_42FQ,90,./data/centercity/images/deHHCUSUVybWv08b5_42FQ_90.jpg,False
,deploy,deHHCUSUVybWv08b5_42FQ_180,deHHCUSUVybWv08b5_42FQ,180,./data/centercity/images/deHHCUSUVybWv08b5_42FQ_180.jpg,False
,deploy,deHHCUSUVybWv08b5_42FQ_270,deHHCUSUVybWv08b5_42FQ,270,./data/centercity/images/deHHCUSUVybWv08b5_42FQ_270.jpg,False
,deploy,pTUiAFLurmaw4rcJQ1Y50w_0,pTUiAFLurmaw4rcJQ1Y50w,0,./data/centercity/images/pTUiAFLurmaw4rcJQ1Y50w_0.jpg,False
,deploy,pTUiAFLurmaw4rcJQ1Y50w_90,pTUiAFLurmaw4rcJQ1Y50w,90,./data/centercity/images/pTUiAFLurmaw4rcJQ1Y50w_90.jpg,False
,deploy,pTUiAFLurmaw4rcJQ1Y50w_180,pTUiAFLurmaw4rcJQ1Y50w,180,./data/centercity/images/pTUiAFLurmaw4rcJQ1Y50w_180.jpg,False
,deploy,pTUiAFLurmaw4rcJQ1Y50w_270,pTUiAFLurmaw4rcJQ1Y50w,270,./data/centercity/images/pTUiAFLurmaw4rcJQ1Y50w_270.jpg,False
,deploy,CAoSFkNJSE0wb2dLRUlDQWdJRGE2WUdpVVE._0,CAoSFkNJSE0wb2dLRUlDQWdJRGE2WUdpVVE.,0,./data/centercity/images/CAoSFkNJSE0wb2dLRUlDQWdJRGE2WUdpVVE._0.jpg,False
,deploy,CAoSFkNJSE0wb2dLRUlDQWdJRGE2WUdpVVE._90,CAoSFkNJSE0wb2dLRUlDQWdJRGE2WUdpVVE.,90,./data/centercity/images/CAoSFkNJSE0wb2dLRUlDQWdJRGE2WUdpVVE._90.jpg,False
,deploy,CAoSFkNJSE0wb2dLRUlDQWdJRGE2WUdpVVE._180,CAoSFkNJSE0wb2dLRUlDQWdJRGE2WUdpVVE.,180,./data/centercity/images/CAoSFkNJSE0wb2dLRUlDQWdJRGE2WUdpVVE._180.jpg,False
,deploy,CAoSFkNJSE0wb2dLRUlDQWdJRGE2WUdpVVE._270,CAoSFkNJSE0wb2dLRUlDQWdJRGE2WUdpVVE.,270,./data/centercity/images/CAoSFkNJSE0wb2dLRUlDQWdJRGE2WUdpVVE._270.jpg,False
,deploy,RXZTArsCX_sMhzNGKVZJtg_0,RXZTArsCX_sMhzNGKVZJtg,0,./data/centercity/images/RXZTArsCX_sMhzNGKVZJtg_0.jpg,False
,deploy,RXZTArsCX_sMhzNGKVZJtg_90,RXZTArsCX_sMhzNGKVZJtg,90,./data/centercity/images/RXZTArsCX_sMhzNGKVZJtg_90.jpg,False
,deploy,RXZTArsCX_sMhzNGKVZJtg_180,RXZTArsCX_sMhzNGKVZJtg,180,./data/centercity/images/RXZTArsCX_sMhzNGKVZJtg_180.jpg,False
,deploy,RXZTArsCX_sMhzNGKVZJtg_270,RXZTArsCX_sMhzNGKVZJtg,270,./data/centercity/images/RXZTArsCX_sMhzNGKVZJtg_270.jpg,False
,deploy,KcyE8E1fpZT1CrRmnADUAg_0,KcyE8E1fpZT1CrRmnADUAg,0,./data/centercity/images/KcyE8E1fpZT1CrRmnADUAg_0.jpg,False
,deploy,KcyE8E1fpZT1CrRmnADUAg_90,KcyE8E1fpZT1CrRmnADUAg,90,./data/centercity/images/KcyE8E1fpZT1CrRmnADUAg_90.jpg,False
,deploy,KcyE8E1fpZT1CrRmnADUAg_180,KcyE8E1fpZT1CrRmnADUAg,180,./data/centercity/images/KcyE8E1fpZT1CrRmnADUAg_180.jpg,False
,deploy,KcyE8E1fpZT1CrRmnADUAg_270,KcyE8E1fpZT1CrRmnADUAg,270,./data/centercity/images/KcyE8E1fpZT1CrRmnADUAg_270.jpg,False
,deploy,J8JarTsiR3sgpcgtAum5rg_0,J8JarTsiR3sgpcgtAum5rg,0,./data/centercity/images/J8JarTsiR3sgpcgtAum5rg_0.jpg,False
,deploy,J8JarTsiR3sgpcgtAum5rg_90,J8JarTsiR3sgpcgtAum5rg,90,./data/centercity/images/J8JarTsiR3sgpcgtAum5rg_90.jpg,False
,deploy,J8JarTsiR3sgpcgtAum5rg_180,J8JarTsiR3sgpcgtAum5rg,180,./data/centercity/images/J8JarTsiR3sgpcgtAum5rg_180.jpg,False
,deploy,J8JarTsiR3sgpcgtAum5rg_270,J8JarTsiR3sgpcgtAum5rg,270,./data/centercity/images/J8JarTsiR3sgpcgtAum5rg_270.jpg,False
,deploy,CAoSFkNJSE0wb2dLRUlDQWdJRE9nZmZoY3c._0,CAoSFkNJSE0wb2dLRUlDQWdJRE9nZmZoY3c.,0,./data/centercity/images/CAoSFkNJSE0wb2dLRUlDQWdJRE9nZmZoY3c._0.jpg,False
,deploy,CAoSFkNJSE0wb2dLRUlDQWdJRE9nZmZoY3c._90,CAoSFkNJSE0wb2dLRUlDQWdJRE9nZmZoY3c.,90,./data/centercity/images/CAoSFkNJSE0wb2dLRUlDQWdJRE9nZmZoY3c._90.jpg,False
,deploy,CAoSFkNJSE0wb2dLRUlDQWdJRE9nZmZoY3c._180,CAoSFkNJSE0wb2dLRUlDQWdJRE9nZmZoY3c.,180,./data/centercity/images/CAoSFkNJSE0wb2dLRUlDQWdJRE9nZmZoY3c._180.jpg,False
,deploy,CAoSFkNJSE0wb2dLRUlDQWdJRE9nZmZoY3c._270,CAoSFkNJSE0wb2dLRUlDQWdJRE9nZmZoY3c.,270,./data/centercity/images/CAoSFkNJSE0wb2dLRUlDQWdJRE9nZmZoY3c._270.jpg,False
,deploy,jkrCubqcyPgFpJgjkx-Ocw_0,jkrCubqcyPgFpJgjkx-Ocw,0,./data/centercity/images/jkrCubqcyPgFpJgjkx-Ocw_0.jpg,False
,deploy,jkrCubqcyPgFpJgjkx-Ocw_90,jkrCubqcyPgFpJgjkx-Ocw,90,./data/centercity/images/jkrCubqcyPgFpJgjkx-Ocw_90.jpg,False
,deploy,jkrCubqcyPgFpJgjkx-Ocw_180,jkrCubqcyPgFpJgjkx-Ocw,180,./data/centercity/images/jkrCubqcyPgFpJgjkx-Ocw_180.jpg,False
,deploy,jkrCubqcyPgFpJgjkx-Ocw_270,jkrCubqcyPgFpJgjkx-Ocw,270,./data/centercity/images/jkrCubqcyPgFpJgjkx-Ocw_270.jpg,False
,deploy,jy2s6f-5DCtyn4_kPUxRHg_0,jy2s6f-5DCtyn4_kPUxRHg,0,./data/centercity/images/jy2s6f-5DCtyn4_kPUxRHg_0.jpg,False
,deploy,jy2s6f-5DCtyn4_kPUxRHg_90,jy2s6f-5DCtyn4_kPUxRHg,90,./data/centercity/images/jy2s6f-5DCtyn4_kPUxRHg_90.jpg,False
,deploy,jy2s6f-5DCtyn4_kPUxRHg_180,jy2s6f-5DCtyn4_kPUxRHg,180,./data/centercity/images/jy2s6f-5DCtyn4_kPUxRHg_180.jpg,False
,deploy,jy2s6f-5DCtyn4_kPUxRHg_270,jy2s6f-5DCtyn4_kPUxRHg,270,./data/centercity/images/jy2s6f-5DCtyn4_kPUxRHg_270.jpg,False
,deploy,3_3KiyH3-90jeGVCoZ27iA_0,3_3KiyH3-90jeGVCoZ27iA,0,./data/centercity/images/3_3KiyH3-90jeGVCoZ27iA_0.jpg,False
,deploy,3_3KiyH3-90jeGVCoZ27iA_90,3_3KiyH3-90jeGVCoZ27iA,90,./data/centercity/images/3_3KiyH3-90jeGVCoZ27iA_90.jpg,False
,deploy,3_3KiyH3-90jeGVCoZ27iA_180,3_3KiyH3-90jeGVCoZ27iA,180,./data/centercity/images/3_3KiyH3-90jeGVCoZ27iA_180.jpg,False
,deploy,3_3KiyH3-90jeGVCoZ27iA_270,3_3KiyH3-90jeGVCoZ27iA,270,./data/centercity/images/3_3KiyH3-90jeGVCoZ27iA_270.jpg,False
,deploy,ydplQzReA4HM1mMORxatpQ_0,ydplQzReA4HM1mMORxatpQ,0,./data/centercity/images/ydplQzReA4HM1mMORxatpQ_0.jpg,False
,deploy,ydplQzReA4HM1mMORxatpQ_90,ydplQzReA4HM1mMORxatpQ,90,./data/centercity/images/ydplQzReA4HM1mMORxatpQ_90.jpg,False
,deploy,ydplQzReA4HM1mMORxatpQ_180,ydplQzReA4HM1mMORxatpQ,180,./data/centercity/images/ydplQzReA4HM1mMORxatpQ_180.jpg,False
,deploy,ydplQzReA4HM1mMORxatpQ_270,ydplQzReA4HM1mMORxatpQ,270,./data/centercity/images/ydplQzReA4HM1mMORxatpQ_270.jpg,False
,deploy,Z2e46xsFUaz7Mh9BiRRTaA_0,Z2e46xsFUaz7Mh9BiRRTaA,0,./data/centercity/images/Z2e46xsFUaz7Mh9BiRRTaA_0.jpg,False
,deploy,Z2e46xsFUaz7Mh9BiRRTaA_90,Z2e46xsFUaz7Mh9BiRRTaA,90,./data/centercity/images/Z2e46xsFUaz7Mh9BiRRTaA_90.jpg,False
,deploy,Z2e46xsFUaz7Mh9BiRRTaA_180,Z2e46xsFUaz7Mh9BiRRTaA,180,./data/centercity/images/Z2e46xsFUaz7Mh9BiRRTaA_180.jpg,False
,deploy,Z2e46xsFUaz7Mh9BiRRTaA_270,Z2e46xsFUaz7Mh9BiRRTaA,270,./data/centercity/images/Z2e46xsFUaz7Mh9BiRRTaA_270.jpg,False
,deploy,CAoSF0NJSE0wb2dLRUlDQWdJRENrY3VQdHdF_0,CAoSF0NJSE0wb2dLRUlDQWdJRENrY3VQdHdF,0,./data/centercity/images/CAoSF0NJSE0wb2dLRUlDQWdJRENrY3VQdHdF_0.jpg,False
,deploy,CAoSF0NJSE0wb2dLRUlDQWdJRENrY3VQdHdF_90,CAoSF0NJSE0wb2dLRUlDQWdJRENrY3VQdHdF,90,./data/centercity/images/CAoSF0NJSE0wb2dLRUlDQWdJRENrY3VQdHdF_90.jpg,False
,deploy,CAoSF0NJSE0wb2dLRUlDQWdJRENrY3VQdHdF_180,CAoSF0NJSE0wb2dLRUlDQWdJRENrY3VQdHdF,180,./data/centercity/images/CAoSF0NJSE0wb2dLRUlDQWdJRENrY3VQdHdF_180.jpg,False
,deploy,CAoSF0NJSE0wb2dLRUlDQWdJRENrY3VQdHdF_270,CAoSF0NJSE0wb2dLRUlDQWdJRENrY3VQdHdF,270,./data/centercity/images/CAoSF0NJSE0wb2dLRUlDQWdJRENrY3VQdHdF_270.jpg,False
,deploy,TT3yRfhttYqlTkrI0WC2Kw_0,TT3yRfhttYqlTkrI0WC2Kw,0,./data/centercity/images/TT3yRfhttYqlTkrI0WC2Kw_0.jpg,False
,deploy,TT3yRfhttYqlTkrI0WC2Kw_90,TT3yRfhttYqlTkrI0WC2Kw,90,./data/centercity/images/TT3yRfhttYqlTkrI0WC2Kw_90.jpg,False
,deploy,TT3yRfhttYqlTkrI0WC2Kw_180,TT3yRfhttYqlTkrI0WC2Kw,180,./data/centercity/images/TT3yRfhttYqlTkrI0WC2Kw_180.jpg,False
,deploy,TT3yRfhttYqlTkrI0WC2Kw_270,TT3yRfhttYqlTkrI0WC2Kw,270,./data/centercity/images/TT3yRfhttYqlTkrI0WC2Kw_270.jpg,False
,deploy,lLHzRuKYV9PYabZnuSTioA_0,lLHzRuKYV9PYabZnuSTioA,0,./data/centercity/images/lLHzRuKYV9PYabZnuSTioA_0.jpg,False
,deploy,lLHzRuKYV9PYabZnuSTioA_90,lLHzRuKYV9PYabZnuSTioA,90,./data/centercity/images/lLHzRuKYV9PYabZnuSTioA_90.jpg,False
,deploy,lLHzRuKYV9PYabZnuSTioA_180,lLHzRuKYV9PYabZnuSTioA,180,./data/centercity/images/lLHzRuKYV9PYabZnuSTioA_180.jpg,False
,deploy,lLHzRuKYV9PYabZnuSTioA_270,lLHzRuKYV9PYabZnuSTioA,270,./data/centercity/images/lLHzRuKYV9PYabZnuSTioA_270.jpg,False
,deploy,PGS4_pn-Pu2jhd2dT_oewg_0,PGS4_pn-Pu2jhd2dT_oewg,0,./data/centercity/images/PGS4_pn-Pu2jhd2dT_oewg_0.jpg,False
,deploy,PGS4_pn-Pu2jhd2dT_oewg_90,PGS4_pn-Pu2jhd2dT_oewg,90,./data/centercity/images/PGS4_pn-Pu2jhd2dT_oewg_90.jpg,False
,deploy,PGS4_pn-Pu2jhd2dT_oewg_180,PGS4_pn-Pu2jhd2dT_oewg,180,./data/centercity/images/PGS4_pn-Pu2jhd2dT_oewg_180.jpg,False
,deploy,PGS4_pn-Pu2jhd2dT_oewg_270,PGS4_pn-Pu2jhd2dT_oewg,270,./data/centercity/images/PGS4_pn-Pu2jhd2dT_oewg_270.jpg,False
,deploy,lLmpirKAWVPYsTdlnjD7HQ_0,lLmpirKAWVPYsTdlnjD7HQ,0,./data/centercity/images/lLmpirKAWVPYsTdlnjD7HQ_0.jpg,False
,deploy,lLmpirKAWVPYsTdlnjD7HQ_90,lLmpirKAWVPYsTdlnjD7HQ,90,./data/centercity/images/lLmpirKAWVPYsTdlnjD7HQ_90.jpg,False
,deploy,lLmpirKAWVPYsTdlnjD7HQ_180,lLmpirKAWVPYsTdlnjD7HQ,180,./data/centercity/images/lLmpirKAWVPYsTdlnjD7HQ_180.jpg,False
,deploy,lLmpirKAWVPYsTdlnjD7HQ_270,lLmpirKAWVPYsTdlnjD7HQ,270,./data/centercity/images/lLmpirKAWVPYsTdlnjD7HQ_270.jpg,False
,deploy,CAoSFkNJSE0wb2dLRUlDQWdJRGFxZFM0UUE._0,CAoSFkNJSE0wb2dLRUlDQWdJRGFxZFM0UUE.,0,./data/centercity/images/CAoSFkNJSE0wb2dLRUlDQWdJRGFxZFM0UUE._0.jpg,False
,deploy,CAoSFkNJSE0wb2dLRUlDQWdJRGFxZFM0UUE._90,CAoSFkNJSE0wb2dLRUlDQWdJRGFxZFM0UUE.,90,./data/centercity/images/CAoSFkNJSE0wb2dLRUlDQWdJRGFxZFM0UUE._90.jpg,False
,deploy,CAoSFkNJSE0wb2dLRUlDQWdJRGFxZFM0UUE._180,CAoSFkNJSE0wb2dLRUlDQWdJRGFxZFM0UUE.,180,./data/centercity/images/CAoSFkNJSE0wb2dLRUlDQWdJRGFxZFM0UUE._180.jpg,False
,deploy,CAoSFkNJSE0wb2dLRUlDQWdJRGFxZFM0UUE._270,CAoSFkNJSE0wb2dLRUlDQWdJRGFxZFM0UUE.,270,./data/centercity/images/CAoSFkNJSE0wb2dLRUlDQWdJRGFxZFM0UUE._270.jpg,False
,deploy,KeH-D_B0aMWIol-L7ygg8g_0,KeH-D_B0aMWIol-L7ygg8g,0,./data/centercity/images/KeH-D_B0aMWIol-L7ygg8g_0.jpg,False
,deploy,KeH-D_B0aMWIol-L7ygg8g_90,KeH-D_B0aMWIol-L7ygg8g,90,./data/centercity/images/KeH-D_B0aMWIol-L7ygg8g_90.jpg,False
,deploy,KeH-D_B0aMWIol-L7ygg8g_180,KeH-D_B0aMWIol-L7ygg8g,180,./data/centercity/images/KeH-D_B0aMWIol-L7ygg8g_180.jpg,False
,deploy,KeH-D_B0aMWIol-L7ygg8g_270,KeH-D_B0aMWIol-L7ygg8g,270,./data/centercity/images/KeH-D_B0aMWIol-L7ygg8g_270.jpg,False
,deploy,kSWVzl_h_nJKIhXDFlqSDg_0,kSWVzl_h_nJKIhXDFlqSDg,0,./data/centercity/images/kSWVzl_h_nJKIhXDFlqSDg_0.jpg,False
,deploy,kSWVzl_h_nJKIhXDFlqSDg_90,kSWVzl_h_nJKIhXDFlqSDg,90,./data/centercity/images/kSWVzl_h_nJKIhXDFlqSDg_90.jpg,False
,deploy,kSWVzl_h_nJKIhXDFlqSDg_180,kSWVzl_h_nJKIhXDFlqSDg,180,./data/centercity/images/kSWVzl_h_nJKIhXDFlqSDg_180.jpg,False
,deploy,kSWVzl_h_nJKIhXDFlqSDg_270,kSWVzl_h_nJKIhXDFlqSDg,270,./data/centercity/images/kSWVzl_h_nJKIhXDFlqSDg_270.jpg,False
,deploy,kVJ7Q6mhtfY0jhAf7KjyhA_0,kVJ7Q6mhtfY0jhAf7KjyhA,0,./data/centercity/images/kVJ7Q6mhtfY0jhAf7KjyhA_0.jpg,False
,deploy,kVJ7Q6mhtfY0jhAf7KjyhA_90,kVJ7Q6mhtfY0jhAf7KjyhA,90,./data/centercity/images/kVJ7Q6mhtfY0jhAf7KjyhA_90.jpg,False
,deploy,kVJ7Q6mhtfY0jhAf7KjyhA_180,kVJ7Q6mhtfY0jhAf7KjyhA,180,./data/centercity/images/kVJ7Q6mhtfY0jhAf7KjyhA_180.jpg,False
,deploy,kVJ7Q6mhtfY0jhAf7KjyhA_270,kVJ7Q6mhtfY0jhAf7KjyhA,270,./data/centercity/images/kVJ7Q6mhtfY0jhAf7KjyhA_270.jpg,False
,deploy,_w-Z46VLr_yiOkK2MD31ZA_0,_w-Z46VLr_yiOkK2MD31ZA,0,./data/centercity/images/_w-Z46VLr_yiOkK2MD31ZA_0.jpg,False
,deploy,_w-Z46VLr_yiOkK2MD31ZA_90,_w-Z46VLr_yiOkK2MD31ZA,90,./data/centercity/images/_w-Z46VLr_yiOkK2MD31ZA_90.jpg,False
,deploy,_w-Z46VLr_yiOkK2MD31ZA_180,_w-Z46VLr_yiOkK2MD31ZA,180,./data/centercity/images/_w-Z46VLr_yiOkK2MD31ZA_180.jpg,False
,deploy,_w-Z46VLr_yiOkK2MD31ZA_270,_w-Z46VLr_yiOkK2MD31ZA,270,./data/centercity/images/_w-Z46VLr_yiOkK2MD31ZA_270.jpg,False
,deploy,-a4P8jzDqakQjsCTf9-Vfw_0,-a4P8jzDqakQjsCTf9-Vfw,0,./data/centercity/images/-a4P8jzDqakQjsCTf9-Vfw_0.jpg,False
,deploy,-a4P8jzDqakQjsCTf9-Vfw_90,-a4P8jzDqakQjsCTf9-Vfw,90,./data/centercity/images/-a4P8jzDqakQjsCTf9-Vfw_90.jpg,False
,deploy,-a4P8jzDqakQjsCTf9-Vfw_180,-a4P8jzDqakQjsCTf9-Vfw,180,./data/centercity/images/-a4P8jzDqakQjsCTf9-Vfw_180.jpg,False
,deploy,-a4P8jzDqakQjsCTf9-Vfw_270,-a4P8jzDqakQjsCTf9-Vfw,270,./data/centercity/images/-a4P8jzDqakQjsCTf9-Vfw_270.jpg,False
,deploy,w8FqlYHI5gLbQ-XtIgArPg_0,w8FqlYHI5gLbQ-XtIgArPg,0,./data/centercity/images/w8FqlYHI5gLbQ-XtIgArPg_0.jpg,False
,deploy,w8FqlYHI5gLbQ-XtIgArPg_90,w8FqlYHI5gLbQ-XtIgArPg,90,./data/centercity/images/w8FqlYHI5gLbQ-XtIgArPg_90.jpg,False
,deploy,w8FqlYHI5gLbQ-XtIgArPg_180,w8FqlYHI5gLbQ-XtIgArPg,180,./data/centercity/images/w8FqlYHI5gLbQ-XtIgArPg_180.jpg,False
,deploy,w8FqlYHI5gLbQ-XtIgArPg_270,w8FqlYHI5gLbQ-XtIgArPg,270,./data/centercity/images/w8FqlYHI5gLbQ-XtIgArPg_270.jpg,False
,deploy,CAoSF0NJSE0wb2dLRUlDQWdJRE9nYzdpcWdF_0,CAoSF0NJSE0wb2dLRUlDQWdJRE9nYzdpcWdF,0,./data/centercity/images/CAoSF0NJSE0wb2dLRUlDQWdJRE9nYzdpcWdF_0.jpg,False
,deploy,CAoSF0NJSE0wb2dLRUlDQWdJRE9nYzdpcWdF_90,CAoSF0NJSE0wb2dLRUlDQWdJRE9nYzdpcWdF,90,./data/centercity/images/CAoSF0NJSE0wb2dLRUlDQWdJRE9nYzdpcWdF_90.jpg,False
,deploy,CAoSF0NJSE0wb2dLRUlDQWdJRE9nYzdpcWdF_180,CAoSF0NJSE0wb2dLRUlDQWdJRE9nYzdpcWdF,180,./data/centercity/images/CAoSF0NJSE0wb2dLRUlDQWdJRE9nYzdpcWdF_180.jpg,False
,deploy,CAoSF0NJSE0wb2dLRUlDQWdJRE9nYzdpcWdF_270,CAoSF0NJSE0wb2dLRUlDQWdJRE9nYzdpcWdF,270,./data/centercity/images/CAoSF0NJSE0wb2dLRUlDQWdJRE9nYzdpcWdF_270.jpg,False
,deploy,XMnWCvBpFkn8cVgsfLd7Gg_0,XMnWCvBpFkn8cVgsfLd7Gg,0,./data/centercity/images/XMnWCvBpFkn8cVgsfLd7Gg_0.jpg,False
,deploy,XMnWCvBpFkn8cVgsfLd7Gg_90,XMnWCvBpFkn8cVgsfLd7Gg,90,./data/centercity/images/XMnWCvBpFkn8cVgsfLd7Gg_90.jpg,False
,deploy,XMnWCvBpFkn8cVgsfLd7Gg_180,XMnWCvBpFkn8cVgsfLd7Gg,180,./data/centercity/images/XMnWCvBpFkn8cVgsfLd7Gg_180.jpg,False
,deploy,XMnWCvBpFkn8cVgsfLd7Gg_270,XMnWCvBpFkn8cVgsfLd7Gg,270,./data/centercity/images/XMnWCvBpFkn8cVgsfLd7Gg_270.jpg,False
,deploy,CAoSFkNJSE0wb2dLRUlDQWdJRGEyZU8yTlE._0,CAoSFkNJSE0wb2dLRUlDQWdJRGEyZU8yTlE.,0,./data/centercity/images/CAoSFkNJSE0wb2dLRUlDQWdJRGEyZU8yTlE._0.jpg,False
,deploy,CAoSFkNJSE0wb2dLRUlDQWdJRGEyZU8yTlE._90,CAoSFkNJSE0wb2dLRUlDQWdJRGEyZU8yTlE.,90,./data/centercity/images/CAoSFkNJSE0wb2dLRUlDQWdJRGEyZU8yTlE._90.jpg,False
,deploy,CAoSFkNJSE0wb2dLRUlDQWdJRGEyZU8yTlE._180,CAoSFkNJSE0wb2dLRUlDQWdJRGEyZU8yTlE.,180,./data/centercity/images/CAoSFkNJSE0wb2dLRUlDQWdJRGEyZU8yTlE._180.jpg,False
,deploy,CAoSFkNJSE0wb2dLRUlDQWdJRGEyZU8yTlE._270,CAoSFkNJSE0wb2dLRUlDQWdJRGEyZU8yTlE.,270,./data/centercity/images/CAoSFkNJSE0wb2dLRUlDQWdJRGEyZU8yTlE._270.jpg,False
,deploy,mVFyOuXNxDwl3i2A5xH8uQ_0,mVFyOuXNxDwl3i2A5xH8uQ,0,./data/centercity/images/mVFyOuXNxDwl3i2A5xH8uQ_0.jpg,False
,deploy,mVFyOuXNxDwl3i2A5xH8uQ_90,mVFyOuXNxDwl3i2A5xH8uQ,90,./data/centercity/images/mVFyOuXNxDwl3i2A5xH8uQ_90.jpg,False
,deploy,mVFyOuXNxDwl3i2A5xH8uQ_180,mVFyOuXNxDwl3i2A5xH8uQ,180,./data/centercity/images/mVFyOuXNxDwl3i2A5xH8uQ_180.jpg,False
,deploy,mVFyOuXNxDwl3i2A5xH8uQ_270,mVFyOuXNxDwl3i2A5xH8uQ,270,./data/centercity/images/mVFyOuXNxDwl3i2A5xH8uQ_270.jpg,False
,deploy,Zsrw-3efyopNS1lFt_YVGA_0,Zsrw-3efyopNS1lFt_YVGA,0,./data/centercity/images/Zsrw-3efyopNS1lFt_YVGA_0.jpg,False
,deploy,Zsrw-3efyopNS1lFt_YVGA_90,Zsrw-3efyopNS1lFt_YVGA,90,./data/centercity/images/Zsrw-3efyopNS1lFt_YVGA_90.jpg,False
,deploy,Zsrw-3efyopNS1lFt_YVGA_180,Zsrw-3efyopNS1lFt_YVGA,180,./data/centercity/images/Zsrw-3efyopNS1lFt_YVGA_180.jpg,False
,deploy,Zsrw-3efyopNS1lFt_YVGA_270,Zsrw-3efyopNS1lFt_YVGA,270,./data/centercity/images/Zsrw-3efyopNS1lFt_YVGA_270.jpg,False
,deploy,CAoSF0NJSE0wb2dLRUlDQWdJRGEyZXJwMEFF_0,CAoSF0NJSE0wb2dLRUlDQWdJRGEyZXJwMEFF,0,./data/centercity/images/CAoSF0NJSE0wb2dLRUlDQWdJRGEyZXJwMEFF_0.jpg,False
,deploy,CAoSF0NJSE0wb2dLRUlDQWdJRGEyZXJwMEFF_90,CAoSF0NJSE0wb2dLRUlDQWdJRGEyZXJwMEFF,90,./data/centercity/images/CAoSF0NJSE0wb2dLRUlDQWdJRGEyZXJwMEFF_90.jpg,False
,deploy,CAoSF0NJSE0wb2dLRUlDQWdJRGEyZXJwMEFF_180,CAoSF0NJSE0wb2dLRUlDQWdJRGEyZXJwMEFF,180,./data/centercity/images/CAoSF0NJSE0wb2dLRUlDQWdJRGEyZXJwMEFF_180.jpg,False
,deploy,CAoSF0NJSE0wb2dLRUlDQWdJRGEyZXJwMEFF_270,CAoSF0NJSE0wb2dLRUlDQWdJRGEyZXJwMEFF,270,./data/centercity/images/CAoSF0NJSE0wb2dLRUlDQWdJRGEyZXJwMEFF_270.jpg,False
,deploy,CAoSFkNJSE0wb2dLRUlDQWdJRGFtWlh6RXc._0,CAoSFkNJSE0wb2dLRUlDQWdJRGFtWlh6RXc.,0,./data/centercity/images/CAoSFkNJSE0wb2dLRUlDQWdJRGFtWlh6RXc._0.jpg,False
,deploy,CAoSFkNJSE0wb2dLRUlDQWdJRGFtWlh6RXc._90,CAoSFkNJSE0wb2dLRUlDQWdJRGFtWlh6RXc.,90,./data/centercity/images/CAoSFkNJSE0wb2dLRUlDQWdJRGFtWlh6RXc._90.jpg,False
,deploy,CAoSFkNJSE0wb2dLRUlDQWdJRGFtWlh6RXc._180,CAoSFkNJSE0wb2dLRUlDQWdJRGFtWlh6RXc.,180,./data/centercity/images/CAoSFkNJSE0wb2dLRUlDQWdJRGFtWlh6RXc._180.jpg,False
,deploy,CAoSFkNJSE0wb2dLRUlDQWdJRGFtWlh6RXc._270,CAoSFkNJSE0wb2dLRUlDQWdJRGFtWlh6RXc.,270,./data/centercity/images/CAoSFkNJSE0wb2dLRUlDQWdJRGFtWlh6RXc._270.jpg,False
,deploy,qX0zr1Vuv1CyW9gDpWvnNA_0,qX0zr1Vuv1CyW9gDpWvnNA,0,./data/centercity/images/qX0zr1Vuv1CyW9gDpWvnNA_0.jpg,False
,deploy,qX0zr1Vuv1CyW9gDpWvnNA_90,qX0zr1Vuv1CyW9gDpWvnNA,90,./data/centercity/images/qX0zr1Vuv1CyW9gDpWvnNA_90.jpg,False
,deploy,qX0zr1Vuv1CyW9gDpWvnNA_180,qX0zr1Vuv1CyW9gDpWvnNA,180,./data/centercity/images/qX0zr1Vuv1CyW9gDpWvnNA_180.jpg,False
,deploy,qX0zr1Vuv1CyW9gDpWvnNA_270,qX0zr1Vuv1CyW9gDpWvnNA,270,./data/centercity/images/qX0zr1Vuv1CyW9gDpWvnNA_270.jpg,False
,deploy,FIzkN3fzJ3J_meuO_m5VlA_0,FIzkN3fzJ3J_meuO_m5VlA,0,./data/centercity/images/FIzkN3fzJ3J_meuO_m5VlA_0.jpg,False
,deploy,FIzkN3fzJ3J_meuO_m5VlA_90,FIzkN3fzJ3J_meuO_m5VlA,90,./data/centercity/images/FIzkN3fzJ3J_meuO_m5VlA_90.jpg,False
,deploy,FIzkN3fzJ3J_meuO_m5VlA_180,FIzkN3fzJ3J_meuO_m5VlA,180,./data/centercity/images/FIzkN3fzJ3J_meuO_m5VlA_180.jpg,False
,deploy,FIzkN3fzJ3J_meuO_m5VlA_270,FIzkN3fzJ3J_meuO_m5VlA,270,./data/centercity/images/FIzkN3fzJ3J_meuO_m5VlA_270.jpg,False
,deploy,NJr2KZM1119MIwIuUASLcg_0,NJr2KZM1119MIwIuUASLcg,0,./data/centercity/images/NJr2KZM1119MIwIuUASLcg_0.jpg,False
,deploy,NJr2KZM1119MIwIuUASLcg_90,NJr2KZM1119MIwIuUASLcg,90,./data/centercity/images/NJr2KZM1119MIwIuUASLcg_90.jpg,False
,deploy,NJr2KZM1119MIwIuUASLcg_180,NJr2KZM1119MIwIuUASLcg,180,./data/centercity/images/NJr2KZM1119MIwIuUASLcg_180.jpg,False
,deploy,NJr2KZM1119MIwIuUASLcg_270,NJr2KZM1119MIwIuUASLcg,270,./data/centercity/images/NJr2KZM1119MIwIuUASLcg_270.jpg,False
,deploy,CAoSF0NJSE0wb2dLRUlDQWdJRGE2Y0hGNlFF_0,CAoSF0NJSE0wb2dLRUlDQWdJRGE2Y0hGNlFF,0,./data/centercity/images/CAoSF0NJSE0wb2dLRUlDQWdJRGE2Y0hGNlFF_0.jpg,False
,deploy,CAoSF0NJSE0wb2dLRUlDQWdJRGE2Y0hGNlFF_90,CAoSF0NJSE0wb2dLRUlDQWdJRGE2Y0hGNlFF,90,./data/centercity/images/CAoSF0NJSE0wb2dLRUlDQWdJRGE2Y0hGNlFF_90.jpg,False
,deploy,CAoSF0NJSE0wb2dLRUlDQWdJRGE2Y0hGNlFF_180,CAoSF0NJSE0wb2dLRUlDQWdJRGE2Y0hGNlFF,180,./data/centercity/images/CAoSF0NJSE0wb2dLRUlDQWdJRGE2Y0hGNlFF_180.jpg,False
,deploy,CAoSF0NJSE0wb2dLRUlDQWdJRGE2Y0hGNlFF_270,CAoSF0NJSE0wb2dLRUlDQWdJRGE2Y0hGNlFF,270,./data/centercity/images/CAoSF0NJSE0wb2dLRUlDQWdJRGE2Y0hGNlFF_270.jpg,False
,deploy,E5ODN6KC6P6A1P2RoNGk4g_0,E5ODN6KC6P6A1P2RoNGk4g,0,./data/centercity/images/E5ODN6KC6P6A1P2RoNGk4g_0.jpg,False
,deploy,E5ODN6KC6P6A1P2RoNGk4g_90,E5ODN6KC6P6A1P2RoNGk4g,90,./data/centercity/images/E5ODN6KC6P6A1P2RoNGk4g_90.jpg,False
,deploy,E5ODN6KC6P6A1P2RoNGk4g_180,E5ODN6KC6P6A1P2RoNGk4g,180,./data/centercity/images/E5ODN6KC6P6A1P2RoNGk4g_180.jpg,False
,deploy,E5ODN6KC6P6A1P2RoNGk4g_270,E5ODN6KC6P6A1P2RoNGk4g,270,./data/centercity/images/E5ODN6KC6P6A1P2RoNGk4g_270.jpg,False
,deploy,L6_x_EiyPuZGcPjbsUjW2w_0,L6_x_EiyPuZGcPjbsUjW2w,0,./data/centercity/images/L6_x_EiyPuZGcPjbsUjW2w_0.jpg,False
,deploy,L6_x_EiyPuZGcPjbsUjW2w_90,L6_x_EiyPuZGcPjbsUjW2w,90,./data/centercity/images/L6_x_EiyPuZGcPjbsUjW2w_90.jpg,False
,deploy,L6_x_EiyPuZGcPjbsUjW2w_180,L6_x_EiyPuZGcPjbsUjW2w,180,./data/centercity/images/L6_x_EiyPuZGcPjbsUjW2w_180.jpg,False
,deploy,L6_x_EiyPuZGcPjbsUjW2w_270,L6_x_EiyPuZGcPjbsUjW2w,270,./data/centercity/images/L6_x_EiyPuZGcPjbsUjW2w_270.jpg,False
,deploy,DaU3pwvbnMknFHuImTIweQ_0,DaU3pwvbnMknFHuImTIweQ,0,./data/centercity/images/DaU3pwvbnMknFHuImTIweQ_0.jpg,False
,deploy,DaU3pwvbnMknFHuImTIweQ_90,DaU3pwvbnMknFHuImTIweQ,90,./data/centercity/images/DaU3pwvbnMknFHuImTIweQ_90.jpg,False
,deploy,DaU3pwvbnMknFHuImTIweQ_180,DaU3pwvbnMknFHuImTIweQ,180,./data/centercity/images/DaU3pwvbnMknFHuImTIweQ_180.jpg,False
,deploy,DaU3pwvbnMknFHuImTIweQ_270,DaU3pwvbnMknFHuImTIweQ,270,./data/centercity/images/DaU3pwvbnMknFHuImTIweQ_270.jpg,False
,deploy,aTJo6mCjwsf2nOX7ZhsxNA_0,aTJo6mCjwsf2nOX7ZhsxNA,0,./data/centercity/images/aTJo6mCjwsf2nOX7ZhsxNA_0.jpg,False
,deploy,aTJo6mCjwsf2nOX7ZhsxNA_90,aTJo6mCjwsf2nOX7ZhsxNA,90,./data/centercity/images/aTJo6mCjwsf2nOX7ZhsxNA_90.jpg,False
,deploy,aTJo6mCjwsf2nOX7ZhsxNA_180,aTJo6mCjwsf2nOX7ZhsxNA,180,./data/centercity/images/aTJo6mCjwsf2nOX7ZhsxNA_180.jpg,False
,deploy,aTJo6mCjwsf2nOX7ZhsxNA_270,aTJo6mCjwsf2nOX7ZhsxNA,270,./data/centercity/images/aTJo6mCjwsf2nOX7ZhsxNA_270.jpg,False
,deploy,pHVUDPaZCfOEdEtpXKhiSg_0,pHVUDPaZCfOEdEtpXKhiSg,0,./data/centercity/images/pHVUDPaZCfOEdEtpXKhiSg_0.jpg,False
,deploy,pHVUDPaZCfOEdEtpXKhiSg_90,pHVUDPaZCfOEdEtpXKhiSg,90,./data/centercity/images/pHVUDPaZCfOEdEtpXKhiSg_90.jpg,False
,deploy,pHVUDPaZCfOEdEtpXKhiSg_180,pHVUDPaZCfOEdEtpXKhiSg,180,./data/centercity/images/pHVUDPaZCfOEdEtpXKhiSg_180.jpg,False
,deploy,pHVUDPaZCfOEdEtpXKhiSg_270,pHVUDPaZCfOEdEtpXKhiSg,270,./data/centercity/images/pHVUDPaZCfOEdEtpXKhiSg_270.jpg,False
,deploy,6zA5UCK9zR-RYHvfLig6ZA_0,6zA5UCK9zR-RYHvfLig6ZA,0,./data/centercity/images/6zA5UCK9zR-RYHvfLig6ZA_0.jpg,False
,deploy,6zA5UCK9zR-RYHvfLig6ZA_90,6zA5UCK9zR-RYHvfLig6ZA,90,./data/centercity/images/6zA5UCK9zR-RYHvfLig6ZA_90.jpg,False
,deploy,6zA5UCK9zR-RYHvfLig6ZA_180,6zA5UCK9zR-RYHvfLig6ZA,180,./data/centercity/images/6zA5UCK9zR-RYHvfLig6ZA_180.jpg,False
,deploy,6zA5UCK9zR-RYHvfLig6ZA_270,6zA5UCK9zR-RYHvfLig6ZA,270,./data/centercity/images/6zA5UCK9zR-RYHvfLig6ZA_270.jpg,False
,deploy,CAoSF0NJSE0wb2dLRUlDQWdJRE9fc1dINUFF_0,CAoSF0NJSE0wb2dLRUlDQWdJRE9fc1dINUFF,0,./data/centercity/images/CAoSF0NJSE0wb2dLRUlDQWdJRE9fc1dINUFF_0.jpg,False
,deploy,CAoSF0NJSE0wb2dLRUlDQWdJRE9fc1dINUFF_90,CAoSF0NJSE0wb2dLRUlDQWdJRE9fc1dINUFF,90,./data/centercity/images/CAoSF0NJSE0wb2dLRUlDQWdJRE9fc1dINUFF_90.jpg,False
,deploy,CAoSF0NJSE0wb2dLRUlDQWdJRE9fc1dINUFF_180,CAoSF0NJSE0wb2dLRUlDQWdJRE9fc1dINUFF,180,./data/centercity/images/CAoSF0NJSE0wb2dLRUlDQWdJRE9fc1dINUFF_180.jpg,False
,deploy,CAoSF0NJSE0wb2dLRUlDQWdJRE9fc1dINUFF_270,CAoSF0NJSE0wb2dLRUlDQWdJRE9fc1dINUFF,270,./data/centercity/images/CAoSF0NJSE0wb2dLRUlDQWdJRE9fc1dINUFF_270.jpg,False
,deploy,CAoSFkNJSE0wb2dLRUlDQWdJRGFtY3ZUWXc._0,CAoSFkNJSE0wb2dLRUlDQWdJRGFtY3ZUWXc.,0,./data/centercity/images/CAoSFkNJSE0wb2dLRUlDQWdJRGFtY3ZUWXc._0.jpg,False
,deploy,CAoSFkNJSE0wb2dLRUlDQWdJRGFtY3ZUWXc._90,CAoSFkNJSE0wb2dLRUlDQWdJRGFtY3ZUWXc.,90,./data/centercity/images/CAoSFkNJSE0wb2dLRUlDQWdJRGFtY3ZUWXc._90.jpg,False
,deploy,CAoSFkNJSE0wb2dLRUlDQWdJRGFtY3ZUWXc._180,CAoSFkNJSE0wb2dLRUlDQWdJRGFtY3ZUWXc.,180,./data/centercity/images/CAoSFkNJSE0wb2dLRUlDQWdJRGFtY3ZUWXc._180.jpg,False
,deploy,CAoSFkNJSE0wb2dLRUlDQWdJRGFtY3ZUWXc._270,CAoSFkNJSE0wb2dLRUlDQWdJRGFtY3ZUWXc.,270,./data/centercity/images/CAoSFkNJSE0wb2dLRUlDQWdJRGFtY3ZUWXc._270.jpg,False
,deploy,CAoSFkNJSE0wb2dLRUlDQWdJRGEyYmpaUlE._0,CAoSFkNJSE0wb2dLRUlDQWdJRGEyYmpaUlE.,0,./data/centercity/images/CAoSFkNJSE0wb2dLRUlDQWdJRGEyYmpaUlE._0.jpg,False
,deploy,CAoSFkNJSE0wb2dLRUlDQWdJRGEyYmpaUlE._90,CAoSFkNJSE0wb2dLRUlDQWdJRGEyYmpaUlE.,90,./data/centercity/images/CAoSFkNJSE0wb2dLRUlDQWdJRGEyYmpaUlE._90.jpg,False
,deploy,CAoSFkNJSE0wb2dLRUlDQWdJRGEyYmpaUlE._180,CAoSFkNJSE0wb2dLRUlDQWdJRGEyYmpaUlE.,180,./data/centercity/images/CAoSFkNJSE0wb2dLRUlDQWdJRGEyYmpaUlE._180.jpg,False
,deploy,CAoSFkNJSE0wb2dLRUlDQWdJRGEyYmpaUlE._270,CAoSFkNJSE0wb2dLRUlDQWdJRGEyYmpaUlE.,270,./data/centercity/images/CAoSFkNJSE0wb2dLRUlDQWdJRGEyYmpaUlE._270.jpg,False
,deploy,-VmdzRrrfmZHCsLQApmFmg_0,-VmdzRrrfmZHCsLQApmFmg,0,./data/centercity/images/-VmdzRrrfmZHCsLQApmFmg_0.jpg,False
,deploy,-VmdzRrrfmZHCsLQApmFmg_90,-VmdzRrrfmZHCsLQApmFmg,90,./data/centercity/images/-VmdzRrrfmZHCsLQApmFmg_90.jpg,False
,deploy,-VmdzRrrfmZHCsLQApmFmg_180,-VmdzRrrfmZHCsLQApmFmg,180,./data/centercity/images/-VmdzRrrfmZHCsLQApmFmg_180.jpg,False
,deploy,-VmdzRrrfmZHCsLQApmFmg_270,-VmdzRrrfmZHCsLQApmFmg,270,./data/centercity/images/-VmdzRrrfmZHCsLQApmFmg_270.jpg,False
,deploy,CAoSF0NJSE0wb2dLRUlDQWdJRGEyWjcycWdF_0,CAoSF0NJSE0wb2dLRUlDQWdJRGEyWjcycWdF,0,./data/centercity/images/CAoSF0NJSE0wb2dLRUlDQWdJRGEyWjcycWdF_0.jpg,False
,deploy,CAoSF0NJSE0wb2dLRUlDQWdJRGEyWjcycWdF_90,CAoSF0NJSE0wb2dLRUlDQWdJRGEyWjcycWdF,90,./data/centercity/images/CAoSF0NJSE0wb2dLRUlDQWdJRGEyWjcycWdF_90.jpg,False
,deploy,CAoSF0NJSE0wb2dLRUlDQWdJRGEyWjcycWdF_180,CAoSF0NJSE0wb2dLRUlDQWdJRGEyWjcycWdF,180,./data/centercity/images/CAoSF0NJSE0wb2dLRUlDQWdJRGEyWjcycWdF_180.jpg,False
,deploy,CAoSF0NJSE0wb2dLRUlDQWdJRGEyWjcycWdF_270,CAoSF0NJSE0wb2dLRUlDQWdJRGEyWjcycWdF,270,./data/centercity/images/CAoSF0NJSE0wb2dLRUlDQWdJRGEyWjcycWdF_270.jpg,False
,deploy,ZulBf7WuqjY6i_6mwM3Gpg_0,ZulBf7WuqjY6i_6mwM3Gpg,0,./data/centercity/images/ZulBf7WuqjY6i_6mwM3Gpg_0.jpg,False
,deploy,ZulBf7WuqjY6i_6mwM3Gpg_90,ZulBf7WuqjY6i_6mwM3Gpg,90,./data/centercity/images/ZulBf7WuqjY6i_6mwM3Gpg_90.jpg,False
,deploy,ZulBf7WuqjY6i_6mwM3Gpg_180,ZulBf7WuqjY6i_6mwM3Gpg,180,./data/centercity/images/ZulBf7WuqjY6i_6mwM3Gpg_180.jpg,False
,deploy,ZulBf7WuqjY6i_6mwM3Gpg_270,ZulBf7WuqjY6i_6mwM3Gpg,270,./data/centercity/images/ZulBf7WuqjY6i_6mwM3Gpg_270.jpg,False
,deploy,G-mIZnExgEd9JkQQa-aymg_0,G-mIZnExgEd9JkQQa-aymg,0,./data/centercity/images/G-mIZnExgEd9JkQQa-aymg_0.jpg,False
,deploy,G-mIZnExgEd9JkQQa-aymg_90,G-mIZnExgEd9JkQQa-aymg,90,./data/centercity/images/G-mIZnExgEd9JkQQa-aymg_90.jpg,False
,deploy,G-mIZnExgEd9JkQQa-aymg_180,G-mIZnExgEd9JkQQa-aymg,180,./data/centercity/images/G-mIZnExgEd9JkQQa-aymg_180.jpg,False
,deploy,G-mIZnExgEd9JkQQa-aymg_270,G-mIZnExgEd9JkQQa-aymg,270,./data/centercity/images/G-mIZnExgEd9JkQQa-aymg_270.jpg,False
,deploy,5XM6OtOiLIeu2gj-nmD9jg_0,5XM6OtOiLIeu2gj-nmD9jg,0,./data/centercity/images/5XM6OtOiLIeu2gj-nmD9jg_0.jpg,False
,deploy,5XM6OtOiLIeu2gj-nmD9jg_90,5XM6OtOiLIeu2gj-nmD9jg,90,./data/centercity/images/5XM6OtOiLIeu2gj-nmD9jg_90.jpg,False
,deploy,5XM6OtOiLIeu2gj-nmD9jg_180,5XM6OtOiLIeu2gj-nmD9jg,180,./data/centercity/images/5XM6OtOiLIeu2gj-nmD9jg_180.jpg,False
,deploy,5XM6OtOiLIeu2gj-nmD9jg_270,5XM6OtOiLIeu2gj-nmD9jg,270,./data/centercity/images/5XM6OtOiLIeu2gj-nmD9jg_270.jpg,False
,deploy,S_Ca_ho9YmLnMhlI1ELJfQ_0,S_Ca_ho9YmLnMhlI1ELJfQ,0,./data/centercity/images/S_Ca_ho9YmLnMhlI1ELJfQ_0.jpg,False
,deploy,S_Ca_ho9YmLnMhlI1ELJfQ_90,S_Ca_ho9YmLnMhlI1ELJfQ,90,./data/centercity/images/S_Ca_ho9YmLnMhlI1ELJfQ_90.jpg,False
,deploy,S_Ca_ho9YmLnMhlI1ELJfQ_180,S_Ca_ho9YmLnMhlI1ELJfQ,180,./data/centercity/images/S_Ca_ho9YmLnMhlI1ELJfQ_180.jpg,False
,deploy,S_Ca_ho9YmLnMhlI1ELJfQ_270,S_Ca_ho9YmLnMhlI1ELJfQ,270,./data/centercity/images/S_Ca_ho9YmLnMhlI1ELJfQ_270.jpg,False
,deploy,CAoSFkNJSE0wb2dLRUlDQWdJRG11NHEyQlE._0,CAoSFkNJSE0wb2dLRUlDQWdJRG11NHEyQlE.,0,./data/centercity/images/CAoSFkNJSE0wb2dLRUlDQWdJRG11NHEyQlE._0.jpg,False
,deploy,CAoSFkNJSE0wb2dLRUlDQWdJRG11NHEyQlE._90,CAoSFkNJSE0wb2dLRUlDQWdJRG11NHEyQlE.,90,./data/centercity/images/CAoSFkNJSE0wb2dLRUlDQWdJRG11NHEyQlE._90.jpg,False
,deploy,CAoSFkNJSE0wb2dLRUlDQWdJRG11NHEyQlE._180,CAoSFkNJSE0wb2dLRUlDQWdJRG11NHEyQlE.,180,./data/centercity/images/CAoSFkNJSE0wb2dLRUlDQWdJRG11NHEyQlE._180.jpg,False
,deploy,CAoSFkNJSE0wb2dLRUlDQWdJRG11NHEyQlE._270,CAoSFkNJSE0wb2dLRUlDQWdJRG11NHEyQlE.,270,./data/centercity/images/CAoSFkNJSE0wb2dLRUlDQWdJRG11NHEyQlE._270.jpg,False
,deploy,N56-5hGM_LA_eYrzoFlcqg_0,N56-5hGM_LA_eYrzoFlcqg,0,./data/centercity/images/N56-5hGM_LA_eYrzoFlcqg_0.jpg,False
,deploy,N56-5hGM_LA_eYrzoFlcqg_90,N56-5hGM_LA_eYrzoFlcqg,90,./data/centercity/images/N56-5hGM_LA_eYrzoFlcqg_90.jpg,False
,deploy,N56-5hGM_LA_eYrzoFlcqg_180,N56-5hGM_LA_eYrzoFlcqg,180,./data/centercity/images/N56-5hGM_LA_eYrzoFlcqg_180.jpg,False
,deploy,N56-5hGM_LA_eYrzoFlcqg_270,N56-5hGM_LA_eYrzoFlcqg,270,./data/centercity/images/N56-5hGM_LA_eYrzoFlcqg_270.jpg,False
,deploy,kJDPhoIQsV5JNWX7YIJB9A_0,kJDPhoIQsV5JNWX7YIJB9A,0,./data/centercity/images/kJDPhoIQsV5JNWX7YIJB9A_0.jpg,False
,deploy,kJDPhoIQsV5JNWX7YIJB9A_90,kJDPhoIQsV5JNWX7YIJB9A,90,./data/centercity/images/kJDPhoIQsV5JNWX7YIJB9A_90.jpg,False
,deploy,kJDPhoIQsV5JNWX7YIJB9A_180,kJDPhoIQsV5JNWX7YIJB9A,180,./data/centercity/images/kJDPhoIQsV5JNWX7YIJB9A_180.jpg,False
,deploy,kJDPhoIQsV5JNWX7YIJB9A_270,kJDPhoIQsV5JNWX7YIJB9A,270,./data/centercity/images/kJDPhoIQsV5JNWX7YIJB9A_270.jpg,False
,deploy,CAoSF0NJSE0wb2dLRUlDQWdJRGE2YVdiMndF_0,CAoSF0NJSE0wb2dLRUlDQWdJRGE2YVdiMndF,0,./data/centercity/images/CAoSF0NJSE0wb2dLRUlDQWdJRGE2YVdiMndF_0.jpg,False
,deploy,CAoSF0NJSE0wb2dLRUlDQWdJRGE2YVdiMndF_90,CAoSF0NJSE0wb2dLRUlDQWdJRGE2YVdiMndF,90,./data/centercity/images/CAoSF0NJSE0wb2dLRUlDQWdJRGE2YVdiMndF_90.jpg,False
,deploy,CAoSF0NJSE0wb2dLRUlDQWdJRGE2YVdiMndF_180,CAoSF0NJSE0wb2dLRUlDQWdJRGE2YVdiMndF,180,./data/centercity/images/CAoSF0NJSE0wb2dLRUlDQWdJRGE2YVdiMndF_180.jpg,False
,deploy,CAoSF0NJSE0wb2dLRUlDQWdJRGE2YVdiMndF_270,CAoSF0NJSE0wb2dLRUlDQWdJRGE2YVdiMndF,270,./data/centercity/images/CAoSF0NJSE0wb2dLRUlDQWdJRGE2YVdiMndF_270.jpg,False
,deploy,CAoSF0NJSE0wb2dLRUlDQWdJRGF5Y3pBeHdF_0,CAoSF0NJSE0wb2dLRUlDQWdJRGF5Y3pBeHdF,0,./data/centercity/images/CAoSF0NJSE0wb2dLRUlDQWdJRGF5Y3pBeHdF_0.jpg,False
,deploy,CAoSF0NJSE0wb2dLRUlDQWdJRGF5Y3pBeHdF_90,CAoSF0NJSE0wb2dLRUlDQWdJRGF5Y3pBeHdF,90,./data/centercity/images/CAoSF0NJSE0wb2dLRUlDQWdJRGF5Y3pBeHdF_90.jpg,False
,deploy,CAoSF0NJSE0wb2dLRUlDQWdJRGF5Y3pBeHdF_180,CAoSF0NJSE0wb2dLRUlDQWdJRGF5Y3pBeHdF,180,./data/centercity/images/CAoSF0NJSE0wb2dLRUlDQWdJRGF5Y3pBeHdF_180.jpg,False
,deploy,CAoSF0NJSE0wb2dLRUlDQWdJRGF5Y3pBeHdF_270,CAoSF0NJSE0wb2dLRUlDQWdJRGF5Y3pBeHdF,270,./data/centercity/images/CAoSF0NJSE0wb2dLRUlDQWdJRGF5Y3pBeHdF_270.jpg,False
,deploy,AuuXPvp9deOXFTlFLErsaQ_0,AuuXPvp9deOXFTlFLErsaQ,0,./data/centercity/images/AuuXPvp9deOXFTlFLErsaQ_0.jpg,False
,deploy,AuuXPvp9deOXFTlFLErsaQ_90,AuuXPvp9deOXFTlFLErsaQ,90,./data/centercity/images/AuuXPvp9deOXFTlFLErsaQ_90.jpg,False
,deploy,AuuXPvp9deOXFTlFLErsaQ_180,AuuXPvp9deOXFTlFLErsaQ,180,./data/centercity/images/AuuXPvp9deOXFTlFLErsaQ_180.jpg,False
,deploy,AuuXPvp9deOXFTlFLErsaQ_270,AuuXPvp9deOXFTlFLErsaQ,270,./data/centercity/images/AuuXPvp9deOXFTlFLErsaQ_270.jpg,False
,deploy,lh3RWi_dtn1DImdZQDIH_g_0,lh3RWi_dtn1DImdZQDIH_g,0,./data/centercity/images/lh3RWi_dtn1DImdZQDIH_g_0.jpg,False
,deploy,lh3RWi_dtn1DImdZQDIH_g_90,lh3RWi_dtn1DImdZQDIH_g,90,./data/centercity/images/lh3RWi_dtn1DImdZQDIH_g_90.jpg,False
,deploy,lh3RWi_dtn1DImdZQDIH_g_180,lh3RWi_dtn1DImdZQDIH_g,180,./data/centercity/images/lh3RWi_dtn1DImdZQDIH_g_180.jpg,False
,deploy,lh3RWi_dtn1DImdZQDIH_g_270,lh3RWi_dtn1DImdZQDIH_g,270,./data/centercity/images/lh3RWi_dtn1DImdZQDIH_g_270.jpg,False
,deploy,CAoSF0NJSE0wb2dLRUlDQWdJRGFtZXZqdUFF_0,CAoSF0NJSE0wb2dLRUlDQWdJRGFtZXZqdUFF,0,./data/centercity/images/CAoSF0NJSE0wb2dLRUlDQWdJRGFtZXZqdUFF_0.jpg,False
,deploy,CAoSF0NJSE0wb2dLRUlDQWdJRGFtZXZqdUFF_90,CAoSF0NJSE0wb2dLRUlDQWdJRGFtZXZqdUFF,90,./data/centercity/images/CAoSF0NJSE0wb2dLRUlDQWdJRGFtZXZqdUFF_90.jpg,False
,deploy,CAoSF0NJSE0wb2dLRUlDQWdJRGFtZXZqdUFF_180,CAoSF0NJSE0wb2dLRUlDQWdJRGFtZXZqdUFF,180,./data/centercity/images/CAoSF0NJSE0wb2dLRUlDQWdJRGFtZXZqdUFF_180.jpg,False
,deploy,CAoSF0NJSE0wb2dLRUlDQWdJRGFtZXZqdUFF_270,CAoSF0NJSE0wb2dLRUlDQWdJRGFtZXZqdUFF,270,./data/centercity/images/CAoSF0NJSE0wb2dLRUlDQWdJRGFtZXZqdUFF_270.jpg,False
,deploy,RaydIDDVqSrPP3l05EBGzQ_0,RaydIDDVqSrPP3l05EBGzQ,0,./data/centercity/images/RaydIDDVqSrPP3l05EBGzQ_0.jpg,False
,deploy,RaydIDDVqSrPP3l05EBGzQ_90,RaydIDDVqSrPP3l05EBGzQ,90,./data/centercity/images/RaydIDDVqSrPP3l05EBGzQ_90.jpg,False
,deploy,RaydIDDVqSrPP3l05EBGzQ_180,RaydIDDVqSrPP3l05EBGzQ,180,./data/centercity/images/RaydIDDVqSrPP3l05EBGzQ_180.jpg,False
,deploy,RaydIDDVqSrPP3l05EBGzQ_270,RaydIDDVqSrPP3l05EBGzQ,270,./data/centercity/images/RaydIDDVqSrPP3l05EBGzQ_270.jpg,False
,deploy,1YgrHh3wzT2IcKJiok4hDg_0,1YgrHh3wzT2IcKJiok4hDg,0,./data/centercity/images/1YgrHh3wzT2IcKJiok4hDg_0.jpg,False
,deploy,1YgrHh3wzT2IcKJiok4hDg_90,1YgrHh3wzT2IcKJiok4hDg,90,./data/centercity/images/1YgrHh3wzT2IcKJiok4hDg_90.jpg,False
,deploy,1YgrHh3wzT2IcKJiok4hDg_180,1YgrHh3wzT2IcKJiok4hDg,180,./data/centercity/images/1YgrHh3wzT2IcKJiok4hDg_180.jpg,False
,deploy,1YgrHh3wzT2IcKJiok4hDg_270,1YgrHh3wzT2IcKJiok4hDg,270,./data/centercity/images/1YgrHh3wzT2IcKJiok4hDg_270.jpg,False
,deploy,CAoSF0NJSE0wb2dLRUlDQWdJRGFzZDNJX1FF_0,CAoSF0NJSE0wb2dLRUlDQWdJRGFzZDNJX1FF,0,./data/centercity/images/CAoSF0NJSE0wb2dLRUlDQWdJRGFzZDNJX1FF_0.jpg,False
,deploy,CAoSF0NJSE0wb2dLRUlDQWdJRGFzZDNJX1FF_90,CAoSF0NJSE0wb2dLRUlDQWdJRGFzZDNJX1FF,90,./data/centercity/images/CAoSF0NJSE0wb2dLRUlDQWdJRGFzZDNJX1FF_90.jpg,False
,deploy,CAoSF0NJSE0wb2dLRUlDQWdJRGFzZDNJX1FF_180,CAoSF0NJSE0wb2dLRUlDQWdJRGFzZDNJX1FF,180,./data/centercity/images/CAoSF0NJSE0wb2dLRUlDQWdJRGFzZDNJX1FF_180.jpg,False
,deploy,CAoSF0NJSE0wb2dLRUlDQWdJRGFzZDNJX1FF_270,CAoSF0NJSE0wb2dLRUlDQWdJRGFzZDNJX1FF,270,./data/centercity/images/CAoSF0NJSE0wb2dLRUlDQWdJRGFzZDNJX1FF_270.jpg,False
,deploy,BYFaJPdyGICvda2_mnz9oQ_0,BYFaJPdyGICvda2_mnz9oQ,0,./data/centercity/images/BYFaJPdyGICvda2_mnz9oQ_0.jpg,False
,deploy,BYFaJPdyGICvda2_mnz9oQ_90,BYFaJPdyGICvda2_mnz9oQ,90,./data/centercity/images/BYFaJPdyGICvda2_mnz9oQ_90.jpg,False
,deploy,BYFaJPdyGICvda2_mnz9oQ_180,BYFaJPdyGICvda2_mnz9oQ,180,./data/centercity/images/BYFaJPdyGICvda2_mnz9oQ_180.jpg,False
,deploy,BYFaJPdyGICvda2_mnz9oQ_270,BYFaJPdyGICvda2_mnz9oQ,270,./data/centercity/images/BYFaJPdyGICvda2_mnz9oQ_270.jpg,False
,deploy,CAoSF0NJSE0wb2dLRUlDQWdJRGF1ZmpSa3dF_0,CAoSF0NJSE0wb2dLRUlDQWdJRGF1ZmpSa3dF,0,./data/centercity/images/CAoSF0NJSE0wb2dLRUlDQWdJRGF1ZmpSa3dF_0.jpg,False
,deploy,CAoSF0NJSE0wb2dLRUlDQWdJRGF1ZmpSa3dF_90,CAoSF0NJSE0wb2dLRUlDQWdJRGF1ZmpSa3dF,90,./data/centercity/images/CAoSF0NJSE0wb2dLRUlDQWdJRGF1ZmpSa3dF_90.jpg,False
,deploy,CAoSF0NJSE0wb2dLRUlDQWdJRGF1ZmpSa3dF_180,CAoSF0NJSE0wb2dLRUlDQWdJRGF1ZmpSa3dF,180,./data/centercity/images/CAoSF0NJSE0wb2dLRUlDQWdJRGF1ZmpSa3dF_180.jpg,False
,deploy,CAoSF0NJSE0wb2dLRUlDQWdJRGF1ZmpSa3dF_270,CAoSF0NJSE0wb2dLRUlDQWdJRGF1ZmpSa3dF,270,./data/centercity/images/CAoSF0NJSE0wb2dLRUlDQWdJRGF1ZmpSa3dF_270.jpg,False
,deploy,D73CIG8P13BJ1mA-U-raMw_0,D73CIG8P13BJ1mA-U-raMw,0,./data/centercity/images/D73CIG8P13BJ1mA-U-raMw_0.jpg,False
,deploy,D73CIG8P13BJ1mA-U-raMw_90,D73CIG8P13BJ1mA-U-raMw,90,./data/centercity/images/D73CIG8P13BJ1mA-U-raMw_90.jpg,False
,deploy,D73CIG8P13BJ1mA-U-raMw_180,D73CIG8P13BJ1mA-U-raMw,180,./data/centercity/images/D73CIG8P13BJ1mA-U-raMw_180.jpg,False
,deploy,D73CIG8P13BJ1mA-U-raMw_270,D73CIG8P13BJ1mA-U-raMw,270,./data/centercity/images/D73CIG8P13BJ1mA-U-raMw_270.jpg,False
,deploy,CAoSFkNJSE0wb2dLRUlDQWdJRGE4Yk9YUnc._0,CAoSFkNJSE0wb2dLRUlDQWdJRGE4Yk9YUnc.,0,./data/centercity/images/CAoSFkNJSE0wb2dLRUlDQWdJRGE4Yk9YUnc._0.jpg,False
,deploy,CAoSFkNJSE0wb2dLRUlDQWdJRGE4Yk9YUnc._90,CAoSFkNJSE0wb2dLRUlDQWdJRGE4Yk9YUnc.,90,./data/centercity/images/CAoSFkNJSE0wb2dLRUlDQWdJRGE4Yk9YUnc._90.jpg,False
,deploy,CAoSFkNJSE0wb2dLRUlDQWdJRGE4Yk9YUnc._180,CAoSFkNJSE0wb2dLRUlDQWdJRGE4Yk9YUnc.,180,./data/centercity/images/CAoSFkNJSE0wb2dLRUlDQWdJRGE4Yk9YUnc._180.jpg,False
,deploy,CAoSFkNJSE0wb2dLRUlDQWdJRGE4Yk9YUnc._270,CAoSFkNJSE0wb2dLRUlDQWdJRGE4Yk9YUnc.,270,./data/centercity/images/CAoSFkNJSE0wb2dLRUlDQWdJRGE4Yk9YUnc._270.jpg,False
,deploy,ozPif_OrtJdwmFha49LlSQ_0,ozPif_OrtJdwmFha49LlSQ,0,./data/centercity/images/ozPif_OrtJdwmFha49LlSQ_0.jpg,False
,deploy,ozPif_OrtJdwmFha49LlSQ_90,ozPif_OrtJdwmFha49LlSQ,90,./data/centercity/images/ozPif_OrtJdwmFha49LlSQ_90.jpg,False
,deploy,ozPif_OrtJdwmFha49LlSQ_180,ozPif_OrtJdwmFha49LlSQ,180,./data/centercity/images/ozPif_OrtJdwmFha49LlSQ_180.jpg,False
,deploy,ozPif_OrtJdwmFha49LlSQ_270,ozPif_OrtJdwmFha49LlSQ,270,./data/centercity/images/ozPif_OrtJdwmFha49LlSQ_270.jpg,False
,deploy,CAoSF0NJSE0wb2dLRUlDQWdJRGF5ZVRjMFFF_0,CAoSF0NJSE0wb2dLRUlDQWdJRGF5ZVRjMFFF,0,./data/centercity/images/CAoSF0NJSE0wb2dLRUlDQWdJRGF5ZVRjMFFF_0.jpg,False
,deploy,CAoSF0NJSE0wb2dLRUlDQWdJRGF5ZVRjMFFF_90,CAoSF0NJSE0wb2dLRUlDQWdJRGF5ZVRjMFFF,90,./data/centercity/images/CAoSF0NJSE0wb2dLRUlDQWdJRGF5ZVRjMFFF_90.jpg,False
,deploy,CAoSF0NJSE0wb2dLRUlDQWdJRGF5ZVRjMFFF_180,CAoSF0NJSE0wb2dLRUlDQWdJRGF5ZVRjMFFF,180,./data/centercity/images/CAoSF0NJSE0wb2dLRUlDQWdJRGF5ZVRjMFFF_180.jpg,False
,deploy,CAoSF0NJSE0wb2dLRUlDQWdJRGF5ZVRjMFFF_270,CAoSF0NJSE0wb2dLRUlDQWdJRGF5ZVRjMFFF,270,./data/centercity/images/CAoSF0NJSE0wb2dLRUlDQWdJRGF5ZVRjMFFF_270.jpg,False
,deploy,CAoSFkNJSE0wb2dLRUlDQWdJQ3VpdERtSHc._0,CAoSFkNJSE0wb2dLRUlDQWdJQ3VpdERtSHc.,0,./data/centercity/images/CAoSFkNJSE0wb2dLRUlDQWdJQ3VpdERtSHc._0.jpg,False
,deploy,CAoSFkNJSE0wb2dLRUlDQWdJQ3VpdERtSHc._90,CAoSFkNJSE0wb2dLRUlDQWdJQ3VpdERtSHc.,90,./data/centercity/images/CAoSFkNJSE0wb2dLRUlDQWdJQ3VpdERtSHc._90.jpg,False
,deploy,CAoSFkNJSE0wb2dLRUlDQWdJQ3VpdERtSHc._180,CAoSFkNJSE0wb2dLRUlDQWdJQ3VpdERtSHc.,180,./data/centercity/images/CAoSFkNJSE0wb2dLRUlDQWdJQ3VpdERtSHc._180.jpg,False
,deploy,CAoSFkNJSE0wb2dLRUlDQWdJQ3VpdERtSHc._270,CAoSFkNJSE0wb2dLRUlDQWdJQ3VpdERtSHc.,270,./data/centercity/images/CAoSFkNJSE0wb2dLRUlDQWdJQ3VpdERtSHc._270.jpg,False
,deploy,KbcmwtK1oVwViFInjpF0YA_0,KbcmwtK1oVwViFInjpF0YA,0,./data/centercity/images/KbcmwtK1oVwViFInjpF0YA_0.jpg,False
,deploy,KbcmwtK1oVwViFInjpF0YA_90,KbcmwtK1oVwViFInjpF0YA,90,./data/centercity/images/KbcmwtK1oVwViFInjpF0YA_90.jpg,False
,deploy,KbcmwtK1oVwViFInjpF0YA_180,KbcmwtK1oVwViFInjpF0YA,180,./data/centercity/images/KbcmwtK1oVwViFInjpF0YA_180.jpg,False
,deploy,KbcmwtK1oVwViFInjpF0YA_270,KbcmwtK1oVwViFInjpF0YA,270,./data/centercity/images/KbcmwtK1oVwViFInjpF0YA_270.jpg,False
,deploy,CAoSF0NJSE0wb2dLRUlDQWdJRGFtYW5ud2dF_0,CAoSF0NJSE0wb2dLRUlDQWdJRGFtYW5ud2dF,0,./data/centercity/images/CAoSF0NJSE0wb2dLRUlDQWdJRGFtYW5ud2dF_0.jpg,False
,deploy,CAoSF0NJSE0wb2dLRUlDQWdJRGFtYW5ud2dF_90,CAoSF0NJSE0wb2dLRUlDQWdJRGFtYW5ud2dF,90,./data/centercity/images/CAoSF0NJSE0wb2dLRUlDQWdJRGFtYW5ud2dF_90.jpg,False
,deploy,CAoSF0NJSE0wb2dLRUlDQWdJRGFtYW5ud2dF_180,CAoSF0NJSE0wb2dLRUlDQWdJRGFtYW5ud2dF,180,./data/centercity/images/CAoSF0NJSE0wb2dLRUlDQWdJRGFtYW5ud2dF_180.jpg,False
,deploy,CAoSF0NJSE0wb2dLRUlDQWdJRGFtYW5ud2dF_270,CAoSF0NJSE0wb2dLRUlDQWdJRGFtYW5ud2dF,270,./data/centercity/images/CAoSF0NJSE0wb2dLRUlDQWdJRGFtYW5ud2dF_270.jpg,False
,deploy,bICQOqxyyn4IrPrquWhc1A_0,bICQOqxyyn4IrPrquWhc1A,0,./data/centercity/images/bICQOqxyyn4IrPrquWhc1A_0.jpg,False
,deploy,bICQOqxyyn4IrPrquWhc1A_90,bICQOqxyyn4IrPrquWhc1A,90,./data/centercity/images/bICQOqxyyn4IrPrquWhc1A_90.jpg,False
,deploy,bICQOqxyyn4IrPrquWhc1A_180,bICQOqxyyn4IrPrquWhc1A,180,./data/centercity/images/bICQOqxyyn4IrPrquWhc1A_180.jpg,False
,deploy,bICQOqxyyn4IrPrquWhc1A_270,bICQOqxyyn4IrPrquWhc1A,270,./data/centercity/images/bICQOqxyyn4IrPrquWhc1A_270.jpg,False
,deploy,LS9j7InBstiW4iGe5r146A_0,LS9j7InBstiW4iGe5r146A,0,./data/centercity/images/LS9j7InBstiW4iGe5r146A_0.jpg,False
,deploy,LS9j7InBstiW4iGe5r146A_90,LS9j7InBstiW4iGe5r146A,90,./data/centercity/images/LS9j7InBstiW4iGe5r146A_90.jpg,False
,deploy,LS9j7InBstiW4iGe5r146A_180,LS9j7InBstiW4iGe5r146A,180,./data/centercity/images/LS9j7InBstiW4iGe5r146A_180.jpg,False
,deploy,LS9j7InBstiW4iGe5r146A_270,LS9j7InBstiW4iGe5r146A,270,./data/centercity/images/LS9j7InBstiW4iGe5r146A_270.jpg,False
,deploy,CAoSFkNJSE0wb2dLRUlDQWdJRGE2ZnJxT1E._0,CAoSFkNJSE0wb2dLRUlDQWdJRGE2ZnJxT1E.,0,./data/centercity/images/CAoSFkNJSE0wb2dLRUlDQWdJRGE2ZnJxT1E._0.jpg,False
,deploy,CAoSFkNJSE0wb2dLRUlDQWdJRGE2ZnJxT1E._90,CAoSFkNJSE0wb2dLRUlDQWdJRGE2ZnJxT1E.,90,./data/centercity/images/CAoSFkNJSE0wb2dLRUlDQWdJRGE2ZnJxT1E._90.jpg,False
,deploy,CAoSFkNJSE0wb2dLRUlDQWdJRGE2ZnJxT1E._180,CAoSFkNJSE0wb2dLRUlDQWdJRGE2ZnJxT1E.,180,./data/centercity/images/CAoSFkNJSE0wb2dLRUlDQWdJRGE2ZnJxT1E._180.jpg,False
,deploy,CAoSFkNJSE0wb2dLRUlDQWdJRGE2ZnJxT1E._270,CAoSFkNJSE0wb2dLRUlDQWdJRGE2ZnJxT1E.,270,./data/centercity/images/CAoSFkNJSE0wb2dLRUlDQWdJRGE2ZnJxT1E._270.jpg,False
,deploy,Ab1D5TyW6n2B5qu-Qgnv5g_0,Ab1D5TyW6n2B5qu-Qgnv5g,0,./data/centercity/images/Ab1D5TyW6n2B5qu-Qgnv5g_0.jpg,False
,deploy,Ab1D5TyW6n2B5qu-Qgnv5g_90,Ab1D5TyW6n2B5qu-Qgnv5g,90,./data/centercity/images/Ab1D5TyW6n2B5qu-Qgnv5g_90.jpg,False
,deploy,Ab1D5TyW6n2B5qu-Qgnv5g_180,Ab1D5TyW6n2B5qu-Qgnv5g,180,./data/centercity/images/Ab1D5TyW6n2B5qu-Qgnv5g_180.jpg,False
,deploy,Ab1D5TyW6n2B5qu-Qgnv5g_270,Ab1D5TyW6n2B5qu-Qgnv5g,270,./data/centercity/images/Ab1D5TyW6n2B5qu-Qgnv5g_270.jpg,False
,deploy,RYLCHDGDtIDg_LmJX70EKg_0,RYLCHDGDtIDg_LmJX70EKg,0,./data/centercity/images/RYLCHDGDtIDg_LmJX70EKg_0.jpg,False
,deploy,RYLCHDGDtIDg_LmJX70EKg_90,RYLCHDGDtIDg_LmJX70EKg,90,./data/centercity/images/RYLCHDGDtIDg_LmJX70EKg_90.jpg,False
,deploy,RYLCHDGDtIDg_LmJX70EKg_180,RYLCHDGDtIDg_LmJX70EKg,180,./data/centercity/images/RYLCHDGDtIDg_LmJX70EKg_180.jpg,False
,deploy,RYLCHDGDtIDg_LmJX70EKg_270,RYLCHDGDtIDg_LmJX70EKg,270,./data/centercity/images/RYLCHDGDtIDg_LmJX70EKg_270.jpg,False
,deploy,n0EZJX2HZQPHjVKtGbotrA_0,n0EZJX2HZQPHjVKtGbotrA,0,./data/centercity/images/n0EZJX2HZQPHjVKtGbotrA_0.jpg,False
,deploy,n0EZJX2HZQPHjVKtGbotrA_90,n0EZJX2HZQPHjVKtGbotrA,90,./data/centercity/images/n0EZJX2HZQPHjVKtGbotrA_90.jpg,False
,deploy,n0EZJX2HZQPHjVKtGbotrA_180,n0EZJX2HZQPHjVKtGbotrA,180,./data/centercity/images/n0EZJX2HZQPHjVKtGbotrA_180.jpg,False
,deploy,n0EZJX2HZQPHjVKtGbotrA_270,n0EZJX2HZQPHjVKtGbotrA,270,./data/centercity/images/n0EZJX2HZQPHjVKtGbotrA_270.jpg,False
,deploy,TPuBb77H8NEKK4JYZelwfw_0,TPuBb77H8NEKK4JYZelwfw,0,./data/centercity/images/TPuBb77H8NEKK4JYZelwfw_0.jpg,False
,deploy,TPuBb77H8NEKK4JYZelwfw_90,TPuBb77H8NEKK4JYZelwfw,90,./data/centercity/images/TPuBb77H8NEKK4JYZelwfw_90.jpg,False
,deploy,TPuBb77H8NEKK4JYZelwfw_180,TPuBb77H8NEKK4JYZelwfw,180,./data/centercity/images/TPuBb77H8NEKK4JYZelwfw_180.jpg,False
,deploy,TPuBb77H8NEKK4JYZelwfw_270,TPuBb77H8NEKK4JYZelwfw,270,./data/centercity/images/TPuBb77H8NEKK4JYZelwfw_270.jpg,False
,deploy,gihk8OEI6iMFIKXIM9W7wQ_0,gihk8OEI6iMFIKXIM9W7wQ,0,./data/centercity/images/gihk8OEI6iMFIKXIM9W7wQ_0.jpg,False
,deploy,gihk8OEI6iMFIKXIM9W7wQ_90,gihk8OEI6iMFIKXIM9W7wQ,90,./data/centercity/images/gihk8OEI6iMFIKXIM9W7wQ_90.jpg,False
,deploy,gihk8OEI6iMFIKXIM9W7wQ_180,gihk8OEI6iMFIKXIM9W7wQ,180,./data/centercity/images/gihk8OEI6iMFIKXIM9W7wQ_180.jpg,False
,deploy,gihk8OEI6iMFIKXIM9W7wQ_270,gihk8OEI6iMFIKXIM9W7wQ,270,./data/centercity/images/gihk8OEI6iMFIKXIM9W7wQ_270.jpg,False
,deploy,Fwg7l7_mGxxTRyA4Cm00Tw_0,Fwg7l7_mGxxTRyA4Cm00Tw,0,./data/centercity/images/Fwg7l7_mGxxTRyA4Cm00Tw_0.jpg,False
,deploy,Fwg7l7_mGxxTRyA4Cm00Tw_90,Fwg7l7_mGxxTRyA4Cm00Tw,90,./data/centercity/images/Fwg7l7_mGxxTRyA4Cm00Tw_90.jpg,False
,deploy,Fwg7l7_mGxxTRyA4Cm00Tw_180,Fwg7l7_mGxxTRyA4Cm00Tw,180,./data/centercity/images/Fwg7l7_mGxxTRyA4Cm00Tw_180.jpg,False
,deploy,Fwg7l7_mGxxTRyA4Cm00Tw_270,Fwg7l7_mGxxTRyA4Cm00Tw,270,./data/centercity/images/Fwg7l7_mGxxTRyA4Cm00Tw_270.jpg,False
,deploy,7kCbCl_rZe0pygNOT1PSAw_0,7kCbCl_rZe0pygNOT1PSAw,0,./data/centercity/images/7kCbCl_rZe0pygNOT1PSAw_0.jpg,False
,deploy,7kCbCl_rZe0pygNOT1PSAw_90,7kCbCl_rZe0pygNOT1PSAw,90,./data/centercity/images/7kCbCl_rZe0pygNOT1PSAw_90.jpg,False
,deploy,7kCbCl_rZe0pygNOT1PSAw_180,7kCbCl_rZe0pygNOT1PSAw,180,./data/centercity/images/7kCbCl_rZe0pygNOT1PSAw_180.jpg,False
,deploy,7kCbCl_rZe0pygNOT1PSAw_270,7kCbCl_rZe0pygNOT1PSAw,270,./data/centercity/images/7kCbCl_rZe0pygNOT1PSAw_270.jpg,False
,deploy,22RTDZds03Sz2bXt8O2MCQ_0,22RTDZds03Sz2bXt8O2MCQ,0,./data/centercity/images/22RTDZds03Sz2bXt8O2MCQ_0.jpg,False
,deploy,22RTDZds03Sz2bXt8O2MCQ_90,22RTDZds03Sz2bXt8O2MCQ,90,./data/centercity/images/22RTDZds03Sz2bXt8O2MCQ_90.jpg,False
,deploy,22RTDZds03Sz2bXt8O2MCQ_180,22RTDZds03Sz2bXt8O2MCQ,180,./data/centercity/images/22RTDZds03Sz2bXt8O2MCQ_180.jpg,False
,deploy,22RTDZds03Sz2bXt8O2MCQ_270,22RTDZds03Sz2bXt8O2MCQ,270,./data/centercity/images/22RTDZds03Sz2bXt8O2MCQ_270.jpg,False
,deploy,EDjr_aU8FCxj3n2-ErI2ag_0,EDjr_aU8FCxj3n2-ErI2ag,0,./data/centercity/images/EDjr_aU8FCxj3n2-ErI2ag_0.jpg,False
,deploy,EDjr_aU8FCxj3n2-ErI2ag_90,EDjr_aU8FCxj3n2-ErI2ag,90,./data/centercity/images/EDjr_aU8FCxj3n2-ErI2ag_90.jpg,False
,deploy,EDjr_aU8FCxj3n2-ErI2ag_180,EDjr_aU8FCxj3n2-ErI2ag,180,./data/centercity/images/EDjr_aU8FCxj3n2-ErI2ag_180.jpg,False
,deploy,EDjr_aU8FCxj3n2-ErI2ag_270,EDjr_aU8FCxj3n2-ErI2ag,270,./data/centercity/images/EDjr_aU8FCxj3n2-ErI2ag_270.jpg,False
,deploy,CAoSFkNJSE0wb2dLRUlDQWdJRGEwWVBYR0E._0,CAoSFkNJSE0wb2dLRUlDQWdJRGEwWVBYR0E.,0,./data/centercity/images/CAoSFkNJSE0wb2dLRUlDQWdJRGEwWVBYR0E._0.jpg,False
,deploy,CAoSFkNJSE0wb2dLRUlDQWdJRGEwWVBYR0E._90,CAoSFkNJSE0wb2dLRUlDQWdJRGEwWVBYR0E.,90,./data/centercity/images/CAoSFkNJSE0wb2dLRUlDQWdJRGEwWVBYR0E._90.jpg,False
,deploy,CAoSFkNJSE0wb2dLRUlDQWdJRGEwWVBYR0E._180,CAoSFkNJSE0wb2dLRUlDQWdJRGEwWVBYR0E.,180,./data/centercity/images/CAoSFkNJSE0wb2dLRUlDQWdJRGEwWVBYR0E._180.jpg,False
,deploy,CAoSFkNJSE0wb2dLRUlDQWdJRGEwWVBYR0E._270,CAoSFkNJSE0wb2dLRUlDQWdJRGEwWVBYR0E.,270,./data/centercity/images/CAoSFkNJSE0wb2dLRUlDQWdJRGEwWVBYR0E._270.jpg,False
,deploy,CAoSF0NJSE0wb2dLRUlDQWdJRGEyYk9samdF_0,CAoSF0NJSE0wb2dLRUlDQWdJRGEyYk9samdF,0,./data/centercity/images/CAoSF0NJSE0wb2dLRUlDQWdJRGEyYk9samdF_0.jpg,False
,deploy,CAoSF0NJSE0wb2dLRUlDQWdJRGEyYk9samdF_90,CAoSF0NJSE0wb2dLRUlDQWdJRGEyYk9samdF,90,./data/centercity/images/CAoSF0NJSE0wb2dLRUlDQWdJRGEyYk9samdF_90.jpg,False
,deploy,CAoSF0NJSE0wb2dLRUlDQWdJRGEyYk9samdF_180,CAoSF0NJSE0wb2dLRUlDQWdJRGEyYk9samdF,180,./data/centercity/images/CAoSF0NJSE0wb2dLRUlDQWdJRGEyYk9samdF_180.jpg,False
,deploy,CAoSF0NJSE0wb2dLRUlDQWdJRGEyYk9samdF_270,CAoSF0NJSE0wb2dLRUlDQWdJRGEyYk9samdF,270,./data/centercity/images/CAoSF0NJSE0wb2dLRUlDQWdJRGEyYk9samdF_270.jpg,False
,deploy,CAoSFkNJSE0wb2dLRUlDQWdJRGE4WTdyWGc._0,CAoSFkNJSE0wb2dLRUlDQWdJRGE4WTdyWGc.,0,./data/centercity/images/CAoSFkNJSE0wb2dLRUlDQWdJRGE4WTdyWGc._0.jpg,False
,deploy,CAoSFkNJSE0wb2dLRUlDQWdJRGE4WTdyWGc._90,CAoSFkNJSE0wb2dLRUlDQWdJRGE4WTdyWGc.,90,./data/centercity/images/CAoSFkNJSE0wb2dLRUlDQWdJRGE4WTdyWGc._90.jpg,False
,deploy,CAoSFkNJSE0wb2dLRUlDQWdJRGE4WTdyWGc._180,CAoSFkNJSE0wb2dLRUlDQWdJRGE4WTdyWGc.,180,./data/centercity/images/CAoSFkNJSE0wb2dLRUlDQWdJRGE4WTdyWGc._180.jpg,False
,deploy,CAoSFkNJSE0wb2dLRUlDQWdJRGE4WTdyWGc._270,CAoSFkNJSE0wb2dLRUlDQWdJRGE4WTdyWGc.,270,./data/centercity/images/CAoSFkNJSE0wb2dLRUlDQWdJRGE4WTdyWGc._270.jpg,False
,deploy,CAoSFkNJSE0wb2dLRUlDQWdJRDg2Y0hoQnc._0,CAoSFkNJSE0wb2dLRUlDQWdJRDg2Y0hoQnc.,0,./data/centercity/images/CAoSFkNJSE0wb2dLRUlDQWdJRDg2Y0hoQnc._0.jpg,False
,deploy,CAoSFkNJSE0wb2dLRUlDQWdJRDg2Y0hoQnc._90,CAoSFkNJSE0wb2dLRUlDQWdJRDg2Y0hoQnc.,90,./data/centercity/images/CAoSFkNJSE0wb2dLRUlDQWdJRDg2Y0hoQnc._90.jpg,False
,deploy,CAoSFkNJSE0wb2dLRUlDQWdJRDg2Y0hoQnc._180,CAoSFkNJSE0wb2dLRUlDQWdJRDg2Y0hoQnc.,180,./data/centercity/images/CAoSFkNJSE0wb2dLRUlDQWdJRDg2Y0hoQnc._180.jpg,False
,deploy,CAoSFkNJSE0wb2dLRUlDQWdJRDg2Y0hoQnc._270,CAoSFkNJSE0wb2dLRUlDQWdJRDg2Y0hoQnc.,270,./data/centercity/images/CAoSFkNJSE0wb2dLRUlDQWdJRDg2Y0hoQnc._270.jpg,False
,deploy,X1EYNFkR0Lz_EYe91oCy5A_0,X1EYNFkR0Lz_EYe91oCy5A,0,./data/centercity/images/X1EYNFkR0Lz_EYe91oCy5A_0.jpg,False
,deploy,X1EYNFkR0Lz_EYe91oCy5A_90,X1EYNFkR0Lz_EYe91oCy5A,90,./data/centercity/images/X1EYNFkR0Lz_EYe91oCy5A_90.jpg,False
,deploy,X1EYNFkR0Lz_EYe91oCy5A_180,X1EYNFkR0Lz_EYe91oCy5A,180,./data/centercity/images/X1EYNFkR0Lz_EYe91oCy5A_180.jpg,False
,deploy,X1EYNFkR0Lz_EYe91oCy5A_270,X1EYNFkR0Lz_EYe91oCy5A,270,./data/centercity/images/X1EYNFkR0Lz_EYe91oCy5A_270.jpg,False
,deploy,gEUURYcTrEAJahHU8TLAzg_0,gEUURYcTrEAJahHU8TLAzg,0,./data/centercity/images/gEUURYcTrEAJahHU8TLAzg_0.jpg,False
,deploy,gEUURYcTrEAJahHU8TLAzg_90,gEUURYcTrEAJahHU8TLAzg,90,./data/centercity/images/gEUURYcTrEAJahHU8TLAzg_90.jpg,False
,deploy,gEUURYcTrEAJahHU8TLAzg_180,gEUURYcTrEAJahHU8TLAzg,180,./data/centercity/images/gEUURYcTrEAJahHU8TLAzg_180.jpg,False
,deploy,gEUURYcTrEAJahHU8TLAzg_270,gEUURYcTrEAJahHU8TLAzg,270,./data/centercity/images/gEUURYcTrEAJahHU8TLAzg_270.jpg,False
,deploy,CAoSF0NJSE0wb2dLRUlDQWdJRGFxZUx3M2dF_0,CAoSF0NJSE0wb2dLRUlDQWdJRGFxZUx3M2dF,0,./data/centercity/images/CAoSF0NJSE0wb2dLRUlDQWdJRGFxZUx3M2dF_0.jpg,False
,deploy,CAoSF0NJSE0wb2dLRUlDQWdJRGFxZUx3M2dF_90,CAoSF0NJSE0wb2dLRUlDQWdJRGFxZUx3M2dF,90,./data/centercity/images/CAoSF0NJSE0wb2dLRUlDQWdJRGFxZUx3M2dF_90.jpg,False
,deploy,CAoSF0NJSE0wb2dLRUlDQWdJRGFxZUx3M2dF_180,CAoSF0NJSE0wb2dLRUlDQWdJRGFxZUx3M2dF,180,./data/centercity/images/CAoSF0NJSE0wb2dLRUlDQWdJRGFxZUx3M2dF_180.jpg,False
,deploy,CAoSF0NJSE0wb2dLRUlDQWdJRGFxZUx3M2dF_270,CAoSF0NJSE0wb2dLRUlDQWdJRGFxZUx3M2dF,270,./data/centercity/images/CAoSF0NJSE0wb2dLRUlDQWdJRGFxZUx3M2dF_270.jpg,False
,deploy,Hd6mzciE5dmEoFyb6JcbTg_0,Hd6mzciE5dmEoFyb6JcbTg,0,./data/centercity/images/Hd6mzciE5dmEoFyb6JcbTg_0.jpg,False
,deploy,Hd6mzciE5dmEoFyb6JcbTg_90,Hd6mzciE5dmEoFyb6JcbTg,90,./data/centercity/images/Hd6mzciE5dmEoFyb6JcbTg_90.jpg,False
,deploy,Hd6mzciE5dmEoFyb6JcbTg_180,Hd6mzciE5dmEoFyb6JcbTg,180,./data/centercity/images/Hd6mzciE5dmEoFyb6JcbTg_180.jpg,False
,deploy,Hd6mzciE5dmEoFyb6JcbTg_270,Hd6mzciE5dmEoFyb6JcbTg,270,./data/centercity/images/Hd6mzciE5dmEoFyb6JcbTg_270.jpg,False
,deploy,CAoSFkNJSE0wb2dLRUlDQWdJRGE2WmVVYWc._0,CAoSFkNJSE0wb2dLRUlDQWdJRGE2WmVVYWc.,0,./data/centercity/images/CAoSFkNJSE0wb2dLRUlDQWdJRGE2WmVVYWc._0.jpg,False
,deploy,CAoSFkNJSE0wb2dLRUlDQWdJRGE2WmVVYWc._90,CAoSFkNJSE0wb2dLRUlDQWdJRGE2WmVVYWc.,90,./data/centercity/images/CAoSFkNJSE0wb2dLRUlDQWdJRGE2WmVVYWc._90.jpg,False
,deploy,CAoSFkNJSE0wb2dLRUlDQWdJRGE2WmVVYWc._180,CAoSFkNJSE0wb2dLRUlDQWdJRGE2WmVVYWc.,180,./data/centercity/images/CAoSFkNJSE0wb2dLRUlDQWdJRGE2WmVVYWc._180.jpg,False
,deploy,CAoSFkNJSE0wb2dLRUlDQWdJRGE2WmVVYWc._270,CAoSFkNJSE0wb2dLRUlDQWdJRGE2WmVVYWc.,270,./data/centercity/images/CAoSFkNJSE0wb2dLRUlDQWdJRGE2WmVVYWc._270.jpg,False
,deploy,8iKwTcRQ4tbf2lvDD8P4DA_0,8iKwTcRQ4tbf2lvDD8P4DA,0,./data/centercity/images/8iKwTcRQ4tbf2lvDD8P4DA_0.jpg,False
,deploy,8iKwTcRQ4tbf2lvDD8P4DA_90,8iKwTcRQ4tbf2lvDD8P4DA,90,./data/centercity/images/8iKwTcRQ4tbf2lvDD8P4DA_90.jpg,False
,deploy,8iKwTcRQ4tbf2lvDD8P4DA_180,8iKwTcRQ4tbf2lvDD8P4DA,180,./data/centercity/images/8iKwTcRQ4tbf2lvDD8P4DA_180.jpg,False
,deploy,8iKwTcRQ4tbf2lvDD8P4DA_270,8iKwTcRQ4tbf2lvDD8P4DA,270,./data/centercity/images/8iKwTcRQ4tbf2lvDD8P4DA_270.jpg,False
,deploy,CAoSFkNJSE0wb2dLRUlDQWdJRGFpWXVPWEE._0,CAoSFkNJSE0wb2dLRUlDQWdJRGFpWXVPWEE.,0,./data/centercity/images/CAoSFkNJSE0wb2dLRUlDQWdJRGFpWXVPWEE._0.jpg,False
,deploy,CAoSFkNJSE0wb2dLRUlDQWdJRGFpWXVPWEE._90,CAoSFkNJSE0wb2dLRUlDQWdJRGFpWXVPWEE.,90,./data/centercity/images/CAoSFkNJSE0wb2dLRUlDQWdJRGFpWXVPWEE._90.jpg,False
,deploy,CAoSFkNJSE0wb2dLRUlDQWdJRGFpWXVPWEE._180,CAoSFkNJSE0wb2dLRUlDQWdJRGFpWXVPWEE.,180,./data/centercity/images/CAoSFkNJSE0wb2dLRUlDQWdJRGFpWXVPWEE._180.jpg,False
,deploy,CAoSFkNJSE0wb2dLRUlDQWdJRGFpWXVPWEE._270,CAoSFkNJSE0wb2dLRUlDQWdJRGFpWXVPWEE.,270,./data/centercity/images/CAoSFkNJSE0wb2dLRUlDQWdJRGFpWXVPWEE._270.jpg,False
,deploy,i1H8jEZtN1bHDeGHEsAqhw_0,i1H8jEZtN1bHDeGHEsAqhw,0,./data/centercity/images/i1H8jEZtN1bHDeGHEsAqhw_0.jpg,False
,deploy,i1H8jEZtN1bHDeGHEsAqhw_90,i1H8jEZtN1bHDeGHEsAqhw,90,./data/centercity/images/i1H8jEZtN1bHDeGHEsAqhw_90.jpg,False
,deploy,i1H8jEZtN1bHDeGHEsAqhw_180,i1H8jEZtN1bHDeGHEsAqhw,180,./data/centercity/images/i1H8jEZtN1bHDeGHEsAqhw_180.jpg,False
,deploy,i1H8jEZtN1bHDeGHEsAqhw_270,i1H8jEZtN1bHDeGHEsAqhw,270,./data/centercity/images/i1H8jEZtN1bHDeGHEsAqhw_270.jpg,False
,deploy,6pLTAGtXeZawvT1Ormisxg_0,6pLTAGtXeZawvT1Ormisxg,0,./data/centercity/images/6pLTAGtXeZawvT1Ormisxg_0.jpg,False
,deploy,6pLTAGtXeZawvT1Ormisxg_90,6pLTAGtXeZawvT1Ormisxg,90,./data/centercity/images/6pLTAGtXeZawvT1Ormisxg_90.jpg,False
,deploy,6pLTAGtXeZawvT1Ormisxg_180,6pLTAGtXeZawvT1Ormisxg,180,./data/centercity/images/6pLTAGtXeZawvT1Ormisxg_180.jpg,False
,deploy,6pLTAGtXeZawvT1Ormisxg_270,6pLTAGtXeZawvT1Ormisxg,270,./data/centercity/images/6pLTAGtXeZawvT1Ormisxg_270.jpg,False
,deploy,54Hn_zd1zvpBgyLP5ClgKw_0,54Hn_zd1zvpBgyLP5ClgKw,0,./data/centercity/images/54Hn_zd1zvpBgyLP5ClgKw_0.jpg,False
,deploy,54Hn_zd1zvpBgyLP5ClgKw_90,54Hn_zd1zvpBgyLP5ClgKw,90,./data/centercity/images/54Hn_zd1zvpBgyLP5ClgKw_90.jpg,False
,deploy,54Hn_zd1zvpBgyLP5ClgKw_180,54Hn_zd1zvpBgyLP5ClgKw,180,./data/centercity/images/54Hn_zd1zvpBgyLP5ClgKw_180.jpg,False
,deploy,54Hn_zd1zvpBgyLP5ClgKw_270,54Hn_zd1zvpBgyLP5ClgKw,270,./data/centercity/images/54Hn_zd1zvpBgyLP5ClgKw_270.jpg,False
,deploy,CAoSFkNJSE0wb2dLRUlDQWdJRGF5ZlN0TGc._0,CAoSFkNJSE0wb2dLRUlDQWdJRGF5ZlN0TGc.,0,./data/centercity/images/CAoSFkNJSE0wb2dLRUlDQWdJRGF5ZlN0TGc._0.jpg,False
,deploy,CAoSFkNJSE0wb2dLRUlDQWdJRGF5ZlN0TGc._90,CAoSFkNJSE0wb2dLRUlDQWdJRGF5ZlN0TGc.,90,./data/centercity/images/CAoSFkNJSE0wb2dLRUlDQWdJRGF5ZlN0TGc._90.jpg,False
,deploy,CAoSFkNJSE0wb2dLRUlDQWdJRGF5ZlN0TGc._180,CAoSFkNJSE0wb2dLRUlDQWdJRGF5ZlN0TGc.,180,./data/centercity/images/CAoSFkNJSE0wb2dLRUlDQWdJRGF5ZlN0TGc._180.jpg,False
,deploy,CAoSFkNJSE0wb2dLRUlDQWdJRGF5ZlN0TGc._270,CAoSFkNJSE0wb2dLRUlDQWdJRGF5ZlN0TGc.,270,./data/centercity/images/CAoSFkNJSE0wb2dLRUlDQWdJRGF5ZlN0TGc._270.jpg,False
,deploy,60KbpjYCpwp7KCNrkzUOvQ_0,60KbpjYCpwp7KCNrkzUOvQ,0,./data/centercity/images/60KbpjYCpwp7KCNrkzUOvQ_0.jpg,False
,deploy,60KbpjYCpwp7KCNrkzUOvQ_90,60KbpjYCpwp7KCNrkzUOvQ,90,./data/centercity/images/60KbpjYCpwp7KCNrkzUOvQ_90.jpg,False
,deploy,60KbpjYCpwp7KCNrkzUOvQ_180,60KbpjYCpwp7KCNrkzUOvQ,180,./data/centercity/images/60KbpjYCpwp7KCNrkzUOvQ_180.jpg,False
,deploy,60KbpjYCpwp7KCNrkzUOvQ_270,60KbpjYCpwp7KCNrkzUOvQ,270,./data/centercity/images/60KbpjYCpwp7KCNrkzUOvQ_270.jpg,False
,deploy,Gq1U0q56RFnno0_FDraKIQ_0,Gq1U0q56RFnno0_FDraKIQ,0,./data/centercity/images/Gq1U0q56RFnno0_FDraKIQ_0.jpg,False
,deploy,Gq1U0q56RFnno0_FDraKIQ_90,Gq1U0q56RFnno0_FDraKIQ,90,./data/centercity/images/Gq1U0q56RFnno0_FDraKIQ_90.jpg,False
,deploy,Gq1U0q56RFnno0_FDraKIQ_180,Gq1U0q56RFnno0_FDraKIQ,180,./data/centercity/images/Gq1U0q56RFnno0_FDraKIQ_180.jpg,False
,deploy,Gq1U0q56RFnno0_FDraKIQ_270,Gq1U0q56RFnno0_FDraKIQ,270,./data/centercity/images/Gq1U0q56RFnno0_FDraKIQ_270.jpg,False
,deploy,88-TjYfpgvJlO5Cyp1KgtQ_0,88-TjYfpgvJlO5Cyp1KgtQ,0,./data/centercity/images/88-TjYfpgvJlO5Cyp1KgtQ_0.jpg,False
,deploy,88-TjYfpgvJlO5Cyp1KgtQ_90,88-TjYfpgvJlO5Cyp1KgtQ,90,./data/centercity/images/88-TjYfpgvJlO5Cyp1KgtQ_90.jpg,False
,deploy,88-TjYfpgvJlO5Cyp1KgtQ_180,88-TjYfpgvJlO5Cyp1KgtQ,180,./data/centercity/images/88-TjYfpgvJlO5Cyp1KgtQ_180.jpg,False
,deploy,88-TjYfpgvJlO5Cyp1KgtQ_270,88-TjYfpgvJlO5Cyp1KgtQ,270,./data/centercity/images/88-TjYfpgvJlO5Cyp1KgtQ_270.jpg,False
,deploy,I7UaTyyB-0LbQjEuHmttbA_0,I7UaTyyB-0LbQjEuHmttbA,0,./data/centercity/images/I7UaTyyB-0LbQjEuHmttbA_0.jpg,False
,deploy,I7UaTyyB-0LbQjEuHmttbA_90,I7UaTyyB-0LbQjEuHmttbA,90,./data/centercity/images/I7UaTyyB-0LbQjEuHmttbA_90.jpg,False
,deploy,I7UaTyyB-0LbQjEuHmttbA_180,I7UaTyyB-0LbQjEuHmttbA,180,./data/centercity/images/I7UaTyyB-0LbQjEuHmttbA_180.jpg,False
,deploy,I7UaTyyB-0LbQjEuHmttbA_270,I7UaTyyB-0LbQjEuHmttbA,270,./data/centercity/images/I7UaTyyB-0LbQjEuHmttbA_270.jpg,False
,deploy,CAoSFkNJSE0wb2dLRUlDQWdJRE9nYzdpU2c._0,CAoSFkNJSE0wb2dLRUlDQWdJRE9nYzdpU2c.,0,./data/centercity/images/CAoSFkNJSE0wb2dLRUlDQWdJRE9nYzdpU2c._0.jpg,False
,deploy,CAoSFkNJSE0wb2dLRUlDQWdJRE9nYzdpU2c._90,CAoSFkNJSE0wb2dLRUlDQWdJRE9nYzdpU2c.,90,./data/centercity/images/CAoSFkNJSE0wb2dLRUlDQWdJRE9nYzdpU2c._90.jpg,False
,deploy,CAoSFkNJSE0wb2dLRUlDQWdJRE9nYzdpU2c._180,CAoSFkNJSE0wb2dLRUlDQWdJRE9nYzdpU2c.,180,./data/centercity/images/CAoSFkNJSE0wb2dLRUlDQWdJRE9nYzdpU2c._180.jpg,False
,deploy,CAoSFkNJSE0wb2dLRUlDQWdJRE9nYzdpU2c._270,CAoSFkNJSE0wb2dLRUlDQWdJRE9nYzdpU2c.,270,./data/centercity/images/CAoSFkNJSE0wb2dLRUlDQWdJRE9nYzdpU2c._270.jpg,False
,deploy,oTNod5K_UDOcOV-dbhU_CQ_0,oTNod5K_UDOcOV-dbhU_CQ,0,./data/centercity/images/oTNod5K_UDOcOV-dbhU_CQ_0.jpg,False
,deploy,oTNod5K_UDOcOV-dbhU_CQ_90,oTNod5K_UDOcOV-dbhU_CQ,90,./data/centercity/images/oTNod5K_UDOcOV-dbhU_CQ_90.jpg,False
,deploy,oTNod5K_UDOcOV-dbhU_CQ_180,oTNod5K_UDOcOV-dbhU_CQ,180,./data/centercity/images/oTNod5K_UDOcOV-dbhU_CQ_180.jpg,False
,deploy,oTNod5K_UDOcOV-dbhU_CQ_270,oTNod5K_UDOcOV-dbhU_CQ,270,./data/centercity/images/oTNod5K_UDOcOV-dbhU_CQ_270.jpg,False
,deploy,vemNYjp_i5RCUkBAgrFFfQ_0,vemNYjp_i5RCUkBAgrFFfQ,0,./data/centercity/images/vemNYjp_i5RCUkBAgrFFfQ_0.jpg,False
,deploy,vemNYjp_i5RCUkBAgrFFfQ_90,vemNYjp_i5RCUkBAgrFFfQ,90,./data/centercity/images/vemNYjp_i5RCUkBAgrFFfQ_90.jpg,False
,deploy,vemNYjp_i5RCUkBAgrFFfQ_180,vemNYjp_i5RCUkBAgrFFfQ,180,./data/centercity/images/vemNYjp_i5RCUkBAgrFFfQ_180.jpg,False
,deploy,vemNYjp_i5RCUkBAgrFFfQ_270,vemNYjp_i5RCUkBAgrFFfQ,270,./data/centercity/images/vemNYjp_i5RCUkBAgrFFfQ_270.jpg,False
,deploy,UqDray6E5ur_nrmO7PUNag_0,UqDray6E5ur_nrmO7PUNag,0,./data/centercity/images/UqDray6E5ur_nrmO7PUNag_0.jpg,False
,deploy,UqDray6E5ur_nrmO7PUNag_90,UqDray6E5ur_nrmO7PUNag,90,./data/centercity/images/UqDray6E5ur_nrmO7PUNag_90.jpg,False
,deploy,UqDray6E5ur_nrmO7PUNag_180,UqDray6E5ur_nrmO7PUNag,180,./data/centercity/images/UqDray6E5ur_nrmO7PUNag_180.jpg,False
,deploy,UqDray6E5ur_nrmO7PUNag_270,UqDray6E5ur_nrmO7PUNag,270,./data/centercity/images/UqDray6E5ur_nrmO7PUNag_270.jpg,False
,deploy,CAoSF0NJSE0wb2dLRUlDQWdJRGFtYWV3dFFF_0,CAoSF0NJSE0wb2dLRUlDQWdJRGFtYWV3dFFF,0,./data/centercity/images/CAoSF0NJSE0wb2dLRUlDQWdJRGFtYWV3dFFF_0.jpg,False
,deploy,CAoSF0NJSE0wb2dLRUlDQWdJRGFtYWV3dFFF_90,CAoSF0NJSE0wb2dLRUlDQWdJRGFtYWV3dFFF,90,./data/centercity/images/CAoSF0NJSE0wb2dLRUlDQWdJRGFtYWV3dFFF_90.jpg,False
,deploy,CAoSF0NJSE0wb2dLRUlDQWdJRGFtYWV3dFFF_180,CAoSF0NJSE0wb2dLRUlDQWdJRGFtYWV3dFFF,180,./data/centercity/images/CAoSF0NJSE0wb2dLRUlDQWdJRGFtYWV3dFFF_180.jpg,False
,deploy,CAoSF0NJSE0wb2dLRUlDQWdJRGFtYWV3dFFF_270,CAoSF0NJSE0wb2dLRUlDQWdJRGFtYWV3dFFF,270,./data/centercity/images/CAoSF0NJSE0wb2dLRUlDQWdJRGFtYWV3dFFF_270.jpg,False
,deploy,CAoSF0NJSE0wb2dLRUlDQWdJRGFpYUgtdmdF_0,CAoSF0NJSE0wb2dLRUlDQWdJRGFpYUgtdmdF,0,./data/centercity/images/CAoSF0NJSE0wb2dLRUlDQWdJRGFpYUgtdmdF_0.jpg,False
,deploy,CAoSF0NJSE0wb2dLRUlDQWdJRGFpYUgtdmdF_90,CAoSF0NJSE0wb2dLRUlDQWdJRGFpYUgtdmdF,90,./data/centercity/images/CAoSF0NJSE0wb2dLRUlDQWdJRGFpYUgtdmdF_90.jpg,False
,deploy,CAoSF0NJSE0wb2dLRUlDQWdJRGFpYUgtdmdF_180,CAoSF0NJSE0wb2dLRUlDQWdJRGFpYUgtdmdF,180,./data/centercity/images/CAoSF0NJSE0wb2dLRUlDQWdJRGFpYUgtdmdF_180.jpg,False
,deploy,CAoSF0NJSE0wb2dLRUlDQWdJRGFpYUgtdmdF_270,CAoSF0NJSE0wb2dLRUlDQWdJRGFpYUgtdmdF,270,./data/centercity/images/CAoSF0NJSE0wb2dLRUlDQWdJRGFpYUgtdmdF_270.jpg,False
,deploy,CAoSF0NJSE0wb2dLRUlDQWdJRGE4Wm1vX1FF_0,CAoSF0NJSE0wb2dLRUlDQWdJRGE4Wm1vX1FF,0,./data/centercity/images/CAoSF0NJSE0wb2dLRUlDQWdJRGE4Wm1vX1FF_0.jpg,False
,deploy,CAoSF0NJSE0wb2dLRUlDQWdJRGE4Wm1vX1FF_90,CAoSF0NJSE0wb2dLRUlDQWdJRGE4Wm1vX1FF,90,./data/centercity/images/CAoSF0NJSE0wb2dLRUlDQWdJRGE4Wm1vX1FF_90.jpg,False
,deploy,CAoSF0NJSE0wb2dLRUlDQWdJRGE4Wm1vX1FF_180,CAoSF0NJSE0wb2dLRUlDQWdJRGE4Wm1vX1FF,180,./data/centercity/images/CAoSF0NJSE0wb2dLRUlDQWdJRGE4Wm1vX1FF_180.jpg,False
,deploy,CAoSF0NJSE0wb2dLRUlDQWdJRGE4Wm1vX1FF_270,CAoSF0NJSE0wb2dLRUlDQWdJRGE4Wm1vX1FF,270,./data/centercity/images/CAoSF0NJSE0wb2dLRUlDQWdJRGE4Wm1vX1FF_270.jpg,False
,deploy,4Lck3V_wOowJXEIvF4B7QQ_0,4Lck3V_wOowJXEIvF4B7QQ,0,./data/centercity/images/4Lck3V_wOowJXEIvF4B7QQ_0.jpg,False
,deploy,4Lck3V_wOowJXEIvF4B7QQ_90,4Lck3V_wOowJXEIvF4B7QQ,90,./data/centercity/images/4Lck3V_wOowJXEIvF4B7QQ_90.jpg,False
,deploy,4Lck3V_wOowJXEIvF4B7QQ_180,4Lck3V_wOowJXEIvF4B7QQ,180,./data/centercity/images/4Lck3V_wOowJXEIvF4B7QQ_180.jpg,False
,deploy,4Lck3V_wOowJXEIvF4B7QQ_270,4Lck3V_wOowJXEIvF4B7QQ,270,./data/centercity/images/4Lck3V_wOowJXEIvF4B7QQ_270.jpg,False
,deploy,CAoSF0NJSE0wb2dLRUlDQWdJRGFtZmJLN3dF_0,CAoSF0NJSE0wb2dLRUlDQWdJRGFtZmJLN3dF,0,./data/centercity/images/CAoSF0NJSE0wb2dLRUlDQWdJRGFtZmJLN3dF_0.jpg,False
,deploy,CAoSF0NJSE0wb2dLRUlDQWdJRGFtZmJLN3dF_90,CAoSF0NJSE0wb2dLRUlDQWdJRGFtZmJLN3dF,90,./data/centercity/images/CAoSF0NJSE0wb2dLRUlDQWdJRGFtZmJLN3dF_90.jpg,False
,deploy,CAoSF0NJSE0wb2dLRUlDQWdJRGFtZmJLN3dF_180,CAoSF0NJSE0wb2dLRUlDQWdJRGFtZmJLN3dF,180,./data/centercity/images/CAoSF0NJSE0wb2dLRUlDQWdJRGFtZmJLN3dF_180.jpg,False
,deploy,CAoSF0NJSE0wb2dLRUlDQWdJRGFtZmJLN3dF_270,CAoSF0NJSE0wb2dLRUlDQWdJRGFtZmJLN3dF,270,./data/centercity/images/CAoSF0NJSE0wb2dLRUlDQWdJRGFtZmJLN3dF_270.jpg,False
,deploy,cGQdE7N7M6cdkhxSGQC0vg_0,cGQdE7N7M6cdkhxSGQC0vg,0,./data/centercity/images/cGQdE7N7M6cdkhxSGQC0vg_0.jpg,False
,deploy,cGQdE7N7M6cdkhxSGQC0vg_90,cGQdE7N7M6cdkhxSGQC0vg,90,./data/centercity/images/cGQdE7N7M6cdkhxSGQC0vg_90.jpg,False
,deploy,cGQdE7N7M6cdkhxSGQC0vg_180,cGQdE7N7M6cdkhxSGQC0vg,180,./data/centercity/images/cGQdE7N7M6cdkhxSGQC0vg_180.jpg,False
,deploy,cGQdE7N7M6cdkhxSGQC0vg_270,cGQdE7N7M6cdkhxSGQC0vg,270,./data/centercity/images/cGQdE7N7M6cdkhxSGQC0vg_270.jpg,False
,deploy,sAqrklpX-7KS079rbY2T8g_0,sAqrklpX-7KS079rbY2T8g,0,./data/centercity/images/sAqrklpX-7KS079rbY2T8g_0.jpg,False
,deploy,sAqrklpX-7KS079rbY2T8g_90,sAqrklpX-7KS079rbY2T8g,90,./data/centercity/images/sAqrklpX-7KS079rbY2T8g_90.jpg,False
,deploy,sAqrklpX-7KS079rbY2T8g_180,sAqrklpX-7KS079rbY2T8g,180,./data/centercity/images/sAqrklpX-7KS079rbY2T8g_180.jpg,False
,deploy,sAqrklpX-7KS079rbY2T8g_270,sAqrklpX-7KS079rbY2T8g,270,./data/centercity/images/sAqrklpX-7KS079rbY2T8g_270.jpg,False
,deploy,DRka1rQr2rlNvAFxMuho6w_0,DRka1rQr2rlNvAFxMuho6w,0,./data/centercity/images/DRka1rQr2rlNvAFxMuho6w_0.jpg,False
,deploy,DRka1rQr2rlNvAFxMuho6w_90,DRka1rQr2rlNvAFxMuho6w,90,./data/centercity/images/DRka1rQr2rlNvAFxMuho6w_90.jpg,False
,deploy,DRka1rQr2rlNvAFxMuho6w_180,DRka1rQr2rlNvAFxMuho6w,180,./data/centercity/images/DRka1rQr2rlNvAFxMuho6w_180.jpg,False
,deploy,DRka1rQr2rlNvAFxMuho6w_270,DRka1rQr2rlNvAFxMuho6w,270,./data/centercity/images/DRka1rQr2rlNvAFxMuho6w_270.jpg,False
,deploy,CAoSF0NJSE0wb2dLRUlDQWdJQ3VrdWV1cHdF_0,CAoSF0NJSE0wb2dLRUlDQWdJQ3VrdWV1cHdF,0,./data/centercity/images/CAoSF0NJSE0wb2dLRUlDQWdJQ3VrdWV1cHdF_0.jpg,False
,deploy,CAoSF0NJSE0wb2dLRUlDQWdJQ3VrdWV1cHdF_90,CAoSF0NJSE0wb2dLRUlDQWdJQ3VrdWV1cHdF,90,./data/centercity/images/CAoSF0NJSE0wb2dLRUlDQWdJQ3VrdWV1cHdF_90.jpg,False
,deploy,CAoSF0NJSE0wb2dLRUlDQWdJQ3VrdWV1cHdF_180,CAoSF0NJSE0wb2dLRUlDQWdJQ3VrdWV1cHdF,180,./data/centercity/images/CAoSF0NJSE0wb2dLRUlDQWdJQ3VrdWV1cHdF_180.jpg,False
,deploy,CAoSF0NJSE0wb2dLRUlDQWdJQ3VrdWV1cHdF_270,CAoSF0NJSE0wb2dLRUlDQWdJQ3VrdWV1cHdF,270,./data/centercity/images/CAoSF0NJSE0wb2dLRUlDQWdJQ3VrdWV1cHdF_270.jpg,False
,deploy,kQR3eE_zBnL7KDd7CkOITQ_0,kQR3eE_zBnL7KDd7CkOITQ,0,./data/centercity/images/kQR3eE_zBnL7KDd7CkOITQ_0.jpg,False
,deploy,kQR3eE_zBnL7KDd7CkOITQ_90,kQR3eE_zBnL7KDd7CkOITQ,90,./data/centercity/images/kQR3eE_zBnL7KDd7CkOITQ_90.jpg,False
,deploy,kQR3eE_zBnL7KDd7CkOITQ_180,kQR3eE_zBnL7KDd7CkOITQ,180,./data/centercity/images/kQR3eE_zBnL7KDd7CkOITQ_180.jpg,False
,deploy,kQR3eE_zBnL7KDd7CkOITQ_270,kQR3eE_zBnL7KDd7CkOITQ,270,./data/centercity/images/kQR3eE_zBnL7KDd7CkOITQ_270.jpg,False
,deploy,1_hjPvx_rf_VB5Z6AjLFrQ_0,1_hjPvx_rf_VB5Z6AjLFrQ,0,./data/centercity/images/1_hjPvx_rf_VB5Z6AjLFrQ_0.jpg,False
,deploy,1_hjPvx_rf_VB5Z6AjLFrQ_90,1_hjPvx_rf_VB5Z6AjLFrQ,90,./data/centercity/images/1_hjPvx_rf_VB5Z6AjLFrQ_90.jpg,False
,deploy,1_hjPvx_rf_VB5Z6AjLFrQ_180,1_hjPvx_rf_VB5Z6AjLFrQ,180,./data/centercity/images/1_hjPvx_rf_VB5Z6AjLFrQ_180.jpg,False
,deploy,1_hjPvx_rf_VB5Z6AjLFrQ_270,1_hjPvx_rf_VB5Z6AjLFrQ,270,./data/centercity/images/1_hjPvx_rf_VB5Z6AjLFrQ_270.jpg,False
,deploy,CAoSFkNJSE0wb2dLRUlDQWdJRGFxYldSS1E._0,CAoSFkNJSE0wb2dLRUlDQWdJRGFxYldSS1E.,0,./data/centercity/images/CAoSFkNJSE0wb2dLRUlDQWdJRGFxYldSS1E._0.jpg,False
,deploy,CAoSFkNJSE0wb2dLRUlDQWdJRGFxYldSS1E._90,CAoSFkNJSE0wb2dLRUlDQWdJRGFxYldSS1E.,90,./data/centercity/images/CAoSFkNJSE0wb2dLRUlDQWdJRGFxYldSS1E._90.jpg,False
,deploy,CAoSFkNJSE0wb2dLRUlDQWdJRGFxYldSS1E._180,CAoSFkNJSE0wb2dLRUlDQWdJRGFxYldSS1E.,180,./data/centercity/images/CAoSFkNJSE0wb2dLRUlDQWdJRGFxYldSS1E._180.jpg,False
,deploy,CAoSFkNJSE0wb2dLRUlDQWdJRGFxYldSS1E._270,CAoSFkNJSE0wb2dLRUlDQWdJRGFxYldSS1E.,270,./data/centercity/images/CAoSFkNJSE0wb2dLRUlDQWdJRGFxYldSS1E._270.jpg,False
,deploy,CAoSFkNJSE0wb2dLRUlDQWdJRGFpZGFNZXc._0,CAoSFkNJSE0wb2dLRUlDQWdJRGFpZGFNZXc.,0,./data/centercity/images/CAoSFkNJSE0wb2dLRUlDQWdJRGFpZGFNZXc._0.jpg,False
,deploy,CAoSFkNJSE0wb2dLRUlDQWdJRGFpZGFNZXc._90,CAoSFkNJSE0wb2dLRUlDQWdJRGFpZGFNZXc.,90,./data/centercity/images/CAoSFkNJSE0wb2dLRUlDQWdJRGFpZGFNZXc._90.jpg,False
,deploy,CAoSFkNJSE0wb2dLRUlDQWdJRGFpZGFNZXc._180,CAoSFkNJSE0wb2dLRUlDQWdJRGFpZGFNZXc.,180,./data/centercity/images/CAoSFkNJSE0wb2dLRUlDQWdJRGFpZGFNZXc._180.jpg,False
,deploy,CAoSFkNJSE0wb2dLRUlDQWdJRGFpZGFNZXc._270,CAoSFkNJSE0wb2dLRUlDQWdJRGFpZGFNZXc.,270,./data/centercity/images/CAoSFkNJSE0wb2dLRUlDQWdJRGFpZGFNZXc._270.jpg,False
,deploy,CAoSFkNJSE0wb2dLRUlDQWdJRGVoWjY3ZGc._0,CAoSFkNJSE0wb2dLRUlDQWdJRGVoWjY3ZGc.,0,./data/centercity/images/CAoSFkNJSE0wb2dLRUlDQWdJRGVoWjY3ZGc._0.jpg,False
,deploy,CAoSFkNJSE0wb2dLRUlDQWdJRGVoWjY3ZGc._90,CAoSFkNJSE0wb2dLRUlDQWdJRGVoWjY3ZGc.,90,./data/centercity/images/CAoSFkNJSE0wb2dLRUlDQWdJRGVoWjY3ZGc._90.jpg,False
,deploy,CAoSFkNJSE0wb2dLRUlDQWdJRGVoWjY3ZGc._180,CAoSFkNJSE0wb2dLRUlDQWdJRGVoWjY3ZGc.,180,./data/centercity/images/CAoSFkNJSE0wb2dLRUlDQWdJRGVoWjY3ZGc._180.jpg,False
,deploy,CAoSFkNJSE0wb2dLRUlDQWdJRGVoWjY3ZGc._270,CAoSFkNJSE0wb2dLRUlDQWdJRGVoWjY3ZGc.,270,./data/centercity/images/CAoSFkNJSE0wb2dLRUlDQWdJRGVoWjY3ZGc._270.jpg,False
,deploy,aF35BWuhLAOn98oBRvHBNA_0,aF35BWuhLAOn98oBRvHBNA,0,./data/centercity/images/aF35BWuhLAOn98oBRvHBNA_0.jpg,False
,deploy,aF35BWuhLAOn98oBRvHBNA_90,aF35BWuhLAOn98oBRvHBNA,90,./data/centercity/images/aF35BWuhLAOn98oBRvHBNA_90.jpg,False
,deploy,aF35BWuhLAOn98oBRvHBNA_180,aF35BWuhLAOn98oBRvHBNA,180,./data/centercity/images/aF35BWuhLAOn98oBRvHBNA_180.jpg,False
,deploy,aF35BWuhLAOn98oBRvHBNA_270,aF35BWuhLAOn98oBRvHBNA,270,./data/centercity/images/aF35BWuhLAOn98oBRvHBNA_270.jpg,False
,deploy,H6MNyEy3w45TgtNRKbnwcQ_0,H6MNyEy3w45TgtNRKbnwcQ,0,./data/centercity/images/H6MNyEy3w45TgtNRKbnwcQ_0.jpg,False
,deploy,H6MNyEy3w45TgtNRKbnwcQ_90,H6MNyEy3w45TgtNRKbnwcQ,90,./data/centercity/images/H6MNyEy3w45TgtNRKbnwcQ_90.jpg,False
,deploy,H6MNyEy3w45TgtNRKbnwcQ_180,H6MNyEy3w45TgtNRKbnwcQ,180,./data/centercity/images/H6MNyEy3w45TgtNRKbnwcQ_180.jpg,False
,deploy,H6MNyEy3w45TgtNRKbnwcQ_270,H6MNyEy3w45TgtNRKbnwcQ,270,./data/centercity/images/H6MNyEy3w45TgtNRKbnwcQ_270.jpg,False
,deploy,H5iJyuGBQ250uFXIrWsWnA_0,H5iJyuGBQ250uFXIrWsWnA,0,./data/centercity/images/H5iJyuGBQ250uFXIrWsWnA_0.jpg,False
,deploy,H5iJyuGBQ250uFXIrWsWnA_90,H5iJyuGBQ250uFXIrWsWnA,90,./data/centercity/images/H5iJyuGBQ250uFXIrWsWnA_90.jpg,False
,deploy,H5iJyuGBQ250uFXIrWsWnA_180,H5iJyuGBQ250uFXIrWsWnA,180,./data/centercity/images/H5iJyuGBQ250uFXIrWsWnA_180.jpg,False
,deploy,H5iJyuGBQ250uFXIrWsWnA_270,H5iJyuGBQ250uFXIrWsWnA,270,./data/centercity/images/H5iJyuGBQ250uFXIrWsWnA_270.jpg,False
,deploy,YxSQX3M_OCoTEE-ZEjp3PQ_0,YxSQX3M_OCoTEE-ZEjp3PQ,0,./data/centercity/images/YxSQX3M_OCoTEE-ZEjp3PQ_0.jpg,False
,deploy,YxSQX3M_OCoTEE-ZEjp3PQ_90,YxSQX3M_OCoTEE-ZEjp3PQ,90,./data/centercity/images/YxSQX3M_OCoTEE-ZEjp3PQ_90.jpg,False
,deploy,YxSQX3M_OCoTEE-ZEjp3PQ_180,YxSQX3M_OCoTEE-ZEjp3PQ,180,./data/centercity/images/YxSQX3M_OCoTEE-ZEjp3PQ_180.jpg,False
,deploy,YxSQX3M_OCoTEE-ZEjp3PQ_270,YxSQX3M_OCoTEE-ZEjp3PQ,270,./data/centercity/images/YxSQX3M_OCoTEE-ZEjp3PQ_270.jpg,False
,deploy,CAoSFkNJSE0wb2dLRUlDQWdJRGFtWWVWZFE._0,CAoSFkNJSE0wb2dLRUlDQWdJRGFtWWVWZFE.,0,./data/centercity/images/CAoSFkNJSE0wb2dLRUlDQWdJRGFtWWVWZFE._0.jpg,False
,deploy,CAoSFkNJSE0wb2dLRUlDQWdJRGFtWWVWZFE._90,CAoSFkNJSE0wb2dLRUlDQWdJRGFtWWVWZFE.,90,./data/centercity/images/CAoSFkNJSE0wb2dLRUlDQWdJRGFtWWVWZFE._90.jpg,False
,deploy,CAoSFkNJSE0wb2dLRUlDQWdJRGFtWWVWZFE._180,CAoSFkNJSE0wb2dLRUlDQWdJRGFtWWVWZFE.,180,./data/centercity/images/CAoSFkNJSE0wb2dLRUlDQWdJRGFtWWVWZFE._180.jpg,False
,deploy,CAoSFkNJSE0wb2dLRUlDQWdJRGFtWWVWZFE._270,CAoSFkNJSE0wb2dLRUlDQWdJRGFtWWVWZFE.,270,./data/centercity/images/CAoSFkNJSE0wb2dLRUlDQWdJRGFtWWVWZFE._270.jpg,False
,deploy,CAoSFkNJSE0wb2dLRUlDQWdJRGE2ZVhzUUE._0,CAoSFkNJSE0wb2dLRUlDQWdJRGE2ZVhzUUE.,0,./data/centercity/images/CAoSFkNJSE0wb2dLRUlDQWdJRGE2ZVhzUUE._0.jpg,False
,deploy,CAoSFkNJSE0wb2dLRUlDQWdJRGE2ZVhzUUE._90,CAoSFkNJSE0wb2dLRUlDQWdJRGE2ZVhzUUE.,90,./data/centercity/images/CAoSFkNJSE0wb2dLRUlDQWdJRGE2ZVhzUUE._90.jpg,False
,deploy,CAoSFkNJSE0wb2dLRUlDQWdJRGE2ZVhzUUE._180,CAoSFkNJSE0wb2dLRUlDQWdJRGE2ZVhzUUE.,180,./data/centercity/images/CAoSFkNJSE0wb2dLRUlDQWdJRGE2ZVhzUUE._180.jpg,False
,deploy,CAoSFkNJSE0wb2dLRUlDQWdJRGE2ZVhzUUE._270,CAoSFkNJSE0wb2dLRUlDQWdJRGE2ZVhzUUE.,270,./data/centercity/images/CAoSFkNJSE0wb2dLRUlDQWdJRGE2ZVhzUUE._270.jpg,False
,deploy,CAoSFkNJSE0wb2dLRUlDQWdJRGFxWmJ4UEE._0,CAoSFkNJSE0wb2dLRUlDQWdJRGFxWmJ4UEE.,0,./data/centercity/images/CAoSFkNJSE0wb2dLRUlDQWdJRGFxWmJ4UEE._0.jpg,False
,deploy,CAoSFkNJSE0wb2dLRUlDQWdJRGFxWmJ4UEE._90,CAoSFkNJSE0wb2dLRUlDQWdJRGFxWmJ4UEE.,90,./data/centercity/images/CAoSFkNJSE0wb2dLRUlDQWdJRGFxWmJ4UEE._90.jpg,False
,deploy,CAoSFkNJSE0wb2dLRUlDQWdJRGFxWmJ4UEE._180,CAoSFkNJSE0wb2dLRUlDQWdJRGFxWmJ4UEE.,180,./data/centercity/images/CAoSFkNJSE0wb2dLRUlDQWdJRGFxWmJ4UEE._180.jpg,False
,deploy,CAoSFkNJSE0wb2dLRUlDQWdJRGFxWmJ4UEE._270,CAoSFkNJSE0wb2dLRUlDQWdJRGFxWmJ4UEE.,270,./data/centercity/images/CAoSFkNJSE0wb2dLRUlDQWdJRGFxWmJ4UEE._270.jpg,False
,deploy,CAoSFENJSE0wb2dLRUlDQWdJRGE4WmRw_0,CAoSFENJSE0wb2dLRUlDQWdJRGE4WmRw,0,./data/centercity/images/CAoSFENJSE0wb2dLRUlDQWdJRGE4WmRw_0.jpg,False
,deploy,CAoSFENJSE0wb2dLRUlDQWdJRGE4WmRw_90,CAoSFENJSE0wb2dLRUlDQWdJRGE4WmRw,90,./data/centercity/images/CAoSFENJSE0wb2dLRUlDQWdJRGE4WmRw_90.jpg,False
,deploy,CAoSFENJSE0wb2dLRUlDQWdJRGE4WmRw_180,CAoSFENJSE0wb2dLRUlDQWdJRGE4WmRw,180,./data/centercity/images/CAoSFENJSE0wb2dLRUlDQWdJRGE4WmRw_180.jpg,False
,deploy,CAoSFENJSE0wb2dLRUlDQWdJRGE4WmRw_270,CAoSFENJSE0wb2dLRUlDQWdJRGE4WmRw,270,./data/centercity/images/CAoSFENJSE0wb2dLRUlDQWdJRGE4WmRw_270.jpg,False
,deploy,CAoSF0NJSE0wb2dLRUlDQWdJRGE2ZHI3c1FF_0,CAoSF0NJSE0wb2dLRUlDQWdJRGE2ZHI3c1FF,0,./data/centercity/images/CAoSF0NJSE0wb2dLRUlDQWdJRGE2ZHI3c1FF_0.jpg,False
,deploy,CAoSF0NJSE0wb2dLRUlDQWdJRGE2ZHI3c1FF_90,CAoSF0NJSE0wb2dLRUlDQWdJRGE2ZHI3c1FF,90,./data/centercity/images/CAoSF0NJSE0wb2dLRUlDQWdJRGE2ZHI3c1FF_90.jpg,False
,deploy,CAoSF0NJSE0wb2dLRUlDQWdJRGE2ZHI3c1FF_180,CAoSF0NJSE0wb2dLRUlDQWdJRGE2ZHI3c1FF,180,./data/centercity/images/CAoSF0NJSE0wb2dLRUlDQWdJRGE2ZHI3c1FF_180.jpg,False
,deploy,CAoSF0NJSE0wb2dLRUlDQWdJRGE2ZHI3c1FF_270,CAoSF0NJSE0wb2dLRUlDQWdJRGE2ZHI3c1FF,270,./data/centercity/images/CAoSF0NJSE0wb2dLRUlDQWdJRGE2ZHI3c1FF_270.jpg,False
,deploy,CAoSF0NJSE0wb2dLRUlDQWdJQ080dHZpcHdF_0,CAoSF0NJSE0wb2dLRUlDQWdJQ080dHZpcHdF,0,./data/centercity/images/CAoSF0NJSE0wb2dLRUlDQWdJQ080dHZpcHdF_0.jpg,False
,deploy,CAoSF0NJSE0wb2dLRUlDQWdJQ080dHZpcHdF_90,CAoSF0NJSE0wb2dLRUlDQWdJQ080dHZpcHdF,90,./data/centercity/images/CAoSF0NJSE0wb2dLRUlDQWdJQ080dHZpcHdF_90.jpg,False
,deploy,CAoSF0NJSE0wb2dLRUlDQWdJQ080dHZpcHdF_180,CAoSF0NJSE0wb2dLRUlDQWdJQ080dHZpcHdF,180,./data/centercity/images/CAoSF0NJSE0wb2dLRUlDQWdJQ080dHZpcHdF_180.jpg,False
,deploy,CAoSF0NJSE0wb2dLRUlDQWdJQ080dHZpcHdF_270,CAoSF0NJSE0wb2dLRUlDQWdJQ080dHZpcHdF,270,./data/centercity/images/CAoSF0NJSE0wb2dLRUlDQWdJQ080dHZpcHdF_270.jpg,False
,deploy,CAoSFkNJSE0wb2dLRUlDQWdJRGE2ZnVGSXc._0,CAoSFkNJSE0wb2dLRUlDQWdJRGE2ZnVGSXc.,0,./data/centercity/images/CAoSFkNJSE0wb2dLRUlDQWdJRGE2ZnVGSXc._0.jpg,False
,deploy,CAoSFkNJSE0wb2dLRUlDQWdJRGE2ZnVGSXc._90,CAoSFkNJSE0wb2dLRUlDQWdJRGE2ZnVGSXc.,90,./data/centercity/images/CAoSFkNJSE0wb2dLRUlDQWdJRGE2ZnVGSXc._90.jpg,False
,deploy,CAoSFkNJSE0wb2dLRUlDQWdJRGE2ZnVGSXc._180,CAoSFkNJSE0wb2dLRUlDQWdJRGE2ZnVGSXc.,180,./data/centercity/images/CAoSFkNJSE0wb2dLRUlDQWdJRGE2ZnVGSXc._180.jpg,False
,deploy,CAoSFkNJSE0wb2dLRUlDQWdJRGE2ZnVGSXc._270,CAoSFkNJSE0wb2dLRUlDQWdJRGE2ZnVGSXc.,270,./data/centercity/images/CAoSFkNJSE0wb2dLRUlDQWdJRGE2ZnVGSXc._270.jpg,False
,deploy,K3h8tOjQQCpFk3oDiv11bQ_0,K3h8tOjQQCpFk3oDiv11bQ,0,./data/centercity/images/K3h8tOjQQCpFk3oDiv11bQ_0.jpg,False
,deploy,K3h8tOjQQCpFk3oDiv11bQ_90,K3h8tOjQQCpFk3oDiv11bQ,90,./data/centercity/images/K3h8tOjQQCpFk3oDiv11bQ_90.jpg,False
,deploy,K3h8tOjQQCpFk3oDiv11bQ_180,K3h8tOjQQCpFk3oDiv11bQ,180,./data/centercity/images/K3h8tOjQQCpFk3oDiv11bQ_180.jpg,False
,deploy,K3h8tOjQQCpFk3oDiv11bQ_270,K3h8tOjQQCpFk3oDiv11bQ,270,./data/centercity/images/K3h8tOjQQCpFk3oDiv11bQ_270.jpg,False
,deploy,2z2VoQRAAI_4jpkmO9W2vA_0,2z2VoQRAAI_4jpkmO9W2vA,0,./data/centercity/images/2z2VoQRAAI_4jpkmO9W2vA_0.jpg,False
,deploy,2z2VoQRAAI_4jpkmO9W2vA_90,2z2VoQRAAI_4jpkmO9W2vA,90,./data/centercity/images/2z2VoQRAAI_4jpkmO9W2vA_90.jpg,False
,deploy,2z2VoQRAAI_4jpkmO9W2vA_180,2z2VoQRAAI_4jpkmO9W2vA,180,./data/centercity/images/2z2VoQRAAI_4jpkmO9W2vA_180.jpg,False
,deploy,2z2VoQRAAI_4jpkmO9W2vA_270,2z2VoQRAAI_4jpkmO9W2vA,270,./data/centercity/images/2z2VoQRAAI_4jpkmO9W2vA_270.jpg,False
,deploy,LRlQkICbQ9E8wsJM75tz6w_0,LRlQkICbQ9E8wsJM75tz6w,0,./data/centercity/images/LRlQkICbQ9E8wsJM75tz6w_0.jpg,False
,deploy,LRlQkICbQ9E8wsJM75tz6w_90,LRlQkICbQ9E8wsJM75tz6w,90,./data/centercity/images/LRlQkICbQ9E8wsJM75tz6w_90.jpg,False
,deploy,LRlQkICbQ9E8wsJM75tz6w_180,LRlQkICbQ9E8wsJM75tz6w,180,./data/centercity/images/LRlQkICbQ9E8wsJM75tz6w_180.jpg,False
,deploy,LRlQkICbQ9E8wsJM75tz6w_270,LRlQkICbQ9E8wsJM75tz6w,270,./data/centercity/images/LRlQkICbQ9E8wsJM75tz6w_270.jpg,False
,deploy,p3TwpJD90ZmFPqb03sv0-g_0,p3TwpJD90ZmFPqb03sv0-g,0,./data/centercity/images/p3TwpJD90ZmFPqb03sv0-g_0.jpg,False
,deploy,p3TwpJD90ZmFPqb03sv0-g_90,p3TwpJD90ZmFPqb03sv0-g,90,./data/centercity/images/p3TwpJD90ZmFPqb03sv0-g_90.jpg,False
,deploy,p3TwpJD90ZmFPqb03sv0-g_180,p3TwpJD90ZmFPqb03sv0-g,180,./data/centercity/images/p3TwpJD90ZmFPqb03sv0-g_180.jpg,False
,deploy,p3TwpJD90ZmFPqb03sv0-g_270,p3TwpJD90ZmFPqb03sv0-g,270,./data/centercity/images/p3TwpJD90ZmFPqb03sv0-g_270.jpg,False
,deploy,aXRhuI19QLYSM9UNyfdRnA_0,aXRhuI19QLYSM9UNyfdRnA,0,./data/centercity/images/aXRhuI19QLYSM9UNyfdRnA_0.jpg,False
,deploy,aXRhuI19QLYSM9UNyfdRnA_90,aXRhuI19QLYSM9UNyfdRnA,90,./data/centercity/images/aXRhuI19QLYSM9UNyfdRnA_90.jpg,False
,deploy,aXRhuI19QLYSM9UNyfdRnA_180,aXRhuI19QLYSM9UNyfdRnA,180,./data/centercity/images/aXRhuI19QLYSM9UNyfdRnA_180.jpg,False
,deploy,aXRhuI19QLYSM9UNyfdRnA_270,aXRhuI19QLYSM9UNyfdRnA,270,./data/centercity/images/aXRhuI19QLYSM9UNyfdRnA_270.jpg,False
,deploy,WeHe_Q_PEEraMArKmIEwew_0,WeHe_Q_PEEraMArKmIEwew,0,./data/centercity/images/WeHe_Q_PEEraMArKmIEwew_0.jpg,False
,deploy,WeHe_Q_PEEraMArKmIEwew_90,WeHe_Q_PEEraMArKmIEwew,90,./data/centercity/images/WeHe_Q_PEEraMArKmIEwew_90.jpg,False
,deploy,WeHe_Q_PEEraMArKmIEwew_180,WeHe_Q_PEEraMArKmIEwew,180,./data/centercity/images/WeHe_Q_PEEraMArKmIEwew_180.jpg,False
,deploy,WeHe_Q_PEEraMArKmIEwew_270,WeHe_Q_PEEraMArKmIEwew,270,./data/centercity/images/WeHe_Q_PEEraMArKmIEwew_270.jpg,False
,deploy,5u8qF3vHkueAtU4YU-rmqw_0,5u8qF3vHkueAtU4YU-rmqw,0,./data/centercity/images/5u8qF3vHkueAtU4YU-rmqw_0.jpg,False
,deploy,5u8qF3vHkueAtU4YU-rmqw_90,5u8qF3vHkueAtU4YU-rmqw,90,./data/centercity/images/5u8qF3vHkueAtU4YU-rmqw_90.jpg,False
,deploy,5u8qF3vHkueAtU4YU-rmqw_180,5u8qF3vHkueAtU4YU-rmqw,180,./data/centercity/images/5u8qF3vHkueAtU4YU-rmqw_180.jpg,False
,deploy,5u8qF3vHkueAtU4YU-rmqw_270,5u8qF3vHkueAtU4YU-rmqw,270,./data/centercity/images/5u8qF3vHkueAtU4YU-rmqw_270.jpg,False
,deploy,CAoSF0NJSE0wb2dLRUlDQWdJRGFpWW5pOVFF_0,CAoSF0NJSE0wb2dLRUlDQWdJRGFpWW5pOVFF,0,./data/centercity/images/CAoSF0NJSE0wb2dLRUlDQWdJRGFpWW5pOVFF_0.jpg,False
,deploy,CAoSF0NJSE0wb2dLRUlDQWdJRGFpWW5pOVFF_90,CAoSF0NJSE0wb2dLRUlDQWdJRGFpWW5pOVFF,90,./data/centercity/images/CAoSF0NJSE0wb2dLRUlDQWdJRGFpWW5pOVFF_90.jpg,False
,deploy,CAoSF0NJSE0wb2dLRUlDQWdJRGFpWW5pOVFF_180,CAoSF0NJSE0wb2dLRUlDQWdJRGFpWW5pOVFF,180,./data/centercity/images/CAoSF0NJSE0wb2dLRUlDQWdJRGFpWW5pOVFF_180.jpg,False
,deploy,CAoSF0NJSE0wb2dLRUlDQWdJRGFpWW5pOVFF_270,CAoSF0NJSE0wb2dLRUlDQWdJRGFpWW5pOVFF,270,./data/centercity/images/CAoSF0NJSE0wb2dLRUlDQWdJRGFpWW5pOVFF_270.jpg,False
,deploy,CAoSF0NJSE0wb2dLRUlDQWdJRGEyYzJ5dEFF_0,CAoSF0NJSE0wb2dLRUlDQWdJRGEyYzJ5dEFF,0,./data/centercity/images/CAoSF0NJSE0wb2dLRUlDQWdJRGEyYzJ5dEFF_0.jpg,False
,deploy,CAoSF0NJSE0wb2dLRUlDQWdJRGEyYzJ5dEFF_90,CAoSF0NJSE0wb2dLRUlDQWdJRGEyYzJ5dEFF,90,./data/centercity/images/CAoSF0NJSE0wb2dLRUlDQWdJRGEyYzJ5dEFF_90.jpg,False
,deploy,CAoSF0NJSE0wb2dLRUlDQWdJRGEyYzJ5dEFF_180,CAoSF0NJSE0wb2dLRUlDQWdJRGEyYzJ5dEFF,180,./data/centercity/images/CAoSF0NJSE0wb2dLRUlDQWdJRGEyYzJ5dEFF_180.jpg,False
,deploy,CAoSF0NJSE0wb2dLRUlDQWdJRGEyYzJ5dEFF_270,CAoSF0NJSE0wb2dLRUlDQWdJRGEyYzJ5dEFF,270,./data/centercity/images/CAoSF0NJSE0wb2dLRUlDQWdJRGEyYzJ5dEFF_270.jpg,False
,deploy,ZUOnkp24D7XlD1JE-i9BCQ_0,ZUOnkp24D7XlD1JE-i9BCQ,0,./data/centercity/images/ZUOnkp24D7XlD1JE-i9BCQ_0.jpg,False
,deploy,ZUOnkp24D7XlD1JE-i9BCQ_90,ZUOnkp24D7XlD1JE-i9BCQ,90,./data/centercity/images/ZUOnkp24D7XlD1JE-i9BCQ_90.jpg,False
,deploy,ZUOnkp24D7XlD1JE-i9BCQ_180,ZUOnkp24D7XlD1JE-i9BCQ,180,./data/centercity/images/ZUOnkp24D7XlD1JE-i9BCQ_180.jpg,False
,deploy,ZUOnkp24D7XlD1JE-i9BCQ_270,ZUOnkp24D7XlD1JE-i9BCQ,270,./data/centercity/images/ZUOnkp24D7XlD1JE-i9BCQ_270.jpg,False
,deploy,CAoSF0NJSE0wb2dLRUlDQWdJRGFtWjd4Z2dF_0,CAoSF0NJSE0wb2dLRUlDQWdJRGFtWjd4Z2dF,0,./data/centercity/images/CAoSF0NJSE0wb2dLRUlDQWdJRGFtWjd4Z2dF_0.jpg,False
,deploy,CAoSF0NJSE0wb2dLRUlDQWdJRGFtWjd4Z2dF_90,CAoSF0NJSE0wb2dLRUlDQWdJRGFtWjd4Z2dF,90,./data/centercity/images/CAoSF0NJSE0wb2dLRUlDQWdJRGFtWjd4Z2dF_90.jpg,False
,deploy,CAoSF0NJSE0wb2dLRUlDQWdJRGFtWjd4Z2dF_180,CAoSF0NJSE0wb2dLRUlDQWdJRGFtWjd4Z2dF,180,./data/centercity/images/CAoSF0NJSE0wb2dLRUlDQWdJRGFtWjd4Z2dF_180.jpg,False
,deploy,CAoSF0NJSE0wb2dLRUlDQWdJRGFtWjd4Z2dF_270,CAoSF0NJSE0wb2dLRUlDQWdJRGFtWjd4Z2dF,270,./data/centercity/images/CAoSF0NJSE0wb2dLRUlDQWdJRGFtWjd4Z2dF_270.jpg,False
,deploy,CAoSFkNJSE0wb2dLRUlDQWdJQ09ncmVaZEE._0,CAoSFkNJSE0wb2dLRUlDQWdJQ09ncmVaZEE.,0,./data/centercity/images/CAoSFkNJSE0wb2dLRUlDQWdJQ09ncmVaZEE._0.jpg,False
,deploy,CAoSFkNJSE0wb2dLRUlDQWdJQ09ncmVaZEE._90,CAoSFkNJSE0wb2dLRUlDQWdJQ09ncmVaZEE.,90,./data/centercity/images/CAoSFkNJSE0wb2dLRUlDQWdJQ09ncmVaZEE._90.jpg,False
,deploy,CAoSFkNJSE0wb2dLRUlDQWdJQ09ncmVaZEE._180,CAoSFkNJSE0wb2dLRUlDQWdJQ09ncmVaZEE.,180,./data/centercity/images/CAoSFkNJSE0wb2dLRUlDQWdJQ09ncmVaZEE._180.jpg,False
,deploy,CAoSFkNJSE0wb2dLRUlDQWdJQ09ncmVaZEE._270,CAoSFkNJSE0wb2dLRUlDQWdJQ09ncmVaZEE.,270,./data/centercity/images/CAoSFkNJSE0wb2dLRUlDQWdJQ09ncmVaZEE._270.jpg,False
,deploy,CAoSFkNJSE0wb2dLRUlDQWdJRGF5WjNkUWc._0,CAoSFkNJSE0wb2dLRUlDQWdJRGF5WjNkUWc.,0,./data/centercity/images/CAoSFkNJSE0wb2dLRUlDQWdJRGF5WjNkUWc._0.jpg,False
,deploy,CAoSFkNJSE0wb2dLRUlDQWdJRGF5WjNkUWc._90,CAoSFkNJSE0wb2dLRUlDQWdJRGF5WjNkUWc.,90,./data/centercity/images/CAoSFkNJSE0wb2dLRUlDQWdJRGF5WjNkUWc._90.jpg,False
,deploy,CAoSFkNJSE0wb2dLRUlDQWdJRGF5WjNkUWc._180,CAoSFkNJSE0wb2dLRUlDQWdJRGF5WjNkUWc.,180,./data/centercity/images/CAoSFkNJSE0wb2dLRUlDQWdJRGF5WjNkUWc._180.jpg,False
,deploy,CAoSFkNJSE0wb2dLRUlDQWdJRGF5WjNkUWc._270,CAoSFkNJSE0wb2dLRUlDQWdJRGF5WjNkUWc.,270,./data/centercity/images/CAoSFkNJSE0wb2dLRUlDQWdJRGF5WjNkUWc._270.jpg,False
,deploy,CAoSFkNJSE0wb2dLRUlDQWdJQ09ncmVSTnc._0,CAoSFkNJSE0wb2dLRUlDQWdJQ09ncmVSTnc.,0,./data/centercity/images/CAoSFkNJSE0wb2dLRUlDQWdJQ09ncmVSTnc._0.jpg,False
,deploy,CAoSFkNJSE0wb2dLRUlDQWdJQ09ncmVSTnc._90,CAoSFkNJSE0wb2dLRUlDQWdJQ09ncmVSTnc.,90,./data/centercity/images/CAoSFkNJSE0wb2dLRUlDQWdJQ09ncmVSTnc._90.jpg,False
,deploy,CAoSFkNJSE0wb2dLRUlDQWdJQ09ncmVSTnc._180,CAoSFkNJSE0wb2dLRUlDQWdJQ09ncmVSTnc.,180,./data/centercity/images/CAoSFkNJSE0wb2dLRUlDQWdJQ09ncmVSTnc._180.jpg,False
,deploy,CAoSFkNJSE0wb2dLRUlDQWdJQ09ncmVSTnc._270,CAoSFkNJSE0wb2dLRUlDQWdJQ09ncmVSTnc.,270,./data/centercity/images/CAoSFkNJSE0wb2dLRUlDQWdJQ09ncmVSTnc._270.jpg,False
,deploy,CAoSFkNJSE0wb2dLRUlDQWdJQ082clNGTnc._0,CAoSFkNJSE0wb2dLRUlDQWdJQ082clNGTnc.,0,./data/centercity/images/CAoSFkNJSE0wb2dLRUlDQWdJQ082clNGTnc._0.jpg,False
,deploy,CAoSFkNJSE0wb2dLRUlDQWdJQ082clNGTnc._90,CAoSFkNJSE0wb2dLRUlDQWdJQ082clNGTnc.,90,./data/centercity/images/CAoSFkNJSE0wb2dLRUlDQWdJQ082clNGTnc._90.jpg,False
,deploy,CAoSFkNJSE0wb2dLRUlDQWdJQ082clNGTnc._180,CAoSFkNJSE0wb2dLRUlDQWdJQ082clNGTnc.,180,./data/centercity/images/CAoSFkNJSE0wb2dLRUlDQWdJQ082clNGTnc._180.jpg,False
,deploy,CAoSFkNJSE0wb2dLRUlDQWdJQ082clNGTnc._270,CAoSFkNJSE0wb2dLRUlDQWdJQ082clNGTnc.,270,./data/centercity/images/CAoSFkNJSE0wb2dLRUlDQWdJQ082clNGTnc._270.jpg,False
,deploy,oHSBjcL5mua69ZDzyzXm0g_0,oHSBjcL5mua69ZDzyzXm0g,0,./data/centercity/images/oHSBjcL5mua69ZDzyzXm0g_0.jpg,False
,deploy,oHSBjcL5mua69ZDzyzXm0g_90,oHSBjcL5mua69ZDzyzXm0g,90,./data/centercity/images/oHSBjcL5mua69ZDzyzXm0g_90.jpg,False
,deploy,oHSBjcL5mua69ZDzyzXm0g_180,oHSBjcL5mua69ZDzyzXm0g,180,./data/centercity/images/oHSBjcL5mua69ZDzyzXm0g_180.jpg,False
,deploy,oHSBjcL5mua69ZDzyzXm0g_270,oHSBjcL5mua69ZDzyzXm0g,270,./data/centercity/images/oHSBjcL5mua69ZDzyzXm0g_270.jpg,False
,deploy,B2erNxFULjpVbPQi97eSrw_0,B2erNxFULjpVbPQi97eSrw,0,./data/centercity/images/B2erNxFULjpVbPQi97eSrw_0.jpg,False
,deploy,B2erNxFULjpVbPQi97eSrw_90,B2erNxFULjpVbPQi97eSrw,90,./data/centercity/images/B2erNxFULjpVbPQi97eSrw_90.jpg,False
,deploy,B2erNxFULjpVbPQi97eSrw_180,B2erNxFULjpVbPQi97eSrw,180,./data/centercity/images/B2erNxFULjpVbPQi97eSrw_180.jpg,False
,deploy,B2erNxFULjpVbPQi97eSrw_270,B2erNxFULjpVbPQi97eSrw,270,./data/centercity/images/B2erNxFULjpVbPQi97eSrw_270.jpg,False
,deploy,CAoSF0NJSE0wb2dLRUlDQWdJRGFpWUgxNVFF_0,CAoSF0NJSE0wb2dLRUlDQWdJRGFpWUgxNVFF,0,./data/centercity/images/CAoSF0NJSE0wb2dLRUlDQWdJRGFpWUgxNVFF_0.jpg,False
,deploy,CAoSF0NJSE0wb2dLRUlDQWdJRGFpWUgxNVFF_90,CAoSF0NJSE0wb2dLRUlDQWdJRGFpWUgxNVFF,90,./data/centercity/images/CAoSF0NJSE0wb2dLRUlDQWdJRGFpWUgxNVFF_90.jpg,False
,deploy,CAoSF0NJSE0wb2dLRUlDQWdJRGFpWUgxNVFF_180,CAoSF0NJSE0wb2dLRUlDQWdJRGFpWUgxNVFF,180,./data/centercity/images/CAoSF0NJSE0wb2dLRUlDQWdJRGFpWUgxNVFF_180.jpg,False
,deploy,CAoSF0NJSE0wb2dLRUlDQWdJRGFpWUgxNVFF_270,CAoSF0NJSE0wb2dLRUlDQWdJRGFpWUgxNVFF,270,./data/centercity/images/CAoSF0NJSE0wb2dLRUlDQWdJRGFpWUgxNVFF_270.jpg,False
,deploy,d4Bq9CrnmVv9oG-YrnniVQ_0,d4Bq9CrnmVv9oG-YrnniVQ,0,./data/centercity/images/d4Bq9CrnmVv9oG-YrnniVQ_0.jpg,False
,deploy,d4Bq9CrnmVv9oG-YrnniVQ_90,d4Bq9CrnmVv9oG-YrnniVQ,90,./data/centercity/images/d4Bq9CrnmVv9oG-YrnniVQ_90.jpg,False
,deploy,d4Bq9CrnmVv9oG-YrnniVQ_180,d4Bq9CrnmVv9oG-YrnniVQ,180,./data/centercity/images/d4Bq9CrnmVv9oG-YrnniVQ_180.jpg,False
,deploy,d4Bq9CrnmVv9oG-YrnniVQ_270,d4Bq9CrnmVv9oG-YrnniVQ,270,./data/centercity/images/d4Bq9CrnmVv9oG-YrnniVQ_270.jpg,False
,deploy,iOi8oHVyoRKGtyF1cgCNJw_0,iOi8oHVyoRKGtyF1cgCNJw,0,./data/centercity/images/iOi8oHVyoRKGtyF1cgCNJw_0.jpg,False
,deploy,iOi8oHVyoRKGtyF1cgCNJw_90,iOi8oHVyoRKGtyF1cgCNJw,90,./data/centercity/images/iOi8oHVyoRKGtyF1cgCNJw_90.jpg,False
,deploy,iOi8oHVyoRKGtyF1cgCNJw_180,iOi8oHVyoRKGtyF1cgCNJw,180,./data/centercity/images/iOi8oHVyoRKGtyF1cgCNJw_180.jpg,False
,deploy,iOi8oHVyoRKGtyF1cgCNJw_270,iOi8oHVyoRKGtyF1cgCNJw,270,./data/centercity/images/iOi8oHVyoRKGtyF1cgCNJw_270.jpg,False
,deploy,XBqhc7dD12oAo3hdt7QxqA_0,XBqhc7dD12oAo3hdt7QxqA,0,./data/centercity/images/XBqhc7dD12oAo3hdt7QxqA_0.jpg,False
,deploy,XBqhc7dD12oAo3hdt7QxqA_90,XBqhc7dD12oAo3hdt7QxqA,90,./data/centercity/images/XBqhc7dD12oAo3hdt7QxqA_90.jpg,False
,deploy,XBqhc7dD12oAo3hdt7QxqA_180,XBqhc7dD12oAo3hdt7QxqA,180,./data/centercity/images/XBqhc7dD12oAo3hdt7QxqA_180.jpg,False
,deploy,XBqhc7dD12oAo3hdt7QxqA_270,XBqhc7dD12oAo3hdt7QxqA,270,./data/centercity/images/XBqhc7dD12oAo3hdt7QxqA_270.jpg,False
,deploy,4BJVNyjRGgy-0JO02U4e8g_0,4BJVNyjRGgy-0JO02U4e8g,0,./data/centercity/images/4BJVNyjRGgy-0JO02U4e8g_0.jpg,False
,deploy,4BJVNyjRGgy-0JO02U4e8g_90,4BJVNyjRGgy-0JO02U4e8g,90,./data/centercity/images/4BJVNyjRGgy-0JO02U4e8g_90.jpg,False
,deploy,4BJVNyjRGgy-0JO02U4e8g_180,4BJVNyjRGgy-0JO02U4e8g,180,./data/centercity/images/4BJVNyjRGgy-0JO02U4e8g_180.jpg,False
,deploy,4BJVNyjRGgy-0JO02U4e8g_270,4BJVNyjRGgy-0JO02U4e8g,270,./data/centercity/images/4BJVNyjRGgy-0JO02U4e8g_270.jpg,False
,deploy,CAoSFkNJSE0wb2dLRUlDQWdJRGF5Y0djR1E._0,CAoSFkNJSE0wb2dLRUlDQWdJRGF5Y0djR1E.,0,./data/centercity/images/CAoSFkNJSE0wb2dLRUlDQWdJRGF5Y0djR1E._0.jpg,False
,deploy,CAoSFkNJSE0wb2dLRUlDQWdJRGF5Y0djR1E._90,CAoSFkNJSE0wb2dLRUlDQWdJRGF5Y0djR1E.,90,./data/centercity/images/CAoSFkNJSE0wb2dLRUlDQWdJRGF5Y0djR1E._90.jpg,False
,deploy,CAoSFkNJSE0wb2dLRUlDQWdJRGF5Y0djR1E._180,CAoSFkNJSE0wb2dLRUlDQWdJRGF5Y0djR1E.,180,./data/centercity/images/CAoSFkNJSE0wb2dLRUlDQWdJRGF5Y0djR1E._180.jpg,False
,deploy,CAoSFkNJSE0wb2dLRUlDQWdJRGF5Y0djR1E._270,CAoSFkNJSE0wb2dLRUlDQWdJRGF5Y0djR1E.,270,./data/centercity/images/CAoSFkNJSE0wb2dLRUlDQWdJRGF5Y0djR1E._270.jpg,False
,deploy,qbS__a3QW4j6CpnJrLYA-w_0,qbS__a3QW4j6CpnJrLYA-w,0,./data/centercity/images/qbS__a3QW4j6CpnJrLYA-w_0.jpg,False
,deploy,qbS__a3QW4j6CpnJrLYA-w_90,qbS__a3QW4j6CpnJrLYA-w,90,./data/centercity/images/qbS__a3QW4j6CpnJrLYA-w_90.jpg,False
,deploy,qbS__a3QW4j6CpnJrLYA-w_180,qbS__a3QW4j6CpnJrLYA-w,180,./data/centercity/images/qbS__a3QW4j6CpnJrLYA-w_180.jpg,False
,deploy,qbS__a3QW4j6CpnJrLYA-w_270,qbS__a3QW4j6CpnJrLYA-w,270,./data/centercity/images/qbS__a3QW4j6CpnJrLYA-w_270.jpg,False
,deploy,CAoSF0NJSE0wb2dLRUlDQWdJRGFpY0R5bVFF_0,CAoSF0NJSE0wb2dLRUlDQWdJRGFpY0R5bVFF,0,./data/centercity/images/CAoSF0NJSE0wb2dLRUlDQWdJRGFpY0R5bVFF_0.jpg,False
,deploy,CAoSF0NJSE0wb2dLRUlDQWdJRGFpY0R5bVFF_90,CAoSF0NJSE0wb2dLRUlDQWdJRGFpY0R5bVFF,90,./data/centercity/images/CAoSF0NJSE0wb2dLRUlDQWdJRGFpY0R5bVFF_90.jpg,False
,deploy,CAoSF0NJSE0wb2dLRUlDQWdJRGFpY0R5bVFF_180,CAoSF0NJSE0wb2dLRUlDQWdJRGFpY0R5bVFF,180,./data/centercity/images/CAoSF0NJSE0wb2dLRUlDQWdJRGFpY0R5bVFF_180.jpg,False
,deploy,CAoSF0NJSE0wb2dLRUlDQWdJRGFpY0R5bVFF_270,CAoSF0NJSE0wb2dLRUlDQWdJRGFpY0R5bVFF,270,./data/centercity/images/CAoSF0NJSE0wb2dLRUlDQWdJRGFpY0R5bVFF_270.jpg,False
,deploy,CAoSF0NJSE0wb2dLRUlDQWdJRG11YVhkd0FF_0,CAoSF0NJSE0wb2dLRUlDQWdJRG11YVhkd0FF,0,./data/centercity/images/CAoSF0NJSE0wb2dLRUlDQWdJRG11YVhkd0FF_0.jpg,False
,deploy,CAoSF0NJSE0wb2dLRUlDQWdJRG11YVhkd0FF_90,CAoSF0NJSE0wb2dLRUlDQWdJRG11YVhkd0FF,90,./data/centercity/images/CAoSF0NJSE0wb2dLRUlDQWdJRG11YVhkd0FF_90.jpg,False
,deploy,CAoSF0NJSE0wb2dLRUlDQWdJRG11YVhkd0FF_180,CAoSF0NJSE0wb2dLRUlDQWdJRG11YVhkd0FF,180,./data/centercity/images/CAoSF0NJSE0wb2dLRUlDQWdJRG11YVhkd0FF_180.jpg,False
,deploy,CAoSF0NJSE0wb2dLRUlDQWdJRG11YVhkd0FF_270,CAoSF0NJSE0wb2dLRUlDQWdJRG11YVhkd0FF,270,./data/centercity/images/CAoSF0NJSE0wb2dLRUlDQWdJRG11YVhkd0FF_270.jpg,False
,deploy,PbiALNHuC6T0HIfnS9uLqw_0,PbiALNHuC6T0HIfnS9uLqw,0,./data/centercity/images/PbiALNHuC6T0HIfnS9uLqw_0.jpg,False
,deploy,PbiALNHuC6T0HIfnS9uLqw_90,PbiALNHuC6T0HIfnS9uLqw,90,./data/centercity/images/PbiALNHuC6T0HIfnS9uLqw_90.jpg,False
,deploy,PbiALNHuC6T0HIfnS9uLqw_180,PbiALNHuC6T0HIfnS9uLqw,180,./data/centercity/images/PbiALNHuC6T0HIfnS9uLqw_180.jpg,False
,deploy,PbiALNHuC6T0HIfnS9uLqw_270,PbiALNHuC6T0HIfnS9uLqw,270,./data/centercity/images/PbiALNHuC6T0HIfnS9uLqw_270.jpg,False
,deploy,n_i060-diZwaZ15CyXvEog_0,n_i060-diZwaZ15CyXvEog,0,./data/centercity/images/n_i060-diZwaZ15CyXvEog_0.jpg,False
,deploy,n_i060-diZwaZ15CyXvEog_90,n_i060-diZwaZ15CyXvEog,90,./data/centercity/images/n_i060-diZwaZ15CyXvEog_90.jpg,False
,deploy,n_i060-diZwaZ15CyXvEog_180,n_i060-diZwaZ15CyXvEog,180,./data/centercity/images/n_i060-diZwaZ15CyXvEog_180.jpg,False
,deploy,n_i060-diZwaZ15CyXvEog_270,n_i060-diZwaZ15CyXvEog,270,./data/centercity/images/n_i060-diZwaZ15CyXvEog_270.jpg,False
,deploy,pwo3Z2AkdsPnbCfYw5JoVQ_0,pwo3Z2AkdsPnbCfYw5JoVQ,0,./data/centercity/images/pwo3Z2AkdsPnbCfYw5JoVQ_0.jpg,False
,deploy,pwo3Z2AkdsPnbCfYw5JoVQ_90,pwo3Z2AkdsPnbCfYw5JoVQ,90,./data/centercity/images/pwo3Z2AkdsPnbCfYw5JoVQ_90.jpg,False
,deploy,pwo3Z2AkdsPnbCfYw5JoVQ_180,pwo3Z2AkdsPnbCfYw5JoVQ,180,./data/centercity/images/pwo3Z2AkdsPnbCfYw5JoVQ_180.jpg,False
,deploy,pwo3Z2AkdsPnbCfYw5JoVQ_270,pwo3Z2AkdsPnbCfYw5JoVQ,270,./data/centercity/images/pwo3Z2AkdsPnbCfYw5JoVQ_270.jpg,False
,deploy,CAoSF0NJSE0wb2dLRUlDQWdJRGE2Zm5ybndF_0,CAoSF0NJSE0wb2dLRUlDQWdJRGE2Zm5ybndF,0,./data/centercity/images/CAoSF0NJSE0wb2dLRUlDQWdJRGE2Zm5ybndF_0.jpg,False
,deploy,CAoSF0NJSE0wb2dLRUlDQWdJRGE2Zm5ybndF_90,CAoSF0NJSE0wb2dLRUlDQWdJRGE2Zm5ybndF,90,./data/centercity/images/CAoSF0NJSE0wb2dLRUlDQWdJRGE2Zm5ybndF_90.jpg,False
,deploy,CAoSF0NJSE0wb2dLRUlDQWdJRGE2Zm5ybndF_180,CAoSF0NJSE0wb2dLRUlDQWdJRGE2Zm5ybndF,180,./data/centercity/images/CAoSF0NJSE0wb2dLRUlDQWdJRGE2Zm5ybndF_180.jpg,False
,deploy,CAoSF0NJSE0wb2dLRUlDQWdJRGE2Zm5ybndF_270,CAoSF0NJSE0wb2dLRUlDQWdJRGE2Zm5ybndF,270,./data/centercity/images/CAoSF0NJSE0wb2dLRUlDQWdJRGE2Zm5ybndF_270.jpg,False
,deploy,R7y-eMkzNSRUCO8jEQxFDg_0,R7y-eMkzNSRUCO8jEQxFDg,0,./data/centercity/images/R7y-eMkzNSRUCO8jEQxFDg_0.jpg,False
,deploy,R7y-eMkzNSRUCO8jEQxFDg_90,R7y-eMkzNSRUCO8jEQxFDg,90,./data/centercity/images/R7y-eMkzNSRUCO8jEQxFDg_90.jpg,False
,deploy,R7y-eMkzNSRUCO8jEQxFDg_180,R7y-eMkzNSRUCO8jEQxFDg,180,./data/centercity/images/R7y-eMkzNSRUCO8jEQxFDg_180.jpg,False
,deploy,R7y-eMkzNSRUCO8jEQxFDg_270,R7y-eMkzNSRUCO8jEQxFDg,270,./data/centercity/images/R7y-eMkzNSRUCO8jEQxFDg_270.jpg,False
,deploy,CAoSFkNJSE0wb2dLRUlDQWdJRGEyYjItV2c._0,CAoSFkNJSE0wb2dLRUlDQWdJRGEyYjItV2c.,0,./data/centercity/images/CAoSFkNJSE0wb2dLRUlDQWdJRGEyYjItV2c._0.jpg,False
,deploy,CAoSFkNJSE0wb2dLRUlDQWdJRGEyYjItV2c._90,CAoSFkNJSE0wb2dLRUlDQWdJRGEyYjItV2c.,90,./data/centercity/images/CAoSFkNJSE0wb2dLRUlDQWdJRGEyYjItV2c._90.jpg,False
,deploy,CAoSFkNJSE0wb2dLRUlDQWdJRGEyYjItV2c._180,CAoSFkNJSE0wb2dLRUlDQWdJRGEyYjItV2c.,180,./data/centercity/images/CAoSFkNJSE0wb2dLRUlDQWdJRGEyYjItV2c._180.jpg,False
,deploy,CAoSFkNJSE0wb2dLRUlDQWdJRGEyYjItV2c._270,CAoSFkNJSE0wb2dLRUlDQWdJRGEyYjItV2c.,270,./data/centercity/images/CAoSFkNJSE0wb2dLRUlDQWdJRGEyYjItV2c._270.jpg,False
,deploy,iyyNV4XIQE_7XZSy_y8VDw_0,iyyNV4XIQE_7XZSy_y8VDw,0,./data/centercity/images/iyyNV4XIQE_7XZSy_y8VDw_0.jpg,False
,deploy,iyyNV4XIQE_7XZSy_y8VDw_90,iyyNV4XIQE_7XZSy_y8VDw,90,./data/centercity/images/iyyNV4XIQE_7XZSy_y8VDw_90.jpg,False
,deploy,iyyNV4XIQE_7XZSy_y8VDw_180,iyyNV4XIQE_7XZSy_y8VDw,180,./data/centercity/images/iyyNV4XIQE_7XZSy_y8VDw_180.jpg,False
,deploy,iyyNV4XIQE_7XZSy_y8VDw_270,iyyNV4XIQE_7XZSy_y8VDw,270,./data/centercity/images/iyyNV4XIQE_7XZSy_y8VDw_270.jpg,False
,deploy,jtjIargvWOC5G_WFzauOOw_0,jtjIargvWOC5G_WFzauOOw,0,./data/centercity/images/jtjIargvWOC5G_WFzauOOw_0.jpg,False
,deploy,jtjIargvWOC5G_WFzauOOw_90,jtjIargvWOC5G_WFzauOOw,90,./data/centercity/images/jtjIargvWOC5G_WFzauOOw_90.jpg,False
,deploy,jtjIargvWOC5G_WFzauOOw_180,jtjIargvWOC5G_WFzauOOw,180,./data/centercity/images/jtjIargvWOC5G_WFzauOOw_180.jpg,False
,deploy,jtjIargvWOC5G_WFzauOOw_270,jtjIargvWOC5G_WFzauOOw,270,./data/centercity/images/jtjIargvWOC5G_WFzauOOw_270.jpg,False
,deploy,CAoSFkNJSE0wb2dLRUlDQWdJRGF5YTNBTUE._0,CAoSFkNJSE0wb2dLRUlDQWdJRGF5YTNBTUE.,0,./data/centercity/images/CAoSFkNJSE0wb2dLRUlDQWdJRGF5YTNBTUE._0.jpg,False
,deploy,CAoSFkNJSE0wb2dLRUlDQWdJRGF5YTNBTUE._90,CAoSFkNJSE0wb2dLRUlDQWdJRGF5YTNBTUE.,90,./data/centercity/images/CAoSFkNJSE0wb2dLRUlDQWdJRGF5YTNBTUE._90.jpg,False
,deploy,CAoSFkNJSE0wb2dLRUlDQWdJRGF5YTNBTUE._180,CAoSFkNJSE0wb2dLRUlDQWdJRGF5YTNBTUE.,180,./data/centercity/images/CAoSFkNJSE0wb2dLRUlDQWdJRGF5YTNBTUE._180.jpg,False
,deploy,CAoSFkNJSE0wb2dLRUlDQWdJRGF5YTNBTUE._270,CAoSFkNJSE0wb2dLRUlDQWdJRGF5YTNBTUE.,270,./data/centercity/images/CAoSFkNJSE0wb2dLRUlDQWdJRGF5YTNBTUE._270.jpg,False
,deploy,WBt52Q6mKCCxtxdGglNj5g_0,WBt52Q6mKCCxtxdGglNj5g,0,./data/centercity/images/WBt52Q6mKCCxtxdGglNj5g_0.jpg,False
,deploy,WBt52Q6mKCCxtxdGglNj5g_90,WBt52Q6mKCCxtxdGglNj5g,90,./data/centercity/images/WBt52Q6mKCCxtxdGglNj5g_90.jpg,False
,deploy,WBt52Q6mKCCxtxdGglNj5g_180,WBt52Q6mKCCxtxdGglNj5g,180,./data/centercity/images/WBt52Q6mKCCxtxdGglNj5g_180.jpg,False
,deploy,WBt52Q6mKCCxtxdGglNj5g_270,WBt52Q6mKCCxtxdGglNj5g,270,./data/centercity/images/WBt52Q6mKCCxtxdGglNj5g_270.jpg,False
,deploy,CAoSF0NJSE0wb2dLRUlDQWdJRGFzWi1XcndF_0,CAoSF0NJSE0wb2dLRUlDQWdJRGFzWi1XcndF,0,./data/centercity/images/CAoSF0NJSE0wb2dLRUlDQWdJRGFzWi1XcndF_0.jpg,False
,deploy,CAoSF0NJSE0wb2dLRUlDQWdJRGFzWi1XcndF_90,CAoSF0NJSE0wb2dLRUlDQWdJRGFzWi1XcndF,90,./data/centercity/images/CAoSF0NJSE0wb2dLRUlDQWdJRGFzWi1XcndF_90.jpg,False
,deploy,CAoSF0NJSE0wb2dLRUlDQWdJRGFzWi1XcndF_180,CAoSF0NJSE0wb2dLRUlDQWdJRGFzWi1XcndF,180,./data/centercity/images/CAoSF0NJSE0wb2dLRUlDQWdJRGFzWi1XcndF_180.jpg,False
,deploy,CAoSF0NJSE0wb2dLRUlDQWdJRGFzWi1XcndF_270,CAoSF0NJSE0wb2dLRUlDQWdJRGFzWi1XcndF,270,./data/centercity/images/CAoSF0NJSE0wb2dLRUlDQWdJRGFzWi1XcndF_270.jpg,False
,deploy,CAoSFkNJSE0wb2dLRUlDQWdJRGE2YjJpUlE._0,CAoSFkNJSE0wb2dLRUlDQWdJRGE2YjJpUlE.,0,./data/centercity/images/CAoSFkNJSE0wb2dLRUlDQWdJRGE2YjJpUlE._0.jpg,False
,deploy,CAoSFkNJSE0wb2dLRUlDQWdJRGE2YjJpUlE._90,CAoSFkNJSE0wb2dLRUlDQWdJRGE2YjJpUlE.,90,./data/centercity/images/CAoSFkNJSE0wb2dLRUlDQWdJRGE2YjJpUlE._90.jpg,False
,deploy,CAoSFkNJSE0wb2dLRUlDQWdJRGE2YjJpUlE._180,CAoSFkNJSE0wb2dLRUlDQWdJRGE2YjJpUlE.,180,./data/centercity/images/CAoSFkNJSE0wb2dLRUlDQWdJRGE2YjJpUlE._180.jpg,False
,deploy,CAoSFkNJSE0wb2dLRUlDQWdJRGE2YjJpUlE._270,CAoSFkNJSE0wb2dLRUlDQWdJRGE2YjJpUlE.,270,./data/centercity/images/CAoSFkNJSE0wb2dLRUlDQWdJRGE2YjJpUlE._270.jpg,False
,deploy,CAoSF0NJSE0wb2dLRUlDQWdJRGEwWVQzX0FF_0,CAoSF0NJSE0wb2dLRUlDQWdJRGEwWVQzX0FF,0,./data/centercity/images/CAoSF0NJSE0wb2dLRUlDQWdJRGEwWVQzX0FF_0.jpg,False
,deploy,CAoSF0NJSE0wb2dLRUlDQWdJRGEwWVQzX0FF_90,CAoSF0NJSE0wb2dLRUlDQWdJRGEwWVQzX0FF,90,./data/centercity/images/CAoSF0NJSE0wb2dLRUlDQWdJRGEwWVQzX0FF_90.jpg,False
,deploy,CAoSF0NJSE0wb2dLRUlDQWdJRGEwWVQzX0FF_180,CAoSF0NJSE0wb2dLRUlDQWdJRGEwWVQzX0FF,180,./data/centercity/images/CAoSF0NJSE0wb2dLRUlDQWdJRGEwWVQzX0FF_180.jpg,False
,deploy,CAoSF0NJSE0wb2dLRUlDQWdJRGEwWVQzX0FF_270,CAoSF0NJSE0wb2dLRUlDQWdJRGEwWVQzX0FF,270,./data/centercity/images/CAoSF0NJSE0wb2dLRUlDQWdJRGEwWVQzX0FF_270.jpg,False
,deploy,CAoSF0NJSE0wb2dLRUlDQWdJRGF5ZmY5bGdF_0,CAoSF0NJSE0wb2dLRUlDQWdJRGF5ZmY5bGdF,0,./data/centercity/images/CAoSF0NJSE0wb2dLRUlDQWdJRGF5ZmY5bGdF_0.jpg,False
,deploy,CAoSF0NJSE0wb2dLRUlDQWdJRGF5ZmY5bGdF_90,CAoSF0NJSE0wb2dLRUlDQWdJRGF5ZmY5bGdF,90,./data/centercity/images/CAoSF0NJSE0wb2dLRUlDQWdJRGF5ZmY5bGdF_90.jpg,False
,deploy,CAoSF0NJSE0wb2dLRUlDQWdJRGF5ZmY5bGdF_180,CAoSF0NJSE0wb2dLRUlDQWdJRGF5ZmY5bGdF,180,./data/centercity/images/CAoSF0NJSE0wb2dLRUlDQWdJRGF5ZmY5bGdF_180.jpg,False
,deploy,CAoSF0NJSE0wb2dLRUlDQWdJRGF5ZmY5bGdF_270,CAoSF0NJSE0wb2dLRUlDQWdJRGF5ZmY5bGdF,270,./data/centercity/images/CAoSF0NJSE0wb2dLRUlDQWdJRGF5ZmY5bGdF_270.jpg,False
,deploy,CVhmhDT4iAYXvtbo4cWHsA_0,CVhmhDT4iAYXvtbo4cWHsA,0,./data/centercity/images/CVhmhDT4iAYXvtbo4cWHsA_0.jpg,False
,deploy,CVhmhDT4iAYXvtbo4cWHsA_90,CVhmhDT4iAYXvtbo4cWHsA,90,./data/centercity/images/CVhmhDT4iAYXvtbo4cWHsA_90.jpg,False
,deploy,CVhmhDT4iAYXvtbo4cWHsA_180,CVhmhDT4iAYXvtbo4cWHsA,180,./data/centercity/images/CVhmhDT4iAYXvtbo4cWHsA_180.jpg,False
,deploy,CVhmhDT4iAYXvtbo4cWHsA_270,CVhmhDT4iAYXvtbo4cWHsA,270,./data/centercity/images/CVhmhDT4iAYXvtbo4cWHsA_270.jpg,False
,deploy,hSSP4JQcqC7Sxw_GyF4S5w_0,hSSP4JQcqC7Sxw_GyF4S5w,0,./data/centercity/images/hSSP4JQcqC7Sxw_GyF4S5w_0.jpg,False
,deploy,hSSP4JQcqC7Sxw_GyF4S5w_90,hSSP4JQcqC7Sxw_GyF4S5w,90,./data/centercity/images/hSSP4JQcqC7Sxw_GyF4S5w_90.jpg,False
,deploy,hSSP4JQcqC7Sxw_GyF4S5w_180,hSSP4JQcqC7Sxw_GyF4S5w,180,./data/centercity/images/hSSP4JQcqC7Sxw_GyF4S5w_180.jpg,False
,deploy,hSSP4JQcqC7Sxw_GyF4S5w_270,hSSP4JQcqC7Sxw_GyF4S5w,270,./data/centercity/images/hSSP4JQcqC7Sxw_GyF4S5w_270.jpg,False
,deploy,UpyP2TD0GYMdSi5K1VwVig_0,UpyP2TD0GYMdSi5K1VwVig,0,./data/centercity/images/UpyP2TD0GYMdSi5K1VwVig_0.jpg,False
,deploy,UpyP2TD0GYMdSi5K1VwVig_90,UpyP2TD0GYMdSi5K1VwVig,90,./data/centercity/images/UpyP2TD0GYMdSi5K1VwVig_90.jpg,False
,deploy,UpyP2TD0GYMdSi5K1VwVig_180,UpyP2TD0GYMdSi5K1VwVig,180,./data/centercity/images/UpyP2TD0GYMdSi5K1VwVig_180.jpg,False
,deploy,UpyP2TD0GYMdSi5K1VwVig_270,UpyP2TD0GYMdSi5K1VwVig,270,./data/centercity/images/UpyP2TD0GYMdSi5K1VwVig_270.jpg,False
,deploy,AWZRWHDcUyIE1-7GVwPv9Q_0,AWZRWHDcUyIE1-7GVwPv9Q,0,./data/centercity/images/AWZRWHDcUyIE1-7GVwPv9Q_0.jpg,False
,deploy,AWZRWHDcUyIE1-7GVwPv9Q_90,AWZRWHDcUyIE1-7GVwPv9Q,90,./data/centercity/images/AWZRWHDcUyIE1-7GVwPv9Q_90.jpg,False
,deploy,AWZRWHDcUyIE1-7GVwPv9Q_180,AWZRWHDcUyIE1-7GVwPv9Q,180,./data/centercity/images/AWZRWHDcUyIE1-7GVwPv9Q_180.jpg,False
,deploy,AWZRWHDcUyIE1-7GVwPv9Q_270,AWZRWHDcUyIE1-7GVwPv9Q,270,./data/centercity/images/AWZRWHDcUyIE1-7GVwPv9Q_270.jpg,False
,deploy,CAoSFkNJSE0wb2dLRUlDQWdJQzJrcTIzV1E._0,CAoSFkNJSE0wb2dLRUlDQWdJQzJrcTIzV1E.,0,./data/centercity/images/CAoSFkNJSE0wb2dLRUlDQWdJQzJrcTIzV1E._0.jpg,False
,deploy,CAoSFkNJSE0wb2dLRUlDQWdJQzJrcTIzV1E._90,CAoSFkNJSE0wb2dLRUlDQWdJQzJrcTIzV1E.,90,./data/centercity/images/CAoSFkNJSE0wb2dLRUlDQWdJQzJrcTIzV1E._90.jpg,False
,deploy,CAoSFkNJSE0wb2dLRUlDQWdJQzJrcTIzV1E._180,CAoSFkNJSE0wb2dLRUlDQWdJQzJrcTIzV1E.,180,./data/centercity/images/CAoSFkNJSE0wb2dLRUlDQWdJQzJrcTIzV1E._180.jpg,False
,deploy,CAoSFkNJSE0wb2dLRUlDQWdJQzJrcTIzV1E._270,CAoSFkNJSE0wb2dLRUlDQWdJQzJrcTIzV1E.,270,./data/centercity/images/CAoSFkNJSE0wb2dLRUlDQWdJQzJrcTIzV1E._270.jpg,False
,deploy,CAoSF0NJSE0wb2dLRUlDQWdJRGFxYlh5NkFF_0,CAoSF0NJSE0wb2dLRUlDQWdJRGFxYlh5NkFF,0,./data/centercity/images/CAoSF0NJSE0wb2dLRUlDQWdJRGFxYlh5NkFF_0.jpg,False
,deploy,CAoSF0NJSE0wb2dLRUlDQWdJRGFxYlh5NkFF_90,CAoSF0NJSE0wb2dLRUlDQWdJRGFxYlh5NkFF,90,./data/centercity/images/CAoSF0NJSE0wb2dLRUlDQWdJRGFxYlh5NkFF_90.jpg,False
,deploy,CAoSF0NJSE0wb2dLRUlDQWdJRGFxYlh5NkFF_180,CAoSF0NJSE0wb2dLRUlDQWdJRGFxYlh5NkFF,180,./data/centercity/images/CAoSF0NJSE0wb2dLRUlDQWdJRGFxYlh5NkFF_180.jpg,False
,deploy,CAoSF0NJSE0wb2dLRUlDQWdJRGFxYlh5NkFF_270,CAoSF0NJSE0wb2dLRUlDQWdJRGFxYlh5NkFF,270,./data/centercity/images/CAoSF0NJSE0wb2dLRUlDQWdJRGFxYlh5NkFF_270.jpg,False
,deploy,QWrht_JWvbGeDzVxPjeQcg_0,QWrht_JWvbGeDzVxPjeQcg,0,./data/centercity/images/QWrht_JWvbGeDzVxPjeQcg_0.jpg,False
,deploy,QWrht_JWvbGeDzVxPjeQcg_90,QWrht_JWvbGeDzVxPjeQcg,90,./data/centercity/images/QWrht_JWvbGeDzVxPjeQcg_90.jpg,False
,deploy,QWrht_JWvbGeDzVxPjeQcg_180,QWrht_JWvbGeDzVxPjeQcg,180,./data/centercity/images/QWrht_JWvbGeDzVxPjeQcg_180.jpg,False
,deploy,QWrht_JWvbGeDzVxPjeQcg_270,QWrht_JWvbGeDzVxPjeQcg,270,./data/centercity/images/QWrht_JWvbGeDzVxPjeQcg_270.jpg,False
,deploy,Bq5_5fmMuA3CSvc84tkHcw_0,Bq5_5fmMuA3CSvc84tkHcw,0,./data/centercity/images/Bq5_5fmMuA3CSvc84tkHcw_0.jpg,False
,deploy,Bq5_5fmMuA3CSvc84tkHcw_90,Bq5_5fmMuA3CSvc84tkHcw,90,./data/centercity/images/Bq5_5fmMuA3CSvc84tkHcw_90.jpg,False
,deploy,Bq5_5fmMuA3CSvc84tkHcw_180,Bq5_5fmMuA3CSvc84tkHcw,180,./data/centercity/images/Bq5_5fmMuA3CSvc84tkHcw_180.jpg,False
,deploy,Bq5_5fmMuA3CSvc84tkHcw_270,Bq5_5fmMuA3CSvc84tkHcw,270,./data/centercity/images/Bq5_5fmMuA3CSvc84tkHcw_270.jpg,False
,deploy,Y0y3ASD_q4Dt_OXmuYtCdQ_0,Y0y3ASD_q4Dt_OXmuYtCdQ,0,./data/centercity/images/Y0y3ASD_q4Dt_OXmuYtCdQ_0.jpg,False
,deploy,Y0y3ASD_q4Dt_OXmuYtCdQ_90,Y0y3ASD_q4Dt_OXmuYtCdQ,90,./data/centercity/images/Y0y3ASD_q4Dt_OXmuYtCdQ_90.jpg,False
,deploy,Y0y3ASD_q4Dt_OXmuYtCdQ_180,Y0y3ASD_q4Dt_OXmuYtCdQ,180,./data/centercity/images/Y0y3ASD_q4Dt_OXmuYtCdQ_180.jpg,False
,deploy,Y0y3ASD_q4Dt_OXmuYtCdQ_270,Y0y3ASD_q4Dt_OXmuYtCdQ,270,./data/centercity/images/Y0y3ASD_q4Dt_OXmuYtCdQ_270.jpg,False
,deploy,TmR2LrGSggANqCyLjbmbgw_0,TmR2LrGSggANqCyLjbmbgw,0,./data/centercity/images/TmR2LrGSggANqCyLjbmbgw_0.jpg,False
,deploy,TmR2LrGSggANqCyLjbmbgw_90,TmR2LrGSggANqCyLjbmbgw,90,./data/centercity/images/TmR2LrGSggANqCyLjbmbgw_90.jpg,False
,deploy,TmR2LrGSggANqCyLjbmbgw_180,TmR2LrGSggANqCyLjbmbgw,180,./data/centercity/images/TmR2LrGSggANqCyLjbmbgw_180.jpg,False
,deploy,TmR2LrGSggANqCyLjbmbgw_270,TmR2LrGSggANqCyLjbmbgw,270,./data/centercity/images/TmR2LrGSggANqCyLjbmbgw_270.jpg,False
,deploy,CAoSF0NJSE0wb2dLRUlDQWdJRGFzWURnc2dF_0,CAoSF0NJSE0wb2dLRUlDQWdJRGFzWURnc2dF,0,./data/centercity/images/CAoSF0NJSE0wb2dLRUlDQWdJRGFzWURnc2dF_0.jpg,False
,deploy,CAoSF0NJSE0wb2dLRUlDQWdJRGFzWURnc2dF_90,CAoSF0NJSE0wb2dLRUlDQWdJRGFzWURnc2dF,90,./data/centercity/images/CAoSF0NJSE0wb2dLRUlDQWdJRGFzWURnc2dF_90.jpg,False
,deploy,CAoSF0NJSE0wb2dLRUlDQWdJRGFzWURnc2dF_180,CAoSF0NJSE0wb2dLRUlDQWdJRGFzWURnc2dF,180,./data/centercity/images/CAoSF0NJSE0wb2dLRUlDQWdJRGFzWURnc2dF_180.jpg,False
,deploy,CAoSF0NJSE0wb2dLRUlDQWdJRGFzWURnc2dF_270,CAoSF0NJSE0wb2dLRUlDQWdJRGFzWURnc2dF,270,./data/centercity/images/CAoSF0NJSE0wb2dLRUlDQWdJRGFzWURnc2dF_270.jpg,False
,deploy,yj3kUiZ_WG7J0FpACm9RKQ_0,yj3kUiZ_WG7J0FpACm9RKQ,0,./data/centercity/images/yj3kUiZ_WG7J0FpACm9RKQ_0.jpg,False
,deploy,yj3kUiZ_WG7J0FpACm9RKQ_90,yj3kUiZ_WG7J0FpACm9RKQ,90,./data/centercity/images/yj3kUiZ_WG7J0FpACm9RKQ_90.jpg,False
,deploy,yj3kUiZ_WG7J0FpACm9RKQ_180,yj3kUiZ_WG7J0FpACm9RKQ,180,./data/centercity/images/yj3kUiZ_WG7J0FpACm9RKQ_180.jpg,False
,deploy,yj3kUiZ_WG7J0FpACm9RKQ_270,yj3kUiZ_WG7J0FpACm9RKQ,270,./data/centercity/images/yj3kUiZ_WG7J0FpACm9RKQ_270.jpg,False
,deploy,HFsWJ5DjpygohQPm-Yc2NA_0,HFsWJ5DjpygohQPm-Yc2NA,0,./data/centercity/images/HFsWJ5DjpygohQPm-Yc2NA_0.jpg,False
,deploy,HFsWJ5DjpygohQPm-Yc2NA_90,HFsWJ5DjpygohQPm-Yc2NA,90,./data/centercity/images/HFsWJ5DjpygohQPm-Yc2NA_90.jpg,False
,deploy,HFsWJ5DjpygohQPm-Yc2NA_180,HFsWJ5DjpygohQPm-Yc2NA,180,./data/centercity/images/HFsWJ5DjpygohQPm-Yc2NA_180.jpg,False
,deploy,HFsWJ5DjpygohQPm-Yc2NA_270,HFsWJ5DjpygohQPm-Yc2NA,270,./data/centercity/images/HFsWJ5DjpygohQPm-Yc2NA_270.jpg,False
,deploy,CAoSF0NJSE0wb2dLRUlDQWdJRGFtYnJUNkFF_0,CAoSF0NJSE0wb2dLRUlDQWdJRGFtYnJUNkFF,0,./data/centercity/images/CAoSF0NJSE0wb2dLRUlDQWdJRGFtYnJUNkFF_0.jpg,False
,deploy,CAoSF0NJSE0wb2dLRUlDQWdJRGFtYnJUNkFF_90,CAoSF0NJSE0wb2dLRUlDQWdJRGFtYnJUNkFF,90,./data/centercity/images/CAoSF0NJSE0wb2dLRUlDQWdJRGFtYnJUNkFF_90.jpg,False
,deploy,CAoSF0NJSE0wb2dLRUlDQWdJRGFtYnJUNkFF_180,CAoSF0NJSE0wb2dLRUlDQWdJRGFtYnJUNkFF,180,./data/centercity/images/CAoSF0NJSE0wb2dLRUlDQWdJRGFtYnJUNkFF_180.jpg,False
,deploy,CAoSF0NJSE0wb2dLRUlDQWdJRGFtYnJUNkFF_270,CAoSF0NJSE0wb2dLRUlDQWdJRGFtYnJUNkFF,270,./data/centercity/images/CAoSF0NJSE0wb2dLRUlDQWdJRGFtYnJUNkFF_270.jpg,False
,deploy,CAoSF0NJSE0wb2dLRUlDQWdJRGE4Y3FfaGdF_0,CAoSF0NJSE0wb2dLRUlDQWdJRGE4Y3FfaGdF,0,./data/centercity/images/CAoSF0NJSE0wb2dLRUlDQWdJRGE4Y3FfaGdF_0.jpg,False
,deploy,CAoSF0NJSE0wb2dLRUlDQWdJRGE4Y3FfaGdF_90,CAoSF0NJSE0wb2dLRUlDQWdJRGE4Y3FfaGdF,90,./data/centercity/images/CAoSF0NJSE0wb2dLRUlDQWdJRGE4Y3FfaGdF_90.jpg,False
,deploy,CAoSF0NJSE0wb2dLRUlDQWdJRGE4Y3FfaGdF_180,CAoSF0NJSE0wb2dLRUlDQWdJRGE4Y3FfaGdF,180,./data/centercity/images/CAoSF0NJSE0wb2dLRUlDQWdJRGE4Y3FfaGdF_180.jpg,False
,deploy,CAoSF0NJSE0wb2dLRUlDQWdJRGE4Y3FfaGdF_270,CAoSF0NJSE0wb2dLRUlDQWdJRGE4Y3FfaGdF,270,./data/centercity/images/CAoSF0NJSE0wb2dLRUlDQWdJRGE4Y3FfaGdF_270.jpg,False
,deploy,o235iBZv0wWW3C5rApgYvQ_0,o235iBZv0wWW3C5rApgYvQ,0,./data/centercity/images/o235iBZv0wWW3C5rApgYvQ_0.jpg,False
,deploy,o235iBZv0wWW3C5rApgYvQ_90,o235iBZv0wWW3C5rApgYvQ,90,./data/centercity/images/o235iBZv0wWW3C5rApgYvQ_90.jpg,False
,deploy,o235iBZv0wWW3C5rApgYvQ_180,o235iBZv0wWW3C5rApgYvQ,180,./data/centercity/images/o235iBZv0wWW3C5rApgYvQ_180.jpg,False
,deploy,o235iBZv0wWW3C5rApgYvQ_270,o235iBZv0wWW3C5rApgYvQ,270,./data/centercity/images/o235iBZv0wWW3C5rApgYvQ_270.jpg,False
,deploy,ecOCiw3U5czzbZbn3Wn5bA_0,ecOCiw3U5czzbZbn3Wn5bA,0,./data/centercity/images/ecOCiw3U5czzbZbn3Wn5bA_0.jpg,False
,deploy,ecOCiw3U5czzbZbn3Wn5bA_90,ecOCiw3U5czzbZbn3Wn5bA,90,./data/centercity/images/ecOCiw3U5czzbZbn3Wn5bA_90.jpg,False
,deploy,ecOCiw3U5czzbZbn3Wn5bA_180,ecOCiw3U5czzbZbn3Wn5bA,180,./data/centercity/images/ecOCiw3U5czzbZbn3Wn5bA_180.jpg,False
,deploy,ecOCiw3U5czzbZbn3Wn5bA_270,ecOCiw3U5czzbZbn3Wn5bA,270,./data/centercity/images/ecOCiw3U5czzbZbn3Wn5bA_270.jpg,False
,deploy,UV79ZzJ5rG2gyha3qEhyAg_0,UV79ZzJ5rG2gyha3qEhyAg,0,./data/centercity/images/UV79ZzJ5rG2gyha3qEhyAg_0.jpg,False
,deploy,UV79ZzJ5rG2gyha3qEhyAg_90,UV79ZzJ5rG2gyha3qEhyAg,90,./data/centercity/images/UV79ZzJ5rG2gyha3qEhyAg_90.jpg,False
,deploy,UV79ZzJ5rG2gyha3qEhyAg_180,UV79ZzJ5rG2gyha3qEhyAg,180,./data/centercity/images/UV79ZzJ5rG2gyha3qEhyAg_180.jpg,False
,deploy,UV79ZzJ5rG2gyha3qEhyAg_270,UV79ZzJ5rG2gyha3qEhyAg,270,./data/centercity/images/UV79ZzJ5rG2gyha3qEhyAg_270.jpg,False
,deploy,PGJdKiGuMdP5ACtf6mLaPQ_0,PGJdKiGuMdP5ACtf6mLaPQ,0,./data/centercity/images/PGJdKiGuMdP5ACtf6mLaPQ_0.jpg,False
,deploy,PGJdKiGuMdP5ACtf6mLaPQ_90,PGJdKiGuMdP5ACtf6mLaPQ,90,./data/centercity/images/PGJdKiGuMdP5ACtf6mLaPQ_90.jpg,False
,deploy,PGJdKiGuMdP5ACtf6mLaPQ_180,PGJdKiGuMdP5ACtf6mLaPQ,180,./data/centercity/images/PGJdKiGuMdP5ACtf6mLaPQ_180.jpg,False
,deploy,PGJdKiGuMdP5ACtf6mLaPQ_270,PGJdKiGuMdP5ACtf6mLaPQ,270,./data/centercity/images/PGJdKiGuMdP5ACtf6mLaPQ_270.jpg,False
,deploy,U0EnMYUokYHoup93DZDkMg_0,U0EnMYUokYHoup93DZDkMg,0,./data/centercity/images/U0EnMYUokYHoup93DZDkMg_0.jpg,False
,deploy,U0EnMYUokYHoup93DZDkMg_90,U0EnMYUokYHoup93DZDkMg,90,./data/centercity/images/U0EnMYUokYHoup93DZDkMg_90.jpg,False
,deploy,U0EnMYUokYHoup93DZDkMg_180,U0EnMYUokYHoup93DZDkMg,180,./data/centercity/images/U0EnMYUokYHoup93DZDkMg_180.jpg,False
,deploy,U0EnMYUokYHoup93DZDkMg_270,U0EnMYUokYHoup93DZDkMg,270,./data/centercity/images/U0EnMYUokYHoup93DZDkMg_270.jpg,False
,deploy,Ht9FiSEpMdzb_LT6a36bQw_0,Ht9FiSEpMdzb_LT6a36bQw,0,./data/centercity/images/Ht9FiSEpMdzb_LT6a36bQw_0.jpg,False
,deploy,Ht9FiSEpMdzb_LT6a36bQw_90,Ht9FiSEpMdzb_LT6a36bQw,90,./data/centercity/images/Ht9FiSEpMdzb_LT6a36bQw_90.jpg,False
,deploy,Ht9FiSEpMdzb_LT6a36bQw_180,Ht9FiSEpMdzb_LT6a36bQw,180,./data/centercity/images/Ht9FiSEpMdzb_LT6a36bQw_180.jpg,False
,deploy,Ht9FiSEpMdzb_LT6a36bQw_270,Ht9FiSEpMdzb_LT6a36bQw,270,./data/centercity/images/Ht9FiSEpMdzb_LT6a36bQw_270.jpg,False
,deploy,CAoSFkNJSE0wb2dLRUlDQWdJRGE2WWVkU0E._0,CAoSFkNJSE0wb2dLRUlDQWdJRGE2WWVkU0E.,0,./data/centercity/images/CAoSFkNJSE0wb2dLRUlDQWdJRGE2WWVkU0E._0.jpg,False
,deploy,CAoSFkNJSE0wb2dLRUlDQWdJRGE2WWVkU0E._90,CAoSFkNJSE0wb2dLRUlDQWdJRGE2WWVkU0E.,90,./data/centercity/images/CAoSFkNJSE0wb2dLRUlDQWdJRGE2WWVkU0E._90.jpg,False
,deploy,CAoSFkNJSE0wb2dLRUlDQWdJRGE2WWVkU0E._180,CAoSFkNJSE0wb2dLRUlDQWdJRGE2WWVkU0E.,180,./data/centercity/images/CAoSFkNJSE0wb2dLRUlDQWdJRGE2WWVkU0E._180.jpg,False
,deploy,CAoSFkNJSE0wb2dLRUlDQWdJRGE2WWVkU0E._270,CAoSFkNJSE0wb2dLRUlDQWdJRGE2WWVkU0E.,270,./data/centercity/images/CAoSFkNJSE0wb2dLRUlDQWdJRGE2WWVkU0E._270.jpg,False
,deploy,6bJaJKQ3F0nw5VN1WYLL_g_0,6bJaJKQ3F0nw5VN1WYLL_g,0,./data/centercity/images/6bJaJKQ3F0nw5VN1WYLL_g_0.jpg,False
,deploy,6bJaJKQ3F0nw5VN1WYLL_g_90,6bJaJKQ3F0nw5VN1WYLL_g,90,./data/centercity/images/6bJaJKQ3F0nw5VN1WYLL_g_90.jpg,False
,deploy,6bJaJKQ3F0nw5VN1WYLL_g_180,6bJaJKQ3F0nw5VN1WYLL_g,180,./data/centercity/images/6bJaJKQ3F0nw5VN1WYLL_g_180.jpg,False
,deploy,6bJaJKQ3F0nw5VN1WYLL_g_270,6bJaJKQ3F0nw5VN1WYLL_g,270,./data/centercity/images/6bJaJKQ3F0nw5VN1WYLL_g_270.jpg,False
,deploy,x_KSv_JMHLTXxl_tka5UOw_0,x_KSv_JMHLTXxl_tka5UOw,0,./data/centercity/images/x_KSv_JMHLTXxl_tka5UOw_0.jpg,False
,deploy,x_KSv_JMHLTXxl_tka5UOw_90,x_KSv_JMHLTXxl_tka5UOw,90,./data/centercity/images/x_KSv_JMHLTXxl_tka5UOw_90.jpg,False
,deploy,x_KSv_JMHLTXxl_tka5UOw_180,x_KSv_JMHLTXxl_tka5UOw,180,./data/centercity/images/x_KSv_JMHLTXxl_tka5UOw_180.jpg,False
,deploy,x_KSv_JMHLTXxl_tka5UOw_270,x_KSv_JMHLTXxl_tka5UOw,270,./data/centercity/images/x_KSv_JMHLTXxl_tka5UOw_270.jpg,False
,deploy,Og64tbYWCyvpBP12zNZ8YA_0,Og64tbYWCyvpBP12zNZ8YA,0,./data/centercity/images/Og64tbYWCyvpBP12zNZ8YA_0.jpg,False
,deploy,Og64tbYWCyvpBP12zNZ8YA_90,Og64tbYWCyvpBP12zNZ8YA,90,./data/centercity/images/Og64tbYWCyvpBP12zNZ8YA_90.jpg,False
,deploy,Og64tbYWCyvpBP12zNZ8YA_180,Og64tbYWCyvpBP12zNZ8YA,180,./data/centercity/images/Og64tbYWCyvpBP12zNZ8YA_180.jpg,False
,deploy,Og64tbYWCyvpBP12zNZ8YA_270,Og64tbYWCyvpBP12zNZ8YA,270,./data/centercity/images/Og64tbYWCyvpBP12zNZ8YA_270.jpg,False
,deploy,CAoSFkNJSE0wb2dLRUlDQWdJRGE4WXJ0Q3c._0,CAoSFkNJSE0wb2dLRUlDQWdJRGE4WXJ0Q3c.,0,./data/centercity/images/CAoSFkNJSE0wb2dLRUlDQWdJRGE4WXJ0Q3c._0.jpg,False
,deploy,CAoSFkNJSE0wb2dLRUlDQWdJRGE4WXJ0Q3c._90,CAoSFkNJSE0wb2dLRUlDQWdJRGE4WXJ0Q3c.,90,./data/centercity/images/CAoSFkNJSE0wb2dLRUlDQWdJRGE4WXJ0Q3c._90.jpg,False
,deploy,CAoSFkNJSE0wb2dLRUlDQWdJRGE4WXJ0Q3c._180,CAoSFkNJSE0wb2dLRUlDQWdJRGE4WXJ0Q3c.,180,./data/centercity/images/CAoSFkNJSE0wb2dLRUlDQWdJRGE4WXJ0Q3c._180.jpg,False
,deploy,CAoSFkNJSE0wb2dLRUlDQWdJRGE4WXJ0Q3c._270,CAoSFkNJSE0wb2dLRUlDQWdJRGE4WXJ0Q3c.,270,./data/centercity/images/CAoSFkNJSE0wb2dLRUlDQWdJRGE4WXJ0Q3c._270.jpg,False
,deploy,CAoSFkNJSE0wb2dLRUlDQWdJQ3VpdVMxUmc._0,CAoSFkNJSE0wb2dLRUlDQWdJQ3VpdVMxUmc.,0,./data/centercity/images/CAoSFkNJSE0wb2dLRUlDQWdJQ3VpdVMxUmc._0.jpg,False
,deploy,CAoSFkNJSE0wb2dLRUlDQWdJQ3VpdVMxUmc._90,CAoSFkNJSE0wb2dLRUlDQWdJQ3VpdVMxUmc.,90,./data/centercity/images/CAoSFkNJSE0wb2dLRUlDQWdJQ3VpdVMxUmc._90.jpg,False
,deploy,CAoSFkNJSE0wb2dLRUlDQWdJQ3VpdVMxUmc._180,CAoSFkNJSE0wb2dLRUlDQWdJQ3VpdVMxUmc.,180,./data/centercity/images/CAoSFkNJSE0wb2dLRUlDQWdJQ3VpdVMxUmc._180.jpg,False
,deploy,CAoSFkNJSE0wb2dLRUlDQWdJQ3VpdVMxUmc._270,CAoSFkNJSE0wb2dLRUlDQWdJQ3VpdVMxUmc.,270,./data/centercity/images/CAoSFkNJSE0wb2dLRUlDQWdJQ3VpdVMxUmc._270.jpg,False
,deploy,CAoSF0NJSE0wb2dLRUlDQWdJRGVoWjZIcVFF_0,CAoSF0NJSE0wb2dLRUlDQWdJRGVoWjZIcVFF,0,./data/centercity/images/CAoSF0NJSE0wb2dLRUlDQWdJRGVoWjZIcVFF_0.jpg,False
,deploy,CAoSF0NJSE0wb2dLRUlDQWdJRGVoWjZIcVFF_90,CAoSF0NJSE0wb2dLRUlDQWdJRGVoWjZIcVFF,90,./data/centercity/images/CAoSF0NJSE0wb2dLRUlDQWdJRGVoWjZIcVFF_90.jpg,False
,deploy,CAoSF0NJSE0wb2dLRUlDQWdJRGVoWjZIcVFF_180,CAoSF0NJSE0wb2dLRUlDQWdJRGVoWjZIcVFF,180,./data/centercity/images/CAoSF0NJSE0wb2dLRUlDQWdJRGVoWjZIcVFF_180.jpg,False
,deploy,CAoSF0NJSE0wb2dLRUlDQWdJRGVoWjZIcVFF_270,CAoSF0NJSE0wb2dLRUlDQWdJRGVoWjZIcVFF,270,./data/centercity/images/CAoSF0NJSE0wb2dLRUlDQWdJRGVoWjZIcVFF_270.jpg,False
,deploy,ETr9RlYt5naAqcp3Tz1mKg_0,ETr9RlYt5naAqcp3Tz1mKg,0,./data/centercity/images/ETr9RlYt5naAqcp3Tz1mKg_0.jpg,False
,deploy,ETr9RlYt5naAqcp3Tz1mKg_90,ETr9RlYt5naAqcp3Tz1mKg,90,./data/centercity/images/ETr9RlYt5naAqcp3Tz1mKg_90.jpg,False
,deploy,ETr9RlYt5naAqcp3Tz1mKg_180,ETr9RlYt5naAqcp3Tz1mKg,180,./data/centercity/images/ETr9RlYt5naAqcp3Tz1mKg_180.jpg,False
,deploy,ETr9RlYt5naAqcp3Tz1mKg_270,ETr9RlYt5naAqcp3Tz1mKg,270,./data/centercity/images/ETr9RlYt5naAqcp3Tz1mKg_270.jpg,False
,deploy,ieuUG6ugjI0WNspYOCmPpw_0,ieuUG6ugjI0WNspYOCmPpw,0,./data/centercity/images/ieuUG6ugjI0WNspYOCmPpw_0.jpg,False
,deploy,ieuUG6ugjI0WNspYOCmPpw_90,ieuUG6ugjI0WNspYOCmPpw,90,./data/centercity/images/ieuUG6ugjI0WNspYOCmPpw_90.jpg,False
,deploy,ieuUG6ugjI0WNspYOCmPpw_180,ieuUG6ugjI0WNspYOCmPpw,180,./data/centercity/images/ieuUG6ugjI0WNspYOCmPpw_180.jpg,False
,deploy,ieuUG6ugjI0WNspYOCmPpw_270,ieuUG6ugjI0WNspYOCmPpw,270,./data/centercity/images/ieuUG6ugjI0WNspYOCmPpw_270.jpg,False
,deploy,nwyHwtDHgNTgJ55hKuuY4g_0,nwyHwtDHgNTgJ55hKuuY4g,0,./data/centercity/images/nwyHwtDHgNTgJ55hKuuY4g_0.jpg,False
,deploy,nwyHwtDHgNTgJ55hKuuY4g_90,nwyHwtDHgNTgJ55hKuuY4g,90,./data/centercity/images/nwyHwtDHgNTgJ55hKuuY4g_90.jpg,False
,deploy,nwyHwtDHgNTgJ55hKuuY4g_180,nwyHwtDHgNTgJ55hKuuY4g,180,./data/centercity/images/nwyHwtDHgNTgJ55hKuuY4g_180.jpg,False
,deploy,nwyHwtDHgNTgJ55hKuuY4g_270,nwyHwtDHgNTgJ55hKuuY4g,270,./data/centercity/images/nwyHwtDHgNTgJ55hKuuY4g_270.jpg,False
,deploy,CAoSF0NJSE0wb2dLRUlDQWdJRGEyWnJJOEFF_0,CAoSF0NJSE0wb2dLRUlDQWdJRGEyWnJJOEFF,0,./data/centercity/images/CAoSF0NJSE0wb2dLRUlDQWdJRGEyWnJJOEFF_0.jpg,False
,deploy,CAoSF0NJSE0wb2dLRUlDQWdJRGEyWnJJOEFF_90,CAoSF0NJSE0wb2dLRUlDQWdJRGEyWnJJOEFF,90,./data/centercity/images/CAoSF0NJSE0wb2dLRUlDQWdJRGEyWnJJOEFF_90.jpg,False
,deploy,CAoSF0NJSE0wb2dLRUlDQWdJRGEyWnJJOEFF_180,CAoSF0NJSE0wb2dLRUlDQWdJRGEyWnJJOEFF,180,./data/centercity/images/CAoSF0NJSE0wb2dLRUlDQWdJRGEyWnJJOEFF_180.jpg,False
,deploy,CAoSF0NJSE0wb2dLRUlDQWdJRGEyWnJJOEFF_270,CAoSF0NJSE0wb2dLRUlDQWdJRGEyWnJJOEFF,270,./data/centercity/images/CAoSF0NJSE0wb2dLRUlDQWdJRGEyWnJJOEFF_270.jpg,False
,deploy,CAoSFkNJSE0wb2dLRUlDQWdJRGE4WXp0Umc._0,CAoSFkNJSE0wb2dLRUlDQWdJRGE4WXp0Umc.,0,./data/centercity/images/CAoSFkNJSE0wb2dLRUlDQWdJRGE4WXp0Umc._0.jpg,False
,deploy,CAoSFkNJSE0wb2dLRUlDQWdJRGE4WXp0Umc._90,CAoSFkNJSE0wb2dLRUlDQWdJRGE4WXp0Umc.,90,./data/centercity/images/CAoSFkNJSE0wb2dLRUlDQWdJRGE4WXp0Umc._90.jpg,False
,deploy,CAoSFkNJSE0wb2dLRUlDQWdJRGE4WXp0Umc._180,CAoSFkNJSE0wb2dLRUlDQWdJRGE4WXp0Umc.,180,./data/centercity/images/CAoSFkNJSE0wb2dLRUlDQWdJRGE4WXp0Umc._180.jpg,False
,deploy,CAoSFkNJSE0wb2dLRUlDQWdJRGE4WXp0Umc._270,CAoSFkNJSE0wb2dLRUlDQWdJRGE4WXp0Umc.,270,./data/centercity/images/CAoSFkNJSE0wb2dLRUlDQWdJRGE4WXp0Umc._270.jpg,False
,deploy,P75rZbxHGV8VJ3J9QJM5-g_0,P75rZbxHGV8VJ3J9QJM5-g,0,./data/centercity/images/P75rZbxHGV8VJ3J9QJM5-g_0.jpg,False
,deploy,P75rZbxHGV8VJ3J9QJM5-g_90,P75rZbxHGV8VJ3J9QJM5-g,90,./data/centercity/images/P75rZbxHGV8VJ3J9QJM5-g_90.jpg,False
,deploy,P75rZbxHGV8VJ3J9QJM5-g_180,P75rZbxHGV8VJ3J9QJM5-g,180,./data/centercity/images/P75rZbxHGV8VJ3J9QJM5-g_180.jpg,False
,deploy,P75rZbxHGV8VJ3J9QJM5-g_270,P75rZbxHGV8VJ3J9QJM5-g,270,./data/centercity/images/P75rZbxHGV8VJ3J9QJM5-g_270.jpg,False
,deploy,z5sztuOobRayEuBvd0g55Q_0,z5sztuOobRayEuBvd0g55Q,0,./data/centercity/images/z5sztuOobRayEuBvd0g55Q_0.jpg,False
,deploy,z5sztuOobRayEuBvd0g55Q_90,z5sztuOobRayEuBvd0g55Q,90,./data/centercity/images/z5sztuOobRayEuBvd0g55Q_90.jpg,False
,deploy,z5sztuOobRayEuBvd0g55Q_180,z5sztuOobRayEuBvd0g55Q,180,./data/centercity/images/z5sztuOobRayEuBvd0g55Q_180.jpg,False
,deploy,z5sztuOobRayEuBvd0g55Q_270,z5sztuOobRayEuBvd0g55Q,270,./data/centercity/images/z5sztuOobRayEuBvd0g55Q_270.jpg,False
,deploy,k5xJSQx2wRxP0s1QUx0LEA_0,k5xJSQx2wRxP0s1QUx0LEA,0,./data/centercity/images/k5xJSQx2wRxP0s1QUx0LEA_0.jpg,False
,deploy,k5xJSQx2wRxP0s1QUx0LEA_90,k5xJSQx2wRxP0s1QUx0LEA,90,./data/centercity/images/k5xJSQx2wRxP0s1QUx0LEA_90.jpg,False
,deploy,k5xJSQx2wRxP0s1QUx0LEA_180,k5xJSQx2wRxP0s1QUx0LEA,180,./data/centercity/images/k5xJSQx2wRxP0s1QUx0LEA_180.jpg,False
,deploy,k5xJSQx2wRxP0s1QUx0LEA_270,k5xJSQx2wRxP0s1QUx0LEA,270,./data/centercity/images/k5xJSQx2wRxP0s1QUx0LEA_270.jpg,False
,deploy,Kg1FQ-G6xyPCG4qUUcaUMg_0,Kg1FQ-G6xyPCG4qUUcaUMg,0,./data/centercity/images/Kg1FQ-G6xyPCG4qUUcaUMg_0.jpg,False
,deploy,Kg1FQ-G6xyPCG4qUUcaUMg_90,Kg1FQ-G6xyPCG4qUUcaUMg,90,./data/centercity/images/Kg1FQ-G6xyPCG4qUUcaUMg_90.jpg,False
,deploy,Kg1FQ-G6xyPCG4qUUcaUMg_180,Kg1FQ-G6xyPCG4qUUcaUMg,180,./data/centercity/images/Kg1FQ-G6xyPCG4qUUcaUMg_180.jpg,False
,deploy,Kg1FQ-G6xyPCG4qUUcaUMg_270,Kg1FQ-G6xyPCG4qUUcaUMg,270,./data/centercity/images/Kg1FQ-G6xyPCG4qUUcaUMg_270.jpg,False
,deploy,uFMBzm7zmZfWovfMEh-5wA_0,uFMBzm7zmZfWovfMEh-5wA,0,./data/centercity/images/uFMBzm7zmZfWovfMEh-5wA_0.jpg,False
,deploy,uFMBzm7zmZfWovfMEh-5wA_90,uFMBzm7zmZfWovfMEh-5wA,90,./data/centercity/images/uFMBzm7zmZfWovfMEh-5wA_90.jpg,False
,deploy,uFMBzm7zmZfWovfMEh-5wA_180,uFMBzm7zmZfWovfMEh-5wA,180,./data/centercity/images/uFMBzm7zmZfWovfMEh-5wA_180.jpg,False
,deploy,uFMBzm7zmZfWovfMEh-5wA_270,uFMBzm7zmZfWovfMEh-5wA,270,./data/centercity/images/uFMBzm7zmZfWovfMEh-5wA_270.jpg,False
,deploy,h56RalRfL15XyM-WXZpx6Q_0,h56RalRfL15XyM-WXZpx6Q,0,./data/centercity/images/h56RalRfL15XyM-WXZpx6Q_0.jpg,False
,deploy,h56RalRfL15XyM-WXZpx6Q_90,h56RalRfL15XyM-WXZpx6Q,90,./data/centercity/images/h56RalRfL15XyM-WXZpx6Q_90.jpg,False
,deploy,h56RalRfL15XyM-WXZpx6Q_180,h56RalRfL15XyM-WXZpx6Q,180,./data/centercity/images/h56RalRfL15XyM-WXZpx6Q_180.jpg,False
,deploy,h56RalRfL15XyM-WXZpx6Q_270,h56RalRfL15XyM-WXZpx6Q,270,./data/centercity/images/h56RalRfL15XyM-WXZpx6Q_270.jpg,False
,deploy,v7Ub39ss9OTzIZa4QECokg_0,v7Ub39ss9OTzIZa4QECokg,0,./data/centercity/images/v7Ub39ss9OTzIZa4QECokg_0.jpg,False
,deploy,v7Ub39ss9OTzIZa4QECokg_90,v7Ub39ss9OTzIZa4QECokg,90,./data/centercity/images/v7Ub39ss9OTzIZa4QECokg_90.jpg,False
,deploy,v7Ub39ss9OTzIZa4QECokg_180,v7Ub39ss9OTzIZa4QECokg,180,./data/centercity/images/v7Ub39ss9OTzIZa4QECokg_180.jpg,False
,deploy,v7Ub39ss9OTzIZa4QECokg_270,v7Ub39ss9OTzIZa4QECokg,270,./data/centercity/images/v7Ub39ss9OTzIZa4QECokg_270.jpg,False
,deploy,z5W1VXEMJgTXaq4nOhNF7w_0,z5W1VXEMJgTXaq4nOhNF7w,0,./data/centercity/images/z5W1VXEMJgTXaq4nOhNF7w_0.jpg,False
,deploy,z5W1VXEMJgTXaq4nOhNF7w_90,z5W1VXEMJgTXaq4nOhNF7w,90,./data/centercity/images/z5W1VXEMJgTXaq4nOhNF7w_90.jpg,False
,deploy,z5W1VXEMJgTXaq4nOhNF7w_180,z5W1VXEMJgTXaq4nOhNF7w,180,./data/centercity/images/z5W1VXEMJgTXaq4nOhNF7w_180.jpg,False
,deploy,z5W1VXEMJgTXaq4nOhNF7w_270,z5W1VXEMJgTXaq4nOhNF7w,270,./data/centercity/images/z5W1VXEMJgTXaq4nOhNF7w_270.jpg,False
,deploy,hRrVOk_2Ma-D9UKyyvJY4w_0,hRrVOk_2Ma-D9UKyyvJY4w,0,./data/centercity/images/hRrVOk_2Ma-D9UKyyvJY4w_0.jpg,False
,deploy,hRrVOk_2Ma-D9UKyyvJY4w_90,hRrVOk_2Ma-D9UKyyvJY4w,90,./data/centercity/images/hRrVOk_2Ma-D9UKyyvJY4w_90.jpg,False
,deploy,hRrVOk_2Ma-D9UKyyvJY4w_180,hRrVOk_2Ma-D9UKyyvJY4w,180,./data/centercity/images/hRrVOk_2Ma-D9UKyyvJY4w_180.jpg,False
,deploy,hRrVOk_2Ma-D9UKyyvJY4w_270,hRrVOk_2Ma-D9UKyyvJY4w,270,./data/centercity/images/hRrVOk_2Ma-D9UKyyvJY4w_270.jpg,False
,deploy,CAoSF0NJSE0wb2dLRUlDQWdJRGE4YUtVdWdF_0,CAoSF0NJSE0wb2dLRUlDQWdJRGE4YUtVdWdF,0,./data/centercity/images/CAoSF0NJSE0wb2dLRUlDQWdJRGE4YUtVdWdF_0.jpg,False
,deploy,CAoSF0NJSE0wb2dLRUlDQWdJRGE4YUtVdWdF_90,CAoSF0NJSE0wb2dLRUlDQWdJRGE4YUtVdWdF,90,./data/centercity/images/CAoSF0NJSE0wb2dLRUlDQWdJRGE4YUtVdWdF_90.jpg,False
,deploy,CAoSF0NJSE0wb2dLRUlDQWdJRGE4YUtVdWdF_180,CAoSF0NJSE0wb2dLRUlDQWdJRGE4YUtVdWdF,180,./data/centercity/images/CAoSF0NJSE0wb2dLRUlDQWdJRGE4YUtVdWdF_180.jpg,False
,deploy,CAoSF0NJSE0wb2dLRUlDQWdJRGE4YUtVdWdF_270,CAoSF0NJSE0wb2dLRUlDQWdJRGE4YUtVdWdF,270,./data/centercity/images/CAoSF0NJSE0wb2dLRUlDQWdJRGE4YUtVdWdF_270.jpg,False
,deploy,mO-w7zSBEJGylW7nenwRFw_0,mO-w7zSBEJGylW7nenwRFw,0,./data/centercity/images/mO-w7zSBEJGylW7nenwRFw_0.jpg,False
,deploy,mO-w7zSBEJGylW7nenwRFw_90,mO-w7zSBEJGylW7nenwRFw,90,./data/centercity/images/mO-w7zSBEJGylW7nenwRFw_90.jpg,False
,deploy,mO-w7zSBEJGylW7nenwRFw_180,mO-w7zSBEJGylW7nenwRFw,180,./data/centercity/images/mO-w7zSBEJGylW7nenwRFw_180.jpg,False
,deploy,mO-w7zSBEJGylW7nenwRFw_270,mO-w7zSBEJGylW7nenwRFw,270,./data/centercity/images/mO-w7zSBEJGylW7nenwRFw_270.jpg,False
,deploy,hwUSTkFxq3BiZ6BhaWm7sA_0,hwUSTkFxq3BiZ6BhaWm7sA,0,./data/centercity/images/hwUSTkFxq3BiZ6BhaWm7sA_0.jpg,False
,deploy,hwUSTkFxq3BiZ6BhaWm7sA_90,hwUSTkFxq3BiZ6BhaWm7sA,90,./data/centercity/images/hwUSTkFxq3BiZ6BhaWm7sA_90.jpg,False
,deploy,hwUSTkFxq3BiZ6BhaWm7sA_180,hwUSTkFxq3BiZ6BhaWm7sA,180,./data/centercity/images/hwUSTkFxq3BiZ6BhaWm7sA_180.jpg,False
,deploy,hwUSTkFxq3BiZ6BhaWm7sA_270,hwUSTkFxq3BiZ6BhaWm7sA,270,./data/centercity/images/hwUSTkFxq3BiZ6BhaWm7sA_270.jpg,False
,deploy,vT4BTl9ivxtM8s0DJmEIpQ_0,vT4BTl9ivxtM8s0DJmEIpQ,0,./data/centercity/images/vT4BTl9ivxtM8s0DJmEIpQ_0.jpg,False
,deploy,vT4BTl9ivxtM8s0DJmEIpQ_90,vT4BTl9ivxtM8s0DJmEIpQ,90,./data/centercity/images/vT4BTl9ivxtM8s0DJmEIpQ_90.jpg,False
,deploy,vT4BTl9ivxtM8s0DJmEIpQ_180,vT4BTl9ivxtM8s0DJmEIpQ,180,./data/centercity/images/vT4BTl9ivxtM8s0DJmEIpQ_180.jpg,False
,deploy,vT4BTl9ivxtM8s0DJmEIpQ_270,vT4BTl9ivxtM8s0DJmEIpQ,270,./data/centercity/images/vT4BTl9ivxtM8s0DJmEIpQ_270.jpg,False
,deploy,CAoSFkNJSE0wb2dLRUlDQWdJRGE2ZERZUHc._0,CAoSFkNJSE0wb2dLRUlDQWdJRGE2ZERZUHc.,0,./data/centercity/images/CAoSFkNJSE0wb2dLRUlDQWdJRGE2ZERZUHc._0.jpg,False
,deploy,CAoSFkNJSE0wb2dLRUlDQWdJRGE2ZERZUHc._90,CAoSFkNJSE0wb2dLRUlDQWdJRGE2ZERZUHc.,90,./data/centercity/images/CAoSFkNJSE0wb2dLRUlDQWdJRGE2ZERZUHc._90.jpg,False
,deploy,CAoSFkNJSE0wb2dLRUlDQWdJRGE2ZERZUHc._180,CAoSFkNJSE0wb2dLRUlDQWdJRGE2ZERZUHc.,180,./data/centercity/images/CAoSFkNJSE0wb2dLRUlDQWdJRGE2ZERZUHc._180.jpg,False
,deploy,CAoSFkNJSE0wb2dLRUlDQWdJRGE2ZERZUHc._270,CAoSFkNJSE0wb2dLRUlDQWdJRGE2ZERZUHc.,270,./data/centercity/images/CAoSFkNJSE0wb2dLRUlDQWdJRGE2ZERZUHc._270.jpg,False
,deploy,4zG8XS85r7CLSE9mTC5Fow_0,4zG8XS85r7CLSE9mTC5Fow,0,./data/centercity/images/4zG8XS85r7CLSE9mTC5Fow_0.jpg,False
,deploy,4zG8XS85r7CLSE9mTC5Fow_90,4zG8XS85r7CLSE9mTC5Fow,90,./data/centercity/images/4zG8XS85r7CLSE9mTC5Fow_90.jpg,False
,deploy,4zG8XS85r7CLSE9mTC5Fow_180,4zG8XS85r7CLSE9mTC5Fow,180,./data/centercity/images/4zG8XS85r7CLSE9mTC5Fow_180.jpg,False
,deploy,4zG8XS85r7CLSE9mTC5Fow_270,4zG8XS85r7CLSE9mTC5Fow,270,./data/centercity/images/4zG8XS85r7CLSE9mTC5Fow_270.jpg,False
,deploy,tSeP8-y89sWoc9qA1vTyVg_0,tSeP8-y89sWoc9qA1vTyVg,0,./data/centercity/images/tSeP8-y89sWoc9qA1vTyVg_0.jpg,False
,deploy,tSeP8-y89sWoc9qA1vTyVg_90,tSeP8-y89sWoc9qA1vTyVg,90,./data/centercity/images/tSeP8-y89sWoc9qA1vTyVg_90.jpg,False
,deploy,tSeP8-y89sWoc9qA1vTyVg_180,tSeP8-y89sWoc9qA1vTyVg,180,./data/centercity/images/tSeP8-y89sWoc9qA1vTyVg_180.jpg,False
,deploy,tSeP8-y89sWoc9qA1vTyVg_270,tSeP8-y89sWoc9qA1vTyVg,270,./data/centercity/images/tSeP8-y89sWoc9qA1vTyVg_270.jpg,False
,deploy,y95r8JaVFytZEELHbbtr5g_0,y95r8JaVFytZEELHbbtr5g,0,./data/centercity/images/y95r8JaVFytZEELHbbtr5g_0.jpg,False
,deploy,y95r8JaVFytZEELHbbtr5g_90,y95r8JaVFytZEELHbbtr5g,90,./data/centercity/images/y95r8JaVFytZEELHbbtr5g_90.jpg,False
,deploy,y95r8JaVFytZEELHbbtr5g_180,y95r8JaVFytZEELHbbtr5g,180,./data/centercity/images/y95r8JaVFytZEELHbbtr5g_180.jpg,False
,deploy,y95r8JaVFytZEELHbbtr5g_270,y95r8JaVFytZEELHbbtr5g,270,./data/centercity/images/y95r8JaVFytZEELHbbtr5g_270.jpg,False
,deploy,_AI_UpyxkaqDG0SqNP16IQ_0,_AI_UpyxkaqDG0SqNP16IQ,0,./data/centercity/images/_AI_UpyxkaqDG0SqNP16IQ_0.jpg,False
,deploy,_AI_UpyxkaqDG0SqNP16IQ_90,_AI_UpyxkaqDG0SqNP16IQ,90,./data/centercity/images/_AI_UpyxkaqDG0SqNP16IQ_90.jpg,False
,deploy,_AI_UpyxkaqDG0SqNP16IQ_180,_AI_UpyxkaqDG0SqNP16IQ,180,./data/centercity/images/_AI_UpyxkaqDG0SqNP16IQ_180.jpg,False
,deploy,_AI_UpyxkaqDG0SqNP16IQ_270,_AI_UpyxkaqDG0SqNP16IQ,270,./data/centercity/images/_AI_UpyxkaqDG0SqNP16IQ_270.jpg,False
,deploy,HMKTEb_m0zCqz5vQyD2XxQ_0,HMKTEb_m0zCqz5vQyD2XxQ,0,./data/centercity/images/HMKTEb_m0zCqz5vQyD2XxQ_0.jpg,False
,deploy,HMKTEb_m0zCqz5vQyD2XxQ_90,HMKTEb_m0zCqz5vQyD2XxQ,90,./data/centercity/images/HMKTEb_m0zCqz5vQyD2XxQ_90.jpg,False
,deploy,HMKTEb_m0zCqz5vQyD2XxQ_180,HMKTEb_m0zCqz5vQyD2XxQ,180,./data/centercity/images/HMKTEb_m0zCqz5vQyD2XxQ_180.jpg,False
,deploy,HMKTEb_m0zCqz5vQyD2XxQ_270,HMKTEb_m0zCqz5vQyD2XxQ,270,./data/centercity/images/HMKTEb_m0zCqz5vQyD2XxQ_270.jpg,False
,deploy,MjXbrQ5VbPhL6Qi4e4wOvw_0,MjXbrQ5VbPhL6Qi4e4wOvw,0,./data/centercity/images/MjXbrQ5VbPhL6Qi4e4wOvw_0.jpg,False
,deploy,MjXbrQ5VbPhL6Qi4e4wOvw_90,MjXbrQ5VbPhL6Qi4e4wOvw,90,./data/centercity/images/MjXbrQ5VbPhL6Qi4e4wOvw_90.jpg,False
,deploy,MjXbrQ5VbPhL6Qi4e4wOvw_180,MjXbrQ5VbPhL6Qi4e4wOvw,180,./data/centercity/images/MjXbrQ5VbPhL6Qi4e4wOvw_180.jpg,False
,deploy,MjXbrQ5VbPhL6Qi4e4wOvw_270,MjXbrQ5VbPhL6Qi4e4wOvw,270,./data/centercity/images/MjXbrQ5VbPhL6Qi4e4wOvw_270.jpg,False
,deploy,Ceb0ONMxHQXFWASXYUiZQw_0,Ceb0ONMxHQXFWASXYUiZQw,0,./data/centercity/images/Ceb0ONMxHQXFWASXYUiZQw_0.jpg,False
,deploy,Ceb0ONMxHQXFWASXYUiZQw_90,Ceb0ONMxHQXFWASXYUiZQw,90,./data/centercity/images/Ceb0ONMxHQXFWASXYUiZQw_90.jpg,False
,deploy,Ceb0ONMxHQXFWASXYUiZQw_180,Ceb0ONMxHQXFWASXYUiZQw,180,./data/centercity/images/Ceb0ONMxHQXFWASXYUiZQw_180.jpg,False
,deploy,Ceb0ONMxHQXFWASXYUiZQw_270,Ceb0ONMxHQXFWASXYUiZQw,270,./data/centercity/images/Ceb0ONMxHQXFWASXYUiZQw_270.jpg,False
,deploy,3W7_Q9UN_AOg1qh0gXm-lg_0,3W7_Q9UN_AOg1qh0gXm-lg,0,./data/centercity/images/3W7_Q9UN_AOg1qh0gXm-lg_0.jpg,False
,deploy,3W7_Q9UN_AOg1qh0gXm-lg_90,3W7_Q9UN_AOg1qh0gXm-lg,90,./data/centercity/images/3W7_Q9UN_AOg1qh0gXm-lg_90.jpg,False
,deploy,3W7_Q9UN_AOg1qh0gXm-lg_180,3W7_Q9UN_AOg1qh0gXm-lg,180,./data/centercity/images/3W7_Q9UN_AOg1qh0gXm-lg_180.jpg,False
,deploy,3W7_Q9UN_AOg1qh0gXm-lg_270,3W7_Q9UN_AOg1qh0gXm-lg,270,./data/centercity/images/3W7_Q9UN_AOg1qh0gXm-lg_270.jpg,False
,deploy,C5sYCmdfK9Y6qRJJLyCo7Q_0,C5sYCmdfK9Y6qRJJLyCo7Q,0,./data/centercity/images/C5sYCmdfK9Y6qRJJLyCo7Q_0.jpg,False
,deploy,C5sYCmdfK9Y6qRJJLyCo7Q_90,C5sYCmdfK9Y6qRJJLyCo7Q,90,./data/centercity/images/C5sYCmdfK9Y6qRJJLyCo7Q_90.jpg,False
,deploy,C5sYCmdfK9Y6qRJJLyCo7Q_180,C5sYCmdfK9Y6qRJJLyCo7Q,180,./data/centercity/images/C5sYCmdfK9Y6qRJJLyCo7Q_180.jpg,False
,deploy,C5sYCmdfK9Y6qRJJLyCo7Q_270,C5sYCmdfK9Y6qRJJLyCo7Q,270,./data/centercity/images/C5sYCmdfK9Y6qRJJLyCo7Q_270.jpg,False
,deploy,t-ArwpdgNuwu5VkzURC1LQ_0,t-ArwpdgNuwu5VkzURC1LQ,0,./data/centercity/images/t-ArwpdgNuwu5VkzURC1LQ_0.jpg,False
,deploy,t-ArwpdgNuwu5VkzURC1LQ_90,t-ArwpdgNuwu5VkzURC1LQ,90,./data/centercity/images/t-ArwpdgNuwu5VkzURC1LQ_90.jpg,False
,deploy,t-ArwpdgNuwu5VkzURC1LQ_180,t-ArwpdgNuwu5VkzURC1LQ,180,./data/centercity/images/t-ArwpdgNuwu5VkzURC1LQ_180.jpg,False
,deploy,t-ArwpdgNuwu5VkzURC1LQ_270,t-ArwpdgNuwu5VkzURC1LQ,270,./data/centercity/images/t-ArwpdgNuwu5VkzURC1LQ_270.jpg,False
,deploy,c7uyZ-kETHl-j6o65UsSew_0,c7uyZ-kETHl-j6o65UsSew,0,./data/centercity/images/c7uyZ-kETHl-j6o65UsSew_0.jpg,False
,deploy,c7uyZ-kETHl-j6o65UsSew_90,c7uyZ-kETHl-j6o65UsSew,90,./data/centercity/images/c7uyZ-kETHl-j6o65UsSew_90.jpg,False
,deploy,c7uyZ-kETHl-j6o65UsSew_180,c7uyZ-kETHl-j6o65UsSew,180,./data/centercity/images/c7uyZ-kETHl-j6o65UsSew_180.jpg,False
,deploy,c7uyZ-kETHl-j6o65UsSew_270,c7uyZ-kETHl-j6o65UsSew,270,./data/centercity/images/c7uyZ-kETHl-j6o65UsSew_270.jpg,False
,deploy,wNh6nGj-gWJStQNNTj_Pqg_0,wNh6nGj-gWJStQNNTj_Pqg,0,./data/centercity/images/wNh6nGj-gWJStQNNTj_Pqg_0.jpg,False
,deploy,wNh6nGj-gWJStQNNTj_Pqg_90,wNh6nGj-gWJStQNNTj_Pqg,90,./data/centercity/images/wNh6nGj-gWJStQNNTj_Pqg_90.jpg,False
,deploy,wNh6nGj-gWJStQNNTj_Pqg_180,wNh6nGj-gWJStQNNTj_Pqg,180,./data/centercity/images/wNh6nGj-gWJStQNNTj_Pqg_180.jpg,False
,deploy,wNh6nGj-gWJStQNNTj_Pqg_270,wNh6nGj-gWJStQNNTj_Pqg,270,./data/centercity/images/wNh6nGj-gWJStQNNTj_Pqg_270.jpg,False
,deploy,ecWgBnFQugdEe1lsREy0eA_0,ecWgBnFQugdEe1lsREy0eA,0,./data/centercity/images/ecWgBnFQugdEe1lsREy0eA_0.jpg,False
,deploy,ecWgBnFQugdEe1lsREy0eA_90,ecWgBnFQugdEe1lsREy0eA,90,./data/centercity/images/ecWgBnFQugdEe1lsREy0eA_90.jpg,False
,deploy,ecWgBnFQugdEe1lsREy0eA_180,ecWgBnFQugdEe1lsREy0eA,180,./data/centercity/images/ecWgBnFQugdEe1lsREy0eA_180.jpg,False
,deploy,ecWgBnFQugdEe1lsREy0eA_270,ecWgBnFQugdEe1lsREy0eA,270,./data/centercity/images/ecWgBnFQugdEe1lsREy0eA_270.jpg,False
,deploy,LuoU1ROp8Xfmu_QVDX-L9w_0,LuoU1ROp8Xfmu_QVDX-L9w,0,./data/centercity/images/LuoU1ROp8Xfmu_QVDX-L9w_0.jpg,False
,deploy,LuoU1ROp8Xfmu_QVDX-L9w_90,LuoU1ROp8Xfmu_QVDX-L9w,90,./data/centercity/images/LuoU1ROp8Xfmu_QVDX-L9w_90.jpg,False
,deploy,LuoU1ROp8Xfmu_QVDX-L9w_180,LuoU1ROp8Xfmu_QVDX-L9w,180,./data/centercity/images/LuoU1ROp8Xfmu_QVDX-L9w_180.jpg,False
,deploy,LuoU1ROp8Xfmu_QVDX-L9w_270,LuoU1ROp8Xfmu_QVDX-L9w,270,./data/centercity/images/LuoU1ROp8Xfmu_QVDX-L9w_270.jpg,False
,deploy,OMVmYvhHZvNizp2QtDCUvg_0,OMVmYvhHZvNizp2QtDCUvg,0,./data/centercity/images/OMVmYvhHZvNizp2QtDCUvg_0.jpg,False
,deploy,OMVmYvhHZvNizp2QtDCUvg_90,OMVmYvhHZvNizp2QtDCUvg,90,./data/centercity/images/OMVmYvhHZvNizp2QtDCUvg_90.jpg,False
,deploy,OMVmYvhHZvNizp2QtDCUvg_180,OMVmYvhHZvNizp2QtDCUvg,180,./data/centercity/images/OMVmYvhHZvNizp2QtDCUvg_180.jpg,False
,deploy,OMVmYvhHZvNizp2QtDCUvg_270,OMVmYvhHZvNizp2QtDCUvg,270,./data/centercity/images/OMVmYvhHZvNizp2QtDCUvg_270.jpg,False
,deploy,CAoSFkNJSE0wb2dLRUlDQWdJQ09nc3ZHYnc._0,CAoSFkNJSE0wb2dLRUlDQWdJQ09nc3ZHYnc.,0,./data/centercity/images/CAoSFkNJSE0wb2dLRUlDQWdJQ09nc3ZHYnc._0.jpg,False
,deploy,CAoSFkNJSE0wb2dLRUlDQWdJQ09nc3ZHYnc._90,CAoSFkNJSE0wb2dLRUlDQWdJQ09nc3ZHYnc.,90,./data/centercity/images/CAoSFkNJSE0wb2dLRUlDQWdJQ09nc3ZHYnc._90.jpg,False
,deploy,CAoSFkNJSE0wb2dLRUlDQWdJQ09nc3ZHYnc._180,CAoSFkNJSE0wb2dLRUlDQWdJQ09nc3ZHYnc.,180,./data/centercity/images/CAoSFkNJSE0wb2dLRUlDQWdJQ09nc3ZHYnc._180.jpg,False
,deploy,CAoSFkNJSE0wb2dLRUlDQWdJQ09nc3ZHYnc._270,CAoSFkNJSE0wb2dLRUlDQWdJQ09nc3ZHYnc.,270,./data/centercity/images/CAoSFkNJSE0wb2dLRUlDQWdJQ09nc3ZHYnc._270.jpg,False
,deploy,wmwJwiDl3quDYvgVh3JIaA_0,wmwJwiDl3quDYvgVh3JIaA,0,./data/centercity/images/wmwJwiDl3quDYvgVh3JIaA_0.jpg,False
,deploy,wmwJwiDl3quDYvgVh3JIaA_90,wmwJwiDl3quDYvgVh3JIaA,90,./data/centercity/images/wmwJwiDl3quDYvgVh3JIaA_90.jpg,False
,deploy,wmwJwiDl3quDYvgVh3JIaA_180,wmwJwiDl3quDYvgVh3JIaA,180,./data/centercity/images/wmwJwiDl3quDYvgVh3JIaA_180.jpg,False
,deploy,wmwJwiDl3quDYvgVh3JIaA_270,wmwJwiDl3quDYvgVh3JIaA,270,./data/centercity/images/wmwJwiDl3quDYvgVh3JIaA_270.jpg,False
,deploy,cwEyf6lFL700IgP8i8eXMA_0,cwEyf6lFL700IgP8i8eXMA,0,./data/centercity/images/cwEyf6lFL700IgP8i8eXMA_0.jpg,False
,deploy,cwEyf6lFL700IgP8i8eXMA_90,cwEyf6lFL700IgP8i8eXMA,90,./data/centercity/images/cwEyf6lFL700IgP8i8eXMA_90.jpg,False
,deploy,cwEyf6lFL700IgP8i8eXMA_180,cwEyf6lFL700IgP8i8eXMA,180,./data/centercity/images/cwEyf6lFL700IgP8i8eXMA_180.jpg,False
,deploy,cwEyf6lFL700IgP8i8eXMA_270,cwEyf6lFL700IgP8i8eXMA,270,./data/centercity/images/cwEyf6lFL700IgP8i8eXMA_270.jpg,False
,deploy,N0qhcremelSG4VS0sLxaWg_0,N0qhcremelSG4VS0sLxaWg,0,./data/centercity/images/N0qhcremelSG4VS0sLxaWg_0.jpg,False
,deploy,N0qhcremelSG4VS0sLxaWg_90,N0qhcremelSG4VS0sLxaWg,90,./data/centercity/images/N0qhcremelSG4VS0sLxaWg_90.jpg,False
,deploy,N0qhcremelSG4VS0sLxaWg_180,N0qhcremelSG4VS0sLxaWg,180,./data/centercity/images/N0qhcremelSG4VS0sLxaWg_180.jpg,False
,deploy,N0qhcremelSG4VS0sLxaWg_270,N0qhcremelSG4VS0sLxaWg,270,./data/centercity/images/N0qhcremelSG4VS0sLxaWg_270.jpg,False
,deploy,dYAOUcgra6ADL0Z8LQZflQ_0,dYAOUcgra6ADL0Z8LQZflQ,0,./data/centercity/images/dYAOUcgra6ADL0Z8LQZflQ_0.jpg,False
,deploy,dYAOUcgra6ADL0Z8LQZflQ_90,dYAOUcgra6ADL0Z8LQZflQ,90,./data/centercity/images/dYAOUcgra6ADL0Z8LQZflQ_90.jpg,False
,deploy,dYAOUcgra6ADL0Z8LQZflQ_180,dYAOUcgra6ADL0Z8LQZflQ,180,./data/centercity/images/dYAOUcgra6ADL0Z8LQZflQ_180.jpg,False
,deploy,dYAOUcgra6ADL0Z8LQZflQ_270,dYAOUcgra6ADL0Z8LQZflQ,270,./data/centercity/images/dYAOUcgra6ADL0Z8LQZflQ_270.jpg,False
,deploy,aIILA0bYR0ypdgaKkjMmVw_0,aIILA0bYR0ypdgaKkjMmVw,0,./data/centercity/images/aIILA0bYR0ypdgaKkjMmVw_0.jpg,False
,deploy,aIILA0bYR0ypdgaKkjMmVw_90,aIILA0bYR0ypdgaKkjMmVw,90,./data/centercity/images/aIILA0bYR0ypdgaKkjMmVw_90.jpg,False
,deploy,aIILA0bYR0ypdgaKkjMmVw_180,aIILA0bYR0ypdgaKkjMmVw,180,./data/centercity/images/aIILA0bYR0ypdgaKkjMmVw_180.jpg,False
,deploy,aIILA0bYR0ypdgaKkjMmVw_270,aIILA0bYR0ypdgaKkjMmVw,270,./data/centercity/images/aIILA0bYR0ypdgaKkjMmVw_270.jpg,False
,deploy,YK3X33wmf0CIQSME3KWUWg_0,YK3X33wmf0CIQSME3KWUWg,0,./data/centercity/images/YK3X33wmf0CIQSME3KWUWg_0.jpg,False
,deploy,YK3X33wmf0CIQSME3KWUWg_90,YK3X33wmf0CIQSME3KWUWg,90,./data/centercity/images/YK3X33wmf0CIQSME3KWUWg_90.jpg,False
,deploy,YK3X33wmf0CIQSME3KWUWg_180,YK3X33wmf0CIQSME3KWUWg,180,./data/centercity/images/YK3X33wmf0CIQSME3KWUWg_180.jpg,False
,deploy,YK3X33wmf0CIQSME3KWUWg_270,YK3X33wmf0CIQSME3KWUWg,270,./data/centercity/images/YK3X33wmf0CIQSME3KWUWg_270.jpg,False
,deploy,-2Q6utDGoTe90L3X03CVMw_0,-2Q6utDGoTe90L3X03CVMw,0,./data/centercity/images/-2Q6utDGoTe90L3X03CVMw_0.jpg,False
,deploy,-2Q6utDGoTe90L3X03CVMw_90,-2Q6utDGoTe90L3X03CVMw,90,./data/centercity/images/-2Q6utDGoTe90L3X03CVMw_90.jpg,False
,deploy,-2Q6utDGoTe90L3X03CVMw_180,-2Q6utDGoTe90L3X03CVMw,180,./data/centercity/images/-2Q6utDGoTe90L3X03CVMw_180.jpg,False
,deploy,-2Q6utDGoTe90L3X03CVMw_270,-2Q6utDGoTe90L3X03CVMw,270,./data/centercity/images/-2Q6utDGoTe90L3X03CVMw_270.jpg,False
,deploy,3hD7c0J1HIdIf9sN6jlRkw_0,3hD7c0J1HIdIf9sN6jlRkw,0,./data/centercity/images/3hD7c0J1HIdIf9sN6jlRkw_0.jpg,False
,deploy,3hD7c0J1HIdIf9sN6jlRkw_90,3hD7c0J1HIdIf9sN6jlRkw,90,./data/centercity/images/3hD7c0J1HIdIf9sN6jlRkw_90.jpg,False
,deploy,3hD7c0J1HIdIf9sN6jlRkw_180,3hD7c0J1HIdIf9sN6jlRkw,180,./data/centercity/images/3hD7c0J1HIdIf9sN6jlRkw_180.jpg,False
,deploy,3hD7c0J1HIdIf9sN6jlRkw_270,3hD7c0J1HIdIf9sN6jlRkw,270,./data/centercity/images/3hD7c0J1HIdIf9sN6jlRkw_270.jpg,False
,deploy,xQ9v-kOdOia8q1SEpb01Ag_0,xQ9v-kOdOia8q1SEpb01Ag,0,./data/centercity/images/xQ9v-kOdOia8q1SEpb01Ag_0.jpg,False
,deploy,xQ9v-kOdOia8q1SEpb01Ag_90,xQ9v-kOdOia8q1SEpb01Ag,90,./data/centercity/images/xQ9v-kOdOia8q1SEpb01Ag_90.jpg,False
,deploy,xQ9v-kOdOia8q1SEpb01Ag_180,xQ9v-kOdOia8q1SEpb01Ag,180,./data/centercity/images/xQ9v-kOdOia8q1SEpb01Ag_180.jpg,False
,deploy,xQ9v-kOdOia8q1SEpb01Ag_270,xQ9v-kOdOia8q1SEpb01Ag,270,./data/centercity/images/xQ9v-kOdOia8q1SEpb01Ag_270.jpg,False
,deploy,ByBK1xxjMH79PoHSoTklYA_0,ByBK1xxjMH79PoHSoTklYA,0,./data/centercity/images/ByBK1xxjMH79PoHSoTklYA_0.jpg,False
,deploy,ByBK1xxjMH79PoHSoTklYA_90,ByBK1xxjMH79PoHSoTklYA,90,./data/centercity/images/ByBK1xxjMH79PoHSoTklYA_90.jpg,False
,deploy,ByBK1xxjMH79PoHSoTklYA_180,ByBK1xxjMH79PoHSoTklYA,180,./data/centercity/images/ByBK1xxjMH79PoHSoTklYA_180.jpg,False
,deploy,ByBK1xxjMH79PoHSoTklYA_270,ByBK1xxjMH79PoHSoTklYA,270,./data/centercity/images/ByBK1xxjMH79PoHSoTklYA_270.jpg,False
,deploy,CAoSFkNJSE0wb2dLRUlDQWdJRGEyZEhlQ3c._0,CAoSFkNJSE0wb2dLRUlDQWdJRGEyZEhlQ3c.,0,./data/centercity/images/CAoSFkNJSE0wb2dLRUlDQWdJRGEyZEhlQ3c._0.jpg,False
,deploy,CAoSFkNJSE0wb2dLRUlDQWdJRGEyZEhlQ3c._90,CAoSFkNJSE0wb2dLRUlDQWdJRGEyZEhlQ3c.,90,./data/centercity/images/CAoSFkNJSE0wb2dLRUlDQWdJRGEyZEhlQ3c._90.jpg,False
,deploy,CAoSFkNJSE0wb2dLRUlDQWdJRGEyZEhlQ3c._180,CAoSFkNJSE0wb2dLRUlDQWdJRGEyZEhlQ3c.,180,./data/centercity/images/CAoSFkNJSE0wb2dLRUlDQWdJRGEyZEhlQ3c._180.jpg,False
,deploy,CAoSFkNJSE0wb2dLRUlDQWdJRGEyZEhlQ3c._270,CAoSFkNJSE0wb2dLRUlDQWdJRGEyZEhlQ3c.,270,./data/centercity/images/CAoSFkNJSE0wb2dLRUlDQWdJRGEyZEhlQ3c._270.jpg,False
,deploy,yi9yInVgpJJ1L-ChloaIOA_0,yi9yInVgpJJ1L-ChloaIOA,0,./data/centercity/images/yi9yInVgpJJ1L-ChloaIOA_0.jpg,False
,deploy,yi9yInVgpJJ1L-ChloaIOA_90,yi9yInVgpJJ1L-ChloaIOA,90,./data/centercity/images/yi9yInVgpJJ1L-ChloaIOA_90.jpg,False
,deploy,yi9yInVgpJJ1L-ChloaIOA_180,yi9yInVgpJJ1L-ChloaIOA,180,./data/centercity/images/yi9yInVgpJJ1L-ChloaIOA_180.jpg,False
,deploy,yi9yInVgpJJ1L-ChloaIOA_270,yi9yInVgpJJ1L-ChloaIOA,270,./data/centercity/images/yi9yInVgpJJ1L-ChloaIOA_270.jpg,False
,deploy,CAoSF0NJSE0wb2dLRUlDQWdJRGEwYlBzMkFF_0,CAoSF0NJSE0wb2dLRUlDQWdJRGEwYlBzMkFF,0,./data/centercity/images/CAoSF0NJSE0wb2dLRUlDQWdJRGEwYlBzMkFF_0.jpg,False
,deploy,CAoSF0NJSE0wb2dLRUlDQWdJRGEwYlBzMkFF_90,CAoSF0NJSE0wb2dLRUlDQWdJRGEwYlBzMkFF,90,./data/centercity/images/CAoSF0NJSE0wb2dLRUlDQWdJRGEwYlBzMkFF_90.jpg,False
,deploy,CAoSF0NJSE0wb2dLRUlDQWdJRGEwYlBzMkFF_180,CAoSF0NJSE0wb2dLRUlDQWdJRGEwYlBzMkFF,180,./data/centercity/images/CAoSF0NJSE0wb2dLRUlDQWdJRGEwYlBzMkFF_180.jpg,False
,deploy,CAoSF0NJSE0wb2dLRUlDQWdJRGEwYlBzMkFF_270,CAoSF0NJSE0wb2dLRUlDQWdJRGEwYlBzMkFF,270,./data/centercity/images/CAoSF0NJSE0wb2dLRUlDQWdJRGEwYlBzMkFF_270.jpg,False
,deploy,CAoSFkNJSE0wb2dLRUlDQWdJRGFzY3Z5WXc._0,CAoSFkNJSE0wb2dLRUlDQWdJRGFzY3Z5WXc.,0,./data/centercity/images/CAoSFkNJSE0wb2dLRUlDQWdJRGFzY3Z5WXc._0.jpg,False
,deploy,CAoSFkNJSE0wb2dLRUlDQWdJRGFzY3Z5WXc._90,CAoSFkNJSE0wb2dLRUlDQWdJRGFzY3Z5WXc.,90,./data/centercity/images/CAoSFkNJSE0wb2dLRUlDQWdJRGFzY3Z5WXc._90.jpg,False
,deploy,CAoSFkNJSE0wb2dLRUlDQWdJRGFzY3Z5WXc._180,CAoSFkNJSE0wb2dLRUlDQWdJRGFzY3Z5WXc.,180,./data/centercity/images/CAoSFkNJSE0wb2dLRUlDQWdJRGFzY3Z5WXc._180.jpg,False
,deploy,CAoSFkNJSE0wb2dLRUlDQWdJRGFzY3Z5WXc._270,CAoSFkNJSE0wb2dLRUlDQWdJRGFzY3Z5WXc.,270,./data/centercity/images/CAoSFkNJSE0wb2dLRUlDQWdJRGFzY3Z5WXc._270.jpg,False
,deploy,W5LrnKz07YWObCXNcX7UfA_0,W5LrnKz07YWObCXNcX7UfA,0,./data/centercity/images/W5LrnKz07YWObCXNcX7UfA_0.jpg,False
,deploy,W5LrnKz07YWObCXNcX7UfA_90,W5LrnKz07YWObCXNcX7UfA,90,./data/centercity/images/W5LrnKz07YWObCXNcX7UfA_90.jpg,False
,deploy,W5LrnKz07YWObCXNcX7UfA_180,W5LrnKz07YWObCXNcX7UfA,180,./data/centercity/images/W5LrnKz07YWObCXNcX7UfA_180.jpg,False
,deploy,W5LrnKz07YWObCXNcX7UfA_270,W5LrnKz07YWObCXNcX7UfA,270,./data/centercity/images/W5LrnKz07YWObCXNcX7UfA_270.jpg,False
,deploy,CAoSFkNJSE0wb2dLRUlDQWdJRGF1ZmppTUE._0,CAoSFkNJSE0wb2dLRUlDQWdJRGF1ZmppTUE.,0,./data/centercity/images/CAoSFkNJSE0wb2dLRUlDQWdJRGF1ZmppTUE._0.jpg,False
,deploy,CAoSFkNJSE0wb2dLRUlDQWdJRGF1ZmppTUE._90,CAoSFkNJSE0wb2dLRUlDQWdJRGF1ZmppTUE.,90,./data/centercity/images/CAoSFkNJSE0wb2dLRUlDQWdJRGF1ZmppTUE._90.jpg,False
,deploy,CAoSFkNJSE0wb2dLRUlDQWdJRGF1ZmppTUE._180,CAoSFkNJSE0wb2dLRUlDQWdJRGF1ZmppTUE.,180,./data/centercity/images/CAoSFkNJSE0wb2dLRUlDQWdJRGF1ZmppTUE._180.jpg,False
,deploy,CAoSFkNJSE0wb2dLRUlDQWdJRGF1ZmppTUE._270,CAoSFkNJSE0wb2dLRUlDQWdJRGF1ZmppTUE.,270,./data/centercity/images/CAoSFkNJSE0wb2dLRUlDQWdJRGF1ZmppTUE._270.jpg,False
,deploy,wII32IbWT5UnHKdIHkkDNw_0,wII32IbWT5UnHKdIHkkDNw,0,./data/centercity/images/wII32IbWT5UnHKdIHkkDNw_0.jpg,False
,deploy,wII32IbWT5UnHKdIHkkDNw_90,wII32IbWT5UnHKdIHkkDNw,90,./data/centercity/images/wII32IbWT5UnHKdIHkkDNw_90.jpg,False
,deploy,wII32IbWT5UnHKdIHkkDNw_180,wII32IbWT5UnHKdIHkkDNw,180,./data/centercity/images/wII32IbWT5UnHKdIHkkDNw_180.jpg,False
,deploy,wII32IbWT5UnHKdIHkkDNw_270,wII32IbWT5UnHKdIHkkDNw,270,./data/centercity/images/wII32IbWT5UnHKdIHkkDNw_270.jpg,False
,deploy,CAoSF0NJSE0wb2dLRUlDQWdJRDYwWnVWeXdF_0,CAoSF0NJSE0wb2dLRUlDQWdJRDYwWnVWeXdF,0,./data/centercity/images/CAoSF0NJSE0wb2dLRUlDQWdJRDYwWnVWeXdF_0.jpg,False
,deploy,CAoSF0NJSE0wb2dLRUlDQWdJRDYwWnVWeXdF_90,CAoSF0NJSE0wb2dLRUlDQWdJRDYwWnVWeXdF,90,./data/centercity/images/CAoSF0NJSE0wb2dLRUlDQWdJRDYwWnVWeXdF_90.jpg,False
,deploy,CAoSF0NJSE0wb2dLRUlDQWdJRDYwWnVWeXdF_180,CAoSF0NJSE0wb2dLRUlDQWdJRDYwWnVWeXdF,180,./data/centercity/images/CAoSF0NJSE0wb2dLRUlDQWdJRDYwWnVWeXdF_180.jpg,False
,deploy,CAoSF0NJSE0wb2dLRUlDQWdJRDYwWnVWeXdF_270,CAoSF0NJSE0wb2dLRUlDQWdJRDYwWnVWeXdF,270,./data/centercity/images/CAoSF0NJSE0wb2dLRUlDQWdJRDYwWnVWeXdF_270.jpg,False
,deploy,2Ij0vIRffLOb9wtT0EGy-Q_0,2Ij0vIRffLOb9wtT0EGy-Q,0,./data/centercity/images/2Ij0vIRffLOb9wtT0EGy-Q_0.jpg,False
,deploy,2Ij0vIRffLOb9wtT0EGy-Q_90,2Ij0vIRffLOb9wtT0EGy-Q,90,./data/centercity/images/2Ij0vIRffLOb9wtT0EGy-Q_90.jpg,False
,deploy,2Ij0vIRffLOb9wtT0EGy-Q_180,2Ij0vIRffLOb9wtT0EGy-Q,180,./data/centercity/images/2Ij0vIRffLOb9wtT0EGy-Q_180.jpg,False
,deploy,2Ij0vIRffLOb9wtT0EGy-Q_270,2Ij0vIRffLOb9wtT0EGy-Q,270,./data/centercity/images/2Ij0vIRffLOb9wtT0EGy-Q_270.jpg,False
,deploy,YNZ0QXRp7Goh_ckq7xCVnA_0,YNZ0QXRp7Goh_ckq7xCVnA,0,./data/centercity/images/YNZ0QXRp7Goh_ckq7xCVnA_0.jpg,False
,deploy,YNZ0QXRp7Goh_ckq7xCVnA_90,YNZ0QXRp7Goh_ckq7xCVnA,90,./data/centercity/images/YNZ0QXRp7Goh_ckq7xCVnA_90.jpg,False
,deploy,YNZ0QXRp7Goh_ckq7xCVnA_180,YNZ0QXRp7Goh_ckq7xCVnA,180,./data/centercity/images/YNZ0QXRp7Goh_ckq7xCVnA_180.jpg,False
,deploy,YNZ0QXRp7Goh_ckq7xCVnA_270,YNZ0QXRp7Goh_ckq7xCVnA,270,./data/centercity/images/YNZ0QXRp7Goh_ckq7xCVnA_270.jpg,False
,deploy,CAoSFkNJSE0wb2dLRUlDQWdJQ3VpdERtZHc._0,CAoSFkNJSE0wb2dLRUlDQWdJQ3VpdERtZHc.,0,./data/centercity/images/CAoSFkNJSE0wb2dLRUlDQWdJQ3VpdERtZHc._0.jpg,False
,deploy,CAoSFkNJSE0wb2dLRUlDQWdJQ3VpdERtZHc._90,CAoSFkNJSE0wb2dLRUlDQWdJQ3VpdERtZHc.,90,./data/centercity/images/CAoSFkNJSE0wb2dLRUlDQWdJQ3VpdERtZHc._90.jpg,False
,deploy,CAoSFkNJSE0wb2dLRUlDQWdJQ3VpdERtZHc._180,CAoSFkNJSE0wb2dLRUlDQWdJQ3VpdERtZHc.,180,./data/centercity/images/CAoSFkNJSE0wb2dLRUlDQWdJQ3VpdERtZHc._180.jpg,False
,deploy,CAoSFkNJSE0wb2dLRUlDQWdJQ3VpdERtZHc._270,CAoSFkNJSE0wb2dLRUlDQWdJQ3VpdERtZHc.,270,./data/centercity/images/CAoSFkNJSE0wb2dLRUlDQWdJQ3VpdERtZHc._270.jpg,False
,deploy,tK20zxjS0PJCilQisVaGNA_0,tK20zxjS0PJCilQisVaGNA,0,./data/centercity/images/tK20zxjS0PJCilQisVaGNA_0.jpg,False
,deploy,tK20zxjS0PJCilQisVaGNA_90,tK20zxjS0PJCilQisVaGNA,90,./data/centercity/images/tK20zxjS0PJCilQisVaGNA_90.jpg,False
,deploy,tK20zxjS0PJCilQisVaGNA_180,tK20zxjS0PJCilQisVaGNA,180,./data/centercity/images/tK20zxjS0PJCilQisVaGNA_180.jpg,False
,deploy,tK20zxjS0PJCilQisVaGNA_270,tK20zxjS0PJCilQisVaGNA,270,./data/centercity/images/tK20zxjS0PJCilQisVaGNA_270.jpg,False
,deploy,--neQzSWfROBy5UqXpCymQ_0,--neQzSWfROBy5UqXpCymQ,0,./data/centercity/images/--neQzSWfROBy5UqXpCymQ_0.jpg,False
,deploy,--neQzSWfROBy5UqXpCymQ_90,--neQzSWfROBy5UqXpCymQ,90,./data/centercity/images/--neQzSWfROBy5UqXpCymQ_90.jpg,False
,deploy,--neQzSWfROBy5UqXpCymQ_180,--neQzSWfROBy5UqXpCymQ,180,./data/centercity/images/--neQzSWfROBy5UqXpCymQ_180.jpg,False
,deploy,--neQzSWfROBy5UqXpCymQ_270,--neQzSWfROBy5UqXpCymQ,270,./data/centercity/images/--neQzSWfROBy5UqXpCymQ_270.jpg,False
,deploy,CAoSFkNJSE0wb2dLRUlDQWdJRGUtZXFTZUE._0,CAoSFkNJSE0wb2dLRUlDQWdJRGUtZXFTZUE.,0,./data/centercity/images/CAoSFkNJSE0wb2dLRUlDQWdJRGUtZXFTZUE._0.jpg,False
,deploy,CAoSFkNJSE0wb2dLRUlDQWdJRGUtZXFTZUE._90,CAoSFkNJSE0wb2dLRUlDQWdJRGUtZXFTZUE.,90,./data/centercity/images/CAoSFkNJSE0wb2dLRUlDQWdJRGUtZXFTZUE._90.jpg,False
,deploy,CAoSFkNJSE0wb2dLRUlDQWdJRGUtZXFTZUE._180,CAoSFkNJSE0wb2dLRUlDQWdJRGUtZXFTZUE.,180,./data/centercity/images/CAoSFkNJSE0wb2dLRUlDQWdJRGUtZXFTZUE._180.jpg,False
,deploy,CAoSFkNJSE0wb2dLRUlDQWdJRGUtZXFTZUE._270,CAoSFkNJSE0wb2dLRUlDQWdJRGUtZXFTZUE.,270,./data/centercity/images/CAoSFkNJSE0wb2dLRUlDQWdJRGUtZXFTZUE._270.jpg,False
,deploy,dmV_KmoYlDxWS9zY9nb2Hg_0,dmV_KmoYlDxWS9zY9nb2Hg,0,./data/centercity/images/dmV_KmoYlDxWS9zY9nb2Hg_0.jpg,False
,deploy,dmV_KmoYlDxWS9zY9nb2Hg_90,dmV_KmoYlDxWS9zY9nb2Hg,90,./data/centercity/images/dmV_KmoYlDxWS9zY9nb2Hg_90.jpg,False
,deploy,dmV_KmoYlDxWS9zY9nb2Hg_180,dmV_KmoYlDxWS9zY9nb2Hg,180,./data/centercity/images/dmV_KmoYlDxWS9zY9nb2Hg_180.jpg,False
,deploy,dmV_KmoYlDxWS9zY9nb2Hg_270,dmV_KmoYlDxWS9zY9nb2Hg,270,./data/centercity/images/dmV_KmoYlDxWS9zY9nb2Hg_270.jpg,False
,deploy,T4pQD9b5mC2WA4Lm45BSMQ_0,T4pQD9b5mC2WA4Lm45BSMQ,0,./data/centercity/images/T4pQD9b5mC2WA4Lm45BSMQ_0.jpg,False
,deploy,T4pQD9b5mC2WA4Lm45BSMQ_90,T4pQD9b5mC2WA4Lm45BSMQ,90,./data/centercity/images/T4pQD9b5mC2WA4Lm45BSMQ_90.jpg,False
,deploy,T4pQD9b5mC2WA4Lm45BSMQ_180,T4pQD9b5mC2WA4Lm45BSMQ,180,./data/centercity/images/T4pQD9b5mC2WA4Lm45BSMQ_180.jpg,False
,deploy,T4pQD9b5mC2WA4Lm45BSMQ_270,T4pQD9b5mC2WA4Lm45BSMQ,270,./data/centercity/images/T4pQD9b5mC2WA4Lm45BSMQ_270.jpg,False
,deploy,dXro9t4152y4zyQZvRVweQ_0,dXro9t4152y4zyQZvRVweQ,0,./data/centercity/images/dXro9t4152y4zyQZvRVweQ_0.jpg,False
,deploy,dXro9t4152y4zyQZvRVweQ_90,dXro9t4152y4zyQZvRVweQ,90,./data/centercity/images/dXro9t4152y4zyQZvRVweQ_90.jpg,False
,deploy,dXro9t4152y4zyQZvRVweQ_180,dXro9t4152y4zyQZvRVweQ,180,./data/centercity/images/dXro9t4152y4zyQZvRVweQ_180.jpg,False
,deploy,dXro9t4152y4zyQZvRVweQ_270,dXro9t4152y4zyQZvRVweQ,270,./data/centercity/images/dXro9t4152y4zyQZvRVweQ_270.jpg,False
,deploy,yP_6p8Oh7rsJduBJKFX9Vg_0,yP_6p8Oh7rsJduBJKFX9Vg,0,./data/centercity/images/yP_6p8Oh7rsJduBJKFX9Vg_0.jpg,False
,deploy,yP_6p8Oh7rsJduBJKFX9Vg_90,yP_6p8Oh7rsJduBJKFX9Vg,90,./data/centercity/images/yP_6p8Oh7rsJduBJKFX9Vg_90.jpg,False
,deploy,yP_6p8Oh7rsJduBJKFX9Vg_180,yP_6p8Oh7rsJduBJKFX9Vg,180,./data/centercity/images/yP_6p8Oh7rsJduBJKFX9Vg_180.jpg,False
,deploy,yP_6p8Oh7rsJduBJKFX9Vg_270,yP_6p8Oh7rsJduBJKFX9Vg,270,./data/centercity/images/yP_6p8Oh7rsJduBJKFX9Vg_270.jpg,False
,deploy,CAoSF0NJSE0wb2dLRUlDQWdJRGEwYXVibEFF_0,CAoSF0NJSE0wb2dLRUlDQWdJRGEwYXVibEFF,0,./data/centercity/images/CAoSF0NJSE0wb2dLRUlDQWdJRGEwYXVibEFF_0.jpg,False
,deploy,CAoSF0NJSE0wb2dLRUlDQWdJRGEwYXVibEFF_90,CAoSF0NJSE0wb2dLRUlDQWdJRGEwYXVibEFF,90,./data/centercity/images/CAoSF0NJSE0wb2dLRUlDQWdJRGEwYXVibEFF_90.jpg,False
,deploy,CAoSF0NJSE0wb2dLRUlDQWdJRGEwYXVibEFF_180,CAoSF0NJSE0wb2dLRUlDQWdJRGEwYXVibEFF,180,./data/centercity/images/CAoSF0NJSE0wb2dLRUlDQWdJRGEwYXVibEFF_180.jpg,False
,deploy,CAoSF0NJSE0wb2dLRUlDQWdJRGEwYXVibEFF_270,CAoSF0NJSE0wb2dLRUlDQWdJRGEwYXVibEFF,270,./data/centercity/images/CAoSF0NJSE0wb2dLRUlDQWdJRGEwYXVibEFF_270.jpg,False
,deploy,pwS5HVnf0DOwZ5MDybWEmg_0,pwS5HVnf0DOwZ5MDybWEmg,0,./data/centercity/images/pwS5HVnf0DOwZ5MDybWEmg_0.jpg,False
,deploy,pwS5HVnf0DOwZ5MDybWEmg_90,pwS5HVnf0DOwZ5MDybWEmg,90,./data/centercity/images/pwS5HVnf0DOwZ5MDybWEmg_90.jpg,False
,deploy,pwS5HVnf0DOwZ5MDybWEmg_180,pwS5HVnf0DOwZ5MDybWEmg,180,./data/centercity/images/pwS5HVnf0DOwZ5MDybWEmg_180.jpg,False
,deploy,pwS5HVnf0DOwZ5MDybWEmg_270,pwS5HVnf0DOwZ5MDybWEmg,270,./data/centercity/images/pwS5HVnf0DOwZ5MDybWEmg_270.jpg,False
,deploy,CAoSFkNJSE0wb2dLRUlDQWdJQ083TG1UYlE._0,CAoSFkNJSE0wb2dLRUlDQWdJQ083TG1UYlE.,0,./data/centercity/images/CAoSFkNJSE0wb2dLRUlDQWdJQ083TG1UYlE._0.jpg,False
,deploy,CAoSFkNJSE0wb2dLRUlDQWdJQ083TG1UYlE._90,CAoSFkNJSE0wb2dLRUlDQWdJQ083TG1UYlE.,90,./data/centercity/images/CAoSFkNJSE0wb2dLRUlDQWdJQ083TG1UYlE._90.jpg,False
,deploy,CAoSFkNJSE0wb2dLRUlDQWdJQ083TG1UYlE._180,CAoSFkNJSE0wb2dLRUlDQWdJQ083TG1UYlE.,180,./data/centercity/images/CAoSFkNJSE0wb2dLRUlDQWdJQ083TG1UYlE._180.jpg,False
,deploy,CAoSFkNJSE0wb2dLRUlDQWdJQ083TG1UYlE._270,CAoSFkNJSE0wb2dLRUlDQWdJQ083TG1UYlE.,270,./data/centercity/images/CAoSFkNJSE0wb2dLRUlDQWdJQ083TG1UYlE._270.jpg,False
,deploy,yPbMHGdfpMKqdODeZhWBAw_0,yPbMHGdfpMKqdODeZhWBAw,0,./data/centercity/images/yPbMHGdfpMKqdODeZhWBAw_0.jpg,False
,deploy,yPbMHGdfpMKqdODeZhWBAw_90,yPbMHGdfpMKqdODeZhWBAw,90,./data/centercity/images/yPbMHGdfpMKqdODeZhWBAw_90.jpg,False
,deploy,yPbMHGdfpMKqdODeZhWBAw_180,yPbMHGdfpMKqdODeZhWBAw,180,./data/centercity/images/yPbMHGdfpMKqdODeZhWBAw_180.jpg,False
,deploy,yPbMHGdfpMKqdODeZhWBAw_270,yPbMHGdfpMKqdODeZhWBAw,270,./data/centercity/images/yPbMHGdfpMKqdODeZhWBAw_270.jpg,False
,deploy,ynF3Nirf6MU9agw7dsNCiw_0,ynF3Nirf6MU9agw7dsNCiw,0,./data/centercity/images/ynF3Nirf6MU9agw7dsNCiw_0.jpg,False
,deploy,ynF3Nirf6MU9agw7dsNCiw_90,ynF3Nirf6MU9agw7dsNCiw,90,./data/centercity/images/ynF3Nirf6MU9agw7dsNCiw_90.jpg,False
,deploy,ynF3Nirf6MU9agw7dsNCiw_180,ynF3Nirf6MU9agw7dsNCiw,180,./data/centercity/images/ynF3Nirf6MU9agw7dsNCiw_180.jpg,False
,deploy,ynF3Nirf6MU9agw7dsNCiw_270,ynF3Nirf6MU9agw7dsNCiw,270,./data/centercity/images/ynF3Nirf6MU9agw7dsNCiw_270.jpg,False
,deploy,CAoSFkNJSE0wb2dLRUlDQWdJRGFxYWJRVXc._0,CAoSFkNJSE0wb2dLRUlDQWdJRGFxYWJRVXc.,0,./data/centercity/images/CAoSFkNJSE0wb2dLRUlDQWdJRGFxYWJRVXc._0.jpg,False
,deploy,CAoSFkNJSE0wb2dLRUlDQWdJRGFxYWJRVXc._90,CAoSFkNJSE0wb2dLRUlDQWdJRGFxYWJRVXc.,90,./data/centercity/images/CAoSFkNJSE0wb2dLRUlDQWdJRGFxYWJRVXc._90.jpg,False
,deploy,CAoSFkNJSE0wb2dLRUlDQWdJRGFxYWJRVXc._180,CAoSFkNJSE0wb2dLRUlDQWdJRGFxYWJRVXc.,180,./data/centercity/images/CAoSFkNJSE0wb2dLRUlDQWdJRGFxYWJRVXc._180.jpg,False
,deploy,CAoSFkNJSE0wb2dLRUlDQWdJRGFxYWJRVXc._270,CAoSFkNJSE0wb2dLRUlDQWdJRGFxYWJRVXc.,270,./data/centercity/images/CAoSFkNJSE0wb2dLRUlDQWdJRGFxYWJRVXc._270.jpg,False
,deploy,CAoSFkNJSE0wb2dLRUlDQWdJRGE4WnJNUVE._0,CAoSFkNJSE0wb2dLRUlDQWdJRGE4WnJNUVE.,0,./data/centercity/images/CAoSFkNJSE0wb2dLRUlDQWdJRGE4WnJNUVE._0.jpg,False
,deploy,CAoSFkNJSE0wb2dLRUlDQWdJRGE4WnJNUVE._90,CAoSFkNJSE0wb2dLRUlDQWdJRGE4WnJNUVE.,90,./data/centercity/images/CAoSFkNJSE0wb2dLRUlDQWdJRGE4WnJNUVE._90.jpg,False
,deploy,CAoSFkNJSE0wb2dLRUlDQWdJRGE4WnJNUVE._180,CAoSFkNJSE0wb2dLRUlDQWdJRGE4WnJNUVE.,180,./data/centercity/images/CAoSFkNJSE0wb2dLRUlDQWdJRGE4WnJNUVE._180.jpg,False
,deploy,CAoSFkNJSE0wb2dLRUlDQWdJRGE4WnJNUVE._270,CAoSFkNJSE0wb2dLRUlDQWdJRGE4WnJNUVE.,270,./data/centercity/images/CAoSFkNJSE0wb2dLRUlDQWdJRGE4WnJNUVE._270.jpg,False
,deploy,WDPe0eHKq3QYzSn3hNuqEg_0,WDPe0eHKq3QYzSn3hNuqEg,0,./data/centercity/images/WDPe0eHKq3QYzSn3hNuqEg_0.jpg,False
,deploy,WDPe0eHKq3QYzSn3hNuqEg_90,WDPe0eHKq3QYzSn3hNuqEg,90,./data/centercity/images/WDPe0eHKq3QYzSn3hNuqEg_90.jpg,False
,deploy,WDPe0eHKq3QYzSn3hNuqEg_180,WDPe0eHKq3QYzSn3hNuqEg,180,./data/centercity/images/WDPe0eHKq3QYzSn3hNuqEg_180.jpg,False
,deploy,WDPe0eHKq3QYzSn3hNuqEg_270,WDPe0eHKq3QYzSn3hNuqEg,270,./data/centercity/images/WDPe0eHKq3QYzSn3hNuqEg_270.jpg,False
,deploy,YOmrnrRDS-GInxdPH4yOaQ_0,YOmrnrRDS-GInxdPH4yOaQ,0,./data/centercity/images/YOmrnrRDS-GInxdPH4yOaQ_0.jpg,False
,deploy,YOmrnrRDS-GInxdPH4yOaQ_90,YOmrnrRDS-GInxdPH4yOaQ,90,./data/centercity/images/YOmrnrRDS-GInxdPH4yOaQ_90.jpg,False
,deploy,YOmrnrRDS-GInxdPH4yOaQ_180,YOmrnrRDS-GInxdPH4yOaQ,180,./data/centercity/images/YOmrnrRDS-GInxdPH4yOaQ_180.jpg,False
,deploy,YOmrnrRDS-GInxdPH4yOaQ_270,YOmrnrRDS-GInxdPH4yOaQ,270,./data/centercity/images/YOmrnrRDS-GInxdPH4yOaQ_270.jpg,False
,deploy,cZuBcwuD_VN1hwk-GHZGDA_0,cZuBcwuD_VN1hwk-GHZGDA,0,./data/centercity/images/cZuBcwuD_VN1hwk-GHZGDA_0.jpg,False
,deploy,cZuBcwuD_VN1hwk-GHZGDA_90,cZuBcwuD_VN1hwk-GHZGDA,90,./data/centercity/images/cZuBcwuD_VN1hwk-GHZGDA_90.jpg,False
,deploy,cZuBcwuD_VN1hwk-GHZGDA_180,cZuBcwuD_VN1hwk-GHZGDA,180,./data/centercity/images/cZuBcwuD_VN1hwk-GHZGDA_180.jpg,False
,deploy,cZuBcwuD_VN1hwk-GHZGDA_270,cZuBcwuD_VN1hwk-GHZGDA,270,./data/centercity/images/cZuBcwuD_VN1hwk-GHZGDA_270.jpg,False
,deploy,AQnvF7uyzFdqgeRAZ2OKKg_0,AQnvF7uyzFdqgeRAZ2OKKg,0,./data/centercity/images/AQnvF7uyzFdqgeRAZ2OKKg_0.jpg,False
,deploy,AQnvF7uyzFdqgeRAZ2OKKg_90,AQnvF7uyzFdqgeRAZ2OKKg,90,./data/centercity/images/AQnvF7uyzFdqgeRAZ2OKKg_90.jpg,False
,deploy,AQnvF7uyzFdqgeRAZ2OKKg_180,AQnvF7uyzFdqgeRAZ2OKKg,180,./data/centercity/images/AQnvF7uyzFdqgeRAZ2OKKg_180.jpg,False
,deploy,AQnvF7uyzFdqgeRAZ2OKKg_270,AQnvF7uyzFdqgeRAZ2OKKg,270,./data/centercity/images/AQnvF7uyzFdqgeRAZ2OKKg_270.jpg,False
,deploy,hkJ46zk4FBm0MgSMMGAC0Q_0,hkJ46zk4FBm0MgSMMGAC0Q,0,./data/centercity/images/hkJ46zk4FBm0MgSMMGAC0Q_0.jpg,False
,deploy,hkJ46zk4FBm0MgSMMGAC0Q_90,hkJ46zk4FBm0MgSMMGAC0Q,90,./data/centercity/images/hkJ46zk4FBm0MgSMMGAC0Q_90.jpg,False
,deploy,hkJ46zk4FBm0MgSMMGAC0Q_180,hkJ46zk4FBm0MgSMMGAC0Q,180,./data/centercity/images/hkJ46zk4FBm0MgSMMGAC0Q_180.jpg,False
,deploy,hkJ46zk4FBm0MgSMMGAC0Q_270,hkJ46zk4FBm0MgSMMGAC0Q,270,./data/centercity/images/hkJ46zk4FBm0MgSMMGAC0Q_270.jpg,False
,deploy,Pbbp1SrLrniijj92YUOhhg_0,Pbbp1SrLrniijj92YUOhhg,0,./data/centercity/images/Pbbp1SrLrniijj92YUOhhg_0.jpg,False
,deploy,Pbbp1SrLrniijj92YUOhhg_90,Pbbp1SrLrniijj92YUOhhg,90,./data/centercity/images/Pbbp1SrLrniijj92YUOhhg_90.jpg,False
,deploy,Pbbp1SrLrniijj92YUOhhg_180,Pbbp1SrLrniijj92YUOhhg,180,./data/centercity/images/Pbbp1SrLrniijj92YUOhhg_180.jpg,False
,deploy,Pbbp1SrLrniijj92YUOhhg_270,Pbbp1SrLrniijj92YUOhhg,270,./data/centercity/images/Pbbp1SrLrniijj92YUOhhg_270.jpg,False
,deploy,Dkc61ue86okYMQSarjrgcg_0,Dkc61ue86okYMQSarjrgcg,0,./data/centercity/images/Dkc61ue86okYMQSarjrgcg_0.jpg,False
,deploy,Dkc61ue86okYMQSarjrgcg_90,Dkc61ue86okYMQSarjrgcg,90,./data/centercity/images/Dkc61ue86okYMQSarjrgcg_90.jpg,False
,deploy,Dkc61ue86okYMQSarjrgcg_180,Dkc61ue86okYMQSarjrgcg,180,./data/centercity/images/Dkc61ue86okYMQSarjrgcg_180.jpg,False
,deploy,Dkc61ue86okYMQSarjrgcg_270,Dkc61ue86okYMQSarjrgcg,270,./data/centercity/images/Dkc61ue86okYMQSarjrgcg_270.jpg,False
,deploy,LvdpvgB2wggc3NMCdXgG1Q_0,LvdpvgB2wggc3NMCdXgG1Q,0,./data/centercity/images/LvdpvgB2wggc3NMCdXgG1Q_0.jpg,False
,deploy,LvdpvgB2wggc3NMCdXgG1Q_90,LvdpvgB2wggc3NMCdXgG1Q,90,./data/centercity/images/LvdpvgB2wggc3NMCdXgG1Q_90.jpg,False
,deploy,LvdpvgB2wggc3NMCdXgG1Q_180,LvdpvgB2wggc3NMCdXgG1Q,180,./data/centercity/images/LvdpvgB2wggc3NMCdXgG1Q_180.jpg,False
,deploy,LvdpvgB2wggc3NMCdXgG1Q_270,LvdpvgB2wggc3NMCdXgG1Q,270,./data/centercity/images/LvdpvgB2wggc3NMCdXgG1Q_270.jpg,False
,deploy,_Iti1sJQ-j4-gMMYOLX4oQ_0,_Iti1sJQ-j4-gMMYOLX4oQ,0,./data/centercity/images/_Iti1sJQ-j4-gMMYOLX4oQ_0.jpg,False
,deploy,_Iti1sJQ-j4-gMMYOLX4oQ_90,_Iti1sJQ-j4-gMMYOLX4oQ,90,./data/centercity/images/_Iti1sJQ-j4-gMMYOLX4oQ_90.jpg,False
,deploy,_Iti1sJQ-j4-gMMYOLX4oQ_180,_Iti1sJQ-j4-gMMYOLX4oQ,180,./data/centercity/images/_Iti1sJQ-j4-gMMYOLX4oQ_180.jpg,False
,deploy,_Iti1sJQ-j4-gMMYOLX4oQ_270,_Iti1sJQ-j4-gMMYOLX4oQ,270,./data/centercity/images/_Iti1sJQ-j4-gMMYOLX4oQ_270.jpg,False
,deploy,hAn_DOS60l_sIg5kMZy02A_0,hAn_DOS60l_sIg5kMZy02A,0,./data/centercity/images/hAn_DOS60l_sIg5kMZy02A_0.jpg,False
,deploy,hAn_DOS60l_sIg5kMZy02A_90,hAn_DOS60l_sIg5kMZy02A,90,./data/centercity/images/hAn_DOS60l_sIg5kMZy02A_90.jpg,False
,deploy,hAn_DOS60l_sIg5kMZy02A_180,hAn_DOS60l_sIg5kMZy02A,180,./data/centercity/images/hAn_DOS60l_sIg5kMZy02A_180.jpg,False
,deploy,hAn_DOS60l_sIg5kMZy02A_270,hAn_DOS60l_sIg5kMZy02A,270,./data/centercity/images/hAn_DOS60l_sIg5kMZy02A_270.jpg,False
,deploy,MebXswum52pLqtvkDPfJBw_0,MebXswum52pLqtvkDPfJBw,0,./data/centercity/images/MebXswum52pLqtvkDPfJBw_0.jpg,False
,deploy,MebXswum52pLqtvkDPfJBw_90,MebXswum52pLqtvkDPfJBw,90,./data/centercity/images/MebXswum52pLqtvkDPfJBw_90.jpg,False
,deploy,MebXswum52pLqtvkDPfJBw_180,MebXswum52pLqtvkDPfJBw,180,./data/centercity/images/MebXswum52pLqtvkDPfJBw_180.jpg,False
,deploy,MebXswum52pLqtvkDPfJBw_270,MebXswum52pLqtvkDPfJBw,270,./data/centercity/images/MebXswum52pLqtvkDPfJBw_270.jpg,False
,deploy,CBDutUNg1eKrmXEiJd8JcA_0,CBDutUNg1eKrmXEiJd8JcA,0,./data/centercity/images/CBDutUNg1eKrmXEiJd8JcA_0.jpg,False
,deploy,CBDutUNg1eKrmXEiJd8JcA_90,CBDutUNg1eKrmXEiJd8JcA,90,./data/centercity/images/CBDutUNg1eKrmXEiJd8JcA_90.jpg,False
,deploy,CBDutUNg1eKrmXEiJd8JcA_180,CBDutUNg1eKrmXEiJd8JcA,180,./data/centercity/images/CBDutUNg1eKrmXEiJd8JcA_180.jpg,False
,deploy,CBDutUNg1eKrmXEiJd8JcA_270,CBDutUNg1eKrmXEiJd8JcA,270,./data/centercity/images/CBDutUNg1eKrmXEiJd8JcA_270.jpg,False
,deploy,DW1hKP-SA2tgwQZwEIFgwA_0,DW1hKP-SA2tgwQZwEIFgwA,0,./data/centercity/images/DW1hKP-SA2tgwQZwEIFgwA_0.jpg,False
,deploy,DW1hKP-SA2tgwQZwEIFgwA_90,DW1hKP-SA2tgwQZwEIFgwA,90,./data/centercity/images/DW1hKP-SA2tgwQZwEIFgwA_90.jpg,False
,deploy,DW1hKP-SA2tgwQZwEIFgwA_180,DW1hKP-SA2tgwQZwEIFgwA,180,./data/centercity/images/DW1hKP-SA2tgwQZwEIFgwA_180.jpg,False
,deploy,DW1hKP-SA2tgwQZwEIFgwA_270,DW1hKP-SA2tgwQZwEIFgwA,270,./data/centercity/images/DW1hKP-SA2tgwQZwEIFgwA_270.jpg,False
,deploy,jQM4C4KcMKwkbbPb60JH4w_0,jQM4C4KcMKwkbbPb60JH4w,0,./data/centercity/images/jQM4C4KcMKwkbbPb60JH4w_0.jpg,False
,deploy,jQM4C4KcMKwkbbPb60JH4w_90,jQM4C4KcMKwkbbPb60JH4w,90,./data/centercity/images/jQM4C4KcMKwkbbPb60JH4w_90.jpg,False
,deploy,jQM4C4KcMKwkbbPb60JH4w_180,jQM4C4KcMKwkbbPb60JH4w,180,./data/centercity/images/jQM4C4KcMKwkbbPb60JH4w_180.jpg,False
,deploy,jQM4C4KcMKwkbbPb60JH4w_270,jQM4C4KcMKwkbbPb60JH4w,270,./data/centercity/images/jQM4C4KcMKwkbbPb60JH4w_270.jpg,False
,deploy,judF0pXqyqzZ3vUKrYdMEQ_0,judF0pXqyqzZ3vUKrYdMEQ,0,./data/centercity/images/judF0pXqyqzZ3vUKrYdMEQ_0.jpg,False
,deploy,judF0pXqyqzZ3vUKrYdMEQ_90,judF0pXqyqzZ3vUKrYdMEQ,90,./data/centercity/images/judF0pXqyqzZ3vUKrYdMEQ_90.jpg,False
,deploy,judF0pXqyqzZ3vUKrYdMEQ_180,judF0pXqyqzZ3vUKrYdMEQ,180,./data/centercity/images/judF0pXqyqzZ3vUKrYdMEQ_180.jpg,False
,deploy,judF0pXqyqzZ3vUKrYdMEQ_270,judF0pXqyqzZ3vUKrYdMEQ,270,./data/centercity/images/judF0pXqyqzZ3vUKrYdMEQ_270.jpg,False
,deploy,D5YCzOIA-Yd-9e9fHOH0CA_0,D5YCzOIA-Yd-9e9fHOH0CA,0,./data/centercity/images/D5YCzOIA-Yd-9e9fHOH0CA_0.jpg,False
,deploy,D5YCzOIA-Yd-9e9fHOH0CA_90,D5YCzOIA-Yd-9e9fHOH0CA,90,./data/centercity/images/D5YCzOIA-Yd-9e9fHOH0CA_90.jpg,False
,deploy,D5YCzOIA-Yd-9e9fHOH0CA_180,D5YCzOIA-Yd-9e9fHOH0CA,180,./data/centercity/images/D5YCzOIA-Yd-9e9fHOH0CA_180.jpg,False
,deploy,D5YCzOIA-Yd-9e9fHOH0CA_270,D5YCzOIA-Yd-9e9fHOH0CA,270,./data/centercity/images/D5YCzOIA-Yd-9e9fHOH0CA_270.jpg,False
,deploy,RyLhbOt_NQXopZCPXucHBg_0,RyLhbOt_NQXopZCPXucHBg,0,./data/centercity/images/RyLhbOt_NQXopZCPXucHBg_0.jpg,False
,deploy,RyLhbOt_NQXopZCPXucHBg_90,RyLhbOt_NQXopZCPXucHBg,90,./data/centercity/images/RyLhbOt_NQXopZCPXucHBg_90.jpg,False
,deploy,RyLhbOt_NQXopZCPXucHBg_180,RyLhbOt_NQXopZCPXucHBg,180,./data/centercity/images/RyLhbOt_NQXopZCPXucHBg_180.jpg,False
,deploy,RyLhbOt_NQXopZCPXucHBg_270,RyLhbOt_NQXopZCPXucHBg,270,./data/centercity/images/RyLhbOt_NQXopZCPXucHBg_270.jpg,False
,deploy,_Q40Y38sOUd1Tn71_8WrXQ_0,_Q40Y38sOUd1Tn71_8WrXQ,0,./data/centercity/images/_Q40Y38sOUd1Tn71_8WrXQ_0.jpg,False
,deploy,_Q40Y38sOUd1Tn71_8WrXQ_90,_Q40Y38sOUd1Tn71_8WrXQ,90,./data/centercity/images/_Q40Y38sOUd1Tn71_8WrXQ_90.jpg,False
,deploy,_Q40Y38sOUd1Tn71_8WrXQ_180,_Q40Y38sOUd1Tn71_8WrXQ,180,./data/centercity/images/_Q40Y38sOUd1Tn71_8WrXQ_180.jpg,False
,deploy,_Q40Y38sOUd1Tn71_8WrXQ_270,_Q40Y38sOUd1Tn71_8WrXQ,270,./data/centercity/images/_Q40Y38sOUd1Tn71_8WrXQ_270.jpg,False
,deploy,LsBpSYUAgMIXR7h6vXHFbA_0,LsBpSYUAgMIXR7h6vXHFbA,0,./data/centercity/images/LsBpSYUAgMIXR7h6vXHFbA_0.jpg,False
,deploy,LsBpSYUAgMIXR7h6vXHFbA_90,LsBpSYUAgMIXR7h6vXHFbA,90,./data/centercity/images/LsBpSYUAgMIXR7h6vXHFbA_90.jpg,False
,deploy,LsBpSYUAgMIXR7h6vXHFbA_180,LsBpSYUAgMIXR7h6vXHFbA,180,./data/centercity/images/LsBpSYUAgMIXR7h6vXHFbA_180.jpg,False
,deploy,LsBpSYUAgMIXR7h6vXHFbA_270,LsBpSYUAgMIXR7h6vXHFbA,270,./data/centercity/images/LsBpSYUAgMIXR7h6vXHFbA_270.jpg,False
,deploy,J2qgzzQN9XcQ4tDtuK2KqA_0,J2qgzzQN9XcQ4tDtuK2KqA,0,./data/centercity/images/J2qgzzQN9XcQ4tDtuK2KqA_0.jpg,False
,deploy,J2qgzzQN9XcQ4tDtuK2KqA_90,J2qgzzQN9XcQ4tDtuK2KqA,90,./data/centercity/images/J2qgzzQN9XcQ4tDtuK2KqA_90.jpg,False
,deploy,J2qgzzQN9XcQ4tDtuK2KqA_180,J2qgzzQN9XcQ4tDtuK2KqA,180,./data/centercity/images/J2qgzzQN9XcQ4tDtuK2KqA_180.jpg,False
,deploy,J2qgzzQN9XcQ4tDtuK2KqA_270,J2qgzzQN9XcQ4tDtuK2KqA,270,./data/centercity/images/J2qgzzQN9XcQ4tDtuK2KqA_270.jpg,False
,deploy,zEovcLDpzQTNOF5UWn4L7A_0,zEovcLDpzQTNOF5UWn4L7A,0,./data/centercity/images/zEovcLDpzQTNOF5UWn4L7A_0.jpg,False
,deploy,zEovcLDpzQTNOF5UWn4L7A_90,zEovcLDpzQTNOF5UWn4L7A,90,./data/centercity/images/zEovcLDpzQTNOF5UWn4L7A_90.jpg,False
,deploy,zEovcLDpzQTNOF5UWn4L7A_180,zEovcLDpzQTNOF5UWn4L7A,180,./data/centercity/images/zEovcLDpzQTNOF5UWn4L7A_180.jpg,False
,deploy,zEovcLDpzQTNOF5UWn4L7A_270,zEovcLDpzQTNOF5UWn4L7A,270,./data/centercity/images/zEovcLDpzQTNOF5UWn4L7A_270.jpg,False
,deploy,0qFioBcjt6XFe54PHGHrKA_0,0qFioBcjt6XFe54PHGHrKA,0,./data/centercity/images/0qFioBcjt6XFe54PHGHrKA_0.jpg,False
,deploy,0qFioBcjt6XFe54PHGHrKA_90,0qFioBcjt6XFe54PHGHrKA,90,./data/centercity/images/0qFioBcjt6XFe54PHGHrKA_90.jpg,False
,deploy,0qFioBcjt6XFe54PHGHrKA_180,0qFioBcjt6XFe54PHGHrKA,180,./data/centercity/images/0qFioBcjt6XFe54PHGHrKA_180.jpg,False
,deploy,0qFioBcjt6XFe54PHGHrKA_270,0qFioBcjt6XFe54PHGHrKA,270,./data/centercity/images/0qFioBcjt6XFe54PHGHrKA_270.jpg,False
,deploy,-KzYcH0r3zJnmKQ5D4u3bA_0,-KzYcH0r3zJnmKQ5D4u3bA,0,./data/centercity/images/-KzYcH0r3zJnmKQ5D4u3bA_0.jpg,False
,deploy,-KzYcH0r3zJnmKQ5D4u3bA_90,-KzYcH0r3zJnmKQ5D4u3bA,90,./data/centercity/images/-KzYcH0r3zJnmKQ5D4u3bA_90.jpg,False
,deploy,-KzYcH0r3zJnmKQ5D4u3bA_180,-KzYcH0r3zJnmKQ5D4u3bA,180,./data/centercity/images/-KzYcH0r3zJnmKQ5D4u3bA_180.jpg,False
,deploy,-KzYcH0r3zJnmKQ5D4u3bA_270,-KzYcH0r3zJnmKQ5D4u3bA,270,./data/centercity/images/-KzYcH0r3zJnmKQ5D4u3bA_270.jpg,False
,deploy,XP-BYOMiQxiLHcUrtG8lkQ_0,XP-BYOMiQxiLHcUrtG8lkQ,0,./data/centercity/images/XP-BYOMiQxiLHcUrtG8lkQ_0.jpg,False
,deploy,XP-BYOMiQxiLHcUrtG8lkQ_90,XP-BYOMiQxiLHcUrtG8lkQ,90,./data/centercity/images/XP-BYOMiQxiLHcUrtG8lkQ_90.jpg,False
,deploy,XP-BYOMiQxiLHcUrtG8lkQ_180,XP-BYOMiQxiLHcUrtG8lkQ,180,./data/centercity/images/XP-BYOMiQxiLHcUrtG8lkQ_180.jpg,False
,deploy,XP-BYOMiQxiLHcUrtG8lkQ_270,XP-BYOMiQxiLHcUrtG8lkQ,270,./data/centercity/images/XP-BYOMiQxiLHcUrtG8lkQ_270.jpg,False
,deploy,CAoSFkNJSE0wb2dLRUlDQWdJRGFpWjJFTWc._0,CAoSFkNJSE0wb2dLRUlDQWdJRGFpWjJFTWc.,0,./data/centercity/images/CAoSFkNJSE0wb2dLRUlDQWdJRGFpWjJFTWc._0.jpg,False
,deploy,CAoSFkNJSE0wb2dLRUlDQWdJRGFpWjJFTWc._90,CAoSFkNJSE0wb2dLRUlDQWdJRGFpWjJFTWc.,90,./data/centercity/images/CAoSFkNJSE0wb2dLRUlDQWdJRGFpWjJFTWc._90.jpg,False
,deploy,CAoSFkNJSE0wb2dLRUlDQWdJRGFpWjJFTWc._180,CAoSFkNJSE0wb2dLRUlDQWdJRGFpWjJFTWc.,180,./data/centercity/images/CAoSFkNJSE0wb2dLRUlDQWdJRGFpWjJFTWc._180.jpg,False
,deploy,CAoSFkNJSE0wb2dLRUlDQWdJRGFpWjJFTWc._270,CAoSFkNJSE0wb2dLRUlDQWdJRGFpWjJFTWc.,270,./data/centercity/images/CAoSFkNJSE0wb2dLRUlDQWdJRGFpWjJFTWc._270.jpg,False
,deploy,DP04vUrt-F4PO54_1POo6w_0,DP04vUrt-F4PO54_1POo6w,0,./data/centercity/images/DP04vUrt-F4PO54_1POo6w_0.jpg,False
,deploy,DP04vUrt-F4PO54_1POo6w_90,DP04vUrt-F4PO54_1POo6w,90,./data/centercity/images/DP04vUrt-F4PO54_1POo6w_90.jpg,False
,deploy,DP04vUrt-F4PO54_1POo6w_180,DP04vUrt-F4PO54_1POo6w,180,./data/centercity/images/DP04vUrt-F4PO54_1POo6w_180.jpg,False
,deploy,DP04vUrt-F4PO54_1POo6w_270,DP04vUrt-F4PO54_1POo6w,270,./data/centercity/images/DP04vUrt-F4PO54_1POo6w_270.jpg,False
,deploy,pctqQHea2lm1IlHnxob6nA_0,pctqQHea2lm1IlHnxob6nA,0,./data/centercity/images/pctqQHea2lm1IlHnxob6nA_0.jpg,False
,deploy,pctqQHea2lm1IlHnxob6nA_90,pctqQHea2lm1IlHnxob6nA,90,./data/centercity/images/pctqQHea2lm1IlHnxob6nA_90.jpg,False
,deploy,pctqQHea2lm1IlHnxob6nA_180,pctqQHea2lm1IlHnxob6nA,180,./data/centercity/images/pctqQHea2lm1IlHnxob6nA_180.jpg,False
,deploy,pctqQHea2lm1IlHnxob6nA_270,pctqQHea2lm1IlHnxob6nA,270,./data/centercity/images/pctqQHea2lm1IlHnxob6nA_270.jpg,False
,deploy,CAoSF0NJSE0wb2dLRUlDQWdJRE1vZDNNandF_0,CAoSF0NJSE0wb2dLRUlDQWdJRE1vZDNNandF,0,./data/centercity/images/CAoSF0NJSE0wb2dLRUlDQWdJRE1vZDNNandF_0.jpg,False
,deploy,CAoSF0NJSE0wb2dLRUlDQWdJRE1vZDNNandF_90,CAoSF0NJSE0wb2dLRUlDQWdJRE1vZDNNandF,90,./data/centercity/images/CAoSF0NJSE0wb2dLRUlDQWdJRE1vZDNNandF_90.jpg,False
,deploy,CAoSF0NJSE0wb2dLRUlDQWdJRE1vZDNNandF_180,CAoSF0NJSE0wb2dLRUlDQWdJRE1vZDNNandF,180,./data/centercity/images/CAoSF0NJSE0wb2dLRUlDQWdJRE1vZDNNandF_180.jpg,False
,deploy,CAoSF0NJSE0wb2dLRUlDQWdJRE1vZDNNandF_270,CAoSF0NJSE0wb2dLRUlDQWdJRE1vZDNNandF,270,./data/centercity/images/CAoSF0NJSE0wb2dLRUlDQWdJRE1vZDNNandF_270.jpg,False
,deploy,CAoSFkNJSE0wb2dLRUlDQWdJRGEyZlRBVlE._0,CAoSFkNJSE0wb2dLRUlDQWdJRGEyZlRBVlE.,0,./data/centercity/images/CAoSFkNJSE0wb2dLRUlDQWdJRGEyZlRBVlE._0.jpg,False
,deploy,CAoSFkNJSE0wb2dLRUlDQWdJRGEyZlRBVlE._90,CAoSFkNJSE0wb2dLRUlDQWdJRGEyZlRBVlE.,90,./data/centercity/images/CAoSFkNJSE0wb2dLRUlDQWdJRGEyZlRBVlE._90.jpg,False
,deploy,CAoSFkNJSE0wb2dLRUlDQWdJRGEyZlRBVlE._180,CAoSFkNJSE0wb2dLRUlDQWdJRGEyZlRBVlE.,180,./data/centercity/images/CAoSFkNJSE0wb2dLRUlDQWdJRGEyZlRBVlE._180.jpg,False
,deploy,CAoSFkNJSE0wb2dLRUlDQWdJRGEyZlRBVlE._270,CAoSFkNJSE0wb2dLRUlDQWdJRGEyZlRBVlE.,270,./data/centercity/images/CAoSFkNJSE0wb2dLRUlDQWdJRGEyZlRBVlE._270.jpg,False
,deploy,CAoSFkNJSE0wb2dLRUlDQWdJRGFpZWJXWVE._0,CAoSFkNJSE0wb2dLRUlDQWdJRGFpZWJXWVE.,0,./data/centercity/images/CAoSFkNJSE0wb2dLRUlDQWdJRGFpZWJXWVE._0.jpg,False
,deploy,CAoSFkNJSE0wb2dLRUlDQWdJRGFpZWJXWVE._90,CAoSFkNJSE0wb2dLRUlDQWdJRGFpZWJXWVE.,90,./data/centercity/images/CAoSFkNJSE0wb2dLRUlDQWdJRGFpZWJXWVE._90.jpg,False
,deploy,CAoSFkNJSE0wb2dLRUlDQWdJRGFpZWJXWVE._180,CAoSFkNJSE0wb2dLRUlDQWdJRGFpZWJXWVE.,180,./data/centercity/images/CAoSFkNJSE0wb2dLRUlDQWdJRGFpZWJXWVE._180.jpg,False
,deploy,CAoSFkNJSE0wb2dLRUlDQWdJRGFpZWJXWVE._270,CAoSFkNJSE0wb2dLRUlDQWdJRGFpZWJXWVE.,270,./data/centercity/images/CAoSFkNJSE0wb2dLRUlDQWdJRGFpZWJXWVE._270.jpg,False
,deploy,YxN3yo1Zo62Dv-SYmCRVrA_0,YxN3yo1Zo62Dv-SYmCRVrA,0,./data/centercity/images/YxN3yo1Zo62Dv-SYmCRVrA_0.jpg,False
,deploy,YxN3yo1Zo62Dv-SYmCRVrA_90,YxN3yo1Zo62Dv-SYmCRVrA,90,./data/centercity/images/YxN3yo1Zo62Dv-SYmCRVrA_90.jpg,False
,deploy,YxN3yo1Zo62Dv-SYmCRVrA_180,YxN3yo1Zo62Dv-SYmCRVrA,180,./data/centercity/images/YxN3yo1Zo62Dv-SYmCRVrA_180.jpg,False
,deploy,YxN3yo1Zo62Dv-SYmCRVrA_270,YxN3yo1Zo62Dv-SYmCRVrA,270,./data/centercity/images/YxN3yo1Zo62Dv-SYmCRVrA_270.jpg,False
,deploy,1NwaGU3QYrZPr_0gvSQbSQ_0,1NwaGU3QYrZPr_0gvSQbSQ,0,./data/centercity/images/1NwaGU3QYrZPr_0gvSQbSQ_0.jpg,False
,deploy,1NwaGU3QYrZPr_0gvSQbSQ_90,1NwaGU3QYrZPr_0gvSQbSQ,90,./data/centercity/images/1NwaGU3QYrZPr_0gvSQbSQ_90.jpg,False
,deploy,1NwaGU3QYrZPr_0gvSQbSQ_180,1NwaGU3QYrZPr_0gvSQbSQ,180,./data/centercity/images/1NwaGU3QYrZPr_0gvSQbSQ_180.jpg,False
,deploy,1NwaGU3QYrZPr_0gvSQbSQ_270,1NwaGU3QYrZPr_0gvSQbSQ,270,./data/centercity/images/1NwaGU3QYrZPr_0gvSQbSQ_270.jpg,False
,deploy,3yBk86njwtgrECm95ktaJw_0,3yBk86njwtgrECm95ktaJw,0,./data/centercity/images/3yBk86njwtgrECm95ktaJw_0.jpg,False
,deploy,3yBk86njwtgrECm95ktaJw_90,3yBk86njwtgrECm95ktaJw,90,./data/centercity/images/3yBk86njwtgrECm95ktaJw_90.jpg,False
,deploy,3yBk86njwtgrECm95ktaJw_180,3yBk86njwtgrECm95ktaJw,180,./data/centercity/images/3yBk86njwtgrECm95ktaJw_180.jpg,False
,deploy,3yBk86njwtgrECm95ktaJw_270,3yBk86njwtgrECm95ktaJw,270,./data/centercity/images/3yBk86njwtgrECm95ktaJw_270.jpg,False
,deploy,daJfPW-zPLujxA6Qb_IGCQ_0,daJfPW-zPLujxA6Qb_IGCQ,0,./data/centercity/images/daJfPW-zPLujxA6Qb_IGCQ_0.jpg,False
,deploy,daJfPW-zPLujxA6Qb_IGCQ_90,daJfPW-zPLujxA6Qb_IGCQ,90,./data/centercity/images/daJfPW-zPLujxA6Qb_IGCQ_90.jpg,False
,deploy,daJfPW-zPLujxA6Qb_IGCQ_180,daJfPW-zPLujxA6Qb_IGCQ,180,./data/centercity/images/daJfPW-zPLujxA6Qb_IGCQ_180.jpg,False
,deploy,daJfPW-zPLujxA6Qb_IGCQ_270,daJfPW-zPLujxA6Qb_IGCQ,270,./data/centercity/images/daJfPW-zPLujxA6Qb_IGCQ_270.jpg,False
,deploy,bhaDFD_zbq9BFFSkXSAsog_0,bhaDFD_zbq9BFFSkXSAsog,0,./data/centercity/images/bhaDFD_zbq9BFFSkXSAsog_0.jpg,False
,deploy,bhaDFD_zbq9BFFSkXSAsog_90,bhaDFD_zbq9BFFSkXSAsog,90,./data/centercity/images/bhaDFD_zbq9BFFSkXSAsog_90.jpg,False
,deploy,bhaDFD_zbq9BFFSkXSAsog_180,bhaDFD_zbq9BFFSkXSAsog,180,./data/centercity/images/bhaDFD_zbq9BFFSkXSAsog_180.jpg,False
,deploy,bhaDFD_zbq9BFFSkXSAsog_270,bhaDFD_zbq9BFFSkXSAsog,270,./data/centercity/images/bhaDFD_zbq9BFFSkXSAsog_270.jpg,False
,deploy,if_-kF4dkJa04M4gy41ldQ_0,if_-kF4dkJa04M4gy41ldQ,0,./data/centercity/images/if_-kF4dkJa04M4gy41ldQ_0.jpg,False
,deploy,if_-kF4dkJa04M4gy41ldQ_90,if_-kF4dkJa04M4gy41ldQ,90,./data/centercity/images/if_-kF4dkJa04M4gy41ldQ_90.jpg,False
,deploy,if_-kF4dkJa04M4gy41ldQ_180,if_-kF4dkJa04M4gy41ldQ,180,./data/centercity/images/if_-kF4dkJa04M4gy41ldQ_180.jpg,False
,deploy,if_-kF4dkJa04M4gy41ldQ_270,if_-kF4dkJa04M4gy41ldQ,270,./data/centercity/images/if_-kF4dkJa04M4gy41ldQ_270.jpg,False
,deploy,BFV1xXXQAsS3aC84LfjFgA_0,BFV1xXXQAsS3aC84LfjFgA,0,./data/centercity/images/BFV1xXXQAsS3aC84LfjFgA_0.jpg,False
,deploy,BFV1xXXQAsS3aC84LfjFgA_90,BFV1xXXQAsS3aC84LfjFgA,90,./data/centercity/images/BFV1xXXQAsS3aC84LfjFgA_90.jpg,False
,deploy,BFV1xXXQAsS3aC84LfjFgA_180,BFV1xXXQAsS3aC84LfjFgA,180,./data/centercity/images/BFV1xXXQAsS3aC84LfjFgA_180.jpg,False
,deploy,BFV1xXXQAsS3aC84LfjFgA_270,BFV1xXXQAsS3aC84LfjFgA,270,./data/centercity/images/BFV1xXXQAsS3aC84LfjFgA_270.jpg,False
,deploy,jOCmPdYTWCXytIcatIY53Q_0,jOCmPdYTWCXytIcatIY53Q,0,./data/centercity/images/jOCmPdYTWCXytIcatIY53Q_0.jpg,False
,deploy,jOCmPdYTWCXytIcatIY53Q_90,jOCmPdYTWCXytIcatIY53Q,90,./data/centercity/images/jOCmPdYTWCXytIcatIY53Q_90.jpg,False
,deploy,jOCmPdYTWCXytIcatIY53Q_180,jOCmPdYTWCXytIcatIY53Q,180,./data/centercity/images/jOCmPdYTWCXytIcatIY53Q_180.jpg,False
,deploy,jOCmPdYTWCXytIcatIY53Q_270,jOCmPdYTWCXytIcatIY53Q,270,./data/centercity/images/jOCmPdYTWCXytIcatIY53Q_270.jpg,False
,deploy,CAoSF0NJSE0wb2dLRUlDQWdJRGFpZXI5bmdF_0,CAoSF0NJSE0wb2dLRUlDQWdJRGFpZXI5bmdF,0,./data/centercity/images/CAoSF0NJSE0wb2dLRUlDQWdJRGFpZXI5bmdF_0.jpg,False
,deploy,CAoSF0NJSE0wb2dLRUlDQWdJRGFpZXI5bmdF_90,CAoSF0NJSE0wb2dLRUlDQWdJRGFpZXI5bmdF,90,./data/centercity/images/CAoSF0NJSE0wb2dLRUlDQWdJRGFpZXI5bmdF_90.jpg,False
,deploy,CAoSF0NJSE0wb2dLRUlDQWdJRGFpZXI5bmdF_180,CAoSF0NJSE0wb2dLRUlDQWdJRGFpZXI5bmdF,180,./data/centercity/images/CAoSF0NJSE0wb2dLRUlDQWdJRGFpZXI5bmdF_180.jpg,False
,deploy,CAoSF0NJSE0wb2dLRUlDQWdJRGFpZXI5bmdF_270,CAoSF0NJSE0wb2dLRUlDQWdJRGFpZXI5bmdF,270,./data/centercity/images/CAoSF0NJSE0wb2dLRUlDQWdJRGFpZXI5bmdF_270.jpg,False
,deploy,ROzUReGoYuo_EgBV8C9-fA_0,ROzUReGoYuo_EgBV8C9-fA,0,./data/centercity/images/ROzUReGoYuo_EgBV8C9-fA_0.jpg,False
,deploy,ROzUReGoYuo_EgBV8C9-fA_90,ROzUReGoYuo_EgBV8C9-fA,90,./data/centercity/images/ROzUReGoYuo_EgBV8C9-fA_90.jpg,False
,deploy,ROzUReGoYuo_EgBV8C9-fA_180,ROzUReGoYuo_EgBV8C9-fA,180,./data/centercity/images/ROzUReGoYuo_EgBV8C9-fA_180.jpg,False
,deploy,ROzUReGoYuo_EgBV8C9-fA_270,ROzUReGoYuo_EgBV8C9-fA,270,./data/centercity/images/ROzUReGoYuo_EgBV8C9-fA_270.jpg,False
,deploy,CAoSFkNJSE0wb2dLRUlDQWdJRGF5YTNBUWc._0,CAoSFkNJSE0wb2dLRUlDQWdJRGF5YTNBUWc.,0,./data/centercity/images/CAoSFkNJSE0wb2dLRUlDQWdJRGF5YTNBUWc._0.jpg,False
,deploy,CAoSFkNJSE0wb2dLRUlDQWdJRGF5YTNBUWc._90,CAoSFkNJSE0wb2dLRUlDQWdJRGF5YTNBUWc.,90,./data/centercity/images/CAoSFkNJSE0wb2dLRUlDQWdJRGF5YTNBUWc._90.jpg,False
,deploy,CAoSFkNJSE0wb2dLRUlDQWdJRGF5YTNBUWc._180,CAoSFkNJSE0wb2dLRUlDQWdJRGF5YTNBUWc.,180,./data/centercity/images/CAoSFkNJSE0wb2dLRUlDQWdJRGF5YTNBUWc._180.jpg,False
,deploy,CAoSFkNJSE0wb2dLRUlDQWdJRGF5YTNBUWc._270,CAoSFkNJSE0wb2dLRUlDQWdJRGF5YTNBUWc.,270,./data/centercity/images/CAoSFkNJSE0wb2dLRUlDQWdJRGF5YTNBUWc._270.jpg,False
,deploy,CWw753z46-y51nLyLma7qw_0,CWw753z46-y51nLyLma7qw,0,./data/centercity/images/CWw753z46-y51nLyLma7qw_0.jpg,False
,deploy,CWw753z46-y51nLyLma7qw_90,CWw753z46-y51nLyLma7qw,90,./data/centercity/images/CWw753z46-y51nLyLma7qw_90.jpg,False
,deploy,CWw753z46-y51nLyLma7qw_180,CWw753z46-y51nLyLma7qw,180,./data/centercity/images/CWw753z46-y51nLyLma7qw_180.jpg,False
,deploy,CWw753z46-y51nLyLma7qw_270,CWw753z46-y51nLyLma7qw,270,./data/centercity/images/CWw753z46-y51nLyLma7qw_270.jpg,False
,deploy,G5-PT-RBjJeEhTfNmbfHfA_0,G5-PT-RBjJeEhTfNmbfHfA,0,./data/centercity/images/G5-PT-RBjJeEhTfNmbfHfA_0.jpg,False
,deploy,G5-PT-RBjJeEhTfNmbfHfA_90,G5-PT-RBjJeEhTfNmbfHfA,90,./data/centercity/images/G5-PT-RBjJeEhTfNmbfHfA_90.jpg,False
,deploy,G5-PT-RBjJeEhTfNmbfHfA_180,G5-PT-RBjJeEhTfNmbfHfA,180,./data/centercity/images/G5-PT-RBjJeEhTfNmbfHfA_180.jpg,False
,deploy,G5-PT-RBjJeEhTfNmbfHfA_270,G5-PT-RBjJeEhTfNmbfHfA,270,./data/centercity/images/G5-PT-RBjJeEhTfNmbfHfA_270.jpg,False
,deploy,-0Kw7NeyTopjXp8wZ6dTcg_0,-0Kw7NeyTopjXp8wZ6dTcg,0,./data/centercity/images/-0Kw7NeyTopjXp8wZ6dTcg_0.jpg,False
,deploy,-0Kw7NeyTopjXp8wZ6dTcg_90,-0Kw7NeyTopjXp8wZ6dTcg,90,./data/centercity/images/-0Kw7NeyTopjXp8wZ6dTcg_90.jpg,False
,deploy,-0Kw7NeyTopjXp8wZ6dTcg_180,-0Kw7NeyTopjXp8wZ6dTcg,180,./data/centercity/images/-0Kw7NeyTopjXp8wZ6dTcg_180.jpg,False
,deploy,-0Kw7NeyTopjXp8wZ6dTcg_270,-0Kw7NeyTopjXp8wZ6dTcg,270,./data/centercity/images/-0Kw7NeyTopjXp8wZ6dTcg_270.jpg,False
,deploy,1HeRCFUO5YtRnPRyQ1__YQ_0,1HeRCFUO5YtRnPRyQ1__YQ,0,./data/centercity/images/1HeRCFUO5YtRnPRyQ1__YQ_0.jpg,False
,deploy,1HeRCFUO5YtRnPRyQ1__YQ_90,1HeRCFUO5YtRnPRyQ1__YQ,90,./data/centercity/images/1HeRCFUO5YtRnPRyQ1__YQ_90.jpg,False
,deploy,1HeRCFUO5YtRnPRyQ1__YQ_180,1HeRCFUO5YtRnPRyQ1__YQ,180,./data/centercity/images/1HeRCFUO5YtRnPRyQ1__YQ_180.jpg,False
,deploy,1HeRCFUO5YtRnPRyQ1__YQ_270,1HeRCFUO5YtRnPRyQ1__YQ,270,./data/centercity/images/1HeRCFUO5YtRnPRyQ1__YQ_270.jpg,False
,deploy,smzSthtM3eXLX4rQe1om4w_0,smzSthtM3eXLX4rQe1om4w,0,./data/centercity/images/smzSthtM3eXLX4rQe1om4w_0.jpg,False
,deploy,smzSthtM3eXLX4rQe1om4w_90,smzSthtM3eXLX4rQe1om4w,90,./data/centercity/images/smzSthtM3eXLX4rQe1om4w_90.jpg,False
,deploy,smzSthtM3eXLX4rQe1om4w_180,smzSthtM3eXLX4rQe1om4w,180,./data/centercity/images/smzSthtM3eXLX4rQe1om4w_180.jpg,False
,deploy,smzSthtM3eXLX4rQe1om4w_270,smzSthtM3eXLX4rQe1om4w,270,./data/centercity/images/smzSthtM3eXLX4rQe1om4w_270.jpg,False
,deploy,wrIBXgc2KWCcWJ6TpE0LDA_0,wrIBXgc2KWCcWJ6TpE0LDA,0,./data/centercity/images/wrIBXgc2KWCcWJ6TpE0LDA_0.jpg,False
,deploy,wrIBXgc2KWCcWJ6TpE0LDA_90,wrIBXgc2KWCcWJ6TpE0LDA,90,./data/centercity/images/wrIBXgc2KWCcWJ6TpE0LDA_90.jpg,False
,deploy,wrIBXgc2KWCcWJ6TpE0LDA_180,wrIBXgc2KWCcWJ6TpE0LDA,180,./data/centercity/images/wrIBXgc2KWCcWJ6TpE0LDA_180.jpg,False
,deploy,wrIBXgc2KWCcWJ6TpE0LDA_270,wrIBXgc2KWCcWJ6TpE0LDA,270,./data/centercity/images/wrIBXgc2KWCcWJ6TpE0LDA_270.jpg,False
,deploy,ioA11pxWjLVMtj09TS9F6w_0,ioA11pxWjLVMtj09TS9F6w,0,./data/centercity/images/ioA11pxWjLVMtj09TS9F6w_0.jpg,False
,deploy,ioA11pxWjLVMtj09TS9F6w_90,ioA11pxWjLVMtj09TS9F6w,90,./data/centercity/images/ioA11pxWjLVMtj09TS9F6w_90.jpg,False
,deploy,ioA11pxWjLVMtj09TS9F6w_180,ioA11pxWjLVMtj09TS9F6w,180,./data/centercity/images/ioA11pxWjLVMtj09TS9F6w_180.jpg,False
,deploy,ioA11pxWjLVMtj09TS9F6w_270,ioA11pxWjLVMtj09TS9F6w,270,./data/centercity/images/ioA11pxWjLVMtj09TS9F6w_270.jpg,False
,deploy,GH8UgECbVjj5jqz-gVVumg_0,GH8UgECbVjj5jqz-gVVumg,0,./data/centercity/images/GH8UgECbVjj5jqz-gVVumg_0.jpg,False
,deploy,GH8UgECbVjj5jqz-gVVumg_90,GH8UgECbVjj5jqz-gVVumg,90,./data/centercity/images/GH8UgECbVjj5jqz-gVVumg_90.jpg,False
,deploy,GH8UgECbVjj5jqz-gVVumg_180,GH8UgECbVjj5jqz-gVVumg,180,./data/centercity/images/GH8UgECbVjj5jqz-gVVumg_180.jpg,False
,deploy,GH8UgECbVjj5jqz-gVVumg_270,GH8UgECbVjj5jqz-gVVumg,270,./data/centercity/images/GH8UgECbVjj5jqz-gVVumg_270.jpg,False
,deploy,CAoSF0NJSE0wb2dLRUlDQWdJRGE2ZG5wdkFF_0,CAoSF0NJSE0wb2dLRUlDQWdJRGE2ZG5wdkFF,0,./data/centercity/images/CAoSF0NJSE0wb2dLRUlDQWdJRGE2ZG5wdkFF_0.jpg,False
,deploy,CAoSF0NJSE0wb2dLRUlDQWdJRGE2ZG5wdkFF_90,CAoSF0NJSE0wb2dLRUlDQWdJRGE2ZG5wdkFF,90,./data/centercity/images/CAoSF0NJSE0wb2dLRUlDQWdJRGE2ZG5wdkFF_90.jpg,False
,deploy,CAoSF0NJSE0wb2dLRUlDQWdJRGE2ZG5wdkFF_180,CAoSF0NJSE0wb2dLRUlDQWdJRGE2ZG5wdkFF,180,./data/centercity/images/CAoSF0NJSE0wb2dLRUlDQWdJRGE2ZG5wdkFF_180.jpg,False
,deploy,CAoSF0NJSE0wb2dLRUlDQWdJRGE2ZG5wdkFF_270,CAoSF0NJSE0wb2dLRUlDQWdJRGE2ZG5wdkFF,270,./data/centercity/images/CAoSF0NJSE0wb2dLRUlDQWdJRGE2ZG5wdkFF_270.jpg,False
,deploy,CAoSFkNJSE0wb2dLRUlDQWdJRGF5WlNfYlE._0,CAoSFkNJSE0wb2dLRUlDQWdJRGF5WlNfYlE.,0,./data/centercity/images/CAoSFkNJSE0wb2dLRUlDQWdJRGF5WlNfYlE._0.jpg,False
,deploy,CAoSFkNJSE0wb2dLRUlDQWdJRGF5WlNfYlE._90,CAoSFkNJSE0wb2dLRUlDQWdJRGF5WlNfYlE.,90,./data/centercity/images/CAoSFkNJSE0wb2dLRUlDQWdJRGF5WlNfYlE._90.jpg,False
,deploy,CAoSFkNJSE0wb2dLRUlDQWdJRGF5WlNfYlE._180,CAoSFkNJSE0wb2dLRUlDQWdJRGF5WlNfYlE.,180,./data/centercity/images/CAoSFkNJSE0wb2dLRUlDQWdJRGF5WlNfYlE._180.jpg,False
,deploy,CAoSFkNJSE0wb2dLRUlDQWdJRGF5WlNfYlE._270,CAoSFkNJSE0wb2dLRUlDQWdJRGF5WlNfYlE.,270,./data/centercity/images/CAoSFkNJSE0wb2dLRUlDQWdJRGF5WlNfYlE._270.jpg,False
,deploy,CAoSFkNJSE0wb2dLRUlDQWdJRGFxZUs0TWc._0,CAoSFkNJSE0wb2dLRUlDQWdJRGFxZUs0TWc.,0,./data/centercity/images/CAoSFkNJSE0wb2dLRUlDQWdJRGFxZUs0TWc._0.jpg,False
,deploy,CAoSFkNJSE0wb2dLRUlDQWdJRGFxZUs0TWc._90,CAoSFkNJSE0wb2dLRUlDQWdJRGFxZUs0TWc.,90,./data/centercity/images/CAoSFkNJSE0wb2dLRUlDQWdJRGFxZUs0TWc._90.jpg,False
,deploy,CAoSFkNJSE0wb2dLRUlDQWdJRGFxZUs0TWc._180,CAoSFkNJSE0wb2dLRUlDQWdJRGFxZUs0TWc.,180,./data/centercity/images/CAoSFkNJSE0wb2dLRUlDQWdJRGFxZUs0TWc._180.jpg,False
,deploy,CAoSFkNJSE0wb2dLRUlDQWdJRGFxZUs0TWc._270,CAoSFkNJSE0wb2dLRUlDQWdJRGFxZUs0TWc.,270,./data/centercity/images/CAoSFkNJSE0wb2dLRUlDQWdJRGFxZUs0TWc._270.jpg,False
,deploy,O_6Mtbw4dZMKZRYsREu4OQ_0,O_6Mtbw4dZMKZRYsREu4OQ,0,./data/centercity/images/O_6Mtbw4dZMKZRYsREu4OQ_0.jpg,False
,deploy,O_6Mtbw4dZMKZRYsREu4OQ_90,O_6Mtbw4dZMKZRYsREu4OQ,90,./data/centercity/images/O_6Mtbw4dZMKZRYsREu4OQ_90.jpg,False
,deploy,O_6Mtbw4dZMKZRYsREu4OQ_180,O_6Mtbw4dZMKZRYsREu4OQ,180,./data/centercity/images/O_6Mtbw4dZMKZRYsREu4OQ_180.jpg,False
,deploy,O_6Mtbw4dZMKZRYsREu4OQ_270,O_6Mtbw4dZMKZRYsREu4OQ,270,./data/centercity/images/O_6Mtbw4dZMKZRYsREu4OQ_270.jpg,False
,deploy,CAoSF0NJSE0wb2dLRUlDQWdJRGF5WjJZaXdF_0,CAoSF0NJSE0wb2dLRUlDQWdJRGF5WjJZaXdF,0,./data/centercity/images/CAoSF0NJSE0wb2dLRUlDQWdJRGF5WjJZaXdF_0.jpg,False
,deploy,CAoSF0NJSE0wb2dLRUlDQWdJRGF5WjJZaXdF_90,CAoSF0NJSE0wb2dLRUlDQWdJRGF5WjJZaXdF,90,./data/centercity/images/CAoSF0NJSE0wb2dLRUlDQWdJRGF5WjJZaXdF_90.jpg,False
,deploy,CAoSF0NJSE0wb2dLRUlDQWdJRGF5WjJZaXdF_180,CAoSF0NJSE0wb2dLRUlDQWdJRGF5WjJZaXdF,180,./data/centercity/images/CAoSF0NJSE0wb2dLRUlDQWdJRGF5WjJZaXdF_180.jpg,False
,deploy,CAoSF0NJSE0wb2dLRUlDQWdJRGF5WjJZaXdF_270,CAoSF0NJSE0wb2dLRUlDQWdJRGF5WjJZaXdF,270,./data/centercity/images/CAoSF0NJSE0wb2dLRUlDQWdJRGF5WjJZaXdF_270.jpg,False
,deploy,3IaAGJVTnB93lBBtLkM7QQ_0,3IaAGJVTnB93lBBtLkM7QQ,0,./data/centercity/images/3IaAGJVTnB93lBBtLkM7QQ_0.jpg,False
,deploy,3IaAGJVTnB93lBBtLkM7QQ_90,3IaAGJVTnB93lBBtLkM7QQ,90,./data/centercity/images/3IaAGJVTnB93lBBtLkM7QQ_90.jpg,False
,deploy,3IaAGJVTnB93lBBtLkM7QQ_180,3IaAGJVTnB93lBBtLkM7QQ,180,./data/centercity/images/3IaAGJVTnB93lBBtLkM7QQ_180.jpg,False
,deploy,3IaAGJVTnB93lBBtLkM7QQ_270,3IaAGJVTnB93lBBtLkM7QQ,270,./data/centercity/images/3IaAGJVTnB93lBBtLkM7QQ_270.jpg,False
,deploy,CAoSF0NJSE0wb2dLRUlDQWdJRGFxZWJvbkFF_0,CAoSF0NJSE0wb2dLRUlDQWdJRGFxZWJvbkFF,0,./data/centercity/images/CAoSF0NJSE0wb2dLRUlDQWdJRGFxZWJvbkFF_0.jpg,False
,deploy,CAoSF0NJSE0wb2dLRUlDQWdJRGFxZWJvbkFF_90,CAoSF0NJSE0wb2dLRUlDQWdJRGFxZWJvbkFF,90,./data/centercity/images/CAoSF0NJSE0wb2dLRUlDQWdJRGFxZWJvbkFF_90.jpg,False
,deploy,CAoSF0NJSE0wb2dLRUlDQWdJRGFxZWJvbkFF_180,CAoSF0NJSE0wb2dLRUlDQWdJRGFxZWJvbkFF,180,./data/centercity/images/CAoSF0NJSE0wb2dLRUlDQWdJRGFxZWJvbkFF_180.jpg,False
,deploy,CAoSF0NJSE0wb2dLRUlDQWdJRGFxZWJvbkFF_270,CAoSF0NJSE0wb2dLRUlDQWdJRGFxZWJvbkFF,270,./data/centercity/images/CAoSF0NJSE0wb2dLRUlDQWdJRGFxZWJvbkFF_270.jpg,False
,deploy,bj0Y3kwccQrWl29NiOKieQ_0,bj0Y3kwccQrWl29NiOKieQ,0,./data/centercity/images/bj0Y3kwccQrWl29NiOKieQ_0.jpg,False
,deploy,bj0Y3kwccQrWl29NiOKieQ_90,bj0Y3kwccQrWl29NiOKieQ,90,./data/centercity/images/bj0Y3kwccQrWl29NiOKieQ_90.jpg,False
,deploy,bj0Y3kwccQrWl29NiOKieQ_180,bj0Y3kwccQrWl29NiOKieQ,180,./data/centercity/images/bj0Y3kwccQrWl29NiOKieQ_180.jpg,False
,deploy,bj0Y3kwccQrWl29NiOKieQ_270,bj0Y3kwccQrWl29NiOKieQ,270,./data/centercity/images/bj0Y3kwccQrWl29NiOKieQ_270.jpg,False
,deploy,xVo43zyeJOmbZMmTxDFgTA_0,xVo43zyeJOmbZMmTxDFgTA,0,./data/centercity/images/xVo43zyeJOmbZMmTxDFgTA_0.jpg,False
,deploy,xVo43zyeJOmbZMmTxDFgTA_90,xVo43zyeJOmbZMmTxDFgTA,90,./data/centercity/images/xVo43zyeJOmbZMmTxDFgTA_90.jpg,False
,deploy,xVo43zyeJOmbZMmTxDFgTA_180,xVo43zyeJOmbZMmTxDFgTA,180,./data/centercity/images/xVo43zyeJOmbZMmTxDFgTA_180.jpg,False
,deploy,xVo43zyeJOmbZMmTxDFgTA_270,xVo43zyeJOmbZMmTxDFgTA,270,./data/centercity/images/xVo43zyeJOmbZMmTxDFgTA_270.jpg,False
,deploy,OEEicvhwMAQws6cEz0A_7w_0,OEEicvhwMAQws6cEz0A_7w,0,./data/centercity/images/OEEicvhwMAQws6cEz0A_7w_0.jpg,False
,deploy,OEEicvhwMAQws6cEz0A_7w_90,OEEicvhwMAQws6cEz0A_7w,90,./data/centercity/images/OEEicvhwMAQws6cEz0A_7w_90.jpg,False
,deploy,OEEicvhwMAQws6cEz0A_7w_180,OEEicvhwMAQws6cEz0A_7w,180,./data/centercity/images/OEEicvhwMAQws6cEz0A_7w_180.jpg,False
,deploy,OEEicvhwMAQws6cEz0A_7w_270,OEEicvhwMAQws6cEz0A_7w,270,./data/centercity/images/OEEicvhwMAQws6cEz0A_7w_270.jpg,False
,deploy,CAoSFkNJSE0wb2dLRUlDQWdJRGEyWURYY0E._0,CAoSFkNJSE0wb2dLRUlDQWdJRGEyWURYY0E.,0,./data/centercity/images/CAoSFkNJSE0wb2dLRUlDQWdJRGEyWURYY0E._0.jpg,False
,deploy,CAoSFkNJSE0wb2dLRUlDQWdJRGEyWURYY0E._90,CAoSFkNJSE0wb2dLRUlDQWdJRGEyWURYY0E.,90,./data/centercity/images/CAoSFkNJSE0wb2dLRUlDQWdJRGEyWURYY0E._90.jpg,False
,deploy,CAoSFkNJSE0wb2dLRUlDQWdJRGEyWURYY0E._180,CAoSFkNJSE0wb2dLRUlDQWdJRGEyWURYY0E.,180,./data/centercity/images/CAoSFkNJSE0wb2dLRUlDQWdJRGEyWURYY0E._180.jpg,False
,deploy,CAoSFkNJSE0wb2dLRUlDQWdJRGEyWURYY0E._270,CAoSFkNJSE0wb2dLRUlDQWdJRGEyWURYY0E.,270,./data/centercity/images/CAoSFkNJSE0wb2dLRUlDQWdJRGEyWURYY0E._270.jpg,False
,deploy,iWD3XFoaz2VOs2lUdAFEaQ_0,iWD3XFoaz2VOs2lUdAFEaQ,0,./data/centercity/images/iWD3XFoaz2VOs2lUdAFEaQ_0.jpg,False
,deploy,iWD3XFoaz2VOs2lUdAFEaQ_90,iWD3XFoaz2VOs2lUdAFEaQ,90,./data/centercity/images/iWD3XFoaz2VOs2lUdAFEaQ_90.jpg,False
,deploy,iWD3XFoaz2VOs2lUdAFEaQ_180,iWD3XFoaz2VOs2lUdAFEaQ,180,./data/centercity/images/iWD3XFoaz2VOs2lUdAFEaQ_180.jpg,False
,deploy,iWD3XFoaz2VOs2lUdAFEaQ_270,iWD3XFoaz2VOs2lUdAFEaQ,270,./data/centercity/images/iWD3XFoaz2VOs2lUdAFEaQ_270.jpg,False
,deploy,mk0oFQJuuLd73dlT99uwUA_0,mk0oFQJuuLd73dlT99uwUA,0,./data/centercity/images/mk0oFQJuuLd73dlT99uwUA_0.jpg,False
,deploy,mk0oFQJuuLd73dlT99uwUA_90,mk0oFQJuuLd73dlT99uwUA,90,./data/centercity/images/mk0oFQJuuLd73dlT99uwUA_90.jpg,False
,deploy,mk0oFQJuuLd73dlT99uwUA_180,mk0oFQJuuLd73dlT99uwUA,180,./data/centercity/images/mk0oFQJuuLd73dlT99uwUA_180.jpg,False
,deploy,mk0oFQJuuLd73dlT99uwUA_270,mk0oFQJuuLd73dlT99uwUA,270,./data/centercity/images/mk0oFQJuuLd73dlT99uwUA_270.jpg,False
,deploy,Rig_TvgP20Z_k4MmdiKUhw_0,Rig_TvgP20Z_k4MmdiKUhw,0,./data/centercity/images/Rig_TvgP20Z_k4MmdiKUhw_0.jpg,False
,deploy,Rig_TvgP20Z_k4MmdiKUhw_90,Rig_TvgP20Z_k4MmdiKUhw,90,./data/centercity/images/Rig_TvgP20Z_k4MmdiKUhw_90.jpg,False
,deploy,Rig_TvgP20Z_k4MmdiKUhw_180,Rig_TvgP20Z_k4MmdiKUhw,180,./data/centercity/images/Rig_TvgP20Z_k4MmdiKUhw_180.jpg,False
,deploy,Rig_TvgP20Z_k4MmdiKUhw_270,Rig_TvgP20Z_k4MmdiKUhw,270,./data/centercity/images/Rig_TvgP20Z_k4MmdiKUhw_270.jpg,False
,deploy,4fQIC9LTP0tYvTQWYe0s9g_0,4fQIC9LTP0tYvTQWYe0s9g,0,./data/centercity/images/4fQIC9LTP0tYvTQWYe0s9g_0.jpg,False
,deploy,4fQIC9LTP0tYvTQWYe0s9g_90,4fQIC9LTP0tYvTQWYe0s9g,90,./data/centercity/images/4fQIC9LTP0tYvTQWYe0s9g_90.jpg,False
,deploy,4fQIC9LTP0tYvTQWYe0s9g_180,4fQIC9LTP0tYvTQWYe0s9g,180,./data/centercity/images/4fQIC9LTP0tYvTQWYe0s9g_180.jpg,False
,deploy,4fQIC9LTP0tYvTQWYe0s9g_270,4fQIC9LTP0tYvTQWYe0s9g,270,./data/centercity/images/4fQIC9LTP0tYvTQWYe0s9g_270.jpg,False
,deploy,CAoSFkNJSE0wb2dLRUlDQWdJRGEyY1Q5Ync._0,CAoSFkNJSE0wb2dLRUlDQWdJRGEyY1Q5Ync.,0,./data/centercity/images/CAoSFkNJSE0wb2dLRUlDQWdJRGEyY1Q5Ync._0.jpg,False
,deploy,CAoSFkNJSE0wb2dLRUlDQWdJRGEyY1Q5Ync._90,CAoSFkNJSE0wb2dLRUlDQWdJRGEyY1Q5Ync.,90,./data/centercity/images/CAoSFkNJSE0wb2dLRUlDQWdJRGEyY1Q5Ync._90.jpg,False
,deploy,CAoSFkNJSE0wb2dLRUlDQWdJRGEyY1Q5Ync._180,CAoSFkNJSE0wb2dLRUlDQWdJRGEyY1Q5Ync.,180,./data/centercity/images/CAoSFkNJSE0wb2dLRUlDQWdJRGEyY1Q5Ync._180.jpg,False
,deploy,CAoSFkNJSE0wb2dLRUlDQWdJRGEyY1Q5Ync._270,CAoSFkNJSE0wb2dLRUlDQWdJRGEyY1Q5Ync.,270,./data/centercity/images/CAoSFkNJSE0wb2dLRUlDQWdJRGEyY1Q5Ync._270.jpg,False
,deploy,CAoSF0NJSE0wb2dLRUlDQWdJQzJ4LS1nbndF_0,CAoSF0NJSE0wb2dLRUlDQWdJQzJ4LS1nbndF,0,./data/centercity/images/CAoSF0NJSE0wb2dLRUlDQWdJQzJ4LS1nbndF_0.jpg,False
,deploy,CAoSF0NJSE0wb2dLRUlDQWdJQzJ4LS1nbndF_90,CAoSF0NJSE0wb2dLRUlDQWdJQzJ4LS1nbndF,90,./data/centercity/images/CAoSF0NJSE0wb2dLRUlDQWdJQzJ4LS1nbndF_90.jpg,False
,deploy,CAoSF0NJSE0wb2dLRUlDQWdJQzJ4LS1nbndF_180,CAoSF0NJSE0wb2dLRUlDQWdJQzJ4LS1nbndF,180,./data/centercity/images/CAoSF0NJSE0wb2dLRUlDQWdJQzJ4LS1nbndF_180.jpg,False
,deploy,CAoSF0NJSE0wb2dLRUlDQWdJQzJ4LS1nbndF_270,CAoSF0NJSE0wb2dLRUlDQWdJQzJ4LS1nbndF,270,./data/centercity/images/CAoSF0NJSE0wb2dLRUlDQWdJQzJ4LS1nbndF_270.jpg,False
,deploy,ONHU7lWM1qYt7_8YjKfiEw_0,ONHU7lWM1qYt7_8YjKfiEw,0,./data/centercity/images/ONHU7lWM1qYt7_8YjKfiEw_0.jpg,False
,deploy,ONHU7lWM1qYt7_8YjKfiEw_90,ONHU7lWM1qYt7_8YjKfiEw,90,./data/centercity/images/ONHU7lWM1qYt7_8YjKfiEw_90.jpg,False
,deploy,ONHU7lWM1qYt7_8YjKfiEw_180,ONHU7lWM1qYt7_8YjKfiEw,180,./data/centercity/images/ONHU7lWM1qYt7_8YjKfiEw_180.jpg,False
,deploy,ONHU7lWM1qYt7_8YjKfiEw_270,ONHU7lWM1qYt7_8YjKfiEw,270,./data/centercity/images/ONHU7lWM1qYt7_8YjKfiEw_270.jpg,False
,deploy,CAoSFkNJSE0wb2dLRUlDQWdJQ083TzM3V3c._0,CAoSFkNJSE0wb2dLRUlDQWdJQ083TzM3V3c.,0,./data/centercity/images/CAoSFkNJSE0wb2dLRUlDQWdJQ083TzM3V3c._0.jpg,False
,deploy,CAoSFkNJSE0wb2dLRUlDQWdJQ083TzM3V3c._90,CAoSFkNJSE0wb2dLRUlDQWdJQ083TzM3V3c.,90,./data/centercity/images/CAoSFkNJSE0wb2dLRUlDQWdJQ083TzM3V3c._90.jpg,False
,deploy,CAoSFkNJSE0wb2dLRUlDQWdJQ083TzM3V3c._180,CAoSFkNJSE0wb2dLRUlDQWdJQ083TzM3V3c.,180,./data/centercity/images/CAoSFkNJSE0wb2dLRUlDQWdJQ083TzM3V3c._180.jpg,False
,deploy,CAoSFkNJSE0wb2dLRUlDQWdJQ083TzM3V3c._270,CAoSFkNJSE0wb2dLRUlDQWdJQ083TzM3V3c.,270,./data/centercity/images/CAoSFkNJSE0wb2dLRUlDQWdJQ083TzM3V3c._270.jpg,False
,deploy,c_tSJMI5KISqCSygN6_yBg_0,c_tSJMI5KISqCSygN6_yBg,0,./data/centercity/images/c_tSJMI5KISqCSygN6_yBg_0.jpg,False
,deploy,c_tSJMI5KISqCSygN6_yBg_90,c_tSJMI5KISqCSygN6_yBg,90,./data/centercity/images/c_tSJMI5KISqCSygN6_yBg_90.jpg,False
,deploy,c_tSJMI5KISqCSygN6_yBg_180,c_tSJMI5KISqCSygN6_yBg,180,./data/centercity/images/c_tSJMI5KISqCSygN6_yBg_180.jpg,False
,deploy,c_tSJMI5KISqCSygN6_yBg_270,c_tSJMI5KISqCSygN6_yBg,270,./data/centercity/images/c_tSJMI5KISqCSygN6_yBg_270.jpg,False
,deploy,5zJRx3z8fpjevlnY5Ty_gA_0,5zJRx3z8fpjevlnY5Ty_gA,0,./data/centercity/images/5zJRx3z8fpjevlnY5Ty_gA_0.jpg,False
,deploy,5zJRx3z8fpjevlnY5Ty_gA_90,5zJRx3z8fpjevlnY5Ty_gA,90,./data/centercity/images/5zJRx3z8fpjevlnY5Ty_gA_90.jpg,False
,deploy,5zJRx3z8fpjevlnY5Ty_gA_180,5zJRx3z8fpjevlnY5Ty_gA,180,./data/centercity/images/5zJRx3z8fpjevlnY5Ty_gA_180.jpg,False
,deploy,5zJRx3z8fpjevlnY5Ty_gA_270,5zJRx3z8fpjevlnY5Ty_gA,270,./data/centercity/images/5zJRx3z8fpjevlnY5Ty_gA_270.jpg,False
,deploy,pY5vOJ8wx68AqJyHEgvKXw_0,pY5vOJ8wx68AqJyHEgvKXw,0,./data/centercity/images/pY5vOJ8wx68AqJyHEgvKXw_0.jpg,False
,deploy,pY5vOJ8wx68AqJyHEgvKXw_90,pY5vOJ8wx68AqJyHEgvKXw,90,./data/centercity/images/pY5vOJ8wx68AqJyHEgvKXw_90.jpg,False
,deploy,pY5vOJ8wx68AqJyHEgvKXw_180,pY5vOJ8wx68AqJyHEgvKXw,180,./data/centercity/images/pY5vOJ8wx68AqJyHEgvKXw_180.jpg,False
,deploy,pY5vOJ8wx68AqJyHEgvKXw_270,pY5vOJ8wx68AqJyHEgvKXw,270,./data/centercity/images/pY5vOJ8wx68AqJyHEgvKXw_270.jpg,False
,deploy,y2e9KkIUvEojWNgHY9zxSQ_0,y2e9KkIUvEojWNgHY9zxSQ,0,./data/centercity/images/y2e9KkIUvEojWNgHY9zxSQ_0.jpg,False
,deploy,y2e9KkIUvEojWNgHY9zxSQ_90,y2e9KkIUvEojWNgHY9zxSQ,90,./data/centercity/images/y2e9KkIUvEojWNgHY9zxSQ_90.jpg,False
,deploy,y2e9KkIUvEojWNgHY9zxSQ_180,y2e9KkIUvEojWNgHY9zxSQ,180,./data/centercity/images/y2e9KkIUvEojWNgHY9zxSQ_180.jpg,False
,deploy,y2e9KkIUvEojWNgHY9zxSQ_270,y2e9KkIUvEojWNgHY9zxSQ,270,./data/centercity/images/y2e9KkIUvEojWNgHY9zxSQ_270.jpg,False
,deploy,CAoSF0NJSE0wb2dLRUlDQWdJRGFxYnlVaUFF_0,CAoSF0NJSE0wb2dLRUlDQWdJRGFxYnlVaUFF,0,./data/centercity/images/CAoSF0NJSE0wb2dLRUlDQWdJRGFxYnlVaUFF_0.jpg,False
,deploy,CAoSF0NJSE0wb2dLRUlDQWdJRGFxYnlVaUFF_90,CAoSF0NJSE0wb2dLRUlDQWdJRGFxYnlVaUFF,90,./data/centercity/images/CAoSF0NJSE0wb2dLRUlDQWdJRGFxYnlVaUFF_90.jpg,False
,deploy,CAoSF0NJSE0wb2dLRUlDQWdJRGFxYnlVaUFF_180,CAoSF0NJSE0wb2dLRUlDQWdJRGFxYnlVaUFF,180,./data/centercity/images/CAoSF0NJSE0wb2dLRUlDQWdJRGFxYnlVaUFF_180.jpg,False
,deploy,CAoSF0NJSE0wb2dLRUlDQWdJRGFxYnlVaUFF_270,CAoSF0NJSE0wb2dLRUlDQWdJRGFxYnlVaUFF,270,./data/centercity/images/CAoSF0NJSE0wb2dLRUlDQWdJRGFxYnlVaUFF_270.jpg,False
,deploy,CAoSF0NJSE0wb2dLRUlDQWdJRGE2WUttN2dF_0,CAoSF0NJSE0wb2dLRUlDQWdJRGE2WUttN2dF,0,./data/centercity/images/CAoSF0NJSE0wb2dLRUlDQWdJRGE2WUttN2dF_0.jpg,False
,deploy,CAoSF0NJSE0wb2dLRUlDQWdJRGE2WUttN2dF_90,CAoSF0NJSE0wb2dLRUlDQWdJRGE2WUttN2dF,90,./data/centercity/images/CAoSF0NJSE0wb2dLRUlDQWdJRGE2WUttN2dF_90.jpg,False
,deploy,CAoSF0NJSE0wb2dLRUlDQWdJRGE2WUttN2dF_180,CAoSF0NJSE0wb2dLRUlDQWdJRGE2WUttN2dF,180,./data/centercity/images/CAoSF0NJSE0wb2dLRUlDQWdJRGE2WUttN2dF_180.jpg,False
,deploy,CAoSF0NJSE0wb2dLRUlDQWdJRGE2WUttN2dF_270,CAoSF0NJSE0wb2dLRUlDQWdJRGE2WUttN2dF,270,./data/centercity/images/CAoSF0NJSE0wb2dLRUlDQWdJRGE2WUttN2dF_270.jpg,False
,deploy,ad1RhgE-sZYVSijqDg4hTw_0,ad1RhgE-sZYVSijqDg4hTw,0,./data/centercity/images/ad1RhgE-sZYVSijqDg4hTw_0.jpg,False
,deploy,ad1RhgE-sZYVSijqDg4hTw_90,ad1RhgE-sZYVSijqDg4hTw,90,./data/centercity/images/ad1RhgE-sZYVSijqDg4hTw_90.jpg,False
,deploy,ad1RhgE-sZYVSijqDg4hTw_180,ad1RhgE-sZYVSijqDg4hTw,180,./data/centercity/images/ad1RhgE-sZYVSijqDg4hTw_180.jpg,False
,deploy,ad1RhgE-sZYVSijqDg4hTw_270,ad1RhgE-sZYVSijqDg4hTw,270,./data/centercity/images/ad1RhgE-sZYVSijqDg4hTw_270.jpg,False
,deploy,EXzOEYBkhvVjjY3p9A-Eww_0,EXzOEYBkhvVjjY3p9A-Eww,0,./data/centercity/images/EXzOEYBkhvVjjY3p9A-Eww_0.jpg,False
,deploy,EXzOEYBkhvVjjY3p9A-Eww_90,EXzOEYBkhvVjjY3p9A-Eww,90,./data/centercity/images/EXzOEYBkhvVjjY3p9A-Eww_90.jpg,False
,deploy,EXzOEYBkhvVjjY3p9A-Eww_180,EXzOEYBkhvVjjY3p9A-Eww,180,./data/centercity/images/EXzOEYBkhvVjjY3p9A-Eww_180.jpg,False
,deploy,EXzOEYBkhvVjjY3p9A-Eww_270,EXzOEYBkhvVjjY3p9A-Eww,270,./data/centercity/images/EXzOEYBkhvVjjY3p9A-Eww_270.jpg,False
,deploy,CAoSFkNJSE0wb2dLRUlDQWdJQ09nc3ZBQnc._0,CAoSFkNJSE0wb2dLRUlDQWdJQ09nc3ZBQnc.,0,./data/centercity/images/CAoSFkNJSE0wb2dLRUlDQWdJQ09nc3ZBQnc._0.jpg,False
,deploy,CAoSFkNJSE0wb2dLRUlDQWdJQ09nc3ZBQnc._90,CAoSFkNJSE0wb2dLRUlDQWdJQ09nc3ZBQnc.,90,./data/centercity/images/CAoSFkNJSE0wb2dLRUlDQWdJQ09nc3ZBQnc._90.jpg,False
,deploy,CAoSFkNJSE0wb2dLRUlDQWdJQ09nc3ZBQnc._180,CAoSFkNJSE0wb2dLRUlDQWdJQ09nc3ZBQnc.,180,./data/centercity/images/CAoSFkNJSE0wb2dLRUlDQWdJQ09nc3ZBQnc._180.jpg,False
,deploy,CAoSFkNJSE0wb2dLRUlDQWdJQ09nc3ZBQnc._270,CAoSFkNJSE0wb2dLRUlDQWdJQ09nc3ZBQnc.,270,./data/centercity/images/CAoSFkNJSE0wb2dLRUlDQWdJQ09nc3ZBQnc._270.jpg,False
,deploy,cXTKTpNkAjbqAGnczHCodg_0,cXTKTpNkAjbqAGnczHCodg,0,./data/centercity/images/cXTKTpNkAjbqAGnczHCodg_0.jpg,False
,deploy,cXTKTpNkAjbqAGnczHCodg_90,cXTKTpNkAjbqAGnczHCodg,90,./data/centercity/images/cXTKTpNkAjbqAGnczHCodg_90.jpg,False
,deploy,cXTKTpNkAjbqAGnczHCodg_180,cXTKTpNkAjbqAGnczHCodg,180,./data/centercity/images/cXTKTpNkAjbqAGnczHCodg_180.jpg,False
,deploy,cXTKTpNkAjbqAGnczHCodg_270,cXTKTpNkAjbqAGnczHCodg,270,./data/centercity/images/cXTKTpNkAjbqAGnczHCodg_270.jpg,False
,deploy,CAoSF0NJSE0wb2dLRUlDQWdJRGFxWXJXbndF_0,CAoSF0NJSE0wb2dLRUlDQWdJRGFxWXJXbndF,0,./data/centercity/images/CAoSF0NJSE0wb2dLRUlDQWdJRGFxWXJXbndF_0.jpg,False
,deploy,CAoSF0NJSE0wb2dLRUlDQWdJRGFxWXJXbndF_90,CAoSF0NJSE0wb2dLRUlDQWdJRGFxWXJXbndF,90,./data/centercity/images/CAoSF0NJSE0wb2dLRUlDQWdJRGFxWXJXbndF_90.jpg,False
,deploy,CAoSF0NJSE0wb2dLRUlDQWdJRGFxWXJXbndF_180,CAoSF0NJSE0wb2dLRUlDQWdJRGFxWXJXbndF,180,./data/centercity/images/CAoSF0NJSE0wb2dLRUlDQWdJRGFxWXJXbndF_180.jpg,False
,deploy,CAoSF0NJSE0wb2dLRUlDQWdJRGFxWXJXbndF_270,CAoSF0NJSE0wb2dLRUlDQWdJRGFxWXJXbndF,270,./data/centercity/images/CAoSF0NJSE0wb2dLRUlDQWdJRGFxWXJXbndF_270.jpg,False
,deploy,CAoSFkNJSE0wb2dLRUlDQWdJRGFpZHViR3c._0,CAoSFkNJSE0wb2dLRUlDQWdJRGFpZHViR3c.,0,./data/centercity/images/CAoSFkNJSE0wb2dLRUlDQWdJRGFpZHViR3c._0.jpg,False
,deploy,CAoSFkNJSE0wb2dLRUlDQWdJRGFpZHViR3c._90,CAoSFkNJSE0wb2dLRUlDQWdJRGFpZHViR3c.,90,./data/centercity/images/CAoSFkNJSE0wb2dLRUlDQWdJRGFpZHViR3c._90.jpg,False
,deploy,CAoSFkNJSE0wb2dLRUlDQWdJRGFpZHViR3c._180,CAoSFkNJSE0wb2dLRUlDQWdJRGFpZHViR3c.,180,./data/centercity/images/CAoSFkNJSE0wb2dLRUlDQWdJRGFpZHViR3c._180.jpg,False
,deploy,CAoSFkNJSE0wb2dLRUlDQWdJRGFpZHViR3c._270,CAoSFkNJSE0wb2dLRUlDQWdJRGFpZHViR3c.,270,./data/centercity/images/CAoSFkNJSE0wb2dLRUlDQWdJRGFpZHViR3c._270.jpg,False
,deploy,CAoSF0NJSE0wb2dLRUlDQWdJRDg2Y0dONUFF_0,CAoSF0NJSE0wb2dLRUlDQWdJRDg2Y0dONUFF,0,./data/centercity/images/CAoSF0NJSE0wb2dLRUlDQWdJRDg2Y0dONUFF_0.jpg,False
,deploy,CAoSF0NJSE0wb2dLRUlDQWdJRDg2Y0dONUFF_90,CAoSF0NJSE0wb2dLRUlDQWdJRDg2Y0dONUFF,90,./data/centercity/images/CAoSF0NJSE0wb2dLRUlDQWdJRDg2Y0dONUFF_90.jpg,False
,deploy,CAoSF0NJSE0wb2dLRUlDQWdJRDg2Y0dONUFF_180,CAoSF0NJSE0wb2dLRUlDQWdJRDg2Y0dONUFF,180,./data/centercity/images/CAoSF0NJSE0wb2dLRUlDQWdJRDg2Y0dONUFF_180.jpg,False
,deploy,CAoSF0NJSE0wb2dLRUlDQWdJRDg2Y0dONUFF_270,CAoSF0NJSE0wb2dLRUlDQWdJRDg2Y0dONUFF,270,./data/centercity/images/CAoSF0NJSE0wb2dLRUlDQWdJRDg2Y0dONUFF_270.jpg,False
,deploy,CAoSF0NJSE0wb2dLRUlDQWdJRGFxYWVoeEFF_0,CAoSF0NJSE0wb2dLRUlDQWdJRGFxYWVoeEFF,0,./data/centercity/images/CAoSF0NJSE0wb2dLRUlDQWdJRGFxYWVoeEFF_0.jpg,False
,deploy,CAoSF0NJSE0wb2dLRUlDQWdJRGFxYWVoeEFF_90,CAoSF0NJSE0wb2dLRUlDQWdJRGFxYWVoeEFF,90,./data/centercity/images/CAoSF0NJSE0wb2dLRUlDQWdJRGFxYWVoeEFF_90.jpg,False
,deploy,CAoSF0NJSE0wb2dLRUlDQWdJRGFxYWVoeEFF_180,CAoSF0NJSE0wb2dLRUlDQWdJRGFxYWVoeEFF,180,./data/centercity/images/CAoSF0NJSE0wb2dLRUlDQWdJRGFxYWVoeEFF_180.jpg,False
,deploy,CAoSF0NJSE0wb2dLRUlDQWdJRGFxYWVoeEFF_270,CAoSF0NJSE0wb2dLRUlDQWdJRGFxYWVoeEFF,270,./data/centercity/images/CAoSF0NJSE0wb2dLRUlDQWdJRGFxYWVoeEFF_270.jpg,False
,deploy,Dat_CH3cyfjxq9MR7IJj5g_0,Dat_CH3cyfjxq9MR7IJj5g,0,./data/centercity/images/Dat_CH3cyfjxq9MR7IJj5g_0.jpg,False
,deploy,Dat_CH3cyfjxq9MR7IJj5g_90,Dat_CH3cyfjxq9MR7IJj5g,90,./data/centercity/images/Dat_CH3cyfjxq9MR7IJj5g_90.jpg,False
,deploy,Dat_CH3cyfjxq9MR7IJj5g_180,Dat_CH3cyfjxq9MR7IJj5g,180,./data/centercity/images/Dat_CH3cyfjxq9MR7IJj5g_180.jpg,False
,deploy,Dat_CH3cyfjxq9MR7IJj5g_270,Dat_CH3cyfjxq9MR7IJj5g,270,./data/centercity/images/Dat_CH3cyfjxq9MR7IJj5g_270.jpg,False
,deploy,7HkRDRL9xt92u1BmY9qEgw_0,7HkRDRL9xt92u1BmY9qEgw,0,./data/centercity/images/7HkRDRL9xt92u1BmY9qEgw_0.jpg,False
,deploy,7HkRDRL9xt92u1BmY9qEgw_90,7HkRDRL9xt92u1BmY9qEgw,90,./data/centercity/images/7HkRDRL9xt92u1BmY9qEgw_90.jpg,False
,deploy,7HkRDRL9xt92u1BmY9qEgw_180,7HkRDRL9xt92u1BmY9qEgw,180,./data/centercity/images/7HkRDRL9xt92u1BmY9qEgw_180.jpg,False
,deploy,7HkRDRL9xt92u1BmY9qEgw_270,7HkRDRL9xt92u1BmY9qEgw,270,./data/centercity/images/7HkRDRL9xt92u1BmY9qEgw_270.jpg,False
,deploy,CAoSF0NJSE0wb2dLRUlDQWdJRGFtYnZxdkFF_0,CAoSF0NJSE0wb2dLRUlDQWdJRGFtYnZxdkFF,0,./data/centercity/images/CAoSF0NJSE0wb2dLRUlDQWdJRGFtYnZxdkFF_0.jpg,False
,deploy,CAoSF0NJSE0wb2dLRUlDQWdJRGFtYnZxdkFF_90,CAoSF0NJSE0wb2dLRUlDQWdJRGFtYnZxdkFF,90,./data/centercity/images/CAoSF0NJSE0wb2dLRUlDQWdJRGFtYnZxdkFF_90.jpg,False
,deploy,CAoSF0NJSE0wb2dLRUlDQWdJRGFtYnZxdkFF_180,CAoSF0NJSE0wb2dLRUlDQWdJRGFtYnZxdkFF,180,./data/centercity/images/CAoSF0NJSE0wb2dLRUlDQWdJRGFtYnZxdkFF_180.jpg,False
,deploy,CAoSF0NJSE0wb2dLRUlDQWdJRGFtYnZxdkFF_270,CAoSF0NJSE0wb2dLRUlDQWdJRGFtYnZxdkFF,270,./data/centercity/images/CAoSF0NJSE0wb2dLRUlDQWdJRGFtYnZxdkFF_270.jpg,False
,deploy,GTxLXZcDL_RTrYbK4OXPUA_0,GTxLXZcDL_RTrYbK4OXPUA,0,./data/centercity/images/GTxLXZcDL_RTrYbK4OXPUA_0.jpg,False
,deploy,GTxLXZcDL_RTrYbK4OXPUA_90,GTxLXZcDL_RTrYbK4OXPUA,90,./data/centercity/images/GTxLXZcDL_RTrYbK4OXPUA_90.jpg,False
,deploy,GTxLXZcDL_RTrYbK4OXPUA_180,GTxLXZcDL_RTrYbK4OXPUA,180,./data/centercity/images/GTxLXZcDL_RTrYbK4OXPUA_180.jpg,False
,deploy,GTxLXZcDL_RTrYbK4OXPUA_270,GTxLXZcDL_RTrYbK4OXPUA,270,./data/centercity/images/GTxLXZcDL_RTrYbK4OXPUA_270.jpg,False
,deploy,xxTxbVkZiOhzSquS7CFzHw_0,xxTxbVkZiOhzSquS7CFzHw,0,./data/centercity/images/xxTxbVkZiOhzSquS7CFzHw_0.jpg,False
,deploy,xxTxbVkZiOhzSquS7CFzHw_90,xxTxbVkZiOhzSquS7CFzHw,90,./data/centercity/images/xxTxbVkZiOhzSquS7CFzHw_90.jpg,False
,deploy,xxTxbVkZiOhzSquS7CFzHw_180,xxTxbVkZiOhzSquS7CFzHw,180,./data/centercity/images/xxTxbVkZiOhzSquS7CFzHw_180.jpg,False
,deploy,xxTxbVkZiOhzSquS7CFzHw_270,xxTxbVkZiOhzSquS7CFzHw,270,./data/centercity/images/xxTxbVkZiOhzSquS7CFzHw_270.jpg,False
,deploy,YEfkEvTO5lqTvHe20vSlHA_0,YEfkEvTO5lqTvHe20vSlHA,0,./data/centercity/images/YEfkEvTO5lqTvHe20vSlHA_0.jpg,False
,deploy,YEfkEvTO5lqTvHe20vSlHA_90,YEfkEvTO5lqTvHe20vSlHA,90,./data/centercity/images/YEfkEvTO5lqTvHe20vSlHA_90.jpg,False
,deploy,YEfkEvTO5lqTvHe20vSlHA_180,YEfkEvTO5lqTvHe20vSlHA,180,./data/centercity/images/YEfkEvTO5lqTvHe20vSlHA_180.jpg,False
,deploy,YEfkEvTO5lqTvHe20vSlHA_270,YEfkEvTO5lqTvHe20vSlHA,270,./data/centercity/images/YEfkEvTO5lqTvHe20vSlHA_270.jpg,False
,deploy,IEq7aEZ3XgSG01k86pjT5Q_0,IEq7aEZ3XgSG01k86pjT5Q,0,./data/centercity/images/IEq7aEZ3XgSG01k86pjT5Q_0.jpg,False
,deploy,IEq7aEZ3XgSG01k86pjT5Q_90,IEq7aEZ3XgSG01k86pjT5Q,90,./data/centercity/images/IEq7aEZ3XgSG01k86pjT5Q_90.jpg,False
,deploy,IEq7aEZ3XgSG01k86pjT5Q_180,IEq7aEZ3XgSG01k86pjT5Q,180,./data/centercity/images/IEq7aEZ3XgSG01k86pjT5Q_180.jpg,False
,deploy,IEq7aEZ3XgSG01k86pjT5Q_270,IEq7aEZ3XgSG01k86pjT5Q,270,./data/centercity/images/IEq7aEZ3XgSG01k86pjT5Q_270.jpg,False
,deploy,zwEQEm3cnsH6ADuKiiaEDA_0,zwEQEm3cnsH6ADuKiiaEDA,0,./data/centercity/images/zwEQEm3cnsH6ADuKiiaEDA_0.jpg,False
,deploy,zwEQEm3cnsH6ADuKiiaEDA_90,zwEQEm3cnsH6ADuKiiaEDA,90,./data/centercity/images/zwEQEm3cnsH6ADuKiiaEDA_90.jpg,False
,deploy,zwEQEm3cnsH6ADuKiiaEDA_180,zwEQEm3cnsH6ADuKiiaEDA,180,./data/centercity/images/zwEQEm3cnsH6ADuKiiaEDA_180.jpg,False
,deploy,zwEQEm3cnsH6ADuKiiaEDA_270,zwEQEm3cnsH6ADuKiiaEDA,270,./data/centercity/images/zwEQEm3cnsH6ADuKiiaEDA_270.jpg,False
,deploy,LQtDh0wcDlBKc0MJC9074A_0,LQtDh0wcDlBKc0MJC9074A,0,./data/centercity/images/LQtDh0wcDlBKc0MJC9074A_0.jpg,False
,deploy,LQtDh0wcDlBKc0MJC9074A_90,LQtDh0wcDlBKc0MJC9074A,90,./data/centercity/images/LQtDh0wcDlBKc0MJC9074A_90.jpg,False
,deploy,LQtDh0wcDlBKc0MJC9074A_180,LQtDh0wcDlBKc0MJC9074A,180,./data/centercity/images/LQtDh0wcDlBKc0MJC9074A_180.jpg,False
,deploy,LQtDh0wcDlBKc0MJC9074A_270,LQtDh0wcDlBKc0MJC9074A,270,./data/centercity/images/LQtDh0wcDlBKc0MJC9074A_270.jpg,False
,deploy,CAoSF0NJSE0wb2dLRUlDQWdJRGFxWWJJd3dF_0,CAoSF0NJSE0wb2dLRUlDQWdJRGFxWWJJd3dF,0,./data/centercity/images/CAoSF0NJSE0wb2dLRUlDQWdJRGFxWWJJd3dF_0.jpg,False
,deploy,CAoSF0NJSE0wb2dLRUlDQWdJRGFxWWJJd3dF_90,CAoSF0NJSE0wb2dLRUlDQWdJRGFxWWJJd3dF,90,./data/centercity/images/CAoSF0NJSE0wb2dLRUlDQWdJRGFxWWJJd3dF_90.jpg,False
,deploy,CAoSF0NJSE0wb2dLRUlDQWdJRGFxWWJJd3dF_180,CAoSF0NJSE0wb2dLRUlDQWdJRGFxWWJJd3dF,180,./data/centercity/images/CAoSF0NJSE0wb2dLRUlDQWdJRGFxWWJJd3dF_180.jpg,False
,deploy,CAoSF0NJSE0wb2dLRUlDQWdJRGFxWWJJd3dF_270,CAoSF0NJSE0wb2dLRUlDQWdJRGFxWWJJd3dF,270,./data/centercity/images/CAoSF0NJSE0wb2dLRUlDQWdJRGFxWWJJd3dF_270.jpg,False
,deploy,CAoSFkNJSE0wb2dLRUlDQWdJRDg2YUdRU3c._0,CAoSFkNJSE0wb2dLRUlDQWdJRDg2YUdRU3c.,0,./data/centercity/images/CAoSFkNJSE0wb2dLRUlDQWdJRDg2YUdRU3c._0.jpg,False
,deploy,CAoSFkNJSE0wb2dLRUlDQWdJRDg2YUdRU3c._90,CAoSFkNJSE0wb2dLRUlDQWdJRDg2YUdRU3c.,90,./data/centercity/images/CAoSFkNJSE0wb2dLRUlDQWdJRDg2YUdRU3c._90.jpg,False
,deploy,CAoSFkNJSE0wb2dLRUlDQWdJRDg2YUdRU3c._180,CAoSFkNJSE0wb2dLRUlDQWdJRDg2YUdRU3c.,180,./data/centercity/images/CAoSFkNJSE0wb2dLRUlDQWdJRDg2YUdRU3c._180.jpg,False
,deploy,CAoSFkNJSE0wb2dLRUlDQWdJRDg2YUdRU3c._270,CAoSFkNJSE0wb2dLRUlDQWdJRDg2YUdRU3c.,270,./data/centercity/images/CAoSFkNJSE0wb2dLRUlDQWdJRDg2YUdRU3c._270.jpg,False
,deploy,qFHaDbEMwuoVhp8iktaeYg_0,qFHaDbEMwuoVhp8iktaeYg,0,./data/centercity/images/qFHaDbEMwuoVhp8iktaeYg_0.jpg,False
,deploy,qFHaDbEMwuoVhp8iktaeYg_90,qFHaDbEMwuoVhp8iktaeYg,90,./data/centercity/images/qFHaDbEMwuoVhp8iktaeYg_90.jpg,False
,deploy,qFHaDbEMwuoVhp8iktaeYg_180,qFHaDbEMwuoVhp8iktaeYg,180,./data/centercity/images/qFHaDbEMwuoVhp8iktaeYg_180.jpg,False
,deploy,qFHaDbEMwuoVhp8iktaeYg_270,qFHaDbEMwuoVhp8iktaeYg,270,./data/centercity/images/qFHaDbEMwuoVhp8iktaeYg_270.jpg,False
,deploy,CAoSFkNJSE0wb2dLRUlDQWdJRGF5ZGpYQ1E._0,CAoSFkNJSE0wb2dLRUlDQWdJRGF5ZGpYQ1E.,0,./data/centercity/images/CAoSFkNJSE0wb2dLRUlDQWdJRGF5ZGpYQ1E._0.jpg,False
,deploy,CAoSFkNJSE0wb2dLRUlDQWdJRGF5ZGpYQ1E._90,CAoSFkNJSE0wb2dLRUlDQWdJRGF5ZGpYQ1E.,90,./data/centercity/images/CAoSFkNJSE0wb2dLRUlDQWdJRGF5ZGpYQ1E._90.jpg,False
,deploy,CAoSFkNJSE0wb2dLRUlDQWdJRGF5ZGpYQ1E._180,CAoSFkNJSE0wb2dLRUlDQWdJRGF5ZGpYQ1E.,180,./data/centercity/images/CAoSFkNJSE0wb2dLRUlDQWdJRGF5ZGpYQ1E._180.jpg,False
,deploy,CAoSFkNJSE0wb2dLRUlDQWdJRGF5ZGpYQ1E._270,CAoSFkNJSE0wb2dLRUlDQWdJRGF5ZGpYQ1E.,270,./data/centercity/images/CAoSFkNJSE0wb2dLRUlDQWdJRGF5ZGpYQ1E._270.jpg,False
,deploy,CAoSFkNJSE0wb2dLRUlDQWdJRGFpZW10UkE._0,CAoSFkNJSE0wb2dLRUlDQWdJRGFpZW10UkE.,0,./data/centercity/images/CAoSFkNJSE0wb2dLRUlDQWdJRGFpZW10UkE._0.jpg,False
,deploy,CAoSFkNJSE0wb2dLRUlDQWdJRGFpZW10UkE._90,CAoSFkNJSE0wb2dLRUlDQWdJRGFpZW10UkE.,90,./data/centercity/images/CAoSFkNJSE0wb2dLRUlDQWdJRGFpZW10UkE._90.jpg,False
,deploy,CAoSFkNJSE0wb2dLRUlDQWdJRGFpZW10UkE._180,CAoSFkNJSE0wb2dLRUlDQWdJRGFpZW10UkE.,180,./data/centercity/images/CAoSFkNJSE0wb2dLRUlDQWdJRGFpZW10UkE._180.jpg,False
,deploy,CAoSFkNJSE0wb2dLRUlDQWdJRGFpZW10UkE._270,CAoSFkNJSE0wb2dLRUlDQWdJRGFpZW10UkE.,270,./data/centercity/images/CAoSFkNJSE0wb2dLRUlDQWdJRGFpZW10UkE._270.jpg,False
,deploy,LBdAKReD5uzxpruJBn96EA_0,LBdAKReD5uzxpruJBn96EA,0,./data/centercity/images/LBdAKReD5uzxpruJBn96EA_0.jpg,False
,deploy,LBdAKReD5uzxpruJBn96EA_90,LBdAKReD5uzxpruJBn96EA,90,./data/centercity/images/LBdAKReD5uzxpruJBn96EA_90.jpg,False
,deploy,LBdAKReD5uzxpruJBn96EA_180,LBdAKReD5uzxpruJBn96EA,180,./data/centercity/images/LBdAKReD5uzxpruJBn96EA_180.jpg,False
,deploy,LBdAKReD5uzxpruJBn96EA_270,LBdAKReD5uzxpruJBn96EA,270,./data/centercity/images/LBdAKReD5uzxpruJBn96EA_270.jpg,False
,deploy,goMdtHTYqY-fK-ttIXH-GA_0,goMdtHTYqY-fK-ttIXH-GA,0,./data/centercity/images/goMdtHTYqY-fK-ttIXH-GA_0.jpg,False
,deploy,goMdtHTYqY-fK-ttIXH-GA_90,goMdtHTYqY-fK-ttIXH-GA,90,./data/centercity/images/goMdtHTYqY-fK-ttIXH-GA_90.jpg,False
,deploy,goMdtHTYqY-fK-ttIXH-GA_180,goMdtHTYqY-fK-ttIXH-GA,180,./data/centercity/images/goMdtHTYqY-fK-ttIXH-GA_180.jpg,False
,deploy,goMdtHTYqY-fK-ttIXH-GA_270,goMdtHTYqY-fK-ttIXH-GA,270,./data/centercity/images/goMdtHTYqY-fK-ttIXH-GA_270.jpg,False
,deploy,CAoSFkNJSE0wb2dLRUlDQWdJRGEyYVhRR2c._0,CAoSFkNJSE0wb2dLRUlDQWdJRGEyYVhRR2c.,0,./data/centercity/images/CAoSFkNJSE0wb2dLRUlDQWdJRGEyYVhRR2c._0.jpg,False
,deploy,CAoSFkNJSE0wb2dLRUlDQWdJRGEyYVhRR2c._90,CAoSFkNJSE0wb2dLRUlDQWdJRGEyYVhRR2c.,90,./data/centercity/images/CAoSFkNJSE0wb2dLRUlDQWdJRGEyYVhRR2c._90.jpg,False
,deploy,CAoSFkNJSE0wb2dLRUlDQWdJRGEyYVhRR2c._180,CAoSFkNJSE0wb2dLRUlDQWdJRGEyYVhRR2c.,180,./data/centercity/images/CAoSFkNJSE0wb2dLRUlDQWdJRGEyYVhRR2c._180.jpg,False
,deploy,CAoSFkNJSE0wb2dLRUlDQWdJRGEyYVhRR2c._270,CAoSFkNJSE0wb2dLRUlDQWdJRGEyYVhRR2c.,270,./data/centercity/images/CAoSFkNJSE0wb2dLRUlDQWdJRGEyYVhRR2c._270.jpg,False
,deploy,edBR1JBnOubHqTHrMjNJuQ_0,edBR1JBnOubHqTHrMjNJuQ,0,./data/centercity/images/edBR1JBnOubHqTHrMjNJuQ_0.jpg,False
,deploy,edBR1JBnOubHqTHrMjNJuQ_90,edBR1JBnOubHqTHrMjNJuQ,90,./data/centercity/images/edBR1JBnOubHqTHrMjNJuQ_90.jpg,False
,deploy,edBR1JBnOubHqTHrMjNJuQ_180,edBR1JBnOubHqTHrMjNJuQ,180,./data/centercity/images/edBR1JBnOubHqTHrMjNJuQ_180.jpg,False
,deploy,edBR1JBnOubHqTHrMjNJuQ_270,edBR1JBnOubHqTHrMjNJuQ,270,./data/centercity/images/edBR1JBnOubHqTHrMjNJuQ_270.jpg,False
,deploy,wCjAu-UfC9QWpq8xo941UA_0,wCjAu-UfC9QWpq8xo941UA,0,./data/centercity/images/wCjAu-UfC9QWpq8xo941UA_0.jpg,False
,deploy,wCjAu-UfC9QWpq8xo941UA_90,wCjAu-UfC9QWpq8xo941UA,90,./data/centercity/images/wCjAu-UfC9QWpq8xo941UA_90.jpg,False
,deploy,wCjAu-UfC9QWpq8xo941UA_180,wCjAu-UfC9QWpq8xo941UA,180,./data/centercity/images/wCjAu-UfC9QWpq8xo941UA_180.jpg,False
,deploy,wCjAu-UfC9QWpq8xo941UA_270,wCjAu-UfC9QWpq8xo941UA,270,./data/centercity/images/wCjAu-UfC9QWpq8xo941UA_270.jpg,False
,deploy,nAzV9AN10nvRwMfuIlTIng_0,nAzV9AN10nvRwMfuIlTIng,0,./data/centercity/images/nAzV9AN10nvRwMfuIlTIng_0.jpg,False
,deploy,nAzV9AN10nvRwMfuIlTIng_90,nAzV9AN10nvRwMfuIlTIng,90,./data/centercity/images/nAzV9AN10nvRwMfuIlTIng_90.jpg,False
,deploy,nAzV9AN10nvRwMfuIlTIng_180,nAzV9AN10nvRwMfuIlTIng,180,./data/centercity/images/nAzV9AN10nvRwMfuIlTIng_180.jpg,False
,deploy,nAzV9AN10nvRwMfuIlTIng_270,nAzV9AN10nvRwMfuIlTIng,270,./data/centercity/images/nAzV9AN10nvRwMfuIlTIng_270.jpg,False
,deploy,ApBt_Ss4BC_LsWcgIma9HA_0,ApBt_Ss4BC_LsWcgIma9HA,0,./data/centercity/images/ApBt_Ss4BC_LsWcgIma9HA_0.jpg,False
,deploy,ApBt_Ss4BC_LsWcgIma9HA_90,ApBt_Ss4BC_LsWcgIma9HA,90,./data/centercity/images/ApBt_Ss4BC_LsWcgIma9HA_90.jpg,False
,deploy,ApBt_Ss4BC_LsWcgIma9HA_180,ApBt_Ss4BC_LsWcgIma9HA,180,./data/centercity/images/ApBt_Ss4BC_LsWcgIma9HA_180.jpg,False
,deploy,ApBt_Ss4BC_LsWcgIma9HA_270,ApBt_Ss4BC_LsWcgIma9HA,270,./data/centercity/images/ApBt_Ss4BC_LsWcgIma9HA_270.jpg,False
,deploy,CAoSF0NJSE0wb2dLRUlDQWdJRGUyZWFIbmdF_0,CAoSF0NJSE0wb2dLRUlDQWdJRGUyZWFIbmdF,0,./data/centercity/images/CAoSF0NJSE0wb2dLRUlDQWdJRGUyZWFIbmdF_0.jpg,False
,deploy,CAoSF0NJSE0wb2dLRUlDQWdJRGUyZWFIbmdF_90,CAoSF0NJSE0wb2dLRUlDQWdJRGUyZWFIbmdF,90,./data/centercity/images/CAoSF0NJSE0wb2dLRUlDQWdJRGUyZWFIbmdF_90.jpg,False
,deploy,CAoSF0NJSE0wb2dLRUlDQWdJRGUyZWFIbmdF_180,CAoSF0NJSE0wb2dLRUlDQWdJRGUyZWFIbmdF,180,./data/centercity/images/CAoSF0NJSE0wb2dLRUlDQWdJRGUyZWFIbmdF_180.jpg,False
,deploy,CAoSF0NJSE0wb2dLRUlDQWdJRGUyZWFIbmdF_270,CAoSF0NJSE0wb2dLRUlDQWdJRGUyZWFIbmdF,270,./data/centercity/images/CAoSF0NJSE0wb2dLRUlDQWdJRGUyZWFIbmdF_270.jpg,False
,deploy,9ne7SMGmzm78KXILwpuCjQ_0,9ne7SMGmzm78KXILwpuCjQ,0,./data/centercity/images/9ne7SMGmzm78KXILwpuCjQ_0.jpg,False
,deploy,9ne7SMGmzm78KXILwpuCjQ_90,9ne7SMGmzm78KXILwpuCjQ,90,./data/centercity/images/9ne7SMGmzm78KXILwpuCjQ_90.jpg,False
,deploy,9ne7SMGmzm78KXILwpuCjQ_180,9ne7SMGmzm78KXILwpuCjQ,180,./data/centercity/images/9ne7SMGmzm78KXILwpuCjQ_180.jpg,False
,deploy,9ne7SMGmzm78KXILwpuCjQ_270,9ne7SMGmzm78KXILwpuCjQ,270,./data/centercity/images/9ne7SMGmzm78KXILwpuCjQ_270.jpg,False
,deploy,3012BRKVvVCfTwK2vIIR0Q_0,3012BRKVvVCfTwK2vIIR0Q,0,./data/centercity/images/3012BRKVvVCfTwK2vIIR0Q_0.jpg,False
,deploy,3012BRKVvVCfTwK2vIIR0Q_90,3012BRKVvVCfTwK2vIIR0Q,90,./data/centercity/images/3012BRKVvVCfTwK2vIIR0Q_90.jpg,False
,deploy,3012BRKVvVCfTwK2vIIR0Q_180,3012BRKVvVCfTwK2vIIR0Q,180,./data/centercity/images/3012BRKVvVCfTwK2vIIR0Q_180.jpg,False
,deploy,3012BRKVvVCfTwK2vIIR0Q_270,3012BRKVvVCfTwK2vIIR0Q,270,./data/centercity/images/3012BRKVvVCfTwK2vIIR0Q_270.jpg,False
,deploy,cXe4yVF-y4MjrpGGz5l9qQ_0,cXe4yVF-y4MjrpGGz5l9qQ,0,./data/centercity/images/cXe4yVF-y4MjrpGGz5l9qQ_0.jpg,False
,deploy,cXe4yVF-y4MjrpGGz5l9qQ_90,cXe4yVF-y4MjrpGGz5l9qQ,90,./data/centercity/images/cXe4yVF-y4MjrpGGz5l9qQ_90.jpg,False
,deploy,cXe4yVF-y4MjrpGGz5l9qQ_180,cXe4yVF-y4MjrpGGz5l9qQ,180,./data/centercity/images/cXe4yVF-y4MjrpGGz5l9qQ_180.jpg,False
,deploy,cXe4yVF-y4MjrpGGz5l9qQ_270,cXe4yVF-y4MjrpGGz5l9qQ,270,./data/centercity/images/cXe4yVF-y4MjrpGGz5l9qQ_270.jpg,False
,deploy,nwrx5MVORpPeVauEFPurmw_0,nwrx5MVORpPeVauEFPurmw,0,./data/centercity/images/nwrx5MVORpPeVauEFPurmw_0.jpg,False
,deploy,nwrx5MVORpPeVauEFPurmw_90,nwrx5MVORpPeVauEFPurmw,90,./data/centercity/images/nwrx5MVORpPeVauEFPurmw_90.jpg,False
,deploy,nwrx5MVORpPeVauEFPurmw_180,nwrx5MVORpPeVauEFPurmw,180,./data/centercity/images/nwrx5MVORpPeVauEFPurmw_180.jpg,False
,deploy,nwrx5MVORpPeVauEFPurmw_270,nwrx5MVORpPeVauEFPurmw,270,./data/centercity/images/nwrx5MVORpPeVauEFPurmw_270.jpg,False
,deploy,CAoSFkNJSE0wb2dLRUlDQWdJRGE2WldnU0E._0,CAoSFkNJSE0wb2dLRUlDQWdJRGE2WldnU0E.,0,./data/centercity/images/CAoSFkNJSE0wb2dLRUlDQWdJRGE2WldnU0E._0.jpg,False
,deploy,CAoSFkNJSE0wb2dLRUlDQWdJRGE2WldnU0E._90,CAoSFkNJSE0wb2dLRUlDQWdJRGE2WldnU0E.,90,./data/centercity/images/CAoSFkNJSE0wb2dLRUlDQWdJRGE2WldnU0E._90.jpg,False
,deploy,CAoSFkNJSE0wb2dLRUlDQWdJRGE2WldnU0E._180,CAoSFkNJSE0wb2dLRUlDQWdJRGE2WldnU0E.,180,./data/centercity/images/CAoSFkNJSE0wb2dLRUlDQWdJRGE2WldnU0E._180.jpg,False
,deploy,CAoSFkNJSE0wb2dLRUlDQWdJRGE2WldnU0E._270,CAoSFkNJSE0wb2dLRUlDQWdJRGE2WldnU0E.,270,./data/centercity/images/CAoSFkNJSE0wb2dLRUlDQWdJRGE2WldnU0E._270.jpg,False
,deploy,CAoSF0NJSE0wb2dLRUlDQWdJRHFqZHVNNWdF_0,CAoSF0NJSE0wb2dLRUlDQWdJRHFqZHVNNWdF,0,./data/centercity/images/CAoSF0NJSE0wb2dLRUlDQWdJRHFqZHVNNWdF_0.jpg,False
,deploy,CAoSF0NJSE0wb2dLRUlDQWdJRHFqZHVNNWdF_90,CAoSF0NJSE0wb2dLRUlDQWdJRHFqZHVNNWdF,90,./data/centercity/images/CAoSF0NJSE0wb2dLRUlDQWdJRHFqZHVNNWdF_90.jpg,False
,deploy,CAoSF0NJSE0wb2dLRUlDQWdJRHFqZHVNNWdF_180,CAoSF0NJSE0wb2dLRUlDQWdJRHFqZHVNNWdF,180,./data/centercity/images/CAoSF0NJSE0wb2dLRUlDQWdJRHFqZHVNNWdF_180.jpg,False
,deploy,CAoSF0NJSE0wb2dLRUlDQWdJRHFqZHVNNWdF_270,CAoSF0NJSE0wb2dLRUlDQWdJRHFqZHVNNWdF,270,./data/centercity/images/CAoSF0NJSE0wb2dLRUlDQWdJRHFqZHVNNWdF_270.jpg,False
,deploy,dJfBpF3CRlvTpWJKK-wPHw_0,dJfBpF3CRlvTpWJKK-wPHw,0,./data/centercity/images/dJfBpF3CRlvTpWJKK-wPHw_0.jpg,False
,deploy,dJfBpF3CRlvTpWJKK-wPHw_90,dJfBpF3CRlvTpWJKK-wPHw,90,./data/centercity/images/dJfBpF3CRlvTpWJKK-wPHw_90.jpg,False
,deploy,dJfBpF3CRlvTpWJKK-wPHw_180,dJfBpF3CRlvTpWJKK-wPHw,180,./data/centercity/images/dJfBpF3CRlvTpWJKK-wPHw_180.jpg,False
,deploy,dJfBpF3CRlvTpWJKK-wPHw_270,dJfBpF3CRlvTpWJKK-wPHw,270,./data/centercity/images/dJfBpF3CRlvTpWJKK-wPHw_270.jpg,False
,deploy,pjYji3qT1F7SC-L6JmSUNg_0,pjYji3qT1F7SC-L6JmSUNg,0,./data/centercity/images/pjYji3qT1F7SC-L6JmSUNg_0.jpg,False
,deploy,pjYji3qT1F7SC-L6JmSUNg_90,pjYji3qT1F7SC-L6JmSUNg,90,./data/centercity/images/pjYji3qT1F7SC-L6JmSUNg_90.jpg,False
,deploy,pjYji3qT1F7SC-L6JmSUNg_180,pjYji3qT1F7SC-L6JmSUNg,180,./data/centercity/images/pjYji3qT1F7SC-L6JmSUNg_180.jpg,False
,deploy,pjYji3qT1F7SC-L6JmSUNg_270,pjYji3qT1F7SC-L6JmSUNg,270,./data/centercity/images/pjYji3qT1F7SC-L6JmSUNg_270.jpg,False
,deploy,nZm05JBaNmgW273_o5b2ag_0,nZm05JBaNmgW273_o5b2ag,0,./data/centercity/images/nZm05JBaNmgW273_o5b2ag_0.jpg,False
,deploy,nZm05JBaNmgW273_o5b2ag_90,nZm05JBaNmgW273_o5b2ag,90,./data/centercity/images/nZm05JBaNmgW273_o5b2ag_90.jpg,False
,deploy,nZm05JBaNmgW273_o5b2ag_180,nZm05JBaNmgW273_o5b2ag,180,./data/centercity/images/nZm05JBaNmgW273_o5b2ag_180.jpg,False
,deploy,nZm05JBaNmgW273_o5b2ag_270,nZm05JBaNmgW273_o5b2ag,270,./data/centercity/images/nZm05JBaNmgW273_o5b2ag_270.jpg,False
,deploy,fz4DoG8jhXwAg4OKlFW9Lw_0,fz4DoG8jhXwAg4OKlFW9Lw,0,./data/centercity/images/fz4DoG8jhXwAg4OKlFW9Lw_0.jpg,False
,deploy,fz4DoG8jhXwAg4OKlFW9Lw_90,fz4DoG8jhXwAg4OKlFW9Lw,90,./data/centercity/images/fz4DoG8jhXwAg4OKlFW9Lw_90.jpg,False
,deploy,fz4DoG8jhXwAg4OKlFW9Lw_180,fz4DoG8jhXwAg4OKlFW9Lw,180,./data/centercity/images/fz4DoG8jhXwAg4OKlFW9Lw_180.jpg,False
,deploy,fz4DoG8jhXwAg4OKlFW9Lw_270,fz4DoG8jhXwAg4OKlFW9Lw,270,./data/centercity/images/fz4DoG8jhXwAg4OKlFW9Lw_270.jpg,False
,deploy,GnUi63FTVuJA01aeSoQ42g_0,GnUi63FTVuJA01aeSoQ42g,0,./data/centercity/images/GnUi63FTVuJA01aeSoQ42g_0.jpg,False
,deploy,GnUi63FTVuJA01aeSoQ42g_90,GnUi63FTVuJA01aeSoQ42g,90,./data/centercity/images/GnUi63FTVuJA01aeSoQ42g_90.jpg,False
,deploy,GnUi63FTVuJA01aeSoQ42g_180,GnUi63FTVuJA01aeSoQ42g,180,./data/centercity/images/GnUi63FTVuJA01aeSoQ42g_180.jpg,False
,deploy,GnUi63FTVuJA01aeSoQ42g_270,GnUi63FTVuJA01aeSoQ42g,270,./data/centercity/images/GnUi63FTVuJA01aeSoQ42g_270.jpg,False
,deploy,fy6JSy4ho2ziQUwKinVOdQ_0,fy6JSy4ho2ziQUwKinVOdQ,0,./data/centercity/images/fy6JSy4ho2ziQUwKinVOdQ_0.jpg,False
,deploy,fy6JSy4ho2ziQUwKinVOdQ_90,fy6JSy4ho2ziQUwKinVOdQ,90,./data/centercity/images/fy6JSy4ho2ziQUwKinVOdQ_90.jpg,False
,deploy,fy6JSy4ho2ziQUwKinVOdQ_180,fy6JSy4ho2ziQUwKinVOdQ,180,./data/centercity/images/fy6JSy4ho2ziQUwKinVOdQ_180.jpg,False
,deploy,fy6JSy4ho2ziQUwKinVOdQ_270,fy6JSy4ho2ziQUwKinVOdQ,270,./data/centercity/images/fy6JSy4ho2ziQUwKinVOdQ_270.jpg,False
,deploy,C_0ywCHvGWvICw4KgHm3Pw_0,C_0ywCHvGWvICw4KgHm3Pw,0,./data/centercity/images/C_0ywCHvGWvICw4KgHm3Pw_0.jpg,False
,deploy,C_0ywCHvGWvICw4KgHm3Pw_90,C_0ywCHvGWvICw4KgHm3Pw,90,./data/centercity/images/C_0ywCHvGWvICw4KgHm3Pw_90.jpg,False
,deploy,C_0ywCHvGWvICw4KgHm3Pw_180,C_0ywCHvGWvICw4KgHm3Pw,180,./data/centercity/images/C_0ywCHvGWvICw4KgHm3Pw_180.jpg,False
,deploy,C_0ywCHvGWvICw4KgHm3Pw_270,C_0ywCHvGWvICw4KgHm3Pw,270,./data/centercity/images/C_0ywCHvGWvICw4KgHm3Pw_270.jpg,False
,deploy,CAoSFkNJSE0wb2dLRUlDQWdJRGFxWW1UUWc._0,CAoSFkNJSE0wb2dLRUlDQWdJRGFxWW1UUWc.,0,./data/centercity/images/CAoSFkNJSE0wb2dLRUlDQWdJRGFxWW1UUWc._0.jpg,False
,deploy,CAoSFkNJSE0wb2dLRUlDQWdJRGFxWW1UUWc._90,CAoSFkNJSE0wb2dLRUlDQWdJRGFxWW1UUWc.,90,./data/centercity/images/CAoSFkNJSE0wb2dLRUlDQWdJRGFxWW1UUWc._90.jpg,False
,deploy,CAoSFkNJSE0wb2dLRUlDQWdJRGFxWW1UUWc._180,CAoSFkNJSE0wb2dLRUlDQWdJRGFxWW1UUWc.,180,./data/centercity/images/CAoSFkNJSE0wb2dLRUlDQWdJRGFxWW1UUWc._180.jpg,False
,deploy,CAoSFkNJSE0wb2dLRUlDQWdJRGFxWW1UUWc._270,CAoSFkNJSE0wb2dLRUlDQWdJRGFxWW1UUWc.,270,./data/centercity/images/CAoSFkNJSE0wb2dLRUlDQWdJRGFxWW1UUWc._270.jpg,False
,deploy,rEZ5gTcAPcl_NqMwVG0rCA_0,rEZ5gTcAPcl_NqMwVG0rCA,0,./data/centercity/images/rEZ5gTcAPcl_NqMwVG0rCA_0.jpg,False
,deploy,rEZ5gTcAPcl_NqMwVG0rCA_90,rEZ5gTcAPcl_NqMwVG0rCA,90,./data/centercity/images/rEZ5gTcAPcl_NqMwVG0rCA_90.jpg,False
,deploy,rEZ5gTcAPcl_NqMwVG0rCA_180,rEZ5gTcAPcl_NqMwVG0rCA,180,./data/centercity/images/rEZ5gTcAPcl_NqMwVG0rCA_180.jpg,False
,deploy,rEZ5gTcAPcl_NqMwVG0rCA_270,rEZ5gTcAPcl_NqMwVG0rCA,270,./data/centercity/images/rEZ5gTcAPcl_NqMwVG0rCA_270.jpg,False
,deploy,mq_9KLzYcONNDTxEgudy8g_0,mq_9KLzYcONNDTxEgudy8g,0,./data/centercity/images/mq_9KLzYcONNDTxEgudy8g_0.jpg,False
,deploy,mq_9KLzYcONNDTxEgudy8g_90,mq_9KLzYcONNDTxEgudy8g,90,./data/centercity/images/mq_9KLzYcONNDTxEgudy8g_90.jpg,False
,deploy,mq_9KLzYcONNDTxEgudy8g_180,mq_9KLzYcONNDTxEgudy8g,180,./data/centercity/images/mq_9KLzYcONNDTxEgudy8g_180.jpg,False
,deploy,mq_9KLzYcONNDTxEgudy8g_270,mq_9KLzYcONNDTxEgudy8g,270,./data/centercity/images/mq_9KLzYcONNDTxEgudy8g_270.jpg,False
,deploy,CAoSF0NJSE0wb2dLRUlDQWdJRGFpZHJSeUFF_0,CAoSF0NJSE0wb2dLRUlDQWdJRGFpZHJSeUFF,0,./data/centercity/images/CAoSF0NJSE0wb2dLRUlDQWdJRGFpZHJSeUFF_0.jpg,False
,deploy,CAoSF0NJSE0wb2dLRUlDQWdJRGFpZHJSeUFF_90,CAoSF0NJSE0wb2dLRUlDQWdJRGFpZHJSeUFF,90,./data/centercity/images/CAoSF0NJSE0wb2dLRUlDQWdJRGFpZHJSeUFF_90.jpg,False
,deploy,CAoSF0NJSE0wb2dLRUlDQWdJRGFpZHJSeUFF_180,CAoSF0NJSE0wb2dLRUlDQWdJRGFpZHJSeUFF,180,./data/centercity/images/CAoSF0NJSE0wb2dLRUlDQWdJRGFpZHJSeUFF_180.jpg,False
,deploy,CAoSF0NJSE0wb2dLRUlDQWdJRGFpZHJSeUFF_270,CAoSF0NJSE0wb2dLRUlDQWdJRGFpZHJSeUFF,270,./data/centercity/images/CAoSF0NJSE0wb2dLRUlDQWdJRGFpZHJSeUFF_270.jpg,False
,deploy,CAoSFkNJSE0wb2dLRUlDQWdJRGF5ZDYyV3c._0,CAoSFkNJSE0wb2dLRUlDQWdJRGF5ZDYyV3c.,0,./data/centercity/images/CAoSFkNJSE0wb2dLRUlDQWdJRGF5ZDYyV3c._0.jpg,False
,deploy,CAoSFkNJSE0wb2dLRUlDQWdJRGF5ZDYyV3c._90,CAoSFkNJSE0wb2dLRUlDQWdJRGF5ZDYyV3c.,90,./data/centercity/images/CAoSFkNJSE0wb2dLRUlDQWdJRGF5ZDYyV3c._90.jpg,False
,deploy,CAoSFkNJSE0wb2dLRUlDQWdJRGF5ZDYyV3c._180,CAoSFkNJSE0wb2dLRUlDQWdJRGF5ZDYyV3c.,180,./data/centercity/images/CAoSFkNJSE0wb2dLRUlDQWdJRGF5ZDYyV3c._180.jpg,False
,deploy,CAoSFkNJSE0wb2dLRUlDQWdJRGF5ZDYyV3c._270,CAoSFkNJSE0wb2dLRUlDQWdJRGF5ZDYyV3c.,270,./data/centercity/images/CAoSFkNJSE0wb2dLRUlDQWdJRGF5ZDYyV3c._270.jpg,False
,deploy,fVvWh1KMdTkRQrZYwCrJ4g_0,fVvWh1KMdTkRQrZYwCrJ4g,0,./data/centercity/images/fVvWh1KMdTkRQrZYwCrJ4g_0.jpg,False
,deploy,fVvWh1KMdTkRQrZYwCrJ4g_90,fVvWh1KMdTkRQrZYwCrJ4g,90,./data/centercity/images/fVvWh1KMdTkRQrZYwCrJ4g_90.jpg,False
,deploy,fVvWh1KMdTkRQrZYwCrJ4g_180,fVvWh1KMdTkRQrZYwCrJ4g,180,./data/centercity/images/fVvWh1KMdTkRQrZYwCrJ4g_180.jpg,False
,deploy,fVvWh1KMdTkRQrZYwCrJ4g_270,fVvWh1KMdTkRQrZYwCrJ4g,270,./data/centercity/images/fVvWh1KMdTkRQrZYwCrJ4g_270.jpg,False
,deploy,CAoSF0NJSE0wb2dLRUlDQWdJRGFtWTZMM0FF_0,CAoSF0NJSE0wb2dLRUlDQWdJRGFtWTZMM0FF,0,./data/centercity/images/CAoSF0NJSE0wb2dLRUlDQWdJRGFtWTZMM0FF_0.jpg,False
,deploy,CAoSF0NJSE0wb2dLRUlDQWdJRGFtWTZMM0FF_90,CAoSF0NJSE0wb2dLRUlDQWdJRGFtWTZMM0FF,90,./data/centercity/images/CAoSF0NJSE0wb2dLRUlDQWdJRGFtWTZMM0FF_90.jpg,False
,deploy,CAoSF0NJSE0wb2dLRUlDQWdJRGFtWTZMM0FF_180,CAoSF0NJSE0wb2dLRUlDQWdJRGFtWTZMM0FF,180,./data/centercity/images/CAoSF0NJSE0wb2dLRUlDQWdJRGFtWTZMM0FF_180.jpg,False
,deploy,CAoSF0NJSE0wb2dLRUlDQWdJRGFtWTZMM0FF_270,CAoSF0NJSE0wb2dLRUlDQWdJRGFtWTZMM0FF,270,./data/centercity/images/CAoSF0NJSE0wb2dLRUlDQWdJRGFtWTZMM0FF_270.jpg,False
,deploy,NrZv3HUwY3X3FpMXqG_4gA_0,NrZv3HUwY3X3FpMXqG_4gA,0,./data/centercity/images/NrZv3HUwY3X3FpMXqG_4gA_0.jpg,False
,deploy,NrZv3HUwY3X3FpMXqG_4gA_90,NrZv3HUwY3X3FpMXqG_4gA,90,./data/centercity/images/NrZv3HUwY3X3FpMXqG_4gA_90.jpg,False
,deploy,NrZv3HUwY3X3FpMXqG_4gA_180,NrZv3HUwY3X3FpMXqG_4gA,180,./data/centercity/images/NrZv3HUwY3X3FpMXqG_4gA_180.jpg,False
,deploy,NrZv3HUwY3X3FpMXqG_4gA_270,NrZv3HUwY3X3FpMXqG_4gA,270,./data/centercity/images/NrZv3HUwY3X3FpMXqG_4gA_270.jpg,False
,deploy,KwhKyPsiEbTtjdeWmqSo3Q_0,KwhKyPsiEbTtjdeWmqSo3Q,0,./data/centercity/images/KwhKyPsiEbTtjdeWmqSo3Q_0.jpg,False
,deploy,KwhKyPsiEbTtjdeWmqSo3Q_90,KwhKyPsiEbTtjdeWmqSo3Q,90,./data/centercity/images/KwhKyPsiEbTtjdeWmqSo3Q_90.jpg,False
,deploy,KwhKyPsiEbTtjdeWmqSo3Q_180,KwhKyPsiEbTtjdeWmqSo3Q,180,./data/centercity/images/KwhKyPsiEbTtjdeWmqSo3Q_180.jpg,False
,deploy,KwhKyPsiEbTtjdeWmqSo3Q_270,KwhKyPsiEbTtjdeWmqSo3Q,270,./data/centercity/images/KwhKyPsiEbTtjdeWmqSo3Q_270.jpg,False
,deploy,EKOk_nY6WiBBnymtKwdwPA_0,EKOk_nY6WiBBnymtKwdwPA,0,./data/centercity/images/EKOk_nY6WiBBnymtKwdwPA_0.jpg,False
,deploy,EKOk_nY6WiBBnymtKwdwPA_90,EKOk_nY6WiBBnymtKwdwPA,90,./data/centercity/images/EKOk_nY6WiBBnymtKwdwPA_90.jpg,False
,deploy,EKOk_nY6WiBBnymtKwdwPA_180,EKOk_nY6WiBBnymtKwdwPA,180,./data/centercity/images/EKOk_nY6WiBBnymtKwdwPA_180.jpg,False
,deploy,EKOk_nY6WiBBnymtKwdwPA_270,EKOk_nY6WiBBnymtKwdwPA,270,./data/centercity/images/EKOk_nY6WiBBnymtKwdwPA_270.jpg,False
,deploy,CAoSFENJSE0wb2dLRUlDQWdJRGFzYmhk_0,CAoSFENJSE0wb2dLRUlDQWdJRGFzYmhk,0,./data/centercity/images/CAoSFENJSE0wb2dLRUlDQWdJRGFzYmhk_0.jpg,False
,deploy,CAoSFENJSE0wb2dLRUlDQWdJRGFzYmhk_90,CAoSFENJSE0wb2dLRUlDQWdJRGFzYmhk,90,./data/centercity/images/CAoSFENJSE0wb2dLRUlDQWdJRGFzYmhk_90.jpg,False
,deploy,CAoSFENJSE0wb2dLRUlDQWdJRGFzYmhk_180,CAoSFENJSE0wb2dLRUlDQWdJRGFzYmhk,180,./data/centercity/images/CAoSFENJSE0wb2dLRUlDQWdJRGFzYmhk_180.jpg,False
,deploy,CAoSFENJSE0wb2dLRUlDQWdJRGFzYmhk_270,CAoSFENJSE0wb2dLRUlDQWdJRGFzYmhk,270,./data/centercity/images/CAoSFENJSE0wb2dLRUlDQWdJRGFzYmhk_270.jpg,False
,deploy,CAoSFkNJSE0wb2dLRUlDQWdJRGFxZmZBRlE._0,CAoSFkNJSE0wb2dLRUlDQWdJRGFxZmZBRlE.,0,./data/centercity/images/CAoSFkNJSE0wb2dLRUlDQWdJRGFxZmZBRlE._0.jpg,False
,deploy,CAoSFkNJSE0wb2dLRUlDQWdJRGFxZmZBRlE._90,CAoSFkNJSE0wb2dLRUlDQWdJRGFxZmZBRlE.,90,./data/centercity/images/CAoSFkNJSE0wb2dLRUlDQWdJRGFxZmZBRlE._90.jpg,False
,deploy,CAoSFkNJSE0wb2dLRUlDQWdJRGFxZmZBRlE._180,CAoSFkNJSE0wb2dLRUlDQWdJRGFxZmZBRlE.,180,./data/centercity/images/CAoSFkNJSE0wb2dLRUlDQWdJRGFxZmZBRlE._180.jpg,False
,deploy,CAoSFkNJSE0wb2dLRUlDQWdJRGFxZmZBRlE._270,CAoSFkNJSE0wb2dLRUlDQWdJRGFxZmZBRlE.,270,./data/centercity/images/CAoSFkNJSE0wb2dLRUlDQWdJRGFxZmZBRlE._270.jpg,False
,deploy,CAoSFkNJSE0wb2dLRUlDQWdJRGE2ZXpsQnc._0,CAoSFkNJSE0wb2dLRUlDQWdJRGE2ZXpsQnc.,0,./data/centercity/images/CAoSFkNJSE0wb2dLRUlDQWdJRGE2ZXpsQnc._0.jpg,False
,deploy,CAoSFkNJSE0wb2dLRUlDQWdJRGE2ZXpsQnc._90,CAoSFkNJSE0wb2dLRUlDQWdJRGE2ZXpsQnc.,90,./data/centercity/images/CAoSFkNJSE0wb2dLRUlDQWdJRGE2ZXpsQnc._90.jpg,False
,deploy,CAoSFkNJSE0wb2dLRUlDQWdJRGE2ZXpsQnc._180,CAoSFkNJSE0wb2dLRUlDQWdJRGE2ZXpsQnc.,180,./data/centercity/images/CAoSFkNJSE0wb2dLRUlDQWdJRGE2ZXpsQnc._180.jpg,False
,deploy,CAoSFkNJSE0wb2dLRUlDQWdJRGE2ZXpsQnc._270,CAoSFkNJSE0wb2dLRUlDQWdJRGE2ZXpsQnc.,270,./data/centercity/images/CAoSFkNJSE0wb2dLRUlDQWdJRGE2ZXpsQnc._270.jpg,False
,deploy,6QA5liKO7JAScue_GTirEA_0,6QA5liKO7JAScue_GTirEA,0,./data/centercity/images/6QA5liKO7JAScue_GTirEA_0.jpg,False
,deploy,6QA5liKO7JAScue_GTirEA_90,6QA5liKO7JAScue_GTirEA,90,./data/centercity/images/6QA5liKO7JAScue_GTirEA_90.jpg,False
,deploy,6QA5liKO7JAScue_GTirEA_180,6QA5liKO7JAScue_GTirEA,180,./data/centercity/images/6QA5liKO7JAScue_GTirEA_180.jpg,False
,deploy,6QA5liKO7JAScue_GTirEA_270,6QA5liKO7JAScue_GTirEA,270,./data/centercity/images/6QA5liKO7JAScue_GTirEA_270.jpg,False
,deploy,XQUyz6UTKJ6lsfLKRcJggw_0,XQUyz6UTKJ6lsfLKRcJggw,0,./data/centercity/images/XQUyz6UTKJ6lsfLKRcJggw_0.jpg,False
,deploy,XQUyz6UTKJ6lsfLKRcJggw_90,XQUyz6UTKJ6lsfLKRcJggw,90,./data/centercity/images/XQUyz6UTKJ6lsfLKRcJggw_90.jpg,False
,deploy,XQUyz6UTKJ6lsfLKRcJggw_180,XQUyz6UTKJ6lsfLKRcJggw,180,./data/centercity/images/XQUyz6UTKJ6lsfLKRcJggw_180.jpg,False
,deploy,XQUyz6UTKJ6lsfLKRcJggw_270,XQUyz6UTKJ6lsfLKRcJggw,270,./data/centercity/images/XQUyz6UTKJ6lsfLKRcJggw_270.jpg,False
,deploy,CAoSFkNJSE0wb2dLRUlDQWdJRGFpZTNkWXc._0,CAoSFkNJSE0wb2dLRUlDQWdJRGFpZTNkWXc.,0,./data/centercity/images/CAoSFkNJSE0wb2dLRUlDQWdJRGFpZTNkWXc._0.jpg,False
,deploy,CAoSFkNJSE0wb2dLRUlDQWdJRGFpZTNkWXc._90,CAoSFkNJSE0wb2dLRUlDQWdJRGFpZTNkWXc.,90,./data/centercity/images/CAoSFkNJSE0wb2dLRUlDQWdJRGFpZTNkWXc._90.jpg,False
,deploy,CAoSFkNJSE0wb2dLRUlDQWdJRGFpZTNkWXc._180,CAoSFkNJSE0wb2dLRUlDQWdJRGFpZTNkWXc.,180,./data/centercity/images/CAoSFkNJSE0wb2dLRUlDQWdJRGFpZTNkWXc._180.jpg,False
,deploy,CAoSFkNJSE0wb2dLRUlDQWdJRGFpZTNkWXc._270,CAoSFkNJSE0wb2dLRUlDQWdJRGFpZTNkWXc.,270,./data/centercity/images/CAoSFkNJSE0wb2dLRUlDQWdJRGFpZTNkWXc._270.jpg,False
,deploy,CAoSFkNJSE0wb2dLRUlDQWdJRGFpWlNmTkE._0,CAoSFkNJSE0wb2dLRUlDQWdJRGFpWlNmTkE.,0,./data/centercity/images/CAoSFkNJSE0wb2dLRUlDQWdJRGFpWlNmTkE._0.jpg,False
,deploy,CAoSFkNJSE0wb2dLRUlDQWdJRGFpWlNmTkE._90,CAoSFkNJSE0wb2dLRUlDQWdJRGFpWlNmTkE.,90,./data/centercity/images/CAoSFkNJSE0wb2dLRUlDQWdJRGFpWlNmTkE._90.jpg,False
,deploy,CAoSFkNJSE0wb2dLRUlDQWdJRGFpWlNmTkE._180,CAoSFkNJSE0wb2dLRUlDQWdJRGFpWlNmTkE.,180,./data/centercity/images/CAoSFkNJSE0wb2dLRUlDQWdJRGFpWlNmTkE._180.jpg,False
,deploy,CAoSFkNJSE0wb2dLRUlDQWdJRGFpWlNmTkE._270,CAoSFkNJSE0wb2dLRUlDQWdJRGFpWlNmTkE.,270,./data/centercity/images/CAoSFkNJSE0wb2dLRUlDQWdJRGFpWlNmTkE._270.jpg,False
,deploy,CAoSF0NJSE0wb2dLRUlDQWdJRGFtWXpLZ2dF_0,CAoSF0NJSE0wb2dLRUlDQWdJRGFtWXpLZ2dF,0,./data/centercity/images/CAoSF0NJSE0wb2dLRUlDQWdJRGFtWXpLZ2dF_0.jpg,False
,deploy,CAoSF0NJSE0wb2dLRUlDQWdJRGFtWXpLZ2dF_90,CAoSF0NJSE0wb2dLRUlDQWdJRGFtWXpLZ2dF,90,./data/centercity/images/CAoSF0NJSE0wb2dLRUlDQWdJRGFtWXpLZ2dF_90.jpg,False
,deploy,CAoSF0NJSE0wb2dLRUlDQWdJRGFtWXpLZ2dF_180,CAoSF0NJSE0wb2dLRUlDQWdJRGFtWXpLZ2dF,180,./data/centercity/images/CAoSF0NJSE0wb2dLRUlDQWdJRGFtWXpLZ2dF_180.jpg,False
,deploy,CAoSF0NJSE0wb2dLRUlDQWdJRGFtWXpLZ2dF_270,CAoSF0NJSE0wb2dLRUlDQWdJRGFtWXpLZ2dF,270,./data/centercity/images/CAoSF0NJSE0wb2dLRUlDQWdJRGFtWXpLZ2dF_270.jpg,False
,deploy,pkuU23Xrr9-OStnbz4SEng_0,pkuU23Xrr9-OStnbz4SEng,0,./data/centercity/images/pkuU23Xrr9-OStnbz4SEng_0.jpg,False
,deploy,pkuU23Xrr9-OStnbz4SEng_90,pkuU23Xrr9-OStnbz4SEng,90,./data/centercity/images/pkuU23Xrr9-OStnbz4SEng_90.jpg,False
,deploy,pkuU23Xrr9-OStnbz4SEng_180,pkuU23Xrr9-OStnbz4SEng,180,./data/centercity/images/pkuU23Xrr9-OStnbz4SEng_180.jpg,False
,deploy,pkuU23Xrr9-OStnbz4SEng_270,pkuU23Xrr9-OStnbz4SEng,270,./data/centercity/images/pkuU23Xrr9-OStnbz4SEng_270.jpg,False
,deploy,gtqVkmphkALH7MXG09-pNQ_0,gtqVkmphkALH7MXG09-pNQ,0,./data/centercity/images/gtqVkmphkALH7MXG09-pNQ_0.jpg,False
,deploy,gtqVkmphkALH7MXG09-pNQ_90,gtqVkmphkALH7MXG09-pNQ,90,./data/centercity/images/gtqVkmphkALH7MXG09-pNQ_90.jpg,False
,deploy,gtqVkmphkALH7MXG09-pNQ_180,gtqVkmphkALH7MXG09-pNQ,180,./data/centercity/images/gtqVkmphkALH7MXG09-pNQ_180.jpg,False
,deploy,gtqVkmphkALH7MXG09-pNQ_270,gtqVkmphkALH7MXG09-pNQ,270,./data/centercity/images/gtqVkmphkALH7MXG09-pNQ_270.jpg,False
,deploy,bOICrBZjUW9dAxPVGHb1mg_0,bOICrBZjUW9dAxPVGHb1mg,0,./data/centercity/images/bOICrBZjUW9dAxPVGHb1mg_0.jpg,False
,deploy,bOICrBZjUW9dAxPVGHb1mg_90,bOICrBZjUW9dAxPVGHb1mg,90,./data/centercity/images/bOICrBZjUW9dAxPVGHb1mg_90.jpg,False
,deploy,bOICrBZjUW9dAxPVGHb1mg_180,bOICrBZjUW9dAxPVGHb1mg,180,./data/centercity/images/bOICrBZjUW9dAxPVGHb1mg_180.jpg,False
,deploy,bOICrBZjUW9dAxPVGHb1mg_270,bOICrBZjUW9dAxPVGHb1mg,270,./data/centercity/images/bOICrBZjUW9dAxPVGHb1mg_270.jpg,False
,deploy,QOYtBGqZhs2E4HFtqey71g_0,QOYtBGqZhs2E4HFtqey71g,0,./data/centercity/images/QOYtBGqZhs2E4HFtqey71g_0.jpg,False
,deploy,QOYtBGqZhs2E4HFtqey71g_90,QOYtBGqZhs2E4HFtqey71g,90,./data/centercity/images/QOYtBGqZhs2E4HFtqey71g_90.jpg,False
,deploy,QOYtBGqZhs2E4HFtqey71g_180,QOYtBGqZhs2E4HFtqey71g,180,./data/centercity/images/QOYtBGqZhs2E4HFtqey71g_180.jpg,False
,deploy,QOYtBGqZhs2E4HFtqey71g_270,QOYtBGqZhs2E4HFtqey71g,270,./data/centercity/images/QOYtBGqZhs2E4HFtqey71g_270.jpg,False
,deploy,V5V9SQC6Ui5MLTj5aBlGbQ_0,V5V9SQC6Ui5MLTj5aBlGbQ,0,./data/centercity/images/V5V9SQC6Ui5MLTj5aBlGbQ_0.jpg,False
,deploy,V5V9SQC6Ui5MLTj5aBlGbQ_90,V5V9SQC6Ui5MLTj5aBlGbQ,90,./data/centercity/images/V5V9SQC6Ui5MLTj5aBlGbQ_90.jpg,False
,deploy,V5V9SQC6Ui5MLTj5aBlGbQ_180,V5V9SQC6Ui5MLTj5aBlGbQ,180,./data/centercity/images/V5V9SQC6Ui5MLTj5aBlGbQ_180.jpg,False
,deploy,V5V9SQC6Ui5MLTj5aBlGbQ_270,V5V9SQC6Ui5MLTj5aBlGbQ,270,./data/centercity/images/V5V9SQC6Ui5MLTj5aBlGbQ_270.jpg,False
,deploy,mjbT4iqYpME5Ivun3_nHlg_0,mjbT4iqYpME5Ivun3_nHlg,0,./data/centercity/images/mjbT4iqYpME5Ivun3_nHlg_0.jpg,False
,deploy,mjbT4iqYpME5Ivun3_nHlg_90,mjbT4iqYpME5Ivun3_nHlg,90,./data/centercity/images/mjbT4iqYpME5Ivun3_nHlg_90.jpg,False
,deploy,mjbT4iqYpME5Ivun3_nHlg_180,mjbT4iqYpME5Ivun3_nHlg,180,./data/centercity/images/mjbT4iqYpME5Ivun3_nHlg_180.jpg,False
,deploy,mjbT4iqYpME5Ivun3_nHlg_270,mjbT4iqYpME5Ivun3_nHlg,270,./data/centercity/images/mjbT4iqYpME5Ivun3_nHlg_270.jpg,False
,deploy,oR0U8wx50t-5Nhzpr8x0tA_0,oR0U8wx50t-5Nhzpr8x0tA,0,./data/centercity/images/oR0U8wx50t-5Nhzpr8x0tA_0.jpg,False
,deploy,oR0U8wx50t-5Nhzpr8x0tA_90,oR0U8wx50t-5Nhzpr8x0tA,90,./data/centercity/images/oR0U8wx50t-5Nhzpr8x0tA_90.jpg,False
,deploy,oR0U8wx50t-5Nhzpr8x0tA_180,oR0U8wx50t-5Nhzpr8x0tA,180,./data/centercity/images/oR0U8wx50t-5Nhzpr8x0tA_180.jpg,False
,deploy,oR0U8wx50t-5Nhzpr8x0tA_270,oR0U8wx50t-5Nhzpr8x0tA,270,./data/centercity/images/oR0U8wx50t-5Nhzpr8x0tA_270.jpg,False
,deploy,8Z1FA8lytexfEXk7zfq--w_0,8Z1FA8lytexfEXk7zfq--w,0,./data/centercity/images/8Z1FA8lytexfEXk7zfq--w_0.jpg,False
,deploy,8Z1FA8lytexfEXk7zfq--w_90,8Z1FA8lytexfEXk7zfq--w,90,./data/centercity/images/8Z1FA8lytexfEXk7zfq--w_90.jpg,False
,deploy,8Z1FA8lytexfEXk7zfq--w_180,8Z1FA8lytexfEXk7zfq--w,180,./data/centercity/images/8Z1FA8lytexfEXk7zfq--w_180.jpg,False
,deploy,8Z1FA8lytexfEXk7zfq--w_270,8Z1FA8lytexfEXk7zfq--w,270,./data/centercity/images/8Z1FA8lytexfEXk7zfq--w_270.jpg,False
,deploy,uTnZ3wHWJ6XNoNhqY4BF_Q_0,uTnZ3wHWJ6XNoNhqY4BF_Q,0,./data/centercity/images/uTnZ3wHWJ6XNoNhqY4BF_Q_0.jpg,False
,deploy,uTnZ3wHWJ6XNoNhqY4BF_Q_90,uTnZ3wHWJ6XNoNhqY4BF_Q,90,./data/centercity/images/uTnZ3wHWJ6XNoNhqY4BF_Q_90.jpg,False
,deploy,uTnZ3wHWJ6XNoNhqY4BF_Q_180,uTnZ3wHWJ6XNoNhqY4BF_Q,180,./data/centercity/images/uTnZ3wHWJ6XNoNhqY4BF_Q_180.jpg,False
,deploy,uTnZ3wHWJ6XNoNhqY4BF_Q_270,uTnZ3wHWJ6XNoNhqY4BF_Q,270,./data/centercity/images/uTnZ3wHWJ6XNoNhqY4BF_Q_270.jpg,False
,deploy,cPAf5jNfFVhG1SBXZDiWaA_0,cPAf5jNfFVhG1SBXZDiWaA,0,./data/centercity/images/cPAf5jNfFVhG1SBXZDiWaA_0.jpg,False
,deploy,cPAf5jNfFVhG1SBXZDiWaA_90,cPAf5jNfFVhG1SBXZDiWaA,90,./data/centercity/images/cPAf5jNfFVhG1SBXZDiWaA_90.jpg,False
,deploy,cPAf5jNfFVhG1SBXZDiWaA_180,cPAf5jNfFVhG1SBXZDiWaA,180,./data/centercity/images/cPAf5jNfFVhG1SBXZDiWaA_180.jpg,False
,deploy,cPAf5jNfFVhG1SBXZDiWaA_270,cPAf5jNfFVhG1SBXZDiWaA,270,./data/centercity/images/cPAf5jNfFVhG1SBXZDiWaA_270.jpg,False
,deploy,UF12m-IN2GEvYPGOmaEj8Q_0,UF12m-IN2GEvYPGOmaEj8Q,0,./data/centercity/images/UF12m-IN2GEvYPGOmaEj8Q_0.jpg,False
,deploy,UF12m-IN2GEvYPGOmaEj8Q_90,UF12m-IN2GEvYPGOmaEj8Q,90,./data/centercity/images/UF12m-IN2GEvYPGOmaEj8Q_90.jpg,False
,deploy,UF12m-IN2GEvYPGOmaEj8Q_180,UF12m-IN2GEvYPGOmaEj8Q,180,./data/centercity/images/UF12m-IN2GEvYPGOmaEj8Q_180.jpg,False
,deploy,UF12m-IN2GEvYPGOmaEj8Q_270,UF12m-IN2GEvYPGOmaEj8Q,270,./data/centercity/images/UF12m-IN2GEvYPGOmaEj8Q_270.jpg,False
,deploy,1Z2oaS8d7IAYteX9X6NrVA_0,1Z2oaS8d7IAYteX9X6NrVA,0,./data/centercity/images/1Z2oaS8d7IAYteX9X6NrVA_0.jpg,False
,deploy,1Z2oaS8d7IAYteX9X6NrVA_90,1Z2oaS8d7IAYteX9X6NrVA,90,./data/centercity/images/1Z2oaS8d7IAYteX9X6NrVA_90.jpg,False
,deploy,1Z2oaS8d7IAYteX9X6NrVA_180,1Z2oaS8d7IAYteX9X6NrVA,180,./data/centercity/images/1Z2oaS8d7IAYteX9X6NrVA_180.jpg,False
,deploy,1Z2oaS8d7IAYteX9X6NrVA_270,1Z2oaS8d7IAYteX9X6NrVA,270,./data/centercity/images/1Z2oaS8d7IAYteX9X6NrVA_270.jpg,False
,deploy,wLltQ11JzxyiSxp4Yr63CA_0,wLltQ11JzxyiSxp4Yr63CA,0,./data/centercity/images/wLltQ11JzxyiSxp4Yr63CA_0.jpg,False
,deploy,wLltQ11JzxyiSxp4Yr63CA_90,wLltQ11JzxyiSxp4Yr63CA,90,./data/centercity/images/wLltQ11JzxyiSxp4Yr63CA_90.jpg,False
,deploy,wLltQ11JzxyiSxp4Yr63CA_180,wLltQ11JzxyiSxp4Yr63CA,180,./data/centercity/images/wLltQ11JzxyiSxp4Yr63CA_180.jpg,False
,deploy,wLltQ11JzxyiSxp4Yr63CA_270,wLltQ11JzxyiSxp4Yr63CA,270,./data/centercity/images/wLltQ11JzxyiSxp4Yr63CA_270.jpg,False
,deploy,87w9mkXqGt5XctYXsKoP-A_0,87w9mkXqGt5XctYXsKoP-A,0,./data/centercity/images/87w9mkXqGt5XctYXsKoP-A_0.jpg,False
,deploy,87w9mkXqGt5XctYXsKoP-A_90,87w9mkXqGt5XctYXsKoP-A,90,./data/centercity/images/87w9mkXqGt5XctYXsKoP-A_90.jpg,False
,deploy,87w9mkXqGt5XctYXsKoP-A_180,87w9mkXqGt5XctYXsKoP-A,180,./data/centercity/images/87w9mkXqGt5XctYXsKoP-A_180.jpg,False
,deploy,87w9mkXqGt5XctYXsKoP-A_270,87w9mkXqGt5XctYXsKoP-A,270,./data/centercity/images/87w9mkXqGt5XctYXsKoP-A_270.jpg,False
,deploy,o2sSDRn0U67SWNH6If4sGQ_0,o2sSDRn0U67SWNH6If4sGQ,0,./data/centercity/images/o2sSDRn0U67SWNH6If4sGQ_0.jpg,False
,deploy,o2sSDRn0U67SWNH6If4sGQ_90,o2sSDRn0U67SWNH6If4sGQ,90,./data/centercity/images/o2sSDRn0U67SWNH6If4sGQ_90.jpg,False
,deploy,o2sSDRn0U67SWNH6If4sGQ_180,o2sSDRn0U67SWNH6If4sGQ,180,./data/centercity/images/o2sSDRn0U67SWNH6If4sGQ_180.jpg,False
,deploy,o2sSDRn0U67SWNH6If4sGQ_270,o2sSDRn0U67SWNH6If4sGQ,270,./data/centercity/images/o2sSDRn0U67SWNH6If4sGQ_270.jpg,False
,deploy,7xRitE64nky4ldqiOcBlfA_0,7xRitE64nky4ldqiOcBlfA,0,./data/centercity/images/7xRitE64nky4ldqiOcBlfA_0.jpg,False
,deploy,7xRitE64nky4ldqiOcBlfA_90,7xRitE64nky4ldqiOcBlfA,90,./data/centercity/images/7xRitE64nky4ldqiOcBlfA_90.jpg,False
,deploy,7xRitE64nky4ldqiOcBlfA_180,7xRitE64nky4ldqiOcBlfA,180,./data/centercity/images/7xRitE64nky4ldqiOcBlfA_180.jpg,False
,deploy,7xRitE64nky4ldqiOcBlfA_270,7xRitE64nky4ldqiOcBlfA,270,./data/centercity/images/7xRitE64nky4ldqiOcBlfA_270.jpg,False
,deploy,jQ29KdQ0UMNXKJ4HHdsCsg_0,jQ29KdQ0UMNXKJ4HHdsCsg,0,./data/centercity/images/jQ29KdQ0UMNXKJ4HHdsCsg_0.jpg,False
,deploy,jQ29KdQ0UMNXKJ4HHdsCsg_90,jQ29KdQ0UMNXKJ4HHdsCsg,90,./data/centercity/images/jQ29KdQ0UMNXKJ4HHdsCsg_90.jpg,False
,deploy,jQ29KdQ0UMNXKJ4HHdsCsg_180,jQ29KdQ0UMNXKJ4HHdsCsg,180,./data/centercity/images/jQ29KdQ0UMNXKJ4HHdsCsg_180.jpg,False
,deploy,jQ29KdQ0UMNXKJ4HHdsCsg_270,jQ29KdQ0UMNXKJ4HHdsCsg,270,./data/centercity/images/jQ29KdQ0UMNXKJ4HHdsCsg_270.jpg,False
,deploy,G026x1YOEbIHFeHDgqlZGA_0,G026x1YOEbIHFeHDgqlZGA,0,./data/centercity/images/G026x1YOEbIHFeHDgqlZGA_0.jpg,False
,deploy,G026x1YOEbIHFeHDgqlZGA_90,G026x1YOEbIHFeHDgqlZGA,90,./data/centercity/images/G026x1YOEbIHFeHDgqlZGA_90.jpg,False
,deploy,G026x1YOEbIHFeHDgqlZGA_180,G026x1YOEbIHFeHDgqlZGA,180,./data/centercity/images/G026x1YOEbIHFeHDgqlZGA_180.jpg,False
,deploy,G026x1YOEbIHFeHDgqlZGA_270,G026x1YOEbIHFeHDgqlZGA,270,./data/centercity/images/G026x1YOEbIHFeHDgqlZGA_270.jpg,False
,deploy,5nDWdk2sqWDAijV_l6p7Qg_0,5nDWdk2sqWDAijV_l6p7Qg,0,./data/centercity/images/5nDWdk2sqWDAijV_l6p7Qg_0.jpg,False
,deploy,5nDWdk2sqWDAijV_l6p7Qg_90,5nDWdk2sqWDAijV_l6p7Qg,90,./data/centercity/images/5nDWdk2sqWDAijV_l6p7Qg_90.jpg,False
,deploy,5nDWdk2sqWDAijV_l6p7Qg_180,5nDWdk2sqWDAijV_l6p7Qg,180,./data/centercity/images/5nDWdk2sqWDAijV_l6p7Qg_180.jpg,False
,deploy,5nDWdk2sqWDAijV_l6p7Qg_270,5nDWdk2sqWDAijV_l6p7Qg,270,./data/centercity/images/5nDWdk2sqWDAijV_l6p7Qg_270.jpg,False
,deploy,wqmalMPlVUDdmhTLPEUBIA_0,wqmalMPlVUDdmhTLPEUBIA,0,./data/centercity/images/wqmalMPlVUDdmhTLPEUBIA_0.jpg,False
,deploy,wqmalMPlVUDdmhTLPEUBIA_90,wqmalMPlVUDdmhTLPEUBIA,90,./data/centercity/images/wqmalMPlVUDdmhTLPEUBIA_90.jpg,False
,deploy,wqmalMPlVUDdmhTLPEUBIA_180,wqmalMPlVUDdmhTLPEUBIA,180,./data/centercity/images/wqmalMPlVUDdmhTLPEUBIA_180.jpg,False
,deploy,wqmalMPlVUDdmhTLPEUBIA_270,wqmalMPlVUDdmhTLPEUBIA,270,./data/centercity/images/wqmalMPlVUDdmhTLPEUBIA_270.jpg,False
,deploy,CAoSF0NJSE0wb2dLRUlDQWdJRGE4Y3JlbVFF_0,CAoSF0NJSE0wb2dLRUlDQWdJRGE4Y3JlbVFF,0,./data/centercity/images/CAoSF0NJSE0wb2dLRUlDQWdJRGE4Y3JlbVFF_0.jpg,False
,deploy,CAoSF0NJSE0wb2dLRUlDQWdJRGE4Y3JlbVFF_90,CAoSF0NJSE0wb2dLRUlDQWdJRGE4Y3JlbVFF,90,./data/centercity/images/CAoSF0NJSE0wb2dLRUlDQWdJRGE4Y3JlbVFF_90.jpg,False
,deploy,CAoSF0NJSE0wb2dLRUlDQWdJRGE4Y3JlbVFF_180,CAoSF0NJSE0wb2dLRUlDQWdJRGE4Y3JlbVFF,180,./data/centercity/images/CAoSF0NJSE0wb2dLRUlDQWdJRGE4Y3JlbVFF_180.jpg,False
,deploy,CAoSF0NJSE0wb2dLRUlDQWdJRGE4Y3JlbVFF_270,CAoSF0NJSE0wb2dLRUlDQWdJRGE4Y3JlbVFF,270,./data/centercity/images/CAoSF0NJSE0wb2dLRUlDQWdJRGE4Y3JlbVFF_270.jpg,False
,deploy,Zv09dEEoQEMr-CCEtM_bGg_0,Zv09dEEoQEMr-CCEtM_bGg,0,./data/centercity/images/Zv09dEEoQEMr-CCEtM_bGg_0.jpg,False
,deploy,Zv09dEEoQEMr-CCEtM_bGg_90,Zv09dEEoQEMr-CCEtM_bGg,90,./data/centercity/images/Zv09dEEoQEMr-CCEtM_bGg_90.jpg,False
,deploy,Zv09dEEoQEMr-CCEtM_bGg_180,Zv09dEEoQEMr-CCEtM_bGg,180,./data/centercity/images/Zv09dEEoQEMr-CCEtM_bGg_180.jpg,False
,deploy,Zv09dEEoQEMr-CCEtM_bGg_270,Zv09dEEoQEMr-CCEtM_bGg,270,./data/centercity/images/Zv09dEEoQEMr-CCEtM_bGg_270.jpg,False
,deploy,CAoSFkNJSE0wb2dLRUlDQWdJRGE2YVdZZnc._0,CAoSFkNJSE0wb2dLRUlDQWdJRGE2YVdZZnc.,0,./data/centercity/images/CAoSFkNJSE0wb2dLRUlDQWdJRGE2YVdZZnc._0.jpg,False
,deploy,CAoSFkNJSE0wb2dLRUlDQWdJRGE2YVdZZnc._90,CAoSFkNJSE0wb2dLRUlDQWdJRGE2YVdZZnc.,90,./data/centercity/images/CAoSFkNJSE0wb2dLRUlDQWdJRGE2YVdZZnc._90.jpg,False
,deploy,CAoSFkNJSE0wb2dLRUlDQWdJRGE2YVdZZnc._180,CAoSFkNJSE0wb2dLRUlDQWdJRGE2YVdZZnc.,180,./data/centercity/images/CAoSFkNJSE0wb2dLRUlDQWdJRGE2YVdZZnc._180.jpg,False
,deploy,CAoSFkNJSE0wb2dLRUlDQWdJRGE2YVdZZnc._270,CAoSFkNJSE0wb2dLRUlDQWdJRGE2YVdZZnc.,270,./data/centercity/images/CAoSFkNJSE0wb2dLRUlDQWdJRGE2YVdZZnc._270.jpg,False
,deploy,TGDScGI7CipIW-soEXlDvg_0,TGDScGI7CipIW-soEXlDvg,0,./data/centercity/images/TGDScGI7CipIW-soEXlDvg_0.jpg,False
,deploy,TGDScGI7CipIW-soEXlDvg_90,TGDScGI7CipIW-soEXlDvg,90,./data/centercity/images/TGDScGI7CipIW-soEXlDvg_90.jpg,False
,deploy,TGDScGI7CipIW-soEXlDvg_180,TGDScGI7CipIW-soEXlDvg,180,./data/centercity/images/TGDScGI7CipIW-soEXlDvg_180.jpg,False
,deploy,TGDScGI7CipIW-soEXlDvg_270,TGDScGI7CipIW-soEXlDvg,270,./data/centercity/images/TGDScGI7CipIW-soEXlDvg_270.jpg,False
,deploy,CAoSFkNJSE0wb2dLRUlDQWdJRGEyWURUQmc._0,CAoSFkNJSE0wb2dLRUlDQWdJRGEyWURUQmc.,0,./data/centercity/images/CAoSFkNJSE0wb2dLRUlDQWdJRGEyWURUQmc._0.jpg,False
,deploy,CAoSFkNJSE0wb2dLRUlDQWdJRGEyWURUQmc._90,CAoSFkNJSE0wb2dLRUlDQWdJRGEyWURUQmc.,90,./data/centercity/images/CAoSFkNJSE0wb2dLRUlDQWdJRGEyWURUQmc._90.jpg,False
,deploy,CAoSFkNJSE0wb2dLRUlDQWdJRGEyWURUQmc._180,CAoSFkNJSE0wb2dLRUlDQWdJRGEyWURUQmc.,180,./data/centercity/images/CAoSFkNJSE0wb2dLRUlDQWdJRGEyWURUQmc._180.jpg,False
,deploy,CAoSFkNJSE0wb2dLRUlDQWdJRGEyWURUQmc._270,CAoSFkNJSE0wb2dLRUlDQWdJRGEyWURUQmc.,270,./data/centercity/images/CAoSFkNJSE0wb2dLRUlDQWdJRGEyWURUQmc._270.jpg,False
,deploy,GblLgyOFc4Gqp6DpxvJxOg_0,GblLgyOFc4Gqp6DpxvJxOg,0,./data/centercity/images/GblLgyOFc4Gqp6DpxvJxOg_0.jpg,False
,deploy,GblLgyOFc4Gqp6DpxvJxOg_90,GblLgyOFc4Gqp6DpxvJxOg,90,./data/centercity/images/GblLgyOFc4Gqp6DpxvJxOg_90.jpg,False
,deploy,GblLgyOFc4Gqp6DpxvJxOg_180,GblLgyOFc4Gqp6DpxvJxOg,180,./data/centercity/images/GblLgyOFc4Gqp6DpxvJxOg_180.jpg,False
,deploy,GblLgyOFc4Gqp6DpxvJxOg_270,GblLgyOFc4Gqp6DpxvJxOg,270,./data/centercity/images/GblLgyOFc4Gqp6DpxvJxOg_270.jpg,False
,deploy,CAoSF0NJSE0wb2dLRUlDQWdJRGEyYXJtb1FF_0,CAoSF0NJSE0wb2dLRUlDQWdJRGEyYXJtb1FF,0,./data/centercity/images/CAoSF0NJSE0wb2dLRUlDQWdJRGEyYXJtb1FF_0.jpg,False
,deploy,CAoSF0NJSE0wb2dLRUlDQWdJRGEyYXJtb1FF_90,CAoSF0NJSE0wb2dLRUlDQWdJRGEyYXJtb1FF,90,./data/centercity/images/CAoSF0NJSE0wb2dLRUlDQWdJRGEyYXJtb1FF_90.jpg,False
,deploy,CAoSF0NJSE0wb2dLRUlDQWdJRGEyYXJtb1FF_180,CAoSF0NJSE0wb2dLRUlDQWdJRGEyYXJtb1FF,180,./data/centercity/images/CAoSF0NJSE0wb2dLRUlDQWdJRGEyYXJtb1FF_180.jpg,False
,deploy,CAoSF0NJSE0wb2dLRUlDQWdJRGEyYXJtb1FF_270,CAoSF0NJSE0wb2dLRUlDQWdJRGEyYXJtb1FF,270,./data/centercity/images/CAoSF0NJSE0wb2dLRUlDQWdJRGEyYXJtb1FF_270.jpg,False
,deploy,zlHS2dwgWIlv1BHLYYlX5w_0,zlHS2dwgWIlv1BHLYYlX5w,0,./data/centercity/images/zlHS2dwgWIlv1BHLYYlX5w_0.jpg,False
,deploy,zlHS2dwgWIlv1BHLYYlX5w_90,zlHS2dwgWIlv1BHLYYlX5w,90,./data/centercity/images/zlHS2dwgWIlv1BHLYYlX5w_90.jpg,False
,deploy,zlHS2dwgWIlv1BHLYYlX5w_180,zlHS2dwgWIlv1BHLYYlX5w,180,./data/centercity/images/zlHS2dwgWIlv1BHLYYlX5w_180.jpg,False
,deploy,zlHS2dwgWIlv1BHLYYlX5w_270,zlHS2dwgWIlv1BHLYYlX5w,270,./data/centercity/images/zlHS2dwgWIlv1BHLYYlX5w_270.jpg,False
,deploy,CAoSF0NJSE0wb2dLRUlDQWdJRGEyWUtJdXdF_0,CAoSF0NJSE0wb2dLRUlDQWdJRGEyWUtJdXdF,0,./data/centercity/images/CAoSF0NJSE0wb2dLRUlDQWdJRGEyWUtJdXdF_0.jpg,False
,deploy,CAoSF0NJSE0wb2dLRUlDQWdJRGEyWUtJdXdF_90,CAoSF0NJSE0wb2dLRUlDQWdJRGEyWUtJdXdF,90,./data/centercity/images/CAoSF0NJSE0wb2dLRUlDQWdJRGEyWUtJdXdF_90.jpg,False
,deploy,CAoSF0NJSE0wb2dLRUlDQWdJRGEyWUtJdXdF_180,CAoSF0NJSE0wb2dLRUlDQWdJRGEyWUtJdXdF,180,./data/centercity/images/CAoSF0NJSE0wb2dLRUlDQWdJRGEyWUtJdXdF_180.jpg,False
,deploy,CAoSF0NJSE0wb2dLRUlDQWdJRGEyWUtJdXdF_270,CAoSF0NJSE0wb2dLRUlDQWdJRGEyWUtJdXdF,270,./data/centercity/images/CAoSF0NJSE0wb2dLRUlDQWdJRGEyWUtJdXdF_270.jpg,False
,deploy,9WORrmvvxkw7x2oBv3JPJw_0,9WORrmvvxkw7x2oBv3JPJw,0,./data/centercity/images/9WORrmvvxkw7x2oBv3JPJw_0.jpg,False
,deploy,9WORrmvvxkw7x2oBv3JPJw_90,9WORrmvvxkw7x2oBv3JPJw,90,./data/centercity/images/9WORrmvvxkw7x2oBv3JPJw_90.jpg,False
,deploy,9WORrmvvxkw7x2oBv3JPJw_180,9WORrmvvxkw7x2oBv3JPJw,180,./data/centercity/images/9WORrmvvxkw7x2oBv3JPJw_180.jpg,False
,deploy,9WORrmvvxkw7x2oBv3JPJw_270,9WORrmvvxkw7x2oBv3JPJw,270,./data/centercity/images/9WORrmvvxkw7x2oBv3JPJw_270.jpg,False
,deploy,CAoSFkNJSE0wb2dLRUlDQWdJRGFrYy1nU3c._0,CAoSFkNJSE0wb2dLRUlDQWdJRGFrYy1nU3c.,0,./data/centercity/images/CAoSFkNJSE0wb2dLRUlDQWdJRGFrYy1nU3c._0.jpg,False
,deploy,CAoSFkNJSE0wb2dLRUlDQWdJRGFrYy1nU3c._90,CAoSFkNJSE0wb2dLRUlDQWdJRGFrYy1nU3c.,90,./data/centercity/images/CAoSFkNJSE0wb2dLRUlDQWdJRGFrYy1nU3c._90.jpg,False
,deploy,CAoSFkNJSE0wb2dLRUlDQWdJRGFrYy1nU3c._180,CAoSFkNJSE0wb2dLRUlDQWdJRGFrYy1nU3c.,180,./data/centercity/images/CAoSFkNJSE0wb2dLRUlDQWdJRGFrYy1nU3c._180.jpg,False
,deploy,CAoSFkNJSE0wb2dLRUlDQWdJRGFrYy1nU3c._270,CAoSFkNJSE0wb2dLRUlDQWdJRGFrYy1nU3c.,270,./data/centercity/images/CAoSFkNJSE0wb2dLRUlDQWdJRGFrYy1nU3c._270.jpg,False
,deploy,CAoSFkNJSE0wb2dLRUlDQWdJRGEyZFg0T2c._0,CAoSFkNJSE0wb2dLRUlDQWdJRGEyZFg0T2c.,0,./data/centercity/images/CAoSFkNJSE0wb2dLRUlDQWdJRGEyZFg0T2c._0.jpg,False
,deploy,CAoSFkNJSE0wb2dLRUlDQWdJRGEyZFg0T2c._90,CAoSFkNJSE0wb2dLRUlDQWdJRGEyZFg0T2c.,90,./data/centercity/images/CAoSFkNJSE0wb2dLRUlDQWdJRGEyZFg0T2c._90.jpg,False
,deploy,CAoSFkNJSE0wb2dLRUlDQWdJRGEyZFg0T2c._180,CAoSFkNJSE0wb2dLRUlDQWdJRGEyZFg0T2c.,180,./data/centercity/images/CAoSFkNJSE0wb2dLRUlDQWdJRGEyZFg0T2c._180.jpg,False
,deploy,CAoSFkNJSE0wb2dLRUlDQWdJRGEyZFg0T2c._270,CAoSFkNJSE0wb2dLRUlDQWdJRGEyZFg0T2c.,270,./data/centercity/images/CAoSFkNJSE0wb2dLRUlDQWdJRGEyZFg0T2c._270.jpg,False
,deploy,lQWgrNvvy_2i8pR8_GkeIg_0,lQWgrNvvy_2i8pR8_GkeIg,0,./data/centercity/images/lQWgrNvvy_2i8pR8_GkeIg_0.jpg,False
,deploy,lQWgrNvvy_2i8pR8_GkeIg_90,lQWgrNvvy_2i8pR8_GkeIg,90,./data/centercity/images/lQWgrNvvy_2i8pR8_GkeIg_90.jpg,False
,deploy,lQWgrNvvy_2i8pR8_GkeIg_180,lQWgrNvvy_2i8pR8_GkeIg,180,./data/centercity/images/lQWgrNvvy_2i8pR8_GkeIg_180.jpg,False
,deploy,lQWgrNvvy_2i8pR8_GkeIg_270,lQWgrNvvy_2i8pR8_GkeIg,270,./data/centercity/images/lQWgrNvvy_2i8pR8_GkeIg_270.jpg,False
,deploy,5T54auG86WAhY1kA7bcf5A_0,5T54auG86WAhY1kA7bcf5A,0,./data/centercity/images/5T54auG86WAhY1kA7bcf5A_0.jpg,False
,deploy,5T54auG86WAhY1kA7bcf5A_90,5T54auG86WAhY1kA7bcf5A,90,./data/centercity/images/5T54auG86WAhY1kA7bcf5A_90.jpg,False
,deploy,5T54auG86WAhY1kA7bcf5A_180,5T54auG86WAhY1kA7bcf5A,180,./data/centercity/images/5T54auG86WAhY1kA7bcf5A_180.jpg,False
,deploy,5T54auG86WAhY1kA7bcf5A_270,5T54auG86WAhY1kA7bcf5A,270,./data/centercity/images/5T54auG86WAhY1kA7bcf5A_270.jpg,False
,deploy,gah3EzimiMoIRxece0HQBw_0,gah3EzimiMoIRxece0HQBw,0,./data/centercity/images/gah3EzimiMoIRxece0HQBw_0.jpg,False
,deploy,gah3EzimiMoIRxece0HQBw_90,gah3EzimiMoIRxece0HQBw,90,./data/centercity/images/gah3EzimiMoIRxece0HQBw_90.jpg,False
,deploy,gah3EzimiMoIRxece0HQBw_180,gah3EzimiMoIRxece0HQBw,180,./data/centercity/images/gah3EzimiMoIRxece0HQBw_180.jpg,False
,deploy,gah3EzimiMoIRxece0HQBw_270,gah3EzimiMoIRxece0HQBw,270,./data/centercity/images/gah3EzimiMoIRxece0HQBw_270.jpg,False
,deploy,1Nesof6fTLK2nRFF_OGW7w_0,1Nesof6fTLK2nRFF_OGW7w,0,./data/centercity/images/1Nesof6fTLK2nRFF_OGW7w_0.jpg,False
,deploy,1Nesof6fTLK2nRFF_OGW7w_90,1Nesof6fTLK2nRFF_OGW7w,90,./data/centercity/images/1Nesof6fTLK2nRFF_OGW7w_90.jpg,False
,deploy,1Nesof6fTLK2nRFF_OGW7w_180,1Nesof6fTLK2nRFF_OGW7w,180,./data/centercity/images/1Nesof6fTLK2nRFF_OGW7w_180.jpg,False
,deploy,1Nesof6fTLK2nRFF_OGW7w_270,1Nesof6fTLK2nRFF_OGW7w,270,./data/centercity/images/1Nesof6fTLK2nRFF_OGW7w_270.jpg,False
,deploy,HLDhn6MFp9j91uYkkc2nWA_0,HLDhn6MFp9j91uYkkc2nWA,0,./data/centercity/images/HLDhn6MFp9j91uYkkc2nWA_0.jpg,False
,deploy,HLDhn6MFp9j91uYkkc2nWA_90,HLDhn6MFp9j91uYkkc2nWA,90,./data/centercity/images/HLDhn6MFp9j91uYkkc2nWA_90.jpg,False
,deploy,HLDhn6MFp9j91uYkkc2nWA_180,HLDhn6MFp9j91uYkkc2nWA,180,./data/centercity/images/HLDhn6MFp9j91uYkkc2nWA_180.jpg,False
,deploy,HLDhn6MFp9j91uYkkc2nWA_270,HLDhn6MFp9j91uYkkc2nWA,270,./data/centercity/images/HLDhn6MFp9j91uYkkc2nWA_270.jpg,False
,deploy,guBfMlEOAsf1AN6t86LxmA_0,guBfMlEOAsf1AN6t86LxmA,0,./data/centercity/images/guBfMlEOAsf1AN6t86LxmA_0.jpg,False
,deploy,guBfMlEOAsf1AN6t86LxmA_90,guBfMlEOAsf1AN6t86LxmA,90,./data/centercity/images/guBfMlEOAsf1AN6t86LxmA_90.jpg,False
,deploy,guBfMlEOAsf1AN6t86LxmA_180,guBfMlEOAsf1AN6t86LxmA,180,./data/centercity/images/guBfMlEOAsf1AN6t86LxmA_180.jpg,False
,deploy,guBfMlEOAsf1AN6t86LxmA_270,guBfMlEOAsf1AN6t86LxmA,270,./data/centercity/images/guBfMlEOAsf1AN6t86LxmA_270.jpg,False
,deploy,tIpBtSh7i5uO3GJjuW026Q_0,tIpBtSh7i5uO3GJjuW026Q,0,./data/centercity/images/tIpBtSh7i5uO3GJjuW026Q_0.jpg,False
,deploy,tIpBtSh7i5uO3GJjuW026Q_90,tIpBtSh7i5uO3GJjuW026Q,90,./data/centercity/images/tIpBtSh7i5uO3GJjuW026Q_90.jpg,False
,deploy,tIpBtSh7i5uO3GJjuW026Q_180,tIpBtSh7i5uO3GJjuW026Q,180,./data/centercity/images/tIpBtSh7i5uO3GJjuW026Q_180.jpg,False
,deploy,tIpBtSh7i5uO3GJjuW026Q_270,tIpBtSh7i5uO3GJjuW026Q,270,./data/centercity/images/tIpBtSh7i5uO3GJjuW026Q_270.jpg,False
,deploy,fDDw4cIxBwRg81V_KOfJxQ_0,fDDw4cIxBwRg81V_KOfJxQ,0,./data/centercity/images/fDDw4cIxBwRg81V_KOfJxQ_0.jpg,False
,deploy,fDDw4cIxBwRg81V_KOfJxQ_90,fDDw4cIxBwRg81V_KOfJxQ,90,./data/centercity/images/fDDw4cIxBwRg81V_KOfJxQ_90.jpg,False
,deploy,fDDw4cIxBwRg81V_KOfJxQ_180,fDDw4cIxBwRg81V_KOfJxQ,180,./data/centercity/images/fDDw4cIxBwRg81V_KOfJxQ_180.jpg,False
,deploy,fDDw4cIxBwRg81V_KOfJxQ_270,fDDw4cIxBwRg81V_KOfJxQ,270,./data/centercity/images/fDDw4cIxBwRg81V_KOfJxQ_270.jpg,False
,deploy,AAruWhEgxLCuqtpJYWBweA_0,AAruWhEgxLCuqtpJYWBweA,0,./data/centercity/images/AAruWhEgxLCuqtpJYWBweA_0.jpg,False
,deploy,AAruWhEgxLCuqtpJYWBweA_90,AAruWhEgxLCuqtpJYWBweA,90,./data/centercity/images/AAruWhEgxLCuqtpJYWBweA_90.jpg,False
,deploy,AAruWhEgxLCuqtpJYWBweA_180,AAruWhEgxLCuqtpJYWBweA,180,./data/centercity/images/AAruWhEgxLCuqtpJYWBweA_180.jpg,False
,deploy,AAruWhEgxLCuqtpJYWBweA_270,AAruWhEgxLCuqtpJYWBweA,270,./data/centercity/images/AAruWhEgxLCuqtpJYWBweA_270.jpg,False
,deploy,2otsQdhB7VigoNDuXPVsfA_0,2otsQdhB7VigoNDuXPVsfA,0,./data/centercity/images/2otsQdhB7VigoNDuXPVsfA_0.jpg,False
,deploy,2otsQdhB7VigoNDuXPVsfA_90,2otsQdhB7VigoNDuXPVsfA,90,./data/centercity/images/2otsQdhB7VigoNDuXPVsfA_90.jpg,False
,deploy,2otsQdhB7VigoNDuXPVsfA_180,2otsQdhB7VigoNDuXPVsfA,180,./data/centercity/images/2otsQdhB7VigoNDuXPVsfA_180.jpg,False
,deploy,2otsQdhB7VigoNDuXPVsfA_270,2otsQdhB7VigoNDuXPVsfA,270,./data/centercity/images/2otsQdhB7VigoNDuXPVsfA_270.jpg,False
,deploy,sYbR-Ud5bNfyzByf7_HLkw_0,sYbR-Ud5bNfyzByf7_HLkw,0,./data/centercity/images/sYbR-Ud5bNfyzByf7_HLkw_0.jpg,False
,deploy,sYbR-Ud5bNfyzByf7_HLkw_90,sYbR-Ud5bNfyzByf7_HLkw,90,./data/centercity/images/sYbR-Ud5bNfyzByf7_HLkw_90.jpg,False
,deploy,sYbR-Ud5bNfyzByf7_HLkw_180,sYbR-Ud5bNfyzByf7_HLkw,180,./data/centercity/images/sYbR-Ud5bNfyzByf7_HLkw_180.jpg,False
,deploy,sYbR-Ud5bNfyzByf7_HLkw_270,sYbR-Ud5bNfyzByf7_HLkw,270,./data/centercity/images/sYbR-Ud5bNfyzByf7_HLkw_270.jpg,False
,deploy,eCevO0sInwPqx5PI4DY2aw_0,eCevO0sInwPqx5PI4DY2aw,0,./data/centercity/images/eCevO0sInwPqx5PI4DY2aw_0.jpg,False
,deploy,eCevO0sInwPqx5PI4DY2aw_90,eCevO0sInwPqx5PI4DY2aw,90,./data/centercity/images/eCevO0sInwPqx5PI4DY2aw_90.jpg,False
,deploy,eCevO0sInwPqx5PI4DY2aw_180,eCevO0sInwPqx5PI4DY2aw,180,./data/centercity/images/eCevO0sInwPqx5PI4DY2aw_180.jpg,False
,deploy,eCevO0sInwPqx5PI4DY2aw_270,eCevO0sInwPqx5PI4DY2aw,270,./data/centercity/images/eCevO0sInwPqx5PI4DY2aw_270.jpg,False
,deploy,CAoSFkNJSE0wb2dLRUlDQWdJRGFtWTZQZkE._0,CAoSFkNJSE0wb2dLRUlDQWdJRGFtWTZQZkE.,0,./data/centercity/images/CAoSFkNJSE0wb2dLRUlDQWdJRGFtWTZQZkE._0.jpg,False
,deploy,CAoSFkNJSE0wb2dLRUlDQWdJRGFtWTZQZkE._90,CAoSFkNJSE0wb2dLRUlDQWdJRGFtWTZQZkE.,90,./data/centercity/images/CAoSFkNJSE0wb2dLRUlDQWdJRGFtWTZQZkE._90.jpg,False
,deploy,CAoSFkNJSE0wb2dLRUlDQWdJRGFtWTZQZkE._180,CAoSFkNJSE0wb2dLRUlDQWdJRGFtWTZQZkE.,180,./data/centercity/images/CAoSFkNJSE0wb2dLRUlDQWdJRGFtWTZQZkE._180.jpg,False
,deploy,CAoSFkNJSE0wb2dLRUlDQWdJRGFtWTZQZkE._270,CAoSFkNJSE0wb2dLRUlDQWdJRGFtWTZQZkE.,270,./data/centercity/images/CAoSFkNJSE0wb2dLRUlDQWdJRGFtWTZQZkE._270.jpg,False
,deploy,45T74Qh7XHroCN4kRhBptw_0,45T74Qh7XHroCN4kRhBptw,0,./data/centercity/images/45T74Qh7XHroCN4kRhBptw_0.jpg,False
,deploy,45T74Qh7XHroCN4kRhBptw_90,45T74Qh7XHroCN4kRhBptw,90,./data/centercity/images/45T74Qh7XHroCN4kRhBptw_90.jpg,False
,deploy,45T74Qh7XHroCN4kRhBptw_180,45T74Qh7XHroCN4kRhBptw,180,./data/centercity/images/45T74Qh7XHroCN4kRhBptw_180.jpg,False
,deploy,45T74Qh7XHroCN4kRhBptw_270,45T74Qh7XHroCN4kRhBptw,270,./data/centercity/images/45T74Qh7XHroCN4kRhBptw_270.jpg,False
,deploy,SeR8jghaK_9c03DTvUId0A_0,SeR8jghaK_9c03DTvUId0A,0,./data/centercity/images/SeR8jghaK_9c03DTvUId0A_0.jpg,False
,deploy,SeR8jghaK_9c03DTvUId0A_90,SeR8jghaK_9c03DTvUId0A,90,./data/centercity/images/SeR8jghaK_9c03DTvUId0A_90.jpg,False
,deploy,SeR8jghaK_9c03DTvUId0A_180,SeR8jghaK_9c03DTvUId0A,180,./data/centercity/images/SeR8jghaK_9c03DTvUId0A_180.jpg,False
,deploy,SeR8jghaK_9c03DTvUId0A_270,SeR8jghaK_9c03DTvUId0A,270,./data/centercity/images/SeR8jghaK_9c03DTvUId0A_270.jpg,False
,deploy,HkglZzd_GMxD-u7MBmCU8A_0,HkglZzd_GMxD-u7MBmCU8A,0,./data/centercity/images/HkglZzd_GMxD-u7MBmCU8A_0.jpg,False
,deploy,HkglZzd_GMxD-u7MBmCU8A_90,HkglZzd_GMxD-u7MBmCU8A,90,./data/centercity/images/HkglZzd_GMxD-u7MBmCU8A_90.jpg,False
,deploy,HkglZzd_GMxD-u7MBmCU8A_180,HkglZzd_GMxD-u7MBmCU8A,180,./data/centercity/images/HkglZzd_GMxD-u7MBmCU8A_180.jpg,False
,deploy,HkglZzd_GMxD-u7MBmCU8A_270,HkglZzd_GMxD-u7MBmCU8A,270,./data/centercity/images/HkglZzd_GMxD-u7MBmCU8A_270.jpg,False
,deploy,3XCkLccJJvC8pKU-W_kA1Q_0,3XCkLccJJvC8pKU-W_kA1Q,0,./data/centercity/images/3XCkLccJJvC8pKU-W_kA1Q_0.jpg,False
,deploy,3XCkLccJJvC8pKU-W_kA1Q_90,3XCkLccJJvC8pKU-W_kA1Q,90,./data/centercity/images/3XCkLccJJvC8pKU-W_kA1Q_90.jpg,False
,deploy,3XCkLccJJvC8pKU-W_kA1Q_180,3XCkLccJJvC8pKU-W_kA1Q,180,./data/centercity/images/3XCkLccJJvC8pKU-W_kA1Q_180.jpg,False
,deploy,3XCkLccJJvC8pKU-W_kA1Q_270,3XCkLccJJvC8pKU-W_kA1Q,270,./data/centercity/images/3XCkLccJJvC8pKU-W_kA1Q_270.jpg,False
,deploy,oBKshiuXCTCCeWS5BZ5s4w_0,oBKshiuXCTCCeWS5BZ5s4w,0,./data/centercity/images/oBKshiuXCTCCeWS5BZ5s4w_0.jpg,False
,deploy,oBKshiuXCTCCeWS5BZ5s4w_90,oBKshiuXCTCCeWS5BZ5s4w,90,./data/centercity/images/oBKshiuXCTCCeWS5BZ5s4w_90.jpg,False
,deploy,oBKshiuXCTCCeWS5BZ5s4w_180,oBKshiuXCTCCeWS5BZ5s4w,180,./data/centercity/images/oBKshiuXCTCCeWS5BZ5s4w_180.jpg,False
,deploy,oBKshiuXCTCCeWS5BZ5s4w_270,oBKshiuXCTCCeWS5BZ5s4w,270,./data/centercity/images/oBKshiuXCTCCeWS5BZ5s4w_270.jpg,False
,deploy,CAoSF0NJSE0wb2dLRUlDQWdJRGEyYWFRaUFF_0,CAoSF0NJSE0wb2dLRUlDQWdJRGEyYWFRaUFF,0,./data/centercity/images/CAoSF0NJSE0wb2dLRUlDQWdJRGEyYWFRaUFF_0.jpg,False
,deploy,CAoSF0NJSE0wb2dLRUlDQWdJRGEyYWFRaUFF_90,CAoSF0NJSE0wb2dLRUlDQWdJRGEyYWFRaUFF,90,./data/centercity/images/CAoSF0NJSE0wb2dLRUlDQWdJRGEyYWFRaUFF_90.jpg,False
,deploy,CAoSF0NJSE0wb2dLRUlDQWdJRGEyYWFRaUFF_180,CAoSF0NJSE0wb2dLRUlDQWdJRGEyYWFRaUFF,180,./data/centercity/images/CAoSF0NJSE0wb2dLRUlDQWdJRGEyYWFRaUFF_180.jpg,False
,deploy,CAoSF0NJSE0wb2dLRUlDQWdJRGEyYWFRaUFF_270,CAoSF0NJSE0wb2dLRUlDQWdJRGEyYWFRaUFF,270,./data/centercity/images/CAoSF0NJSE0wb2dLRUlDQWdJRGEyYWFRaUFF_270.jpg,False
,deploy,Hd5twYd9reQsipWdEigXXQ_0,Hd5twYd9reQsipWdEigXXQ,0,./data/centercity/images/Hd5twYd9reQsipWdEigXXQ_0.jpg,False
,deploy,Hd5twYd9reQsipWdEigXXQ_90,Hd5twYd9reQsipWdEigXXQ,90,./data/centercity/images/Hd5twYd9reQsipWdEigXXQ_90.jpg,False
,deploy,Hd5twYd9reQsipWdEigXXQ_180,Hd5twYd9reQsipWdEigXXQ,180,./data/centercity/images/Hd5twYd9reQsipWdEigXXQ_180.jpg,False
,deploy,Hd5twYd9reQsipWdEigXXQ_270,Hd5twYd9reQsipWdEigXXQ,270,./data/centercity/images/Hd5twYd9reQsipWdEigXXQ_270.jpg,False
,deploy,-EvNYqYL9XXr96MaLIRJGQ_0,-EvNYqYL9XXr96MaLIRJGQ,0,./data/centercity/images/-EvNYqYL9XXr96MaLIRJGQ_0.jpg,False
,deploy,-EvNYqYL9XXr96MaLIRJGQ_90,-EvNYqYL9XXr96MaLIRJGQ,90,./data/centercity/images/-EvNYqYL9XXr96MaLIRJGQ_90.jpg,False
,deploy,-EvNYqYL9XXr96MaLIRJGQ_180,-EvNYqYL9XXr96MaLIRJGQ,180,./data/centercity/images/-EvNYqYL9XXr96MaLIRJGQ_180.jpg,False
,deploy,-EvNYqYL9XXr96MaLIRJGQ_270,-EvNYqYL9XXr96MaLIRJGQ,270,./data/centercity/images/-EvNYqYL9XXr96MaLIRJGQ_270.jpg,False
,deploy,xt0TR7Myx40MAwkpnPwKoQ_0,xt0TR7Myx40MAwkpnPwKoQ,0,./data/centercity/images/xt0TR7Myx40MAwkpnPwKoQ_0.jpg,False
,deploy,xt0TR7Myx40MAwkpnPwKoQ_90,xt0TR7Myx40MAwkpnPwKoQ,90,./data/centercity/images/xt0TR7Myx40MAwkpnPwKoQ_90.jpg,False
,deploy,xt0TR7Myx40MAwkpnPwKoQ_180,xt0TR7Myx40MAwkpnPwKoQ,180,./data/centercity/images/xt0TR7Myx40MAwkpnPwKoQ_180.jpg,False
,deploy,xt0TR7Myx40MAwkpnPwKoQ_270,xt0TR7Myx40MAwkpnPwKoQ,270,./data/centercity/images/xt0TR7Myx40MAwkpnPwKoQ_270.jpg,False
,deploy,djj0WHVlDCIMak3vzkdfFA_0,djj0WHVlDCIMak3vzkdfFA,0,./data/centercity/images/djj0WHVlDCIMak3vzkdfFA_0.jpg,False
,deploy,djj0WHVlDCIMak3vzkdfFA_90,djj0WHVlDCIMak3vzkdfFA,90,./data/centercity/images/djj0WHVlDCIMak3vzkdfFA_90.jpg,False
,deploy,djj0WHVlDCIMak3vzkdfFA_180,djj0WHVlDCIMak3vzkdfFA,180,./data/centercity/images/djj0WHVlDCIMak3vzkdfFA_180.jpg,False
,deploy,djj0WHVlDCIMak3vzkdfFA_270,djj0WHVlDCIMak3vzkdfFA,270,./data/centercity/images/djj0WHVlDCIMak3vzkdfFA_270.jpg,False
,deploy,BkdDuMu8p4zQGsrKiXNVVg_0,BkdDuMu8p4zQGsrKiXNVVg,0,./data/centercity/images/BkdDuMu8p4zQGsrKiXNVVg_0.jpg,False
,deploy,BkdDuMu8p4zQGsrKiXNVVg_90,BkdDuMu8p4zQGsrKiXNVVg,90,./data/centercity/images/BkdDuMu8p4zQGsrKiXNVVg_90.jpg,False
,deploy,BkdDuMu8p4zQGsrKiXNVVg_180,BkdDuMu8p4zQGsrKiXNVVg,180,./data/centercity/images/BkdDuMu8p4zQGsrKiXNVVg_180.jpg,False
,deploy,BkdDuMu8p4zQGsrKiXNVVg_270,BkdDuMu8p4zQGsrKiXNVVg,270,./data/centercity/images/BkdDuMu8p4zQGsrKiXNVVg_270.jpg,False
,deploy,CAoSF0NJSE0wb2dLRUlDQWdJRGEyZkNza2dF_0,CAoSF0NJSE0wb2dLRUlDQWdJRGEyZkNza2dF,0,./data/centercity/images/CAoSF0NJSE0wb2dLRUlDQWdJRGEyZkNza2dF_0.jpg,False
,deploy,CAoSF0NJSE0wb2dLRUlDQWdJRGEyZkNza2dF_90,CAoSF0NJSE0wb2dLRUlDQWdJRGEyZkNza2dF,90,./data/centercity/images/CAoSF0NJSE0wb2dLRUlDQWdJRGEyZkNza2dF_90.jpg,False
,deploy,CAoSF0NJSE0wb2dLRUlDQWdJRGEyZkNza2dF_180,CAoSF0NJSE0wb2dLRUlDQWdJRGEyZkNza2dF,180,./data/centercity/images/CAoSF0NJSE0wb2dLRUlDQWdJRGEyZkNza2dF_180.jpg,False
,deploy,CAoSF0NJSE0wb2dLRUlDQWdJRGEyZkNza2dF_270,CAoSF0NJSE0wb2dLRUlDQWdJRGEyZkNza2dF,270,./data/centercity/images/CAoSF0NJSE0wb2dLRUlDQWdJRGEyZkNza2dF_270.jpg,False
,deploy,Iq7CgKNG5Iqx7u7btj1Rvg_0,Iq7CgKNG5Iqx7u7btj1Rvg,0,./data/centercity/images/Iq7CgKNG5Iqx7u7btj1Rvg_0.jpg,False
,deploy,Iq7CgKNG5Iqx7u7btj1Rvg_90,Iq7CgKNG5Iqx7u7btj1Rvg,90,./data/centercity/images/Iq7CgKNG5Iqx7u7btj1Rvg_90.jpg,False
,deploy,Iq7CgKNG5Iqx7u7btj1Rvg_180,Iq7CgKNG5Iqx7u7btj1Rvg,180,./data/centercity/images/Iq7CgKNG5Iqx7u7btj1Rvg_180.jpg,False
,deploy,Iq7CgKNG5Iqx7u7btj1Rvg_270,Iq7CgKNG5Iqx7u7btj1Rvg,270,./data/centercity/images/Iq7CgKNG5Iqx7u7btj1Rvg_270.jpg,False
,deploy,CAoSF0NJSE0wb2dLRUlDQWdJRGF5Y0dvOGdF_0,CAoSF0NJSE0wb2dLRUlDQWdJRGF5Y0dvOGdF,0,./data/centercity/images/CAoSF0NJSE0wb2dLRUlDQWdJRGF5Y0dvOGdF_0.jpg,False
,deploy,CAoSF0NJSE0wb2dLRUlDQWdJRGF5Y0dvOGdF_90,CAoSF0NJSE0wb2dLRUlDQWdJRGF5Y0dvOGdF,90,./data/centercity/images/CAoSF0NJSE0wb2dLRUlDQWdJRGF5Y0dvOGdF_90.jpg,False
,deploy,CAoSF0NJSE0wb2dLRUlDQWdJRGF5Y0dvOGdF_180,CAoSF0NJSE0wb2dLRUlDQWdJRGF5Y0dvOGdF,180,./data/centercity/images/CAoSF0NJSE0wb2dLRUlDQWdJRGF5Y0dvOGdF_180.jpg,False
,deploy,CAoSF0NJSE0wb2dLRUlDQWdJRGF5Y0dvOGdF_270,CAoSF0NJSE0wb2dLRUlDQWdJRGF5Y0dvOGdF,270,./data/centercity/images/CAoSF0NJSE0wb2dLRUlDQWdJRGF5Y0dvOGdF_270.jpg,False
,deploy,ldEyT7b2wPXlpPlm1juaIQ_0,ldEyT7b2wPXlpPlm1juaIQ,0,./data/centercity/images/ldEyT7b2wPXlpPlm1juaIQ_0.jpg,False
,deploy,ldEyT7b2wPXlpPlm1juaIQ_90,ldEyT7b2wPXlpPlm1juaIQ,90,./data/centercity/images/ldEyT7b2wPXlpPlm1juaIQ_90.jpg,False
,deploy,ldEyT7b2wPXlpPlm1juaIQ_180,ldEyT7b2wPXlpPlm1juaIQ,180,./data/centercity/images/ldEyT7b2wPXlpPlm1juaIQ_180.jpg,False
,deploy,ldEyT7b2wPXlpPlm1juaIQ_270,ldEyT7b2wPXlpPlm1juaIQ,270,./data/centercity/images/ldEyT7b2wPXlpPlm1juaIQ_270.jpg,False
,deploy,iJ0u2JWzaySW61zujMDpug_0,iJ0u2JWzaySW61zujMDpug,0,./data/centercity/images/iJ0u2JWzaySW61zujMDpug_0.jpg,False
,deploy,iJ0u2JWzaySW61zujMDpug_90,iJ0u2JWzaySW61zujMDpug,90,./data/centercity/images/iJ0u2JWzaySW61zujMDpug_90.jpg,False
,deploy,iJ0u2JWzaySW61zujMDpug_180,iJ0u2JWzaySW61zujMDpug,180,./data/centercity/images/iJ0u2JWzaySW61zujMDpug_180.jpg,False
,deploy,iJ0u2JWzaySW61zujMDpug_270,iJ0u2JWzaySW61zujMDpug,270,./data/centercity/images/iJ0u2JWzaySW61zujMDpug_270.jpg,False
,deploy,sIW8Rq3R_eyPVDSKlWc5tw_0,sIW8Rq3R_eyPVDSKlWc5tw,0,./data/centercity/images/sIW8Rq3R_eyPVDSKlWc5tw_0.jpg,False
,deploy,sIW8Rq3R_eyPVDSKlWc5tw_90,sIW8Rq3R_eyPVDSKlWc5tw,90,./data/centercity/images/sIW8Rq3R_eyPVDSKlWc5tw_90.jpg,False
,deploy,sIW8Rq3R_eyPVDSKlWc5tw_180,sIW8Rq3R_eyPVDSKlWc5tw,180,./data/centercity/images/sIW8Rq3R_eyPVDSKlWc5tw_180.jpg,False
,deploy,sIW8Rq3R_eyPVDSKlWc5tw_270,sIW8Rq3R_eyPVDSKlWc5tw,270,./data/centercity/images/sIW8Rq3R_eyPVDSKlWc5tw_270.jpg,False
,deploy,QUAmd9Nw36pM1NZVMYbV1w_0,QUAmd9Nw36pM1NZVMYbV1w,0,./data/centercity/images/QUAmd9Nw36pM1NZVMYbV1w_0.jpg,False
,deploy,QUAmd9Nw36pM1NZVMYbV1w_90,QUAmd9Nw36pM1NZVMYbV1w,90,./data/centercity/images/QUAmd9Nw36pM1NZVMYbV1w_90.jpg,False
,deploy,QUAmd9Nw36pM1NZVMYbV1w_180,QUAmd9Nw36pM1NZVMYbV1w,180,./data/centercity/images/QUAmd9Nw36pM1NZVMYbV1w_180.jpg,False
,deploy,QUAmd9Nw36pM1NZVMYbV1w_270,QUAmd9Nw36pM1NZVMYbV1w,270,./data/centercity/images/QUAmd9Nw36pM1NZVMYbV1w_270.jpg,False
,deploy,Gmu-xWj-7oHMcMPEyJteUA_0,Gmu-xWj-7oHMcMPEyJteUA,0,./data/centercity/images/Gmu-xWj-7oHMcMPEyJteUA_0.jpg,False
,deploy,Gmu-xWj-7oHMcMPEyJteUA_90,Gmu-xWj-7oHMcMPEyJteUA,90,./data/centercity/images/Gmu-xWj-7oHMcMPEyJteUA_90.jpg,False
,deploy,Gmu-xWj-7oHMcMPEyJteUA_180,Gmu-xWj-7oHMcMPEyJteUA,180,./data/centercity/images/Gmu-xWj-7oHMcMPEyJteUA_180.jpg,False
,deploy,Gmu-xWj-7oHMcMPEyJteUA_270,Gmu-xWj-7oHMcMPEyJteUA,270,./data/centercity/images/Gmu-xWj-7oHMcMPEyJteUA_270.jpg,False
,deploy,OPlaWc1GpRSEpQRRDmHh2w_0,OPlaWc1GpRSEpQRRDmHh2w,0,./data/centercity/images/OPlaWc1GpRSEpQRRDmHh2w_0.jpg,False
,deploy,OPlaWc1GpRSEpQRRDmHh2w_90,OPlaWc1GpRSEpQRRDmHh2w,90,./data/centercity/images/OPlaWc1GpRSEpQRRDmHh2w_90.jpg,False
,deploy,OPlaWc1GpRSEpQRRDmHh2w_180,OPlaWc1GpRSEpQRRDmHh2w,180,./data/centercity/images/OPlaWc1GpRSEpQRRDmHh2w_180.jpg,False
,deploy,OPlaWc1GpRSEpQRRDmHh2w_270,OPlaWc1GpRSEpQRRDmHh2w,270,./data/centercity/images/OPlaWc1GpRSEpQRRDmHh2w_270.jpg,False
,deploy,y4p3dsyZ84g3fTuj7cE1pA_0,y4p3dsyZ84g3fTuj7cE1pA,0,./data/centercity/images/y4p3dsyZ84g3fTuj7cE1pA_0.jpg,False
,deploy,y4p3dsyZ84g3fTuj7cE1pA_90,y4p3dsyZ84g3fTuj7cE1pA,90,./data/centercity/images/y4p3dsyZ84g3fTuj7cE1pA_90.jpg,False
,deploy,y4p3dsyZ84g3fTuj7cE1pA_180,y4p3dsyZ84g3fTuj7cE1pA,180,./data/centercity/images/y4p3dsyZ84g3fTuj7cE1pA_180.jpg,False
,deploy,y4p3dsyZ84g3fTuj7cE1pA_270,y4p3dsyZ84g3fTuj7cE1pA,270,./data/centercity/images/y4p3dsyZ84g3fTuj7cE1pA_270.jpg,False
,deploy,Fxe_I1_ReS9LdO577p3YKA_0,Fxe_I1_ReS9LdO577p3YKA,0,./data/centercity/images/Fxe_I1_ReS9LdO577p3YKA_0.jpg,False
,deploy,Fxe_I1_ReS9LdO577p3YKA_90,Fxe_I1_ReS9LdO577p3YKA,90,./data/centercity/images/Fxe_I1_ReS9LdO577p3YKA_90.jpg,False
,deploy,Fxe_I1_ReS9LdO577p3YKA_180,Fxe_I1_ReS9LdO577p3YKA,180,./data/centercity/images/Fxe_I1_ReS9LdO577p3YKA_180.jpg,False
,deploy,Fxe_I1_ReS9LdO577p3YKA_270,Fxe_I1_ReS9LdO577p3YKA,270,./data/centercity/images/Fxe_I1_ReS9LdO577p3YKA_270.jpg,False
,deploy,Ms_T_Lu3qJHiTyGXg33QMw_0,Ms_T_Lu3qJHiTyGXg33QMw,0,./data/centercity/images/Ms_T_Lu3qJHiTyGXg33QMw_0.jpg,False
,deploy,Ms_T_Lu3qJHiTyGXg33QMw_90,Ms_T_Lu3qJHiTyGXg33QMw,90,./data/centercity/images/Ms_T_Lu3qJHiTyGXg33QMw_90.jpg,False
,deploy,Ms_T_Lu3qJHiTyGXg33QMw_180,Ms_T_Lu3qJHiTyGXg33QMw,180,./data/centercity/images/Ms_T_Lu3qJHiTyGXg33QMw_180.jpg,False
,deploy,Ms_T_Lu3qJHiTyGXg33QMw_270,Ms_T_Lu3qJHiTyGXg33QMw,270,./data/centercity/images/Ms_T_Lu3qJHiTyGXg33QMw_270.jpg,False
,deploy,iMK3nljyL6r0-ZioZTaaLA_0,iMK3nljyL6r0-ZioZTaaLA,0,./data/centercity/images/iMK3nljyL6r0-ZioZTaaLA_0.jpg,False
,deploy,iMK3nljyL6r0-ZioZTaaLA_90,iMK3nljyL6r0-ZioZTaaLA,90,./data/centercity/images/iMK3nljyL6r0-ZioZTaaLA_90.jpg,False
,deploy,iMK3nljyL6r0-ZioZTaaLA_180,iMK3nljyL6r0-ZioZTaaLA,180,./data/centercity/images/iMK3nljyL6r0-ZioZTaaLA_180.jpg,False
,deploy,iMK3nljyL6r0-ZioZTaaLA_270,iMK3nljyL6r0-ZioZTaaLA,270,./data/centercity/images/iMK3nljyL6r0-ZioZTaaLA_270.jpg,False
,deploy,gMK6OpKzjlNWhGYX5M25Ww_0,gMK6OpKzjlNWhGYX5M25Ww,0,./data/centercity/images/gMK6OpKzjlNWhGYX5M25Ww_0.jpg,False
,deploy,gMK6OpKzjlNWhGYX5M25Ww_90,gMK6OpKzjlNWhGYX5M25Ww,90,./data/centercity/images/gMK6OpKzjlNWhGYX5M25Ww_90.jpg,False
,deploy,gMK6OpKzjlNWhGYX5M25Ww_180,gMK6OpKzjlNWhGYX5M25Ww,180,./data/centercity/images/gMK6OpKzjlNWhGYX5M25Ww_180.jpg,False
,deploy,gMK6OpKzjlNWhGYX5M25Ww_270,gMK6OpKzjlNWhGYX5M25Ww,270,./data/centercity/images/gMK6OpKzjlNWhGYX5M25Ww_270.jpg,False
,deploy,Mwt-27Yn48fcH4kwev_NbA_0,Mwt-27Yn48fcH4kwev_NbA,0,./data/centercity/images/Mwt-27Yn48fcH4kwev_NbA_0.jpg,False
,deploy,Mwt-27Yn48fcH4kwev_NbA_90,Mwt-27Yn48fcH4kwev_NbA,90,./data/centercity/images/Mwt-27Yn48fcH4kwev_NbA_90.jpg,False
,deploy,Mwt-27Yn48fcH4kwev_NbA_180,Mwt-27Yn48fcH4kwev_NbA,180,./data/centercity/images/Mwt-27Yn48fcH4kwev_NbA_180.jpg,False
,deploy,Mwt-27Yn48fcH4kwev_NbA_270,Mwt-27Yn48fcH4kwev_NbA,270,./data/centercity/images/Mwt-27Yn48fcH4kwev_NbA_270.jpg,False
,deploy,HalWRE7UV5dCGUPdPuxmJQ_0,HalWRE7UV5dCGUPdPuxmJQ,0,./data/centercity/images/HalWRE7UV5dCGUPdPuxmJQ_0.jpg,False
,deploy,HalWRE7UV5dCGUPdPuxmJQ_90,HalWRE7UV5dCGUPdPuxmJQ,90,./data/centercity/images/HalWRE7UV5dCGUPdPuxmJQ_90.jpg,False
,deploy,HalWRE7UV5dCGUPdPuxmJQ_180,HalWRE7UV5dCGUPdPuxmJQ,180,./data/centercity/images/HalWRE7UV5dCGUPdPuxmJQ_180.jpg,False
,deploy,HalWRE7UV5dCGUPdPuxmJQ_270,HalWRE7UV5dCGUPdPuxmJQ,270,./data/centercity/images/HalWRE7UV5dCGUPdPuxmJQ_270.jpg,False
,deploy,c7Kpd_hFkQEDnjPniCIIkQ_0,c7Kpd_hFkQEDnjPniCIIkQ,0,./data/centercity/images/c7Kpd_hFkQEDnjPniCIIkQ_0.jpg,False
,deploy,c7Kpd_hFkQEDnjPniCIIkQ_90,c7Kpd_hFkQEDnjPniCIIkQ,90,./data/centercity/images/c7Kpd_hFkQEDnjPniCIIkQ_90.jpg,False
,deploy,c7Kpd_hFkQEDnjPniCIIkQ_180,c7Kpd_hFkQEDnjPniCIIkQ,180,./data/centercity/images/c7Kpd_hFkQEDnjPniCIIkQ_180.jpg,False
,deploy,c7Kpd_hFkQEDnjPniCIIkQ_270,c7Kpd_hFkQEDnjPniCIIkQ,270,./data/centercity/images/c7Kpd_hFkQEDnjPniCIIkQ_270.jpg,False
,deploy,CAoSFkNJSE0wb2dLRUlDQWdJRE8zcjJHU1E._0,CAoSFkNJSE0wb2dLRUlDQWdJRE8zcjJHU1E.,0,./data/centercity/images/CAoSFkNJSE0wb2dLRUlDQWdJRE8zcjJHU1E._0.jpg,False
,deploy,CAoSFkNJSE0wb2dLRUlDQWdJRE8zcjJHU1E._90,CAoSFkNJSE0wb2dLRUlDQWdJRE8zcjJHU1E.,90,./data/centercity/images/CAoSFkNJSE0wb2dLRUlDQWdJRE8zcjJHU1E._90.jpg,False
,deploy,CAoSFkNJSE0wb2dLRUlDQWdJRE8zcjJHU1E._180,CAoSFkNJSE0wb2dLRUlDQWdJRE8zcjJHU1E.,180,./data/centercity/images/CAoSFkNJSE0wb2dLRUlDQWdJRE8zcjJHU1E._180.jpg,False
,deploy,CAoSFkNJSE0wb2dLRUlDQWdJRE8zcjJHU1E._270,CAoSFkNJSE0wb2dLRUlDQWdJRE8zcjJHU1E.,270,./data/centercity/images/CAoSFkNJSE0wb2dLRUlDQWdJRE8zcjJHU1E._270.jpg,False
,deploy,G0SPQ-GC1T1P6aJ3FTk5ow_0,G0SPQ-GC1T1P6aJ3FTk5ow,0,./data/centercity/images/G0SPQ-GC1T1P6aJ3FTk5ow_0.jpg,False
,deploy,G0SPQ-GC1T1P6aJ3FTk5ow_90,G0SPQ-GC1T1P6aJ3FTk5ow,90,./data/centercity/images/G0SPQ-GC1T1P6aJ3FTk5ow_90.jpg,False
,deploy,G0SPQ-GC1T1P6aJ3FTk5ow_180,G0SPQ-GC1T1P6aJ3FTk5ow,180,./data/centercity/images/G0SPQ-GC1T1P6aJ3FTk5ow_180.jpg,False
,deploy,G0SPQ-GC1T1P6aJ3FTk5ow_270,G0SPQ-GC1T1P6aJ3FTk5ow,270,./data/centercity/images/G0SPQ-GC1T1P6aJ3FTk5ow_270.jpg,False
,deploy,fUmE-8GB6hhezzGqeC4f5A_0,fUmE-8GB6hhezzGqeC4f5A,0,./data/centercity/images/fUmE-8GB6hhezzGqeC4f5A_0.jpg,False
,deploy,fUmE-8GB6hhezzGqeC4f5A_90,fUmE-8GB6hhezzGqeC4f5A,90,./data/centercity/images/fUmE-8GB6hhezzGqeC4f5A_90.jpg,False
,deploy,fUmE-8GB6hhezzGqeC4f5A_180,fUmE-8GB6hhezzGqeC4f5A,180,./data/centercity/images/fUmE-8GB6hhezzGqeC4f5A_180.jpg,False
,deploy,fUmE-8GB6hhezzGqeC4f5A_270,fUmE-8GB6hhezzGqeC4f5A,270,./data/centercity/images/fUmE-8GB6hhezzGqeC4f5A_270.jpg,False
,deploy,rCHHfXL0CQk_yC8uEgD9jQ_0,rCHHfXL0CQk_yC8uEgD9jQ,0,./data/centercity/images/rCHHfXL0CQk_yC8uEgD9jQ_0.jpg,False
,deploy,rCHHfXL0CQk_yC8uEgD9jQ_90,rCHHfXL0CQk_yC8uEgD9jQ,90,./data/centercity/images/rCHHfXL0CQk_yC8uEgD9jQ_90.jpg,False
,deploy,rCHHfXL0CQk_yC8uEgD9jQ_180,rCHHfXL0CQk_yC8uEgD9jQ,180,./data/centercity/images/rCHHfXL0CQk_yC8uEgD9jQ_180.jpg,False
,deploy,rCHHfXL0CQk_yC8uEgD9jQ_270,rCHHfXL0CQk_yC8uEgD9jQ,270,./data/centercity/images/rCHHfXL0CQk_yC8uEgD9jQ_270.jpg,False
,deploy,-hWSOV7acOSMn5O5WIo7LA_0,-hWSOV7acOSMn5O5WIo7LA,0,./data/centercity/images/-hWSOV7acOSMn5O5WIo7LA_0.jpg,False
,deploy,-hWSOV7acOSMn5O5WIo7LA_90,-hWSOV7acOSMn5O5WIo7LA,90,./data/centercity/images/-hWSOV7acOSMn5O5WIo7LA_90.jpg,False
,deploy,-hWSOV7acOSMn5O5WIo7LA_180,-hWSOV7acOSMn5O5WIo7LA,180,./data/centercity/images/-hWSOV7acOSMn5O5WIo7LA_180.jpg,False
,deploy,-hWSOV7acOSMn5O5WIo7LA_270,-hWSOV7acOSMn5O5WIo7LA,270,./data/centercity/images/-hWSOV7acOSMn5O5WIo7LA_270.jpg,False
,deploy,MdpV1Sb7JoR0icmYSVOtXw_0,MdpV1Sb7JoR0icmYSVOtXw,0,./data/centercity/images/MdpV1Sb7JoR0icmYSVOtXw_0.jpg,False
,deploy,MdpV1Sb7JoR0icmYSVOtXw_90,MdpV1Sb7JoR0icmYSVOtXw,90,./data/centercity/images/MdpV1Sb7JoR0icmYSVOtXw_90.jpg,False
,deploy,MdpV1Sb7JoR0icmYSVOtXw_180,MdpV1Sb7JoR0icmYSVOtXw,180,./data/centercity/images/MdpV1Sb7JoR0icmYSVOtXw_180.jpg,False
,deploy,MdpV1Sb7JoR0icmYSVOtXw_270,MdpV1Sb7JoR0icmYSVOtXw,270,./data/centercity/images/MdpV1Sb7JoR0icmYSVOtXw_270.jpg,False
,deploy,wGtaBE2HLl0vV5FB7e4gRA_0,wGtaBE2HLl0vV5FB7e4gRA,0,./data/centercity/images/wGtaBE2HLl0vV5FB7e4gRA_0.jpg,False
,deploy,wGtaBE2HLl0vV5FB7e4gRA_90,wGtaBE2HLl0vV5FB7e4gRA,90,./data/centercity/images/wGtaBE2HLl0vV5FB7e4gRA_90.jpg,False
,deploy,wGtaBE2HLl0vV5FB7e4gRA_180,wGtaBE2HLl0vV5FB7e4gRA,180,./data/centercity/images/wGtaBE2HLl0vV5FB7e4gRA_180.jpg,False
,deploy,wGtaBE2HLl0vV5FB7e4gRA_270,wGtaBE2HLl0vV5FB7e4gRA,270,./data/centercity/images/wGtaBE2HLl0vV5FB7e4gRA_270.jpg,False
,deploy,ThPE0ZU3_iRh1CIP2ubfmQ_0,ThPE0ZU3_iRh1CIP2ubfmQ,0,./data/centercity/images/ThPE0ZU3_iRh1CIP2ubfmQ_0.jpg,False
,deploy,ThPE0ZU3_iRh1CIP2ubfmQ_90,ThPE0ZU3_iRh1CIP2ubfmQ,90,./data/centercity/images/ThPE0ZU3_iRh1CIP2ubfmQ_90.jpg,False
,deploy,ThPE0ZU3_iRh1CIP2ubfmQ_180,ThPE0ZU3_iRh1CIP2ubfmQ,180,./data/centercity/images/ThPE0ZU3_iRh1CIP2ubfmQ_180.jpg,False
,deploy,ThPE0ZU3_iRh1CIP2ubfmQ_270,ThPE0ZU3_iRh1CIP2ubfmQ,270,./data/centercity/images/ThPE0ZU3_iRh1CIP2ubfmQ_270.jpg,False
,deploy,N4bV8UhVhWLiJhtTfxIw7Q_0,N4bV8UhVhWLiJhtTfxIw7Q,0,./data/centercity/images/N4bV8UhVhWLiJhtTfxIw7Q_0.jpg,False
,deploy,N4bV8UhVhWLiJhtTfxIw7Q_90,N4bV8UhVhWLiJhtTfxIw7Q,90,./data/centercity/images/N4bV8UhVhWLiJhtTfxIw7Q_90.jpg,False
,deploy,N4bV8UhVhWLiJhtTfxIw7Q_180,N4bV8UhVhWLiJhtTfxIw7Q,180,./data/centercity/images/N4bV8UhVhWLiJhtTfxIw7Q_180.jpg,False
,deploy,N4bV8UhVhWLiJhtTfxIw7Q_270,N4bV8UhVhWLiJhtTfxIw7Q,270,./data/centercity/images/N4bV8UhVhWLiJhtTfxIw7Q_270.jpg,False
,deploy,Ver99snjeKO4e_F_TOPQ8g_0,Ver99snjeKO4e_F_TOPQ8g,0,./data/centercity/images/Ver99snjeKO4e_F_TOPQ8g_0.jpg,False
,deploy,Ver99snjeKO4e_F_TOPQ8g_90,Ver99snjeKO4e_F_TOPQ8g,90,./data/centercity/images/Ver99snjeKO4e_F_TOPQ8g_90.jpg,False
,deploy,Ver99snjeKO4e_F_TOPQ8g_180,Ver99snjeKO4e_F_TOPQ8g,180,./data/centercity/images/Ver99snjeKO4e_F_TOPQ8g_180.jpg,False
,deploy,Ver99snjeKO4e_F_TOPQ8g_270,Ver99snjeKO4e_F_TOPQ8g,270,./data/centercity/images/Ver99snjeKO4e_F_TOPQ8g_270.jpg,False
,deploy,73--HPfel4Q2iBZ8BZQMOg_0,73--HPfel4Q2iBZ8BZQMOg,0,./data/centercity/images/73--HPfel4Q2iBZ8BZQMOg_0.jpg,False
,deploy,73--HPfel4Q2iBZ8BZQMOg_90,73--HPfel4Q2iBZ8BZQMOg,90,./data/centercity/images/73--HPfel4Q2iBZ8BZQMOg_90.jpg,False
,deploy,73--HPfel4Q2iBZ8BZQMOg_180,73--HPfel4Q2iBZ8BZQMOg,180,./data/centercity/images/73--HPfel4Q2iBZ8BZQMOg_180.jpg,False
,deploy,73--HPfel4Q2iBZ8BZQMOg_270,73--HPfel4Q2iBZ8BZQMOg,270,./data/centercity/images/73--HPfel4Q2iBZ8BZQMOg_270.jpg,False
,deploy,8HKDOc_RgHoQBZrfL9QW1w_0,8HKDOc_RgHoQBZrfL9QW1w,0,./data/centercity/images/8HKDOc_RgHoQBZrfL9QW1w_0.jpg,False
,deploy,8HKDOc_RgHoQBZrfL9QW1w_90,8HKDOc_RgHoQBZrfL9QW1w,90,./data/centercity/images/8HKDOc_RgHoQBZrfL9QW1w_90.jpg,False
,deploy,8HKDOc_RgHoQBZrfL9QW1w_180,8HKDOc_RgHoQBZrfL9QW1w,180,./data/centercity/images/8HKDOc_RgHoQBZrfL9QW1w_180.jpg,False
,deploy,8HKDOc_RgHoQBZrfL9QW1w_270,8HKDOc_RgHoQBZrfL9QW1w,270,./data/centercity/images/8HKDOc_RgHoQBZrfL9QW1w_270.jpg,False
,deploy,CAoSF0NJSE0wb2dLRUlDQWdJRGF5WkwwNFFF_0,CAoSF0NJSE0wb2dLRUlDQWdJRGF5WkwwNFFF,0,./data/centercity/images/CAoSF0NJSE0wb2dLRUlDQWdJRGF5WkwwNFFF_0.jpg,False
,deploy,CAoSF0NJSE0wb2dLRUlDQWdJRGF5WkwwNFFF_90,CAoSF0NJSE0wb2dLRUlDQWdJRGF5WkwwNFFF,90,./data/centercity/images/CAoSF0NJSE0wb2dLRUlDQWdJRGF5WkwwNFFF_90.jpg,False
,deploy,CAoSF0NJSE0wb2dLRUlDQWdJRGF5WkwwNFFF_180,CAoSF0NJSE0wb2dLRUlDQWdJRGF5WkwwNFFF,180,./data/centercity/images/CAoSF0NJSE0wb2dLRUlDQWdJRGF5WkwwNFFF_180.jpg,False
,deploy,CAoSF0NJSE0wb2dLRUlDQWdJRGF5WkwwNFFF_270,CAoSF0NJSE0wb2dLRUlDQWdJRGF5WkwwNFFF,270,./data/centercity/images/CAoSF0NJSE0wb2dLRUlDQWdJRGF5WkwwNFFF_270.jpg,False
,deploy,CAoSFkNJSE0wb2dLRUlDQWdJRGEyWkR5Tmc._0,CAoSFkNJSE0wb2dLRUlDQWdJRGEyWkR5Tmc.,0,./data/centercity/images/CAoSFkNJSE0wb2dLRUlDQWdJRGEyWkR5Tmc._0.jpg,False
,deploy,CAoSFkNJSE0wb2dLRUlDQWdJRGEyWkR5Tmc._90,CAoSFkNJSE0wb2dLRUlDQWdJRGEyWkR5Tmc.,90,./data/centercity/images/CAoSFkNJSE0wb2dLRUlDQWdJRGEyWkR5Tmc._90.jpg,False
,deploy,CAoSFkNJSE0wb2dLRUlDQWdJRGEyWkR5Tmc._180,CAoSFkNJSE0wb2dLRUlDQWdJRGEyWkR5Tmc.,180,./data/centercity/images/CAoSFkNJSE0wb2dLRUlDQWdJRGEyWkR5Tmc._180.jpg,False
,deploy,CAoSFkNJSE0wb2dLRUlDQWdJRGEyWkR5Tmc._270,CAoSFkNJSE0wb2dLRUlDQWdJRGEyWkR5Tmc.,270,./data/centercity/images/CAoSFkNJSE0wb2dLRUlDQWdJRGEyWkR5Tmc._270.jpg,False
,deploy,s1X0cAH6dgaetmJoiHnhNw_0,s1X0cAH6dgaetmJoiHnhNw,0,./data/centercity/images/s1X0cAH6dgaetmJoiHnhNw_0.jpg,False
,deploy,s1X0cAH6dgaetmJoiHnhNw_90,s1X0cAH6dgaetmJoiHnhNw,90,./data/centercity/images/s1X0cAH6dgaetmJoiHnhNw_90.jpg,False
,deploy,s1X0cAH6dgaetmJoiHnhNw_180,s1X0cAH6dgaetmJoiHnhNw,180,./data/centercity/images/s1X0cAH6dgaetmJoiHnhNw_180.jpg,False
,deploy,s1X0cAH6dgaetmJoiHnhNw_270,s1X0cAH6dgaetmJoiHnhNw,270,./data/centercity/images/s1X0cAH6dgaetmJoiHnhNw_270.jpg,False
,deploy,1yCmLCJZO0WNVhmuiKHtJg_0,1yCmLCJZO0WNVhmuiKHtJg,0,./data/centercity/images/1yCmLCJZO0WNVhmuiKHtJg_0.jpg,False
,deploy,1yCmLCJZO0WNVhmuiKHtJg_90,1yCmLCJZO0WNVhmuiKHtJg,90,./data/centercity/images/1yCmLCJZO0WNVhmuiKHtJg_90.jpg,False
,deploy,1yCmLCJZO0WNVhmuiKHtJg_180,1yCmLCJZO0WNVhmuiKHtJg,180,./data/centercity/images/1yCmLCJZO0WNVhmuiKHtJg_180.jpg,False
,deploy,1yCmLCJZO0WNVhmuiKHtJg_270,1yCmLCJZO0WNVhmuiKHtJg,270,./data/centercity/images/1yCmLCJZO0WNVhmuiKHtJg_270.jpg,False
,deploy,MnSInWuMNMNK33hFGFL5OQ_0,MnSInWuMNMNK33hFGFL5OQ,0,./data/centercity/images/MnSInWuMNMNK33hFGFL5OQ_0.jpg,False
,deploy,MnSInWuMNMNK33hFGFL5OQ_90,MnSInWuMNMNK33hFGFL5OQ,90,./data/centercity/images/MnSInWuMNMNK33hFGFL5OQ_90.jpg,False
,deploy,MnSInWuMNMNK33hFGFL5OQ_180,MnSInWuMNMNK33hFGFL5OQ,180,./data/centercity/images/MnSInWuMNMNK33hFGFL5OQ_180.jpg,False
,deploy,MnSInWuMNMNK33hFGFL5OQ_270,MnSInWuMNMNK33hFGFL5OQ,270,./data/centercity/images/MnSInWuMNMNK33hFGFL5OQ_270.jpg,False
,deploy,CAoSF0NJSE0wb2dLRUlDQWdJRGFtYmFVeHdF_0,CAoSF0NJSE0wb2dLRUlDQWdJRGFtYmFVeHdF,0,./data/centercity/images/CAoSF0NJSE0wb2dLRUlDQWdJRGFtYmFVeHdF_0.jpg,False
,deploy,CAoSF0NJSE0wb2dLRUlDQWdJRGFtYmFVeHdF_90,CAoSF0NJSE0wb2dLRUlDQWdJRGFtYmFVeHdF,90,./data/centercity/images/CAoSF0NJSE0wb2dLRUlDQWdJRGFtYmFVeHdF_90.jpg,False
,deploy,CAoSF0NJSE0wb2dLRUlDQWdJRGFtYmFVeHdF_180,CAoSF0NJSE0wb2dLRUlDQWdJRGFtYmFVeHdF,180,./data/centercity/images/CAoSF0NJSE0wb2dLRUlDQWdJRGFtYmFVeHdF_180.jpg,False
,deploy,CAoSF0NJSE0wb2dLRUlDQWdJRGFtYmFVeHdF_270,CAoSF0NJSE0wb2dLRUlDQWdJRGFtYmFVeHdF,270,./data/centercity/images/CAoSF0NJSE0wb2dLRUlDQWdJRGFtYmFVeHdF_270.jpg,False
,deploy,Z-EdIlnIOvaLB3eNiHKXbQ_0,Z-EdIlnIOvaLB3eNiHKXbQ,0,./data/centercity/images/Z-EdIlnIOvaLB3eNiHKXbQ_0.jpg,False
,deploy,Z-EdIlnIOvaLB3eNiHKXbQ_90,Z-EdIlnIOvaLB3eNiHKXbQ,90,./data/centercity/images/Z-EdIlnIOvaLB3eNiHKXbQ_90.jpg,False
,deploy,Z-EdIlnIOvaLB3eNiHKXbQ_180,Z-EdIlnIOvaLB3eNiHKXbQ,180,./data/centercity/images/Z-EdIlnIOvaLB3eNiHKXbQ_180.jpg,False
,deploy,Z-EdIlnIOvaLB3eNiHKXbQ_270,Z-EdIlnIOvaLB3eNiHKXbQ,270,./data/centercity/images/Z-EdIlnIOvaLB3eNiHKXbQ_270.jpg,False
,deploy,CAoSFkNJSE0wb2dLRUlDQWdJRGF5ZkRXRlE._0,CAoSFkNJSE0wb2dLRUlDQWdJRGF5ZkRXRlE.,0,./data/centercity/images/CAoSFkNJSE0wb2dLRUlDQWdJRGF5ZkRXRlE._0.jpg,False
,deploy,CAoSFkNJSE0wb2dLRUlDQWdJRGF5ZkRXRlE._90,CAoSFkNJSE0wb2dLRUlDQWdJRGF5ZkRXRlE.,90,./data/centercity/images/CAoSFkNJSE0wb2dLRUlDQWdJRGF5ZkRXRlE._90.jpg,False
,deploy,CAoSFkNJSE0wb2dLRUlDQWdJRGF5ZkRXRlE._180,CAoSFkNJSE0wb2dLRUlDQWdJRGF5ZkRXRlE.,180,./data/centercity/images/CAoSFkNJSE0wb2dLRUlDQWdJRGF5ZkRXRlE._180.jpg,False
,deploy,CAoSFkNJSE0wb2dLRUlDQWdJRGF5ZkRXRlE._270,CAoSFkNJSE0wb2dLRUlDQWdJRGF5ZkRXRlE.,270,./data/centercity/images/CAoSFkNJSE0wb2dLRUlDQWdJRGF5ZkRXRlE._270.jpg,False
,deploy,QVAsSZumUqR2uqHX_X-tdA_0,QVAsSZumUqR2uqHX_X-tdA,0,./data/centercity/images/QVAsSZumUqR2uqHX_X-tdA_0.jpg,False
,deploy,QVAsSZumUqR2uqHX_X-tdA_90,QVAsSZumUqR2uqHX_X-tdA,90,./data/centercity/images/QVAsSZumUqR2uqHX_X-tdA_90.jpg,False
,deploy,QVAsSZumUqR2uqHX_X-tdA_180,QVAsSZumUqR2uqHX_X-tdA,180,./data/centercity/images/QVAsSZumUqR2uqHX_X-tdA_180.jpg,False
,deploy,QVAsSZumUqR2uqHX_X-tdA_270,QVAsSZumUqR2uqHX_X-tdA,270,./data/centercity/images/QVAsSZumUqR2uqHX_X-tdA_270.jpg,False
,deploy,Oc3w9G-jSB7xkjpco5G7qw_0,Oc3w9G-jSB7xkjpco5G7qw,0,./data/centercity/images/Oc3w9G-jSB7xkjpco5G7qw_0.jpg,False
,deploy,Oc3w9G-jSB7xkjpco5G7qw_90,Oc3w9G-jSB7xkjpco5G7qw,90,./data/centercity/images/Oc3w9G-jSB7xkjpco5G7qw_90.jpg,False
,deploy,Oc3w9G-jSB7xkjpco5G7qw_180,Oc3w9G-jSB7xkjpco5G7qw,180,./data/centercity/images/Oc3w9G-jSB7xkjpco5G7qw_180.jpg,False
,deploy,Oc3w9G-jSB7xkjpco5G7qw_270,Oc3w9G-jSB7xkjpco5G7qw,270,./data/centercity/images/Oc3w9G-jSB7xkjpco5G7qw_270.jpg,False
,deploy,CAoSF0NJSE0wb2dLRUlDQWdJRGFtWmJiNlFF_0,CAoSF0NJSE0wb2dLRUlDQWdJRGFtWmJiNlFF,0,./data/centercity/images/CAoSF0NJSE0wb2dLRUlDQWdJRGFtWmJiNlFF_0.jpg,False
,deploy,CAoSF0NJSE0wb2dLRUlDQWdJRGFtWmJiNlFF_90,CAoSF0NJSE0wb2dLRUlDQWdJRGFtWmJiNlFF,90,./data/centercity/images/CAoSF0NJSE0wb2dLRUlDQWdJRGFtWmJiNlFF_90.jpg,False
,deploy,CAoSF0NJSE0wb2dLRUlDQWdJRGFtWmJiNlFF_180,CAoSF0NJSE0wb2dLRUlDQWdJRGFtWmJiNlFF,180,./data/centercity/images/CAoSF0NJSE0wb2dLRUlDQWdJRGFtWmJiNlFF_180.jpg,False
,deploy,CAoSF0NJSE0wb2dLRUlDQWdJRGFtWmJiNlFF_270,CAoSF0NJSE0wb2dLRUlDQWdJRGFtWmJiNlFF,270,./data/centercity/images/CAoSF0NJSE0wb2dLRUlDQWdJRGFtWmJiNlFF_270.jpg,False
,deploy,CAoSFkNJSE0wb2dLRUlDQWdJRGE2Ym45WHc._0,CAoSFkNJSE0wb2dLRUlDQWdJRGE2Ym45WHc.,0,./data/centercity/images/CAoSFkNJSE0wb2dLRUlDQWdJRGE2Ym45WHc._0.jpg,False
,deploy,CAoSFkNJSE0wb2dLRUlDQWdJRGE2Ym45WHc._90,CAoSFkNJSE0wb2dLRUlDQWdJRGE2Ym45WHc.,90,./data/centercity/images/CAoSFkNJSE0wb2dLRUlDQWdJRGE2Ym45WHc._90.jpg,False
,deploy,CAoSFkNJSE0wb2dLRUlDQWdJRGE2Ym45WHc._180,CAoSFkNJSE0wb2dLRUlDQWdJRGE2Ym45WHc.,180,./data/centercity/images/CAoSFkNJSE0wb2dLRUlDQWdJRGE2Ym45WHc._180.jpg,False
,deploy,CAoSFkNJSE0wb2dLRUlDQWdJRGE2Ym45WHc._270,CAoSFkNJSE0wb2dLRUlDQWdJRGE2Ym45WHc.,270,./data/centercity/images/CAoSFkNJSE0wb2dLRUlDQWdJRGE2Ym45WHc._270.jpg,False
,deploy,ibYSc7vOrSv0u9qCaNJW_A_0,ibYSc7vOrSv0u9qCaNJW_A,0,./data/centercity/images/ibYSc7vOrSv0u9qCaNJW_A_0.jpg,False
,deploy,ibYSc7vOrSv0u9qCaNJW_A_90,ibYSc7vOrSv0u9qCaNJW_A,90,./data/centercity/images/ibYSc7vOrSv0u9qCaNJW_A_90.jpg,False
,deploy,ibYSc7vOrSv0u9qCaNJW_A_180,ibYSc7vOrSv0u9qCaNJW_A,180,./data/centercity/images/ibYSc7vOrSv0u9qCaNJW_A_180.jpg,False
,deploy,ibYSc7vOrSv0u9qCaNJW_A_270,ibYSc7vOrSv0u9qCaNJW_A,270,./data/centercity/images/ibYSc7vOrSv0u9qCaNJW_A_270.jpg,False
,deploy,CAoSF0NJSE0wb2dLRUlDQWdJRGF1Y2l1MkFF_0,CAoSF0NJSE0wb2dLRUlDQWdJRGF1Y2l1MkFF,0,./data/centercity/images/CAoSF0NJSE0wb2dLRUlDQWdJRGF1Y2l1MkFF_0.jpg,False
,deploy,CAoSF0NJSE0wb2dLRUlDQWdJRGF1Y2l1MkFF_90,CAoSF0NJSE0wb2dLRUlDQWdJRGF1Y2l1MkFF,90,./data/centercity/images/CAoSF0NJSE0wb2dLRUlDQWdJRGF1Y2l1MkFF_90.jpg,False
,deploy,CAoSF0NJSE0wb2dLRUlDQWdJRGF1Y2l1MkFF_180,CAoSF0NJSE0wb2dLRUlDQWdJRGF1Y2l1MkFF,180,./data/centercity/images/CAoSF0NJSE0wb2dLRUlDQWdJRGF1Y2l1MkFF_180.jpg,False
,deploy,CAoSF0NJSE0wb2dLRUlDQWdJRGF1Y2l1MkFF_270,CAoSF0NJSE0wb2dLRUlDQWdJRGF1Y2l1MkFF,270,./data/centercity/images/CAoSF0NJSE0wb2dLRUlDQWdJRGF1Y2l1MkFF_270.jpg,False
,deploy,CAoSFkNJSE0wb2dLRUlDQWdJRGFxYm1PZHc._0,CAoSFkNJSE0wb2dLRUlDQWdJRGFxYm1PZHc.,0,./data/centercity/images/CAoSFkNJSE0wb2dLRUlDQWdJRGFxYm1PZHc._0.jpg,False
,deploy,CAoSFkNJSE0wb2dLRUlDQWdJRGFxYm1PZHc._90,CAoSFkNJSE0wb2dLRUlDQWdJRGFxYm1PZHc.,90,./data/centercity/images/CAoSFkNJSE0wb2dLRUlDQWdJRGFxYm1PZHc._90.jpg,False
,deploy,CAoSFkNJSE0wb2dLRUlDQWdJRGFxYm1PZHc._180,CAoSFkNJSE0wb2dLRUlDQWdJRGFxYm1PZHc.,180,./data/centercity/images/CAoSFkNJSE0wb2dLRUlDQWdJRGFxYm1PZHc._180.jpg,False
,deploy,CAoSFkNJSE0wb2dLRUlDQWdJRGFxYm1PZHc._270,CAoSFkNJSE0wb2dLRUlDQWdJRGFxYm1PZHc.,270,./data/centercity/images/CAoSFkNJSE0wb2dLRUlDQWdJRGFxYm1PZHc._270.jpg,False
,deploy,MUt-cJmJQ0ldf0q2Oa4atw_0,MUt-cJmJQ0ldf0q2Oa4atw,0,./data/centercity/images/MUt-cJmJQ0ldf0q2Oa4atw_0.jpg,False
,deploy,MUt-cJmJQ0ldf0q2Oa4atw_90,MUt-cJmJQ0ldf0q2Oa4atw,90,./data/centercity/images/MUt-cJmJQ0ldf0q2Oa4atw_90.jpg,False
,deploy,MUt-cJmJQ0ldf0q2Oa4atw_180,MUt-cJmJQ0ldf0q2Oa4atw,180,./data/centercity/images/MUt-cJmJQ0ldf0q2Oa4atw_180.jpg,False
,deploy,MUt-cJmJQ0ldf0q2Oa4atw_270,MUt-cJmJQ0ldf0q2Oa4atw,270,./data/centercity/images/MUt-cJmJQ0ldf0q2Oa4atw_270.jpg,False
,deploy,lSVkzvY_2vr5SmXAvt0VVQ_0,lSVkzvY_2vr5SmXAvt0VVQ,0,./data/centercity/images/lSVkzvY_2vr5SmXAvt0VVQ_0.jpg,False
,deploy,lSVkzvY_2vr5SmXAvt0VVQ_90,lSVkzvY_2vr5SmXAvt0VVQ,90,./data/centercity/images/lSVkzvY_2vr5SmXAvt0VVQ_90.jpg,False
,deploy,lSVkzvY_2vr5SmXAvt0VVQ_180,lSVkzvY_2vr5SmXAvt0VVQ,180,./data/centercity/images/lSVkzvY_2vr5SmXAvt0VVQ_180.jpg,False
,deploy,lSVkzvY_2vr5SmXAvt0VVQ_270,lSVkzvY_2vr5SmXAvt0VVQ,270,./data/centercity/images/lSVkzvY_2vr5SmXAvt0VVQ_270.jpg,False
,deploy,khrnpEshdGtBMiLt3XjkvA_0,khrnpEshdGtBMiLt3XjkvA,0,./data/centercity/images/khrnpEshdGtBMiLt3XjkvA_0.jpg,False
,deploy,khrnpEshdGtBMiLt3XjkvA_90,khrnpEshdGtBMiLt3XjkvA,90,./data/centercity/images/khrnpEshdGtBMiLt3XjkvA_90.jpg,False
,deploy,khrnpEshdGtBMiLt3XjkvA_180,khrnpEshdGtBMiLt3XjkvA,180,./data/centercity/images/khrnpEshdGtBMiLt3XjkvA_180.jpg,False
,deploy,khrnpEshdGtBMiLt3XjkvA_270,khrnpEshdGtBMiLt3XjkvA,270,./data/centercity/images/khrnpEshdGtBMiLt3XjkvA_270.jpg,False
,deploy,CAoSF0NJSE0wb2dLRUlDQWdJRGE2YUtqNUFF_0,CAoSF0NJSE0wb2dLRUlDQWdJRGE2YUtqNUFF,0,./data/centercity/images/CAoSF0NJSE0wb2dLRUlDQWdJRGE2YUtqNUFF_0.jpg,False
,deploy,CAoSF0NJSE0wb2dLRUlDQWdJRGE2YUtqNUFF_90,CAoSF0NJSE0wb2dLRUlDQWdJRGE2YUtqNUFF,90,./data/centercity/images/CAoSF0NJSE0wb2dLRUlDQWdJRGE2YUtqNUFF_90.jpg,False
,deploy,CAoSF0NJSE0wb2dLRUlDQWdJRGE2YUtqNUFF_180,CAoSF0NJSE0wb2dLRUlDQWdJRGE2YUtqNUFF,180,./data/centercity/images/CAoSF0NJSE0wb2dLRUlDQWdJRGE2YUtqNUFF_180.jpg,False
,deploy,CAoSF0NJSE0wb2dLRUlDQWdJRGE2YUtqNUFF_270,CAoSF0NJSE0wb2dLRUlDQWdJRGE2YUtqNUFF,270,./data/centercity/images/CAoSF0NJSE0wb2dLRUlDQWdJRGE2YUtqNUFF_270.jpg,False
,deploy,CAoSF0NJSE0wb2dLRUlDQWdJRGE2ZXpaeHdF_0,CAoSF0NJSE0wb2dLRUlDQWdJRGE2ZXpaeHdF,0,./data/centercity/images/CAoSF0NJSE0wb2dLRUlDQWdJRGE2ZXpaeHdF_0.jpg,False
,deploy,CAoSF0NJSE0wb2dLRUlDQWdJRGE2ZXpaeHdF_90,CAoSF0NJSE0wb2dLRUlDQWdJRGE2ZXpaeHdF,90,./data/centercity/images/CAoSF0NJSE0wb2dLRUlDQWdJRGE2ZXpaeHdF_90.jpg,False
,deploy,CAoSF0NJSE0wb2dLRUlDQWdJRGE2ZXpaeHdF_180,CAoSF0NJSE0wb2dLRUlDQWdJRGE2ZXpaeHdF,180,./data/centercity/images/CAoSF0NJSE0wb2dLRUlDQWdJRGE2ZXpaeHdF_180.jpg,False
,deploy,CAoSF0NJSE0wb2dLRUlDQWdJRGE2ZXpaeHdF_270,CAoSF0NJSE0wb2dLRUlDQWdJRGE2ZXpaeHdF,270,./data/centercity/images/CAoSF0NJSE0wb2dLRUlDQWdJRGE2ZXpaeHdF_270.jpg,False
,deploy,5JKAdiYQYOpDtBkjfeZrqQ_0,5JKAdiYQYOpDtBkjfeZrqQ,0,./data/centercity/images/5JKAdiYQYOpDtBkjfeZrqQ_0.jpg,False
,deploy,5JKAdiYQYOpDtBkjfeZrqQ_90,5JKAdiYQYOpDtBkjfeZrqQ,90,./data/centercity/images/5JKAdiYQYOpDtBkjfeZrqQ_90.jpg,False
,deploy,5JKAdiYQYOpDtBkjfeZrqQ_180,5JKAdiYQYOpDtBkjfeZrqQ,180,./data/centercity/images/5JKAdiYQYOpDtBkjfeZrqQ_180.jpg,False
,deploy,5JKAdiYQYOpDtBkjfeZrqQ_270,5JKAdiYQYOpDtBkjfeZrqQ,270,./data/centercity/images/5JKAdiYQYOpDtBkjfeZrqQ_270.jpg,False
,deploy,CAoSFkNJSE0wb2dLRUlDQWdJRGFzWVBMWXc._0,CAoSFkNJSE0wb2dLRUlDQWdJRGFzWVBMWXc.,0,./data/centercity/images/CAoSFkNJSE0wb2dLRUlDQWdJRGFzWVBMWXc._0.jpg,False
,deploy,CAoSFkNJSE0wb2dLRUlDQWdJRGFzWVBMWXc._90,CAoSFkNJSE0wb2dLRUlDQWdJRGFzWVBMWXc.,90,./data/centercity/images/CAoSFkNJSE0wb2dLRUlDQWdJRGFzWVBMWXc._90.jpg,False
,deploy,CAoSFkNJSE0wb2dLRUlDQWdJRGFzWVBMWXc._180,CAoSFkNJSE0wb2dLRUlDQWdJRGFzWVBMWXc.,180,./data/centercity/images/CAoSFkNJSE0wb2dLRUlDQWdJRGFzWVBMWXc._180.jpg,False
,deploy,CAoSFkNJSE0wb2dLRUlDQWdJRGFzWVBMWXc._270,CAoSFkNJSE0wb2dLRUlDQWdJRGFzWVBMWXc.,270,./data/centercity/images/CAoSFkNJSE0wb2dLRUlDQWdJRGFzWVBMWXc._270.jpg,False
,deploy,CAoSFkNJSE0wb2dLRUlDQWdJRGF5ZUtaTkE._0,CAoSFkNJSE0wb2dLRUlDQWdJRGF5ZUtaTkE.,0,./data/centercity/images/CAoSFkNJSE0wb2dLRUlDQWdJRGF5ZUtaTkE._0.jpg,False
,deploy,CAoSFkNJSE0wb2dLRUlDQWdJRGF5ZUtaTkE._90,CAoSFkNJSE0wb2dLRUlDQWdJRGF5ZUtaTkE.,90,./data/centercity/images/CAoSFkNJSE0wb2dLRUlDQWdJRGF5ZUtaTkE._90.jpg,False
,deploy,CAoSFkNJSE0wb2dLRUlDQWdJRGF5ZUtaTkE._180,CAoSFkNJSE0wb2dLRUlDQWdJRGF5ZUtaTkE.,180,./data/centercity/images/CAoSFkNJSE0wb2dLRUlDQWdJRGF5ZUtaTkE._180.jpg,False
,deploy,CAoSFkNJSE0wb2dLRUlDQWdJRGF5ZUtaTkE._270,CAoSFkNJSE0wb2dLRUlDQWdJRGF5ZUtaTkE.,270,./data/centercity/images/CAoSFkNJSE0wb2dLRUlDQWdJRGF5ZUtaTkE._270.jpg,False
,deploy,CAoSF0NJSE0wb2dLRUlDQWdJQzJ4LV9scmdF_0,CAoSF0NJSE0wb2dLRUlDQWdJQzJ4LV9scmdF,0,./data/centercity/images/CAoSF0NJSE0wb2dLRUlDQWdJQzJ4LV9scmdF_0.jpg,False
,deploy,CAoSF0NJSE0wb2dLRUlDQWdJQzJ4LV9scmdF_90,CAoSF0NJSE0wb2dLRUlDQWdJQzJ4LV9scmdF,90,./data/centercity/images/CAoSF0NJSE0wb2dLRUlDQWdJQzJ4LV9scmdF_90.jpg,False
,deploy,CAoSF0NJSE0wb2dLRUlDQWdJQzJ4LV9scmdF_180,CAoSF0NJSE0wb2dLRUlDQWdJQzJ4LV9scmdF,180,./data/centercity/images/CAoSF0NJSE0wb2dLRUlDQWdJQzJ4LV9scmdF_180.jpg,False
,deploy,CAoSF0NJSE0wb2dLRUlDQWdJQzJ4LV9scmdF_270,CAoSF0NJSE0wb2dLRUlDQWdJQzJ4LV9scmdF,270,./data/centercity/images/CAoSF0NJSE0wb2dLRUlDQWdJQzJ4LV9scmdF_270.jpg,False
,deploy,0lo7EKEb48nBr-WBTE21VA_0,0lo7EKEb48nBr-WBTE21VA,0,./data/centercity/images/0lo7EKEb48nBr-WBTE21VA_0.jpg,False
,deploy,0lo7EKEb48nBr-WBTE21VA_90,0lo7EKEb48nBr-WBTE21VA,90,./data/centercity/images/0lo7EKEb48nBr-WBTE21VA_90.jpg,False
,deploy,0lo7EKEb48nBr-WBTE21VA_180,0lo7EKEb48nBr-WBTE21VA,180,./data/centercity/images/0lo7EKEb48nBr-WBTE21VA_180.jpg,False
,deploy,0lo7EKEb48nBr-WBTE21VA_270,0lo7EKEb48nBr-WBTE21VA,270,./data/centercity/images/0lo7EKEb48nBr-WBTE21VA_270.jpg,False
,deploy,5A8NVmeHEyeWi7VBwkBZ2Q_0,5A8NVmeHEyeWi7VBwkBZ2Q,0,./data/centercity/images/5A8NVmeHEyeWi7VBwkBZ2Q_0.jpg,False
,deploy,5A8NVmeHEyeWi7VBwkBZ2Q_90,5A8NVmeHEyeWi7VBwkBZ2Q,90,./data/centercity/images/5A8NVmeHEyeWi7VBwkBZ2Q_90.jpg,False
,deploy,5A8NVmeHEyeWi7VBwkBZ2Q_180,5A8NVmeHEyeWi7VBwkBZ2Q,180,./data/centercity/images/5A8NVmeHEyeWi7VBwkBZ2Q_180.jpg,False
,deploy,5A8NVmeHEyeWi7VBwkBZ2Q_270,5A8NVmeHEyeWi7VBwkBZ2Q,270,./data/centercity/images/5A8NVmeHEyeWi7VBwkBZ2Q_270.jpg,False
,deploy,CAoSF0NJSE0wb2dLRUlDQWdJRGFtYUNrcndF_0,CAoSF0NJSE0wb2dLRUlDQWdJRGFtYUNrcndF,0,./data/centercity/images/CAoSF0NJSE0wb2dLRUlDQWdJRGFtYUNrcndF_0.jpg,False
,deploy,CAoSF0NJSE0wb2dLRUlDQWdJRGFtYUNrcndF_90,CAoSF0NJSE0wb2dLRUlDQWdJRGFtYUNrcndF,90,./data/centercity/images/CAoSF0NJSE0wb2dLRUlDQWdJRGFtYUNrcndF_90.jpg,False
,deploy,CAoSF0NJSE0wb2dLRUlDQWdJRGFtYUNrcndF_180,CAoSF0NJSE0wb2dLRUlDQWdJRGFtYUNrcndF,180,./data/centercity/images/CAoSF0NJSE0wb2dLRUlDQWdJRGFtYUNrcndF_180.jpg,False
,deploy,CAoSF0NJSE0wb2dLRUlDQWdJRGFtYUNrcndF_270,CAoSF0NJSE0wb2dLRUlDQWdJRGFtYUNrcndF,270,./data/centercity/images/CAoSF0NJSE0wb2dLRUlDQWdJRGFtYUNrcndF_270.jpg,False
,deploy,CAoSFkNJSE0wb2dLRUlDQWdJRGFpWkx5R3c._0,CAoSFkNJSE0wb2dLRUlDQWdJRGFpWkx5R3c.,0,./data/centercity/images/CAoSFkNJSE0wb2dLRUlDQWdJRGFpWkx5R3c._0.jpg,False
,deploy,CAoSFkNJSE0wb2dLRUlDQWdJRGFpWkx5R3c._90,CAoSFkNJSE0wb2dLRUlDQWdJRGFpWkx5R3c.,90,./data/centercity/images/CAoSFkNJSE0wb2dLRUlDQWdJRGFpWkx5R3c._90.jpg,False
,deploy,CAoSFkNJSE0wb2dLRUlDQWdJRGFpWkx5R3c._180,CAoSFkNJSE0wb2dLRUlDQWdJRGFpWkx5R3c.,180,./data/centercity/images/CAoSFkNJSE0wb2dLRUlDQWdJRGFpWkx5R3c._180.jpg,False
,deploy,CAoSFkNJSE0wb2dLRUlDQWdJRGFpWkx5R3c._270,CAoSFkNJSE0wb2dLRUlDQWdJRGFpWkx5R3c.,270,./data/centercity/images/CAoSFkNJSE0wb2dLRUlDQWdJRGFpWkx5R3c._270.jpg,False
,deploy,CAoSF0NJSE0wb2dLRUlDQWdJRGE2WURZNWdF_0,CAoSF0NJSE0wb2dLRUlDQWdJRGE2WURZNWdF,0,./data/centercity/images/CAoSF0NJSE0wb2dLRUlDQWdJRGE2WURZNWdF_0.jpg,False
,deploy,CAoSF0NJSE0wb2dLRUlDQWdJRGE2WURZNWdF_90,CAoSF0NJSE0wb2dLRUlDQWdJRGE2WURZNWdF,90,./data/centercity/images/CAoSF0NJSE0wb2dLRUlDQWdJRGE2WURZNWdF_90.jpg,False
,deploy,CAoSF0NJSE0wb2dLRUlDQWdJRGE2WURZNWdF_180,CAoSF0NJSE0wb2dLRUlDQWdJRGE2WURZNWdF,180,./data/centercity/images/CAoSF0NJSE0wb2dLRUlDQWdJRGE2WURZNWdF_180.jpg,False
,deploy,CAoSF0NJSE0wb2dLRUlDQWdJRGE2WURZNWdF_270,CAoSF0NJSE0wb2dLRUlDQWdJRGE2WURZNWdF,270,./data/centercity/images/CAoSF0NJSE0wb2dLRUlDQWdJRGE2WURZNWdF_270.jpg,False
,deploy,ELoVb9NQScA_e8SK4M870Q_0,ELoVb9NQScA_e8SK4M870Q,0,./data/centercity/images/ELoVb9NQScA_e8SK4M870Q_0.jpg,False
,deploy,ELoVb9NQScA_e8SK4M870Q_90,ELoVb9NQScA_e8SK4M870Q,90,./data/centercity/images/ELoVb9NQScA_e8SK4M870Q_90.jpg,False
,deploy,ELoVb9NQScA_e8SK4M870Q_180,ELoVb9NQScA_e8SK4M870Q,180,./data/centercity/images/ELoVb9NQScA_e8SK4M870Q_180.jpg,False
,deploy,ELoVb9NQScA_e8SK4M870Q_270,ELoVb9NQScA_e8SK4M870Q,270,./data/centercity/images/ELoVb9NQScA_e8SK4M870Q_270.jpg,False
,deploy,jwNv7tN9VYwkCunT-rIbDA_0,jwNv7tN9VYwkCunT-rIbDA,0,./data/centercity/images/jwNv7tN9VYwkCunT-rIbDA_0.jpg,False
,deploy,jwNv7tN9VYwkCunT-rIbDA_90,jwNv7tN9VYwkCunT-rIbDA,90,./data/centercity/images/jwNv7tN9VYwkCunT-rIbDA_90.jpg,False
,deploy,jwNv7tN9VYwkCunT-rIbDA_180,jwNv7tN9VYwkCunT-rIbDA,180,./data/centercity/images/jwNv7tN9VYwkCunT-rIbDA_180.jpg,False
,deploy,jwNv7tN9VYwkCunT-rIbDA_270,jwNv7tN9VYwkCunT-rIbDA,270,./data/centercity/images/jwNv7tN9VYwkCunT-rIbDA_270.jpg,False
,deploy,CAoSHENJQUJJaEF6ejQ1Y3VGYWpPWjVxUjN0T190M2s._0,CAoSHENJQUJJaEF6ejQ1Y3VGYWpPWjVxUjN0T190M2s.,0,./data/centercity/images/CAoSHENJQUJJaEF6ejQ1Y3VGYWpPWjVxUjN0T190M2s._0.jpg,False
,deploy,CAoSHENJQUJJaEF6ejQ1Y3VGYWpPWjVxUjN0T190M2s._90,CAoSHENJQUJJaEF6ejQ1Y3VGYWpPWjVxUjN0T190M2s.,90,./data/centercity/images/CAoSHENJQUJJaEF6ejQ1Y3VGYWpPWjVxUjN0T190M2s._90.jpg,False
,deploy,CAoSHENJQUJJaEF6ejQ1Y3VGYWpPWjVxUjN0T190M2s._180,CAoSHENJQUJJaEF6ejQ1Y3VGYWpPWjVxUjN0T190M2s.,180,./data/centercity/images/CAoSHENJQUJJaEF6ejQ1Y3VGYWpPWjVxUjN0T190M2s._180.jpg,False
,deploy,CAoSHENJQUJJaEF6ejQ1Y3VGYWpPWjVxUjN0T190M2s._270,CAoSHENJQUJJaEF6ejQ1Y3VGYWpPWjVxUjN0T190M2s.,270,./data/centercity/images/CAoSHENJQUJJaEF6ejQ1Y3VGYWpPWjVxUjN0T190M2s._270.jpg,False
,deploy,CAoSF0NJSE0wb2dLRUlDQWdJRGEyYnZpdmdF_0,CAoSF0NJSE0wb2dLRUlDQWdJRGEyYnZpdmdF,0,./data/centercity/images/CAoSF0NJSE0wb2dLRUlDQWdJRGEyYnZpdmdF_0.jpg,False
,deploy,CAoSF0NJSE0wb2dLRUlDQWdJRGEyYnZpdmdF_90,CAoSF0NJSE0wb2dLRUlDQWdJRGEyYnZpdmdF,90,./data/centercity/images/CAoSF0NJSE0wb2dLRUlDQWdJRGEyYnZpdmdF_90.jpg,False
,deploy,CAoSF0NJSE0wb2dLRUlDQWdJRGEyYnZpdmdF_180,CAoSF0NJSE0wb2dLRUlDQWdJRGEyYnZpdmdF,180,./data/centercity/images/CAoSF0NJSE0wb2dLRUlDQWdJRGEyYnZpdmdF_180.jpg,False
,deploy,CAoSF0NJSE0wb2dLRUlDQWdJRGEyYnZpdmdF_270,CAoSF0NJSE0wb2dLRUlDQWdJRGEyYnZpdmdF,270,./data/centercity/images/CAoSF0NJSE0wb2dLRUlDQWdJRGEyYnZpdmdF_270.jpg,False
,deploy,L0WvQ5Yxm6yp0vwllS_0sg_0,L0WvQ5Yxm6yp0vwllS_0sg,0,./data/centercity/images/L0WvQ5Yxm6yp0vwllS_0sg_0.jpg,False
,deploy,L0WvQ5Yxm6yp0vwllS_0sg_90,L0WvQ5Yxm6yp0vwllS_0sg,90,./data/centercity/images/L0WvQ5Yxm6yp0vwllS_0sg_90.jpg,False
,deploy,L0WvQ5Yxm6yp0vwllS_0sg_180,L0WvQ5Yxm6yp0vwllS_0sg,180,./data/centercity/images/L0WvQ5Yxm6yp0vwllS_0sg_180.jpg,False
,deploy,L0WvQ5Yxm6yp0vwllS_0sg_270,L0WvQ5Yxm6yp0vwllS_0sg,270,./data/centercity/images/L0WvQ5Yxm6yp0vwllS_0sg_270.jpg,False
,deploy,GXCB3c9FmQMEZ9fIFmnfsQ_0,GXCB3c9FmQMEZ9fIFmnfsQ,0,./data/centercity/images/GXCB3c9FmQMEZ9fIFmnfsQ_0.jpg,False
,deploy,GXCB3c9FmQMEZ9fIFmnfsQ_90,GXCB3c9FmQMEZ9fIFmnfsQ,90,./data/centercity/images/GXCB3c9FmQMEZ9fIFmnfsQ_90.jpg,False
,deploy,GXCB3c9FmQMEZ9fIFmnfsQ_180,GXCB3c9FmQMEZ9fIFmnfsQ,180,./data/centercity/images/GXCB3c9FmQMEZ9fIFmnfsQ_180.jpg,False
,deploy,GXCB3c9FmQMEZ9fIFmnfsQ_270,GXCB3c9FmQMEZ9fIFmnfsQ,270,./data/centercity/images/GXCB3c9FmQMEZ9fIFmnfsQ_270.jpg,False
,deploy,0kU_TXKrQtYRq7tS3oeNpQ_0,0kU_TXKrQtYRq7tS3oeNpQ,0,./data/centercity/images/0kU_TXKrQtYRq7tS3oeNpQ_0.jpg,False
,deploy,0kU_TXKrQtYRq7tS3oeNpQ_90,0kU_TXKrQtYRq7tS3oeNpQ,90,./data/centercity/images/0kU_TXKrQtYRq7tS3oeNpQ_90.jpg,False
,deploy,0kU_TXKrQtYRq7tS3oeNpQ_180,0kU_TXKrQtYRq7tS3oeNpQ,180,./data/centercity/images/0kU_TXKrQtYRq7tS3oeNpQ_180.jpg,False
,deploy,0kU_TXKrQtYRq7tS3oeNpQ_270,0kU_TXKrQtYRq7tS3oeNpQ,270,./data/centercity/images/0kU_TXKrQtYRq7tS3oeNpQ_270.jpg,False
,deploy,GwFwGTajD-geXSzkZ5zP9g_0,GwFwGTajD-geXSzkZ5zP9g,0,./data/centercity/images/GwFwGTajD-geXSzkZ5zP9g_0.jpg,False
,deploy,GwFwGTajD-geXSzkZ5zP9g_90,GwFwGTajD-geXSzkZ5zP9g,90,./data/centercity/images/GwFwGTajD-geXSzkZ5zP9g_90.jpg,False
,deploy,GwFwGTajD-geXSzkZ5zP9g_180,GwFwGTajD-geXSzkZ5zP9g,180,./data/centercity/images/GwFwGTajD-geXSzkZ5zP9g_180.jpg,False
,deploy,GwFwGTajD-geXSzkZ5zP9g_270,GwFwGTajD-geXSzkZ5zP9g,270,./data/centercity/images/GwFwGTajD-geXSzkZ5zP9g_270.jpg,False
,deploy,6oB8FcBvfg7CqsM_azJJEw_0,6oB8FcBvfg7CqsM_azJJEw,0,./data/centercity/images/6oB8FcBvfg7CqsM_azJJEw_0.jpg,False
,deploy,6oB8FcBvfg7CqsM_azJJEw_90,6oB8FcBvfg7CqsM_azJJEw,90,./data/centercity/images/6oB8FcBvfg7CqsM_azJJEw_90.jpg,False
,deploy,6oB8FcBvfg7CqsM_azJJEw_180,6oB8FcBvfg7CqsM_azJJEw,180,./data/centercity/images/6oB8FcBvfg7CqsM_azJJEw_180.jpg,False
,deploy,6oB8FcBvfg7CqsM_azJJEw_270,6oB8FcBvfg7CqsM_azJJEw,270,./data/centercity/images/6oB8FcBvfg7CqsM_azJJEw_270.jpg,False
,deploy,CAoSFkNJSE0wb2dLRUlDQWdJRHFfYVA3R1E._0,CAoSFkNJSE0wb2dLRUlDQWdJRHFfYVA3R1E.,0,./data/centercity/images/CAoSFkNJSE0wb2dLRUlDQWdJRHFfYVA3R1E._0.jpg,False
,deploy,CAoSFkNJSE0wb2dLRUlDQWdJRHFfYVA3R1E._90,CAoSFkNJSE0wb2dLRUlDQWdJRHFfYVA3R1E.,90,./data/centercity/images/CAoSFkNJSE0wb2dLRUlDQWdJRHFfYVA3R1E._90.jpg,False
,deploy,CAoSFkNJSE0wb2dLRUlDQWdJRHFfYVA3R1E._180,CAoSFkNJSE0wb2dLRUlDQWdJRHFfYVA3R1E.,180,./data/centercity/images/CAoSFkNJSE0wb2dLRUlDQWdJRHFfYVA3R1E._180.jpg,False
,deploy,CAoSFkNJSE0wb2dLRUlDQWdJRHFfYVA3R1E._270,CAoSFkNJSE0wb2dLRUlDQWdJRHFfYVA3R1E.,270,./data/centercity/images/CAoSFkNJSE0wb2dLRUlDQWdJRHFfYVA3R1E._270.jpg,False
,deploy,bCip4VrfSmvl59aAxao5gA_0,bCip4VrfSmvl59aAxao5gA,0,./data/centercity/images/bCip4VrfSmvl59aAxao5gA_0.jpg,False
,deploy,bCip4VrfSmvl59aAxao5gA_90,bCip4VrfSmvl59aAxao5gA,90,./data/centercity/images/bCip4VrfSmvl59aAxao5gA_90.jpg,False
,deploy,bCip4VrfSmvl59aAxao5gA_180,bCip4VrfSmvl59aAxao5gA,180,./data/centercity/images/bCip4VrfSmvl59aAxao5gA_180.jpg,False
,deploy,bCip4VrfSmvl59aAxao5gA_270,bCip4VrfSmvl59aAxao5gA,270,./data/centercity/images/bCip4VrfSmvl59aAxao5gA_270.jpg,False
,deploy,uECbJb4M1Y7_DRKPMyX3KQ_0,uECbJb4M1Y7_DRKPMyX3KQ,0,./data/centercity/images/uECbJb4M1Y7_DRKPMyX3KQ_0.jpg,False
,deploy,uECbJb4M1Y7_DRKPMyX3KQ_90,uECbJb4M1Y7_DRKPMyX3KQ,90,./data/centercity/images/uECbJb4M1Y7_DRKPMyX3KQ_90.jpg,False
,deploy,uECbJb4M1Y7_DRKPMyX3KQ_180,uECbJb4M1Y7_DRKPMyX3KQ,180,./data/centercity/images/uECbJb4M1Y7_DRKPMyX3KQ_180.jpg,False
,deploy,uECbJb4M1Y7_DRKPMyX3KQ_270,uECbJb4M1Y7_DRKPMyX3KQ,270,./data/centercity/images/uECbJb4M1Y7_DRKPMyX3KQ_270.jpg,False
,deploy,CAoSF0NJSE0wb2dLRUlDQWdJRGEyWWlTX2dF_0,CAoSF0NJSE0wb2dLRUlDQWdJRGEyWWlTX2dF,0,./data/centercity/images/CAoSF0NJSE0wb2dLRUlDQWdJRGEyWWlTX2dF_0.jpg,False
,deploy,CAoSF0NJSE0wb2dLRUlDQWdJRGEyWWlTX2dF_90,CAoSF0NJSE0wb2dLRUlDQWdJRGEyWWlTX2dF,90,./data/centercity/images/CAoSF0NJSE0wb2dLRUlDQWdJRGEyWWlTX2dF_90.jpg,False
,deploy,CAoSF0NJSE0wb2dLRUlDQWdJRGEyWWlTX2dF_180,CAoSF0NJSE0wb2dLRUlDQWdJRGEyWWlTX2dF,180,./data/centercity/images/CAoSF0NJSE0wb2dLRUlDQWdJRGEyWWlTX2dF_180.jpg,False
,deploy,CAoSF0NJSE0wb2dLRUlDQWdJRGEyWWlTX2dF_270,CAoSF0NJSE0wb2dLRUlDQWdJRGEyWWlTX2dF,270,./data/centercity/images/CAoSF0NJSE0wb2dLRUlDQWdJRGEyWWlTX2dF_270.jpg,False
,deploy,CAoSFkNJSE0wb2dLRUlDQWdJRGF1WkR2QkE._0,CAoSFkNJSE0wb2dLRUlDQWdJRGF1WkR2QkE.,0,./data/centercity/images/CAoSFkNJSE0wb2dLRUlDQWdJRGF1WkR2QkE._0.jpg,False
,deploy,CAoSFkNJSE0wb2dLRUlDQWdJRGF1WkR2QkE._90,CAoSFkNJSE0wb2dLRUlDQWdJRGF1WkR2QkE.,90,./data/centercity/images/CAoSFkNJSE0wb2dLRUlDQWdJRGF1WkR2QkE._90.jpg,False
,deploy,CAoSFkNJSE0wb2dLRUlDQWdJRGF1WkR2QkE._180,CAoSFkNJSE0wb2dLRUlDQWdJRGF1WkR2QkE.,180,./data/centercity/images/CAoSFkNJSE0wb2dLRUlDQWdJRGF1WkR2QkE._180.jpg,False
,deploy,CAoSFkNJSE0wb2dLRUlDQWdJRGF1WkR2QkE._270,CAoSFkNJSE0wb2dLRUlDQWdJRGF1WkR2QkE.,270,./data/centercity/images/CAoSFkNJSE0wb2dLRUlDQWdJRGF1WkR2QkE._270.jpg,False
,deploy,CAoSHENJQUJJaEFHYnphcWlpTFlwMmZfNjQwQUFsLVk._0,CAoSHENJQUJJaEFHYnphcWlpTFlwMmZfNjQwQUFsLVk.,0,./data/centercity/images/CAoSHENJQUJJaEFHYnphcWlpTFlwMmZfNjQwQUFsLVk._0.jpg,False
,deploy,CAoSHENJQUJJaEFHYnphcWlpTFlwMmZfNjQwQUFsLVk._90,CAoSHENJQUJJaEFHYnphcWlpTFlwMmZfNjQwQUFsLVk.,90,./data/centercity/images/CAoSHENJQUJJaEFHYnphcWlpTFlwMmZfNjQwQUFsLVk._90.jpg,False
,deploy,CAoSHENJQUJJaEFHYnphcWlpTFlwMmZfNjQwQUFsLVk._180,CAoSHENJQUJJaEFHYnphcWlpTFlwMmZfNjQwQUFsLVk.,180,./data/centercity/images/CAoSHENJQUJJaEFHYnphcWlpTFlwMmZfNjQwQUFsLVk._180.jpg,False
,deploy,CAoSHENJQUJJaEFHYnphcWlpTFlwMmZfNjQwQUFsLVk._270,CAoSHENJQUJJaEFHYnphcWlpTFlwMmZfNjQwQUFsLVk.,270,./data/centercity/images/CAoSHENJQUJJaEFHYnphcWlpTFlwMmZfNjQwQUFsLVk._270.jpg,False
,deploy,CAoSFkNJSE0wb2dLRUlDQWdJRGEyWmlsQ0E._0,CAoSFkNJSE0wb2dLRUlDQWdJRGEyWmlsQ0E.,0,./data/centercity/images/CAoSFkNJSE0wb2dLRUlDQWdJRGEyWmlsQ0E._0.jpg,False
,deploy,CAoSFkNJSE0wb2dLRUlDQWdJRGEyWmlsQ0E._90,CAoSFkNJSE0wb2dLRUlDQWdJRGEyWmlsQ0E.,90,./data/centercity/images/CAoSFkNJSE0wb2dLRUlDQWdJRGEyWmlsQ0E._90.jpg,False
,deploy,CAoSFkNJSE0wb2dLRUlDQWdJRGEyWmlsQ0E._180,CAoSFkNJSE0wb2dLRUlDQWdJRGEyWmlsQ0E.,180,./data/centercity/images/CAoSFkNJSE0wb2dLRUlDQWdJRGEyWmlsQ0E._180.jpg,False
,deploy,CAoSFkNJSE0wb2dLRUlDQWdJRGEyWmlsQ0E._270,CAoSFkNJSE0wb2dLRUlDQWdJRGEyWmlsQ0E.,270,./data/centercity/images/CAoSFkNJSE0wb2dLRUlDQWdJRGEyWmlsQ0E._270.jpg,False
,deploy,5wcVIPyus-7fNIwL1U2u4A_0,5wcVIPyus-7fNIwL1U2u4A,0,./data/centercity/images/5wcVIPyus-7fNIwL1U2u4A_0.jpg,False
,deploy,5wcVIPyus-7fNIwL1U2u4A_90,5wcVIPyus-7fNIwL1U2u4A,90,./data/centercity/images/5wcVIPyus-7fNIwL1U2u4A_90.jpg,False
,deploy,5wcVIPyus-7fNIwL1U2u4A_180,5wcVIPyus-7fNIwL1U2u4A,180,./data/centercity/images/5wcVIPyus-7fNIwL1U2u4A_180.jpg,False
,deploy,5wcVIPyus-7fNIwL1U2u4A_270,5wcVIPyus-7fNIwL1U2u4A,270,./data/centercity/images/5wcVIPyus-7fNIwL1U2u4A_270.jpg,False
,deploy,GMstCqwaAFaVbw9cOPeYXA_0,GMstCqwaAFaVbw9cOPeYXA,0,./data/centercity/images/GMstCqwaAFaVbw9cOPeYXA_0.jpg,False
,deploy,GMstCqwaAFaVbw9cOPeYXA_90,GMstCqwaAFaVbw9cOPeYXA,90,./data/centercity/images/GMstCqwaAFaVbw9cOPeYXA_90.jpg,False
,deploy,GMstCqwaAFaVbw9cOPeYXA_180,GMstCqwaAFaVbw9cOPeYXA,180,./data/centercity/images/GMstCqwaAFaVbw9cOPeYXA_180.jpg,False
,deploy,GMstCqwaAFaVbw9cOPeYXA_270,GMstCqwaAFaVbw9cOPeYXA,270,./data/centercity/images/GMstCqwaAFaVbw9cOPeYXA_270.jpg,False
,deploy,nSS0hs-ZCPaBlsLR6ZLseQ_0,nSS0hs-ZCPaBlsLR6ZLseQ,0,./data/centercity/images/nSS0hs-ZCPaBlsLR6ZLseQ_0.jpg,False
,deploy,nSS0hs-ZCPaBlsLR6ZLseQ_90,nSS0hs-ZCPaBlsLR6ZLseQ,90,./data/centercity/images/nSS0hs-ZCPaBlsLR6ZLseQ_90.jpg,False
,deploy,nSS0hs-ZCPaBlsLR6ZLseQ_180,nSS0hs-ZCPaBlsLR6ZLseQ,180,./data/centercity/images/nSS0hs-ZCPaBlsLR6ZLseQ_180.jpg,False
,deploy,nSS0hs-ZCPaBlsLR6ZLseQ_270,nSS0hs-ZCPaBlsLR6ZLseQ,270,./data/centercity/images/nSS0hs-ZCPaBlsLR6ZLseQ_270.jpg,False
,deploy,0R6qFTR6hyCQWQRiXOK1Aw_0,0R6qFTR6hyCQWQRiXOK1Aw,0,./data/centercity/images/0R6qFTR6hyCQWQRiXOK1Aw_0.jpg,False
,deploy,0R6qFTR6hyCQWQRiXOK1Aw_90,0R6qFTR6hyCQWQRiXOK1Aw,90,./data/centercity/images/0R6qFTR6hyCQWQRiXOK1Aw_90.jpg,False
,deploy,0R6qFTR6hyCQWQRiXOK1Aw_180,0R6qFTR6hyCQWQRiXOK1Aw,180,./data/centercity/images/0R6qFTR6hyCQWQRiXOK1Aw_180.jpg,False
,deploy,0R6qFTR6hyCQWQRiXOK1Aw_270,0R6qFTR6hyCQWQRiXOK1Aw,270,./data/centercity/images/0R6qFTR6hyCQWQRiXOK1Aw_270.jpg,False
,deploy,Cr9nDY8xH1yLUa-e_cDFZg_0,Cr9nDY8xH1yLUa-e_cDFZg,0,./data/centercity/images/Cr9nDY8xH1yLUa-e_cDFZg_0.jpg,False
,deploy,Cr9nDY8xH1yLUa-e_cDFZg_90,Cr9nDY8xH1yLUa-e_cDFZg,90,./data/centercity/images/Cr9nDY8xH1yLUa-e_cDFZg_90.jpg,False
,deploy,Cr9nDY8xH1yLUa-e_cDFZg_180,Cr9nDY8xH1yLUa-e_cDFZg,180,./data/centercity/images/Cr9nDY8xH1yLUa-e_cDFZg_180.jpg,False
,deploy,Cr9nDY8xH1yLUa-e_cDFZg_270,Cr9nDY8xH1yLUa-e_cDFZg,270,./data/centercity/images/Cr9nDY8xH1yLUa-e_cDFZg_270.jpg,False
,deploy,uzrZOEjtaPBDCrQQQNmERQ_0,uzrZOEjtaPBDCrQQQNmERQ,0,./data/centercity/images/uzrZOEjtaPBDCrQQQNmERQ_0.jpg,False
,deploy,uzrZOEjtaPBDCrQQQNmERQ_90,uzrZOEjtaPBDCrQQQNmERQ,90,./data/centercity/images/uzrZOEjtaPBDCrQQQNmERQ_90.jpg,False
,deploy,uzrZOEjtaPBDCrQQQNmERQ_180,uzrZOEjtaPBDCrQQQNmERQ,180,./data/centercity/images/uzrZOEjtaPBDCrQQQNmERQ_180.jpg,False
,deploy,uzrZOEjtaPBDCrQQQNmERQ_270,uzrZOEjtaPBDCrQQQNmERQ,270,./data/centercity/images/uzrZOEjtaPBDCrQQQNmERQ_270.jpg,False
,deploy,aX_KPRl9s6DbHyCrkby_eQ_0,aX_KPRl9s6DbHyCrkby_eQ,0,./data/centercity/images/aX_KPRl9s6DbHyCrkby_eQ_0.jpg,False
,deploy,aX_KPRl9s6DbHyCrkby_eQ_90,aX_KPRl9s6DbHyCrkby_eQ,90,./data/centercity/images/aX_KPRl9s6DbHyCrkby_eQ_90.jpg,False
,deploy,aX_KPRl9s6DbHyCrkby_eQ_180,aX_KPRl9s6DbHyCrkby_eQ,180,./data/centercity/images/aX_KPRl9s6DbHyCrkby_eQ_180.jpg,False
,deploy,aX_KPRl9s6DbHyCrkby_eQ_270,aX_KPRl9s6DbHyCrkby_eQ,270,./data/centercity/images/aX_KPRl9s6DbHyCrkby_eQ_270.jpg,False
,deploy,C-XNGo8laW2JkXKCZNnWrQ_0,C-XNGo8laW2JkXKCZNnWrQ,0,./data/centercity/images/C-XNGo8laW2JkXKCZNnWrQ_0.jpg,False
,deploy,C-XNGo8laW2JkXKCZNnWrQ_90,C-XNGo8laW2JkXKCZNnWrQ,90,./data/centercity/images/C-XNGo8laW2JkXKCZNnWrQ_90.jpg,False
,deploy,C-XNGo8laW2JkXKCZNnWrQ_180,C-XNGo8laW2JkXKCZNnWrQ,180,./data/centercity/images/C-XNGo8laW2JkXKCZNnWrQ_180.jpg,False
,deploy,C-XNGo8laW2JkXKCZNnWrQ_270,C-XNGo8laW2JkXKCZNnWrQ,270,./data/centercity/images/C-XNGo8laW2JkXKCZNnWrQ_270.jpg,False
,deploy,T6sHFa0O4ocRrKaF7WAgEg_0,T6sHFa0O4ocRrKaF7WAgEg,0,./data/centercity/images/T6sHFa0O4ocRrKaF7WAgEg_0.jpg,False
,deploy,T6sHFa0O4ocRrKaF7WAgEg_90,T6sHFa0O4ocRrKaF7WAgEg,90,./data/centercity/images/T6sHFa0O4ocRrKaF7WAgEg_90.jpg,False
,deploy,T6sHFa0O4ocRrKaF7WAgEg_180,T6sHFa0O4ocRrKaF7WAgEg,180,./data/centercity/images/T6sHFa0O4ocRrKaF7WAgEg_180.jpg,False
,deploy,T6sHFa0O4ocRrKaF7WAgEg_270,T6sHFa0O4ocRrKaF7WAgEg,270,./data/centercity/images/T6sHFa0O4ocRrKaF7WAgEg_270.jpg,False
,deploy,VKG6ZcM8213vcO34BlDoiA_0,VKG6ZcM8213vcO34BlDoiA,0,./data/centercity/images/VKG6ZcM8213vcO34BlDoiA_0.jpg,False
,deploy,VKG6ZcM8213vcO34BlDoiA_90,VKG6ZcM8213vcO34BlDoiA,90,./data/centercity/images/VKG6ZcM8213vcO34BlDoiA_90.jpg,False
,deploy,VKG6ZcM8213vcO34BlDoiA_180,VKG6ZcM8213vcO34BlDoiA,180,./data/centercity/images/VKG6ZcM8213vcO34BlDoiA_180.jpg,False
,deploy,VKG6ZcM8213vcO34BlDoiA_270,VKG6ZcM8213vcO34BlDoiA,270,./data/centercity/images/VKG6ZcM8213vcO34BlDoiA_270.jpg,False
,deploy,yygLhTpqV3YrF2XrwU6I7g_0,yygLhTpqV3YrF2XrwU6I7g,0,./data/centercity/images/yygLhTpqV3YrF2XrwU6I7g_0.jpg,False
,deploy,yygLhTpqV3YrF2XrwU6I7g_90,yygLhTpqV3YrF2XrwU6I7g,90,./data/centercity/images/yygLhTpqV3YrF2XrwU6I7g_90.jpg,False
,deploy,yygLhTpqV3YrF2XrwU6I7g_180,yygLhTpqV3YrF2XrwU6I7g,180,./data/centercity/images/yygLhTpqV3YrF2XrwU6I7g_180.jpg,False
,deploy,yygLhTpqV3YrF2XrwU6I7g_270,yygLhTpqV3YrF2XrwU6I7g,270,./data/centercity/images/yygLhTpqV3YrF2XrwU6I7g_270.jpg,False
,deploy,faKZH9Cq-KDLhCnYQl0n7A_0,faKZH9Cq-KDLhCnYQl0n7A,0,./data/centercity/images/faKZH9Cq-KDLhCnYQl0n7A_0.jpg,False
,deploy,faKZH9Cq-KDLhCnYQl0n7A_90,faKZH9Cq-KDLhCnYQl0n7A,90,./data/centercity/images/faKZH9Cq-KDLhCnYQl0n7A_90.jpg,False
,deploy,faKZH9Cq-KDLhCnYQl0n7A_180,faKZH9Cq-KDLhCnYQl0n7A,180,./data/centercity/images/faKZH9Cq-KDLhCnYQl0n7A_180.jpg,False
,deploy,faKZH9Cq-KDLhCnYQl0n7A_270,faKZH9Cq-KDLhCnYQl0n7A,270,./data/centercity/images/faKZH9Cq-KDLhCnYQl0n7A_270.jpg,False
,deploy,CAoSF0NJSE0wb2dLRUlDQWdJRGFpZmU2cVFF_0,CAoSF0NJSE0wb2dLRUlDQWdJRGFpZmU2cVFF,0,./data/centercity/images/CAoSF0NJSE0wb2dLRUlDQWdJRGFpZmU2cVFF_0.jpg,False
,deploy,CAoSF0NJSE0wb2dLRUlDQWdJRGFpZmU2cVFF_90,CAoSF0NJSE0wb2dLRUlDQWdJRGFpZmU2cVFF,90,./data/centercity/images/CAoSF0NJSE0wb2dLRUlDQWdJRGFpZmU2cVFF_90.jpg,False
,deploy,CAoSF0NJSE0wb2dLRUlDQWdJRGFpZmU2cVFF_180,CAoSF0NJSE0wb2dLRUlDQWdJRGFpZmU2cVFF,180,./data/centercity/images/CAoSF0NJSE0wb2dLRUlDQWdJRGFpZmU2cVFF_180.jpg,False
,deploy,CAoSF0NJSE0wb2dLRUlDQWdJRGFpZmU2cVFF_270,CAoSF0NJSE0wb2dLRUlDQWdJRGFpZmU2cVFF,270,./data/centercity/images/CAoSF0NJSE0wb2dLRUlDQWdJRGFpZmU2cVFF_270.jpg,False
,deploy,CAoSF0NJSE0wb2dLRUlDQWdJQzI2OHEwaEFF_0,CAoSF0NJSE0wb2dLRUlDQWdJQzI2OHEwaEFF,0,./data/centercity/images/CAoSF0NJSE0wb2dLRUlDQWdJQzI2OHEwaEFF_0.jpg,False
,deploy,CAoSF0NJSE0wb2dLRUlDQWdJQzI2OHEwaEFF_90,CAoSF0NJSE0wb2dLRUlDQWdJQzI2OHEwaEFF,90,./data/centercity/images/CAoSF0NJSE0wb2dLRUlDQWdJQzI2OHEwaEFF_90.jpg,False
,deploy,CAoSF0NJSE0wb2dLRUlDQWdJQzI2OHEwaEFF_180,CAoSF0NJSE0wb2dLRUlDQWdJQzI2OHEwaEFF,180,./data/centercity/images/CAoSF0NJSE0wb2dLRUlDQWdJQzI2OHEwaEFF_180.jpg,False
,deploy,CAoSF0NJSE0wb2dLRUlDQWdJQzI2OHEwaEFF_270,CAoSF0NJSE0wb2dLRUlDQWdJQzI2OHEwaEFF,270,./data/centercity/images/CAoSF0NJSE0wb2dLRUlDQWdJQzI2OHEwaEFF_270.jpg,False
,deploy,CAoSF0NJSE0wb2dLRUlDQWdJRGF5WnJSaFFF_0,CAoSF0NJSE0wb2dLRUlDQWdJRGF5WnJSaFFF,0,./data/centercity/images/CAoSF0NJSE0wb2dLRUlDQWdJRGF5WnJSaFFF_0.jpg,False
,deploy,CAoSF0NJSE0wb2dLRUlDQWdJRGF5WnJSaFFF_90,CAoSF0NJSE0wb2dLRUlDQWdJRGF5WnJSaFFF,90,./data/centercity/images/CAoSF0NJSE0wb2dLRUlDQWdJRGF5WnJSaFFF_90.jpg,False
,deploy,CAoSF0NJSE0wb2dLRUlDQWdJRGF5WnJSaFFF_180,CAoSF0NJSE0wb2dLRUlDQWdJRGF5WnJSaFFF,180,./data/centercity/images/CAoSF0NJSE0wb2dLRUlDQWdJRGF5WnJSaFFF_180.jpg,False
,deploy,CAoSF0NJSE0wb2dLRUlDQWdJRGF5WnJSaFFF_270,CAoSF0NJSE0wb2dLRUlDQWdJRGF5WnJSaFFF,270,./data/centercity/images/CAoSF0NJSE0wb2dLRUlDQWdJRGF5WnJSaFFF_270.jpg,False
,deploy,CAoSF0NJSE0wb2dLRUlDQWdJRGE2Y3lCbndF_0,CAoSF0NJSE0wb2dLRUlDQWdJRGE2Y3lCbndF,0,./data/centercity/images/CAoSF0NJSE0wb2dLRUlDQWdJRGE2Y3lCbndF_0.jpg,False
,deploy,CAoSF0NJSE0wb2dLRUlDQWdJRGE2Y3lCbndF_90,CAoSF0NJSE0wb2dLRUlDQWdJRGE2Y3lCbndF,90,./data/centercity/images/CAoSF0NJSE0wb2dLRUlDQWdJRGE2Y3lCbndF_90.jpg,False
,deploy,CAoSF0NJSE0wb2dLRUlDQWdJRGE2Y3lCbndF_180,CAoSF0NJSE0wb2dLRUlDQWdJRGE2Y3lCbndF,180,./data/centercity/images/CAoSF0NJSE0wb2dLRUlDQWdJRGE2Y3lCbndF_180.jpg,False
,deploy,CAoSF0NJSE0wb2dLRUlDQWdJRGE2Y3lCbndF_270,CAoSF0NJSE0wb2dLRUlDQWdJRGE2Y3lCbndF,270,./data/centercity/images/CAoSF0NJSE0wb2dLRUlDQWdJRGE2Y3lCbndF_270.jpg,False
,deploy,CAoSFkNJSE0wb2dLRUlDQWdJRGE2Y1RNRkE._0,CAoSFkNJSE0wb2dLRUlDQWdJRGE2Y1RNRkE.,0,./data/centercity/images/CAoSFkNJSE0wb2dLRUlDQWdJRGE2Y1RNRkE._0.jpg,False
,deploy,CAoSFkNJSE0wb2dLRUlDQWdJRGE2Y1RNRkE._90,CAoSFkNJSE0wb2dLRUlDQWdJRGE2Y1RNRkE.,90,./data/centercity/images/CAoSFkNJSE0wb2dLRUlDQWdJRGE2Y1RNRkE._90.jpg,False
,deploy,CAoSFkNJSE0wb2dLRUlDQWdJRGE2Y1RNRkE._180,CAoSFkNJSE0wb2dLRUlDQWdJRGE2Y1RNRkE.,180,./data/centercity/images/CAoSFkNJSE0wb2dLRUlDQWdJRGE2Y1RNRkE._180.jpg,False
,deploy,CAoSFkNJSE0wb2dLRUlDQWdJRGE2Y1RNRkE._270,CAoSFkNJSE0wb2dLRUlDQWdJRGE2Y1RNRkE.,270,./data/centercity/images/CAoSFkNJSE0wb2dLRUlDQWdJRGE2Y1RNRkE._270.jpg,False
,deploy,CAoSFkNJSE0wb2dLRUlDQWdJRGEyYWE1R2c._0,CAoSFkNJSE0wb2dLRUlDQWdJRGEyYWE1R2c.,0,./data/centercity/images/CAoSFkNJSE0wb2dLRUlDQWdJRGEyYWE1R2c._0.jpg,False
,deploy,CAoSFkNJSE0wb2dLRUlDQWdJRGEyYWE1R2c._90,CAoSFkNJSE0wb2dLRUlDQWdJRGEyYWE1R2c.,90,./data/centercity/images/CAoSFkNJSE0wb2dLRUlDQWdJRGEyYWE1R2c._90.jpg,False
,deploy,CAoSFkNJSE0wb2dLRUlDQWdJRGEyYWE1R2c._180,CAoSFkNJSE0wb2dLRUlDQWdJRGEyYWE1R2c.,180,./data/centercity/images/CAoSFkNJSE0wb2dLRUlDQWdJRGEyYWE1R2c._180.jpg,False
,deploy,CAoSFkNJSE0wb2dLRUlDQWdJRGEyYWE1R2c._270,CAoSFkNJSE0wb2dLRUlDQWdJRGEyYWE1R2c.,270,./data/centercity/images/CAoSFkNJSE0wb2dLRUlDQWdJRGEyYWE1R2c._270.jpg,False
,deploy,cWP7EcOjhXbxRQhScdDrtg_0,cWP7EcOjhXbxRQhScdDrtg,0,./data/centercity/images/cWP7EcOjhXbxRQhScdDrtg_0.jpg,False
,deploy,cWP7EcOjhXbxRQhScdDrtg_90,cWP7EcOjhXbxRQhScdDrtg,90,./data/centercity/images/cWP7EcOjhXbxRQhScdDrtg_90.jpg,False
,deploy,cWP7EcOjhXbxRQhScdDrtg_180,cWP7EcOjhXbxRQhScdDrtg,180,./data/centercity/images/cWP7EcOjhXbxRQhScdDrtg_180.jpg,False
,deploy,cWP7EcOjhXbxRQhScdDrtg_270,cWP7EcOjhXbxRQhScdDrtg,270,./data/centercity/images/cWP7EcOjhXbxRQhScdDrtg_270.jpg,False
,deploy,_y7mHWlSij_7t1e_Zfm96Q_0,_y7mHWlSij_7t1e_Zfm96Q,0,./data/centercity/images/_y7mHWlSij_7t1e_Zfm96Q_0.jpg,False
,deploy,_y7mHWlSij_7t1e_Zfm96Q_90,_y7mHWlSij_7t1e_Zfm96Q,90,./data/centercity/images/_y7mHWlSij_7t1e_Zfm96Q_90.jpg,False
,deploy,_y7mHWlSij_7t1e_Zfm96Q_180,_y7mHWlSij_7t1e_Zfm96Q,180,./data/centercity/images/_y7mHWlSij_7t1e_Zfm96Q_180.jpg,False
,deploy,_y7mHWlSij_7t1e_Zfm96Q_270,_y7mHWlSij_7t1e_Zfm96Q,270,./data/centercity/images/_y7mHWlSij_7t1e_Zfm96Q_270.jpg,False
,deploy,EzJm0u8N65th7hcBNbysaQ_0,EzJm0u8N65th7hcBNbysaQ,0,./data/centercity/images/EzJm0u8N65th7hcBNbysaQ_0.jpg,False
,deploy,EzJm0u8N65th7hcBNbysaQ_90,EzJm0u8N65th7hcBNbysaQ,90,./data/centercity/images/EzJm0u8N65th7hcBNbysaQ_90.jpg,False
,deploy,EzJm0u8N65th7hcBNbysaQ_180,EzJm0u8N65th7hcBNbysaQ,180,./data/centercity/images/EzJm0u8N65th7hcBNbysaQ_180.jpg,False
,deploy,EzJm0u8N65th7hcBNbysaQ_270,EzJm0u8N65th7hcBNbysaQ,270,./data/centercity/images/EzJm0u8N65th7hcBNbysaQ_270.jpg,False
,deploy,usuQcVFNaivMwkrs43KCGQ_0,usuQcVFNaivMwkrs43KCGQ,0,./data/centercity/images/usuQcVFNaivMwkrs43KCGQ_0.jpg,False
,deploy,usuQcVFNaivMwkrs43KCGQ_90,usuQcVFNaivMwkrs43KCGQ,90,./data/centercity/images/usuQcVFNaivMwkrs43KCGQ_90.jpg,False
,deploy,usuQcVFNaivMwkrs43KCGQ_180,usuQcVFNaivMwkrs43KCGQ,180,./data/centercity/images/usuQcVFNaivMwkrs43KCGQ_180.jpg,False
,deploy,usuQcVFNaivMwkrs43KCGQ_270,usuQcVFNaivMwkrs43KCGQ,270,./data/centercity/images/usuQcVFNaivMwkrs43KCGQ_270.jpg,False
,deploy,Y6ia1BpaRlqNXeINt9ijRg_0,Y6ia1BpaRlqNXeINt9ijRg,0,./data/centercity/images/Y6ia1BpaRlqNXeINt9ijRg_0.jpg,False
,deploy,Y6ia1BpaRlqNXeINt9ijRg_90,Y6ia1BpaRlqNXeINt9ijRg,90,./data/centercity/images/Y6ia1BpaRlqNXeINt9ijRg_90.jpg,False
,deploy,Y6ia1BpaRlqNXeINt9ijRg_180,Y6ia1BpaRlqNXeINt9ijRg,180,./data/centercity/images/Y6ia1BpaRlqNXeINt9ijRg_180.jpg,False
,deploy,Y6ia1BpaRlqNXeINt9ijRg_270,Y6ia1BpaRlqNXeINt9ijRg,270,./data/centercity/images/Y6ia1BpaRlqNXeINt9ijRg_270.jpg,False
,deploy,CAoSF0NJSE0wb2dLRUlDQWdJRGEyZnI0NFFF_0,CAoSF0NJSE0wb2dLRUlDQWdJRGEyZnI0NFFF,0,./data/centercity/images/CAoSF0NJSE0wb2dLRUlDQWdJRGEyZnI0NFFF_0.jpg,False
,deploy,CAoSF0NJSE0wb2dLRUlDQWdJRGEyZnI0NFFF_90,CAoSF0NJSE0wb2dLRUlDQWdJRGEyZnI0NFFF,90,./data/centercity/images/CAoSF0NJSE0wb2dLRUlDQWdJRGEyZnI0NFFF_90.jpg,False
,deploy,CAoSF0NJSE0wb2dLRUlDQWdJRGEyZnI0NFFF_180,CAoSF0NJSE0wb2dLRUlDQWdJRGEyZnI0NFFF,180,./data/centercity/images/CAoSF0NJSE0wb2dLRUlDQWdJRGEyZnI0NFFF_180.jpg,False
,deploy,CAoSF0NJSE0wb2dLRUlDQWdJRGEyZnI0NFFF_270,CAoSF0NJSE0wb2dLRUlDQWdJRGEyZnI0NFFF,270,./data/centercity/images/CAoSF0NJSE0wb2dLRUlDQWdJRGEyZnI0NFFF_270.jpg,False
,deploy,b4tX1Cb25W3tFVC_i9jWXA_0,b4tX1Cb25W3tFVC_i9jWXA,0,./data/centercity/images/b4tX1Cb25W3tFVC_i9jWXA_0.jpg,False
,deploy,b4tX1Cb25W3tFVC_i9jWXA_90,b4tX1Cb25W3tFVC_i9jWXA,90,./data/centercity/images/b4tX1Cb25W3tFVC_i9jWXA_90.jpg,False
,deploy,b4tX1Cb25W3tFVC_i9jWXA_180,b4tX1Cb25W3tFVC_i9jWXA,180,./data/centercity/images/b4tX1Cb25W3tFVC_i9jWXA_180.jpg,False
,deploy,b4tX1Cb25W3tFVC_i9jWXA_270,b4tX1Cb25W3tFVC_i9jWXA,270,./data/centercity/images/b4tX1Cb25W3tFVC_i9jWXA_270.jpg,False
,deploy,LR47g52zWUpJ4HDXwK9egA_0,LR47g52zWUpJ4HDXwK9egA,0,./data/centercity/images/LR47g52zWUpJ4HDXwK9egA_0.jpg,False
,deploy,LR47g52zWUpJ4HDXwK9egA_90,LR47g52zWUpJ4HDXwK9egA,90,./data/centercity/images/LR47g52zWUpJ4HDXwK9egA_90.jpg,False
,deploy,LR47g52zWUpJ4HDXwK9egA_180,LR47g52zWUpJ4HDXwK9egA,180,./data/centercity/images/LR47g52zWUpJ4HDXwK9egA_180.jpg,False
,deploy,LR47g52zWUpJ4HDXwK9egA_270,LR47g52zWUpJ4HDXwK9egA,270,./data/centercity/images/LR47g52zWUpJ4HDXwK9egA_270.jpg,False
,deploy,7Uq4EYCyg9tPUFYhz54u_g_0,7Uq4EYCyg9tPUFYhz54u_g,0,./data/centercity/images/7Uq4EYCyg9tPUFYhz54u_g_0.jpg,False
,deploy,7Uq4EYCyg9tPUFYhz54u_g_90,7Uq4EYCyg9tPUFYhz54u_g,90,./data/centercity/images/7Uq4EYCyg9tPUFYhz54u_g_90.jpg,False
,deploy,7Uq4EYCyg9tPUFYhz54u_g_180,7Uq4EYCyg9tPUFYhz54u_g,180,./data/centercity/images/7Uq4EYCyg9tPUFYhz54u_g_180.jpg,False
,deploy,7Uq4EYCyg9tPUFYhz54u_g_270,7Uq4EYCyg9tPUFYhz54u_g,270,./data/centercity/images/7Uq4EYCyg9tPUFYhz54u_g_270.jpg,False
,deploy,GZrZJTdyH1Q5ulh6HCNkhw_0,GZrZJTdyH1Q5ulh6HCNkhw,0,./data/centercity/images/GZrZJTdyH1Q5ulh6HCNkhw_0.jpg,False
,deploy,GZrZJTdyH1Q5ulh6HCNkhw_90,GZrZJTdyH1Q5ulh6HCNkhw,90,./data/centercity/images/GZrZJTdyH1Q5ulh6HCNkhw_90.jpg,False
,deploy,GZrZJTdyH1Q5ulh6HCNkhw_180,GZrZJTdyH1Q5ulh6HCNkhw,180,./data/centercity/images/GZrZJTdyH1Q5ulh6HCNkhw_180.jpg,False
,deploy,GZrZJTdyH1Q5ulh6HCNkhw_270,GZrZJTdyH1Q5ulh6HCNkhw,270,./data/centercity/images/GZrZJTdyH1Q5ulh6HCNkhw_270.jpg,False
,deploy,tM2tpv-ZNnTM971aijRFEA_0,tM2tpv-ZNnTM971aijRFEA,0,./data/centercity/images/tM2tpv-ZNnTM971aijRFEA_0.jpg,False
,deploy,tM2tpv-ZNnTM971aijRFEA_90,tM2tpv-ZNnTM971aijRFEA,90,./data/centercity/images/tM2tpv-ZNnTM971aijRFEA_90.jpg,False
,deploy,tM2tpv-ZNnTM971aijRFEA_180,tM2tpv-ZNnTM971aijRFEA,180,./data/centercity/images/tM2tpv-ZNnTM971aijRFEA_180.jpg,False
,deploy,tM2tpv-ZNnTM971aijRFEA_270,tM2tpv-ZNnTM971aijRFEA,270,./data/centercity/images/tM2tpv-ZNnTM971aijRFEA_270.jpg,False
,deploy,Bd1iYSkgG_n-ZaRJm2CYmw_0,Bd1iYSkgG_n-ZaRJm2CYmw,0,./data/centercity/images/Bd1iYSkgG_n-ZaRJm2CYmw_0.jpg,False
,deploy,Bd1iYSkgG_n-ZaRJm2CYmw_90,Bd1iYSkgG_n-ZaRJm2CYmw,90,./data/centercity/images/Bd1iYSkgG_n-ZaRJm2CYmw_90.jpg,False
,deploy,Bd1iYSkgG_n-ZaRJm2CYmw_180,Bd1iYSkgG_n-ZaRJm2CYmw,180,./data/centercity/images/Bd1iYSkgG_n-ZaRJm2CYmw_180.jpg,False
,deploy,Bd1iYSkgG_n-ZaRJm2CYmw_270,Bd1iYSkgG_n-ZaRJm2CYmw,270,./data/centercity/images/Bd1iYSkgG_n-ZaRJm2CYmw_270.jpg,False
,deploy,wsHR33B830n3c_m0ZOgGGw_0,wsHR33B830n3c_m0ZOgGGw,0,./data/centercity/images/wsHR33B830n3c_m0ZOgGGw_0.jpg,False
,deploy,wsHR33B830n3c_m0ZOgGGw_90,wsHR33B830n3c_m0ZOgGGw,90,./data/centercity/images/wsHR33B830n3c_m0ZOgGGw_90.jpg,False
,deploy,wsHR33B830n3c_m0ZOgGGw_180,wsHR33B830n3c_m0ZOgGGw,180,./data/centercity/images/wsHR33B830n3c_m0ZOgGGw_180.jpg,False
,deploy,wsHR33B830n3c_m0ZOgGGw_270,wsHR33B830n3c_m0ZOgGGw,270,./data/centercity/images/wsHR33B830n3c_m0ZOgGGw_270.jpg,False
,deploy,IKHd2YFkBL2mllgwUNEBTA_0,IKHd2YFkBL2mllgwUNEBTA,0,./data/centercity/images/IKHd2YFkBL2mllgwUNEBTA_0.jpg,False
,deploy,IKHd2YFkBL2mllgwUNEBTA_90,IKHd2YFkBL2mllgwUNEBTA,90,./data/centercity/images/IKHd2YFkBL2mllgwUNEBTA_90.jpg,False
,deploy,IKHd2YFkBL2mllgwUNEBTA_180,IKHd2YFkBL2mllgwUNEBTA,180,./data/centercity/images/IKHd2YFkBL2mllgwUNEBTA_180.jpg,False
,deploy,IKHd2YFkBL2mllgwUNEBTA_270,IKHd2YFkBL2mllgwUNEBTA,270,./data/centercity/images/IKHd2YFkBL2mllgwUNEBTA_270.jpg,False
,deploy,HN8w0UnErqsm_e_kPdQZlw_0,HN8w0UnErqsm_e_kPdQZlw,0,./data/centercity/images/HN8w0UnErqsm_e_kPdQZlw_0.jpg,False
,deploy,HN8w0UnErqsm_e_kPdQZlw_90,HN8w0UnErqsm_e_kPdQZlw,90,./data/centercity/images/HN8w0UnErqsm_e_kPdQZlw_90.jpg,False
,deploy,HN8w0UnErqsm_e_kPdQZlw_180,HN8w0UnErqsm_e_kPdQZlw,180,./data/centercity/images/HN8w0UnErqsm_e_kPdQZlw_180.jpg,False
,deploy,HN8w0UnErqsm_e_kPdQZlw_270,HN8w0UnErqsm_e_kPdQZlw,270,./data/centercity/images/HN8w0UnErqsm_e_kPdQZlw_270.jpg,False
,deploy,1G_3A-fQJxZN7AwgG1cTEA_0,1G_3A-fQJxZN7AwgG1cTEA,0,./data/centercity/images/1G_3A-fQJxZN7AwgG1cTEA_0.jpg,False
,deploy,1G_3A-fQJxZN7AwgG1cTEA_90,1G_3A-fQJxZN7AwgG1cTEA,90,./data/centercity/images/1G_3A-fQJxZN7AwgG1cTEA_90.jpg,False
,deploy,1G_3A-fQJxZN7AwgG1cTEA_180,1G_3A-fQJxZN7AwgG1cTEA,180,./data/centercity/images/1G_3A-fQJxZN7AwgG1cTEA_180.jpg,False
,deploy,1G_3A-fQJxZN7AwgG1cTEA_270,1G_3A-fQJxZN7AwgG1cTEA,270,./data/centercity/images/1G_3A-fQJxZN7AwgG1cTEA_270.jpg,False
,deploy,CAoSFkNJSE0wb2dLRUlDQWdJRDQ2OXpHZWc._0,CAoSFkNJSE0wb2dLRUlDQWdJRDQ2OXpHZWc.,0,./data/centercity/images/CAoSFkNJSE0wb2dLRUlDQWdJRDQ2OXpHZWc._0.jpg,False
,deploy,CAoSFkNJSE0wb2dLRUlDQWdJRDQ2OXpHZWc._90,CAoSFkNJSE0wb2dLRUlDQWdJRDQ2OXpHZWc.,90,./data/centercity/images/CAoSFkNJSE0wb2dLRUlDQWdJRDQ2OXpHZWc._90.jpg,False
,deploy,CAoSFkNJSE0wb2dLRUlDQWdJRDQ2OXpHZWc._180,CAoSFkNJSE0wb2dLRUlDQWdJRDQ2OXpHZWc.,180,./data/centercity/images/CAoSFkNJSE0wb2dLRUlDQWdJRDQ2OXpHZWc._180.jpg,False
,deploy,CAoSFkNJSE0wb2dLRUlDQWdJRDQ2OXpHZWc._270,CAoSFkNJSE0wb2dLRUlDQWdJRDQ2OXpHZWc.,270,./data/centercity/images/CAoSFkNJSE0wb2dLRUlDQWdJRDQ2OXpHZWc._270.jpg,False
,deploy,sXp2BVkdxewT1Ng7FYhULA_0,sXp2BVkdxewT1Ng7FYhULA,0,./data/centercity/images/sXp2BVkdxewT1Ng7FYhULA_0.jpg,False
,deploy,sXp2BVkdxewT1Ng7FYhULA_90,sXp2BVkdxewT1Ng7FYhULA,90,./data/centercity/images/sXp2BVkdxewT1Ng7FYhULA_90.jpg,False
,deploy,sXp2BVkdxewT1Ng7FYhULA_180,sXp2BVkdxewT1Ng7FYhULA,180,./data/centercity/images/sXp2BVkdxewT1Ng7FYhULA_180.jpg,False
,deploy,sXp2BVkdxewT1Ng7FYhULA_270,sXp2BVkdxewT1Ng7FYhULA,270,./data/centercity/images/sXp2BVkdxewT1Ng7FYhULA_270.jpg,False
,deploy,tVi_pve_A9hvw4MWyBjXDQ_0,tVi_pve_A9hvw4MWyBjXDQ,0,./data/centercity/images/tVi_pve_A9hvw4MWyBjXDQ_0.jpg,False
,deploy,tVi_pve_A9hvw4MWyBjXDQ_90,tVi_pve_A9hvw4MWyBjXDQ,90,./data/centercity/images/tVi_pve_A9hvw4MWyBjXDQ_90.jpg,False
,deploy,tVi_pve_A9hvw4MWyBjXDQ_180,tVi_pve_A9hvw4MWyBjXDQ,180,./data/centercity/images/tVi_pve_A9hvw4MWyBjXDQ_180.jpg,False
,deploy,tVi_pve_A9hvw4MWyBjXDQ_270,tVi_pve_A9hvw4MWyBjXDQ,270,./data/centercity/images/tVi_pve_A9hvw4MWyBjXDQ_270.jpg,False
,deploy,CAoSFkNJSE0wb2dLRUlDQWdJRGFzZmE0SFE._0,CAoSFkNJSE0wb2dLRUlDQWdJRGFzZmE0SFE.,0,./data/centercity/images/CAoSFkNJSE0wb2dLRUlDQWdJRGFzZmE0SFE._0.jpg,False
,deploy,CAoSFkNJSE0wb2dLRUlDQWdJRGFzZmE0SFE._90,CAoSFkNJSE0wb2dLRUlDQWdJRGFzZmE0SFE.,90,./data/centercity/images/CAoSFkNJSE0wb2dLRUlDQWdJRGFzZmE0SFE._90.jpg,False
,deploy,CAoSFkNJSE0wb2dLRUlDQWdJRGFzZmE0SFE._180,CAoSFkNJSE0wb2dLRUlDQWdJRGFzZmE0SFE.,180,./data/centercity/images/CAoSFkNJSE0wb2dLRUlDQWdJRGFzZmE0SFE._180.jpg,False
,deploy,CAoSFkNJSE0wb2dLRUlDQWdJRGFzZmE0SFE._270,CAoSFkNJSE0wb2dLRUlDQWdJRGFzZmE0SFE.,270,./data/centercity/images/CAoSFkNJSE0wb2dLRUlDQWdJRGFzZmE0SFE._270.jpg,False
,deploy,CAoSF0NJSE0wb2dLRUlDQWdJQzI5NnJyd2dF_0,CAoSF0NJSE0wb2dLRUlDQWdJQzI5NnJyd2dF,0,./data/centercity/images/CAoSF0NJSE0wb2dLRUlDQWdJQzI5NnJyd2dF_0.jpg,False
,deploy,CAoSF0NJSE0wb2dLRUlDQWdJQzI5NnJyd2dF_90,CAoSF0NJSE0wb2dLRUlDQWdJQzI5NnJyd2dF,90,./data/centercity/images/CAoSF0NJSE0wb2dLRUlDQWdJQzI5NnJyd2dF_90.jpg,False
,deploy,CAoSF0NJSE0wb2dLRUlDQWdJQzI5NnJyd2dF_180,CAoSF0NJSE0wb2dLRUlDQWdJQzI5NnJyd2dF,180,./data/centercity/images/CAoSF0NJSE0wb2dLRUlDQWdJQzI5NnJyd2dF_180.jpg,False
,deploy,CAoSF0NJSE0wb2dLRUlDQWdJQzI5NnJyd2dF_270,CAoSF0NJSE0wb2dLRUlDQWdJQzI5NnJyd2dF,270,./data/centercity/images/CAoSF0NJSE0wb2dLRUlDQWdJQzI5NnJyd2dF_270.jpg,False
,deploy,CAoSF0NJSE0wb2dLRUlDQWdJRGEwYi1yNlFF_0,CAoSF0NJSE0wb2dLRUlDQWdJRGEwYi1yNlFF,0,./data/centercity/images/CAoSF0NJSE0wb2dLRUlDQWdJRGEwYi1yNlFF_0.jpg,False
,deploy,CAoSF0NJSE0wb2dLRUlDQWdJRGEwYi1yNlFF_90,CAoSF0NJSE0wb2dLRUlDQWdJRGEwYi1yNlFF,90,./data/centercity/images/CAoSF0NJSE0wb2dLRUlDQWdJRGEwYi1yNlFF_90.jpg,False
,deploy,CAoSF0NJSE0wb2dLRUlDQWdJRGEwYi1yNlFF_180,CAoSF0NJSE0wb2dLRUlDQWdJRGEwYi1yNlFF,180,./data/centercity/images/CAoSF0NJSE0wb2dLRUlDQWdJRGEwYi1yNlFF_180.jpg,False
,deploy,CAoSF0NJSE0wb2dLRUlDQWdJRGEwYi1yNlFF_270,CAoSF0NJSE0wb2dLRUlDQWdJRGEwYi1yNlFF,270,./data/centercity/images/CAoSF0NJSE0wb2dLRUlDQWdJRGEwYi1yNlFF_270.jpg,False
,deploy,dxHPZHgPO12lDJHAaWbeXg_0,dxHPZHgPO12lDJHAaWbeXg,0,./data/centercity/images/dxHPZHgPO12lDJHAaWbeXg_0.jpg,False
,deploy,dxHPZHgPO12lDJHAaWbeXg_90,dxHPZHgPO12lDJHAaWbeXg,90,./data/centercity/images/dxHPZHgPO12lDJHAaWbeXg_90.jpg,False
,deploy,dxHPZHgPO12lDJHAaWbeXg_180,dxHPZHgPO12lDJHAaWbeXg,180,./data/centercity/images/dxHPZHgPO12lDJHAaWbeXg_180.jpg,False
,deploy,dxHPZHgPO12lDJHAaWbeXg_270,dxHPZHgPO12lDJHAaWbeXg,270,./data/centercity/images/dxHPZHgPO12lDJHAaWbeXg_270.jpg,False
,deploy,VmEPvCDlDVhGQC58rSR0oA_0,VmEPvCDlDVhGQC58rSR0oA,0,./data/centercity/images/VmEPvCDlDVhGQC58rSR0oA_0.jpg,False
,deploy,VmEPvCDlDVhGQC58rSR0oA_90,VmEPvCDlDVhGQC58rSR0oA,90,./data/centercity/images/VmEPvCDlDVhGQC58rSR0oA_90.jpg,False
,deploy,VmEPvCDlDVhGQC58rSR0oA_180,VmEPvCDlDVhGQC58rSR0oA,180,./data/centercity/images/VmEPvCDlDVhGQC58rSR0oA_180.jpg,False
,deploy,VmEPvCDlDVhGQC58rSR0oA_270,VmEPvCDlDVhGQC58rSR0oA,270,./data/centercity/images/VmEPvCDlDVhGQC58rSR0oA_270.jpg,False
,deploy,T74AjxKa1etGJEvzJ8nVrw_0,T74AjxKa1etGJEvzJ8nVrw,0,./data/centercity/images/T74AjxKa1etGJEvzJ8nVrw_0.jpg,False
,deploy,T74AjxKa1etGJEvzJ8nVrw_90,T74AjxKa1etGJEvzJ8nVrw,90,./data/centercity/images/T74AjxKa1etGJEvzJ8nVrw_90.jpg,False
,deploy,T74AjxKa1etGJEvzJ8nVrw_180,T74AjxKa1etGJEvzJ8nVrw,180,./data/centercity/images/T74AjxKa1etGJEvzJ8nVrw_180.jpg,False
,deploy,T74AjxKa1etGJEvzJ8nVrw_270,T74AjxKa1etGJEvzJ8nVrw,270,./data/centercity/images/T74AjxKa1etGJEvzJ8nVrw_270.jpg,False
,deploy,ZclP214MM8AvUHoaXpHyRA_0,ZclP214MM8AvUHoaXpHyRA,0,./data/centercity/images/ZclP214MM8AvUHoaXpHyRA_0.jpg,False
,deploy,ZclP214MM8AvUHoaXpHyRA_90,ZclP214MM8AvUHoaXpHyRA,90,./data/centercity/images/ZclP214MM8AvUHoaXpHyRA_90.jpg,False
,deploy,ZclP214MM8AvUHoaXpHyRA_180,ZclP214MM8AvUHoaXpHyRA,180,./data/centercity/images/ZclP214MM8AvUHoaXpHyRA_180.jpg,False
,deploy,ZclP214MM8AvUHoaXpHyRA_270,ZclP214MM8AvUHoaXpHyRA,270,./data/centercity/images/ZclP214MM8AvUHoaXpHyRA_270.jpg,False
,deploy,7FI-Y49g_ZDW_XfSZ36AAA_0,7FI-Y49g_ZDW_XfSZ36AAA,0,./data/centercity/images/7FI-Y49g_ZDW_XfSZ36AAA_0.jpg,False
,deploy,7FI-Y49g_ZDW_XfSZ36AAA_90,7FI-Y49g_ZDW_XfSZ36AAA,90,./data/centercity/images/7FI-Y49g_ZDW_XfSZ36AAA_90.jpg,False
,deploy,7FI-Y49g_ZDW_XfSZ36AAA_180,7FI-Y49g_ZDW_XfSZ36AAA,180,./data/centercity/images/7FI-Y49g_ZDW_XfSZ36AAA_180.jpg,False
,deploy,7FI-Y49g_ZDW_XfSZ36AAA_270,7FI-Y49g_ZDW_XfSZ36AAA,270,./data/centercity/images/7FI-Y49g_ZDW_XfSZ36AAA_270.jpg,False
,deploy,UQEuWTVLdE9gpx8694zgMg_0,UQEuWTVLdE9gpx8694zgMg,0,./data/centercity/images/UQEuWTVLdE9gpx8694zgMg_0.jpg,False
,deploy,UQEuWTVLdE9gpx8694zgMg_90,UQEuWTVLdE9gpx8694zgMg,90,./data/centercity/images/UQEuWTVLdE9gpx8694zgMg_90.jpg,False
,deploy,UQEuWTVLdE9gpx8694zgMg_180,UQEuWTVLdE9gpx8694zgMg,180,./data/centercity/images/UQEuWTVLdE9gpx8694zgMg_180.jpg,False
,deploy,UQEuWTVLdE9gpx8694zgMg_270,UQEuWTVLdE9gpx8694zgMg,270,./data/centercity/images/UQEuWTVLdE9gpx8694zgMg_270.jpg,False
,deploy,zIV0_GoPUiMrifEJu4GQEw_0,zIV0_GoPUiMrifEJu4GQEw,0,./data/centercity/images/zIV0_GoPUiMrifEJu4GQEw_0.jpg,False
,deploy,zIV0_GoPUiMrifEJu4GQEw_90,zIV0_GoPUiMrifEJu4GQEw,90,./data/centercity/images/zIV0_GoPUiMrifEJu4GQEw_90.jpg,False
,deploy,zIV0_GoPUiMrifEJu4GQEw_180,zIV0_GoPUiMrifEJu4GQEw,180,./data/centercity/images/zIV0_GoPUiMrifEJu4GQEw_180.jpg,False
,deploy,zIV0_GoPUiMrifEJu4GQEw_270,zIV0_GoPUiMrifEJu4GQEw,270,./data/centercity/images/zIV0_GoPUiMrifEJu4GQEw_270.jpg,False
,deploy,ORY_20Z5_mP7WXuDXs31kw_0,ORY_20Z5_mP7WXuDXs31kw,0,./data/centercity/images/ORY_20Z5_mP7WXuDXs31kw_0.jpg,False
,deploy,ORY_20Z5_mP7WXuDXs31kw_90,ORY_20Z5_mP7WXuDXs31kw,90,./data/centercity/images/ORY_20Z5_mP7WXuDXs31kw_90.jpg,False
,deploy,ORY_20Z5_mP7WXuDXs31kw_180,ORY_20Z5_mP7WXuDXs31kw,180,./data/centercity/images/ORY_20Z5_mP7WXuDXs31kw_180.jpg,False
,deploy,ORY_20Z5_mP7WXuDXs31kw_270,ORY_20Z5_mP7WXuDXs31kw,270,./data/centercity/images/ORY_20Z5_mP7WXuDXs31kw_270.jpg,False
,deploy,BqrJ6mjKyt2bguEEfg9ELw_0,BqrJ6mjKyt2bguEEfg9ELw,0,./data/centercity/images/BqrJ6mjKyt2bguEEfg9ELw_0.jpg,False
,deploy,BqrJ6mjKyt2bguEEfg9ELw_90,BqrJ6mjKyt2bguEEfg9ELw,90,./data/centercity/images/BqrJ6mjKyt2bguEEfg9ELw_90.jpg,False
,deploy,BqrJ6mjKyt2bguEEfg9ELw_180,BqrJ6mjKyt2bguEEfg9ELw,180,./data/centercity/images/BqrJ6mjKyt2bguEEfg9ELw_180.jpg,False
,deploy,BqrJ6mjKyt2bguEEfg9ELw_270,BqrJ6mjKyt2bguEEfg9ELw,270,./data/centercity/images/BqrJ6mjKyt2bguEEfg9ELw_270.jpg,False
,deploy,1xCM1vTlpZHVweMcLO9ALQ_0,1xCM1vTlpZHVweMcLO9ALQ,0,./data/centercity/images/1xCM1vTlpZHVweMcLO9ALQ_0.jpg,False
,deploy,1xCM1vTlpZHVweMcLO9ALQ_90,1xCM1vTlpZHVweMcLO9ALQ,90,./data/centercity/images/1xCM1vTlpZHVweMcLO9ALQ_90.jpg,False
,deploy,1xCM1vTlpZHVweMcLO9ALQ_180,1xCM1vTlpZHVweMcLO9ALQ,180,./data/centercity/images/1xCM1vTlpZHVweMcLO9ALQ_180.jpg,False
,deploy,1xCM1vTlpZHVweMcLO9ALQ_270,1xCM1vTlpZHVweMcLO9ALQ,270,./data/centercity/images/1xCM1vTlpZHVweMcLO9ALQ_270.jpg,False
,deploy,CAoSF0NJSE0wb2dLRUlDQWdJRGE2ZVhfaUFF_0,CAoSF0NJSE0wb2dLRUlDQWdJRGE2ZVhfaUFF,0,./data/centercity/images/CAoSF0NJSE0wb2dLRUlDQWdJRGE2ZVhfaUFF_0.jpg,False
,deploy,CAoSF0NJSE0wb2dLRUlDQWdJRGE2ZVhfaUFF_90,CAoSF0NJSE0wb2dLRUlDQWdJRGE2ZVhfaUFF,90,./data/centercity/images/CAoSF0NJSE0wb2dLRUlDQWdJRGE2ZVhfaUFF_90.jpg,False
,deploy,CAoSF0NJSE0wb2dLRUlDQWdJRGE2ZVhfaUFF_180,CAoSF0NJSE0wb2dLRUlDQWdJRGE2ZVhfaUFF,180,./data/centercity/images/CAoSF0NJSE0wb2dLRUlDQWdJRGE2ZVhfaUFF_180.jpg,False
,deploy,CAoSF0NJSE0wb2dLRUlDQWdJRGE2ZVhfaUFF_270,CAoSF0NJSE0wb2dLRUlDQWdJRGE2ZVhfaUFF,270,./data/centercity/images/CAoSF0NJSE0wb2dLRUlDQWdJRGE2ZVhfaUFF_270.jpg,False
,deploy,Ci_-bFQLJGvu-mY5QyDcFA_0,Ci_-bFQLJGvu-mY5QyDcFA,0,./data/centercity/images/Ci_-bFQLJGvu-mY5QyDcFA_0.jpg,False
,deploy,Ci_-bFQLJGvu-mY5QyDcFA_90,Ci_-bFQLJGvu-mY5QyDcFA,90,./data/centercity/images/Ci_-bFQLJGvu-mY5QyDcFA_90.jpg,False
,deploy,Ci_-bFQLJGvu-mY5QyDcFA_180,Ci_-bFQLJGvu-mY5QyDcFA,180,./data/centercity/images/Ci_-bFQLJGvu-mY5QyDcFA_180.jpg,False
,deploy,Ci_-bFQLJGvu-mY5QyDcFA_270,Ci_-bFQLJGvu-mY5QyDcFA,270,./data/centercity/images/Ci_-bFQLJGvu-mY5QyDcFA_270.jpg,False
,deploy,Y8k6O5OE4dSYHL1n-4uSmw_0,Y8k6O5OE4dSYHL1n-4uSmw,0,./data/centercity/images/Y8k6O5OE4dSYHL1n-4uSmw_0.jpg,False
,deploy,Y8k6O5OE4dSYHL1n-4uSmw_90,Y8k6O5OE4dSYHL1n-4uSmw,90,./data/centercity/images/Y8k6O5OE4dSYHL1n-4uSmw_90.jpg,False
,deploy,Y8k6O5OE4dSYHL1n-4uSmw_180,Y8k6O5OE4dSYHL1n-4uSmw,180,./data/centercity/images/Y8k6O5OE4dSYHL1n-4uSmw_180.jpg,False
,deploy,Y8k6O5OE4dSYHL1n-4uSmw_270,Y8k6O5OE4dSYHL1n-4uSmw,270,./data/centercity/images/Y8k6O5OE4dSYHL1n-4uSmw_270.jpg,False
,deploy,bcq5ySG-UXH1xLuo0uYurA_0,bcq5ySG-UXH1xLuo0uYurA,0,./data/centercity/images/bcq5ySG-UXH1xLuo0uYurA_0.jpg,False
,deploy,bcq5ySG-UXH1xLuo0uYurA_90,bcq5ySG-UXH1xLuo0uYurA,90,./data/centercity/images/bcq5ySG-UXH1xLuo0uYurA_90.jpg,False
,deploy,bcq5ySG-UXH1xLuo0uYurA_180,bcq5ySG-UXH1xLuo0uYurA,180,./data/centercity/images/bcq5ySG-UXH1xLuo0uYurA_180.jpg,False
,deploy,bcq5ySG-UXH1xLuo0uYurA_270,bcq5ySG-UXH1xLuo0uYurA,270,./data/centercity/images/bcq5ySG-UXH1xLuo0uYurA_270.jpg,False
,deploy,uvBEJ21YU9VNVqNSOCz1GA_0,uvBEJ21YU9VNVqNSOCz1GA,0,./data/centercity/images/uvBEJ21YU9VNVqNSOCz1GA_0.jpg,False
,deploy,uvBEJ21YU9VNVqNSOCz1GA_90,uvBEJ21YU9VNVqNSOCz1GA,90,./data/centercity/images/uvBEJ21YU9VNVqNSOCz1GA_90.jpg,False
,deploy,uvBEJ21YU9VNVqNSOCz1GA_180,uvBEJ21YU9VNVqNSOCz1GA,180,./data/centercity/images/uvBEJ21YU9VNVqNSOCz1GA_180.jpg,False
,deploy,uvBEJ21YU9VNVqNSOCz1GA_270,uvBEJ21YU9VNVqNSOCz1GA,270,./data/centercity/images/uvBEJ21YU9VNVqNSOCz1GA_270.jpg,False
,deploy,5pmUgg3yLe62W4wqOETuZg_0,5pmUgg3yLe62W4wqOETuZg,0,./data/centercity/images/5pmUgg3yLe62W4wqOETuZg_0.jpg,False
,deploy,5pmUgg3yLe62W4wqOETuZg_90,5pmUgg3yLe62W4wqOETuZg,90,./data/centercity/images/5pmUgg3yLe62W4wqOETuZg_90.jpg,False
,deploy,5pmUgg3yLe62W4wqOETuZg_180,5pmUgg3yLe62W4wqOETuZg,180,./data/centercity/images/5pmUgg3yLe62W4wqOETuZg_180.jpg,False
,deploy,5pmUgg3yLe62W4wqOETuZg_270,5pmUgg3yLe62W4wqOETuZg,270,./data/centercity/images/5pmUgg3yLe62W4wqOETuZg_270.jpg,False
,deploy,ttWeeNUD8Qz5Wmttwle4vA_0,ttWeeNUD8Qz5Wmttwle4vA,0,./data/centercity/images/ttWeeNUD8Qz5Wmttwle4vA_0.jpg,False
,deploy,ttWeeNUD8Qz5Wmttwle4vA_90,ttWeeNUD8Qz5Wmttwle4vA,90,./data/centercity/images/ttWeeNUD8Qz5Wmttwle4vA_90.jpg,False
,deploy,ttWeeNUD8Qz5Wmttwle4vA_180,ttWeeNUD8Qz5Wmttwle4vA,180,./data/centercity/images/ttWeeNUD8Qz5Wmttwle4vA_180.jpg,False
,deploy,ttWeeNUD8Qz5Wmttwle4vA_270,ttWeeNUD8Qz5Wmttwle4vA,270,./data/centercity/images/ttWeeNUD8Qz5Wmttwle4vA_270.jpg,False
,deploy,CAoSF0NJSE0wb2dLRUlDQWdJRGE2ZFB3cWdF_0,CAoSF0NJSE0wb2dLRUlDQWdJRGE2ZFB3cWdF,0,./data/centercity/images/CAoSF0NJSE0wb2dLRUlDQWdJRGE2ZFB3cWdF_0.jpg,False
,deploy,CAoSF0NJSE0wb2dLRUlDQWdJRGE2ZFB3cWdF_90,CAoSF0NJSE0wb2dLRUlDQWdJRGE2ZFB3cWdF,90,./data/centercity/images/CAoSF0NJSE0wb2dLRUlDQWdJRGE2ZFB3cWdF_90.jpg,False
,deploy,CAoSF0NJSE0wb2dLRUlDQWdJRGE2ZFB3cWdF_180,CAoSF0NJSE0wb2dLRUlDQWdJRGE2ZFB3cWdF,180,./data/centercity/images/CAoSF0NJSE0wb2dLRUlDQWdJRGE2ZFB3cWdF_180.jpg,False
,deploy,CAoSF0NJSE0wb2dLRUlDQWdJRGE2ZFB3cWdF_270,CAoSF0NJSE0wb2dLRUlDQWdJRGE2ZFB3cWdF,270,./data/centercity/images/CAoSF0NJSE0wb2dLRUlDQWdJRGE2ZFB3cWdF_270.jpg,False
,deploy,CAoSF0NJSE0wb2dLRUlDQWdJRE92dGFaM0FF_0,CAoSF0NJSE0wb2dLRUlDQWdJRE92dGFaM0FF,0,./data/centercity/images/CAoSF0NJSE0wb2dLRUlDQWdJRE92dGFaM0FF_0.jpg,False
,deploy,CAoSF0NJSE0wb2dLRUlDQWdJRE92dGFaM0FF_90,CAoSF0NJSE0wb2dLRUlDQWdJRE92dGFaM0FF,90,./data/centercity/images/CAoSF0NJSE0wb2dLRUlDQWdJRE92dGFaM0FF_90.jpg,False
,deploy,CAoSF0NJSE0wb2dLRUlDQWdJRE92dGFaM0FF_180,CAoSF0NJSE0wb2dLRUlDQWdJRE92dGFaM0FF,180,./data/centercity/images/CAoSF0NJSE0wb2dLRUlDQWdJRE92dGFaM0FF_180.jpg,False
,deploy,CAoSF0NJSE0wb2dLRUlDQWdJRE92dGFaM0FF_270,CAoSF0NJSE0wb2dLRUlDQWdJRE92dGFaM0FF,270,./data/centercity/images/CAoSF0NJSE0wb2dLRUlDQWdJRE92dGFaM0FF_270.jpg,False
,deploy,CAoSF0NJSE0wb2dLRUlDQWdJQ083TG1lc3dF_0,CAoSF0NJSE0wb2dLRUlDQWdJQ083TG1lc3dF,0,./data/centercity/images/CAoSF0NJSE0wb2dLRUlDQWdJQ083TG1lc3dF_0.jpg,False
,deploy,CAoSF0NJSE0wb2dLRUlDQWdJQ083TG1lc3dF_90,CAoSF0NJSE0wb2dLRUlDQWdJQ083TG1lc3dF,90,./data/centercity/images/CAoSF0NJSE0wb2dLRUlDQWdJQ083TG1lc3dF_90.jpg,False
,deploy,CAoSF0NJSE0wb2dLRUlDQWdJQ083TG1lc3dF_180,CAoSF0NJSE0wb2dLRUlDQWdJQ083TG1lc3dF,180,./data/centercity/images/CAoSF0NJSE0wb2dLRUlDQWdJQ083TG1lc3dF_180.jpg,False
,deploy,CAoSF0NJSE0wb2dLRUlDQWdJQ083TG1lc3dF_270,CAoSF0NJSE0wb2dLRUlDQWdJQ083TG1lc3dF,270,./data/centercity/images/CAoSF0NJSE0wb2dLRUlDQWdJQ083TG1lc3dF_270.jpg,False
,deploy,CAoSFkNJSE0wb2dLRUlDQWdJRGE2YS14Tnc._0,CAoSFkNJSE0wb2dLRUlDQWdJRGE2YS14Tnc.,0,./data/centercity/images/CAoSFkNJSE0wb2dLRUlDQWdJRGE2YS14Tnc._0.jpg,False
,deploy,CAoSFkNJSE0wb2dLRUlDQWdJRGE2YS14Tnc._90,CAoSFkNJSE0wb2dLRUlDQWdJRGE2YS14Tnc.,90,./data/centercity/images/CAoSFkNJSE0wb2dLRUlDQWdJRGE2YS14Tnc._90.jpg,False
,deploy,CAoSFkNJSE0wb2dLRUlDQWdJRGE2YS14Tnc._180,CAoSFkNJSE0wb2dLRUlDQWdJRGE2YS14Tnc.,180,./data/centercity/images/CAoSFkNJSE0wb2dLRUlDQWdJRGE2YS14Tnc._180.jpg,False
,deploy,CAoSFkNJSE0wb2dLRUlDQWdJRGE2YS14Tnc._270,CAoSFkNJSE0wb2dLRUlDQWdJRGE2YS14Tnc.,270,./data/centercity/images/CAoSFkNJSE0wb2dLRUlDQWdJRGE2YS14Tnc._270.jpg,False
,deploy,-P5xnKS81oOHailY1cHJFg_0,-P5xnKS81oOHailY1cHJFg,0,./data/centercity/images/-P5xnKS81oOHailY1cHJFg_0.jpg,False
,deploy,-P5xnKS81oOHailY1cHJFg_90,-P5xnKS81oOHailY1cHJFg,90,./data/centercity/images/-P5xnKS81oOHailY1cHJFg_90.jpg,False
,deploy,-P5xnKS81oOHailY1cHJFg_180,-P5xnKS81oOHailY1cHJFg,180,./data/centercity/images/-P5xnKS81oOHailY1cHJFg_180.jpg,False
,deploy,-P5xnKS81oOHailY1cHJFg_270,-P5xnKS81oOHailY1cHJFg,270,./data/centercity/images/-P5xnKS81oOHailY1cHJFg_270.jpg,False
,deploy,gz3RVJWENUidA1mGyc4Cww_0,gz3RVJWENUidA1mGyc4Cww,0,./data/centercity/images/gz3RVJWENUidA1mGyc4Cww_0.jpg,False
,deploy,gz3RVJWENUidA1mGyc4Cww_90,gz3RVJWENUidA1mGyc4Cww,90,./data/centercity/images/gz3RVJWENUidA1mGyc4Cww_90.jpg,False
,deploy,gz3RVJWENUidA1mGyc4Cww_180,gz3RVJWENUidA1mGyc4Cww,180,./data/centercity/images/gz3RVJWENUidA1mGyc4Cww_180.jpg,False
,deploy,gz3RVJWENUidA1mGyc4Cww_270,gz3RVJWENUidA1mGyc4Cww,270,./data/centercity/images/gz3RVJWENUidA1mGyc4Cww_270.jpg,False
,deploy,9vgLfKOJD40985NfUKZ7xg_0,9vgLfKOJD40985NfUKZ7xg,0,./data/centercity/images/9vgLfKOJD40985NfUKZ7xg_0.jpg,False
,deploy,9vgLfKOJD40985NfUKZ7xg_90,9vgLfKOJD40985NfUKZ7xg,90,./data/centercity/images/9vgLfKOJD40985NfUKZ7xg_90.jpg,False
,deploy,9vgLfKOJD40985NfUKZ7xg_180,9vgLfKOJD40985NfUKZ7xg,180,./data/centercity/images/9vgLfKOJD40985NfUKZ7xg_180.jpg,False
,deploy,9vgLfKOJD40985NfUKZ7xg_270,9vgLfKOJD40985NfUKZ7xg,270,./data/centercity/images/9vgLfKOJD40985NfUKZ7xg_270.jpg,False
,deploy,vuL3mfHwiUQ-jPvktU4NZg_0,vuL3mfHwiUQ-jPvktU4NZg,0,./data/centercity/images/vuL3mfHwiUQ-jPvktU4NZg_0.jpg,False
,deploy,vuL3mfHwiUQ-jPvktU4NZg_90,vuL3mfHwiUQ-jPvktU4NZg,90,./data/centercity/images/vuL3mfHwiUQ-jPvktU4NZg_90.jpg,False
,deploy,vuL3mfHwiUQ-jPvktU4NZg_180,vuL3mfHwiUQ-jPvktU4NZg,180,./data/centercity/images/vuL3mfHwiUQ-jPvktU4NZg_180.jpg,False
,deploy,vuL3mfHwiUQ-jPvktU4NZg_270,vuL3mfHwiUQ-jPvktU4NZg,270,./data/centercity/images/vuL3mfHwiUQ-jPvktU4NZg_270.jpg,False
,deploy,Xuz51HnllN8-R6nCTvj6DA_0,Xuz51HnllN8-R6nCTvj6DA,0,./data/centercity/images/Xuz51HnllN8-R6nCTvj6DA_0.jpg,False
,deploy,Xuz51HnllN8-R6nCTvj6DA_90,Xuz51HnllN8-R6nCTvj6DA,90,./data/centercity/images/Xuz51HnllN8-R6nCTvj6DA_90.jpg,False
,deploy,Xuz51HnllN8-R6nCTvj6DA_180,Xuz51HnllN8-R6nCTvj6DA,180,./data/centercity/images/Xuz51HnllN8-R6nCTvj6DA_180.jpg,False
,deploy,Xuz51HnllN8-R6nCTvj6DA_270,Xuz51HnllN8-R6nCTvj6DA,270,./data/centercity/images/Xuz51HnllN8-R6nCTvj6DA_270.jpg,False
,deploy,CAoSFkNJSE0wb2dLRUlDQWdJRGFtYlhlSVE._0,CAoSFkNJSE0wb2dLRUlDQWdJRGFtYlhlSVE.,0,./data/centercity/images/CAoSFkNJSE0wb2dLRUlDQWdJRGFtYlhlSVE._0.jpg,False
,deploy,CAoSFkNJSE0wb2dLRUlDQWdJRGFtYlhlSVE._90,CAoSFkNJSE0wb2dLRUlDQWdJRGFtYlhlSVE.,90,./data/centercity/images/CAoSFkNJSE0wb2dLRUlDQWdJRGFtYlhlSVE._90.jpg,False
,deploy,CAoSFkNJSE0wb2dLRUlDQWdJRGFtYlhlSVE._180,CAoSFkNJSE0wb2dLRUlDQWdJRGFtYlhlSVE.,180,./data/centercity/images/CAoSFkNJSE0wb2dLRUlDQWdJRGFtYlhlSVE._180.jpg,False
,deploy,CAoSFkNJSE0wb2dLRUlDQWdJRGFtYlhlSVE._270,CAoSFkNJSE0wb2dLRUlDQWdJRGFtYlhlSVE.,270,./data/centercity/images/CAoSFkNJSE0wb2dLRUlDQWdJRGFtYlhlSVE._270.jpg,False
,deploy,URPR-euerPeEUmLqUf5_EA_0,URPR-euerPeEUmLqUf5_EA,0,./data/centercity/images/URPR-euerPeEUmLqUf5_EA_0.jpg,False
,deploy,URPR-euerPeEUmLqUf5_EA_90,URPR-euerPeEUmLqUf5_EA,90,./data/centercity/images/URPR-euerPeEUmLqUf5_EA_90.jpg,False
,deploy,URPR-euerPeEUmLqUf5_EA_180,URPR-euerPeEUmLqUf5_EA,180,./data/centercity/images/URPR-euerPeEUmLqUf5_EA_180.jpg,False
,deploy,URPR-euerPeEUmLqUf5_EA_270,URPR-euerPeEUmLqUf5_EA,270,./data/centercity/images/URPR-euerPeEUmLqUf5_EA_270.jpg,False
,deploy,T28qIliDS_WY492XvENwXg_0,T28qIliDS_WY492XvENwXg,0,./data/centercity/images/T28qIliDS_WY492XvENwXg_0.jpg,False
,deploy,T28qIliDS_WY492XvENwXg_90,T28qIliDS_WY492XvENwXg,90,./data/centercity/images/T28qIliDS_WY492XvENwXg_90.jpg,False
,deploy,T28qIliDS_WY492XvENwXg_180,T28qIliDS_WY492XvENwXg,180,./data/centercity/images/T28qIliDS_WY492XvENwXg_180.jpg,False
,deploy,T28qIliDS_WY492XvENwXg_270,T28qIliDS_WY492XvENwXg,270,./data/centercity/images/T28qIliDS_WY492XvENwXg_270.jpg,False
,deploy,CAoSF0NJSE0wb2dLRUlDQWdJRGFtZUx6M0FF_0,CAoSF0NJSE0wb2dLRUlDQWdJRGFtZUx6M0FF,0,./data/centercity/images/CAoSF0NJSE0wb2dLRUlDQWdJRGFtZUx6M0FF_0.jpg,False
,deploy,CAoSF0NJSE0wb2dLRUlDQWdJRGFtZUx6M0FF_90,CAoSF0NJSE0wb2dLRUlDQWdJRGFtZUx6M0FF,90,./data/centercity/images/CAoSF0NJSE0wb2dLRUlDQWdJRGFtZUx6M0FF_90.jpg,False
,deploy,CAoSF0NJSE0wb2dLRUlDQWdJRGFtZUx6M0FF_180,CAoSF0NJSE0wb2dLRUlDQWdJRGFtZUx6M0FF,180,./data/centercity/images/CAoSF0NJSE0wb2dLRUlDQWdJRGFtZUx6M0FF_180.jpg,False
,deploy,CAoSF0NJSE0wb2dLRUlDQWdJRGFtZUx6M0FF_270,CAoSF0NJSE0wb2dLRUlDQWdJRGFtZUx6M0FF,270,./data/centercity/images/CAoSF0NJSE0wb2dLRUlDQWdJRGFtZUx6M0FF_270.jpg,False
,deploy,CAoSF0NJSE0wb2dLRUlDQWdJQzI2X3FSeEFF_0,CAoSF0NJSE0wb2dLRUlDQWdJQzI2X3FSeEFF,0,./data/centercity/images/CAoSF0NJSE0wb2dLRUlDQWdJQzI2X3FSeEFF_0.jpg,False
,deploy,CAoSF0NJSE0wb2dLRUlDQWdJQzI2X3FSeEFF_90,CAoSF0NJSE0wb2dLRUlDQWdJQzI2X3FSeEFF,90,./data/centercity/images/CAoSF0NJSE0wb2dLRUlDQWdJQzI2X3FSeEFF_90.jpg,False
,deploy,CAoSF0NJSE0wb2dLRUlDQWdJQzI2X3FSeEFF_180,CAoSF0NJSE0wb2dLRUlDQWdJQzI2X3FSeEFF,180,./data/centercity/images/CAoSF0NJSE0wb2dLRUlDQWdJQzI2X3FSeEFF_180.jpg,False
,deploy,CAoSF0NJSE0wb2dLRUlDQWdJQzI2X3FSeEFF_270,CAoSF0NJSE0wb2dLRUlDQWdJQzI2X3FSeEFF,270,./data/centercity/images/CAoSF0NJSE0wb2dLRUlDQWdJQzI2X3FSeEFF_270.jpg,False
