{
"type": "FeatureCollection",
"name": "philadelphia_boundary_wgs84",
"crs": { "type": "name", "properties": { "name": "urn:ogc:def:crs:OGC:1.3:CRS84" } },
"features": [
{ "type": "Feature", "properties": { "OBJECTID": 1, "Shape__Are": 3970705839.2602201, "Shape__Len": 394751.12047005002 }, "geometry": { "type": "Polygon", "coordinates": [ [ [ -75.014965685116906, 40.137926733756956 ], [ -75.014560667641518, 40.137680656729039 ], [ -75.013868430976402, 40.13725936609903 ], [ -75.012233942817261, 40.136258290318253 ], [ -75.01145933361164, 40.135783843772622 ], [ -75.01062219737598, 40.135271085404973 ], [ -75.010427756440308, 40.13515198409381 ], [ -75.009463198398649, 40.134571134534681 ], [ -75.009093822761557, 40.134356189032417 ], [ -75.008335970794931, 40.133915170473003 ], [ -75.00690178296199, 40.133080565214989 ], [ -75.005958612687536, 40.132531912112512 ], [ -75.00327001394848, 40.130967841806815 ], [ -75.000951724754003, 40.129611277307625 ], [ -74.99974011645503, 40.128907037530638 ], [ -74.998534693145743, 40.128197940443897 ], [ -74.997885061602148, 40.127817935491969 ], [ -74.997801908420129, 40.127903745067556 ], [ -74.997572201841152, 40.128119593651085 ], [ -74.99744966075933, 40.12825118038473 ], [ -74.994195293111687, 40.131510142331429 ], [ -74.993846812628462, 40.131854657138476 ], [ -74.993673177602986, 40.131734367167411 ], [ -74.99350785628387, 40.131615762922245 ], [ -74.993431066615187, 40.131551523927754 ], [ -74.993355338695181, 40.131461188517399 ], [ -74.993210781903045, 40.131319861105567 ], [ -74.993100937526705, 40.1311851774188 ], [ -74.992996757971511, 40.131050629407454 ], [ -74.992921562253827, 40.130947241026213 ], [ -74.99284088459396, 40.130816157658238 ], [ -74.99278026323401, 40.130726183968044 ], [ -74.992751102358255, 40.130606490510246 ], [ -74.992743902656855, 40.130504741077786 ], [ -74.99277176322687, 40.130424142119097 ], [ -74.992813601015371, 40.130301798589528 ], [ -74.992863941778296, 40.130226090660862 ], [ -74.992940728080271, 40.130197457450436 ], [ -74.99304696881768, 40.130188398503435 ], [ -74.99310379900723, 40.130092536077456 ], [ -74.993112530413015, 40.130017281355016 ], [ -74.993100550733274, 40.129893647692995 ], [ -74.993133832529651, 40.129795770073692 ], [ -74.993186238544652, 40.129762191161213 ], [ -74.993278140645913, 40.129733920064098 ], [ -74.993388982536004, 40.129704652137924 ], [ -74.993481049607468, 40.129672032703148 ], [ -74.993524368256843, 40.129629540585796 ], [ -74.993502582023254, 40.129514376210473 ], [ -74.993449407101721, 40.129427482750117 ], [ -74.993417109693809, 40.129175663525494 ], [ -74.993422239360129, 40.129003097773925 ], [ -74.993506282787067, 40.128772926229459 ], [ -74.993660194430021, 40.128753403623463 ], [ -74.993691711419743, 40.128675793527265 ], [ -74.993783079899515, 40.128614133910304 ], [ -74.993811988110906, 40.12850743803299 ], [ -74.993794994157668, 40.128460599007056 ], [ -74.993660126593838, 40.128383353512895 ], [ -74.993687032962853, 40.128209858950243 ], [ -74.993668268039116, 40.128113635255083 ], [ -74.993752056671823, 40.12791248068995 ], [ -74.993893814007023, 40.127750451788586 ], [ -74.994004592238085, 40.127676191758646 ], [ -74.99410002984402, 40.127607375879904 ], [ -74.99423670789767, 40.127500360901806 ], [ -74.994407383155362, 40.127278076448455 ], [ -74.994472761712373, 40.127111306384002 ], [ -74.994526457920813, 40.12695296966411 ], [ -74.994544094713447, 40.126682028193002 ], [ -74.994480699408086, 40.126520877005518 ], [ -74.994426403674368, 40.126415097853354 ], [ -74.994350257797564, 40.126218814992662 ], [ -74.994275891836182, 40.126141578083008 ], [ -74.994153253720214, 40.126089297195172 ], [ -74.993924322386448, 40.126047534335186 ], [ -74.993481099148028, 40.125999184204481 ], [ -74.993147113964696, 40.1259374841759 ], [ -74.992876164672865, 40.125906317650426 ], [ -74.992635907114618, 40.125910721461416 ], [ -74.992363725252005, 40.125933218538172 ], [ -74.992043972025414, 40.125986498846842 ], [ -74.9917021405969, 40.126071173438042 ], [ -74.991453799310364, 40.126134869140266 ], [ -74.991066283013282, 40.126203938931177 ], [ -74.990781998031437, 40.126268221640586 ], [ -74.990620173063618, 40.126296263704731 ], [ -74.990395323396442, 40.126250861315619 ], [ -74.99029392977188, 40.126230388982393 ], [ -74.990081230082438, 40.126231087623921 ], [ -74.989740813409639, 40.126234532452592 ], [ -74.98955933046355, 40.126234528649796 ], [ -74.989337847080591, 40.126195836805522 ], [ -74.989155834598449, 40.126162444225805 ], [ -74.989058753139261, 40.126109320617203 ], [ -74.989041871625034, 40.126013141195962 ], [ -74.989012199693434, 40.125906490696266 ], [ -74.988976969916521, 40.125796814336418 ], [ -74.988991251189717, 40.125724594474455 ], [ -74.989066738667731, 40.125634984738504 ], [ -74.989072281527811, 40.125568366949068 ], [ -74.989013510514056, 40.12547988614137 ], [ -74.988938501929553, 40.125418588037249 ], [ -74.988797452229136, 40.1253078217009 ], [ -74.988713009042797, 40.12515341517414 ], [ -74.988694533128893, 40.125096384696995 ], [ -74.988500206655829, 40.1246926460677 ], [ -74.988482690605963, 40.124565977279907 ], [ -74.988389801974449, 40.124270612336765 ], [ -74.988361665049837, 40.124172711770406 ], [ -74.988273197362744, 40.124070460956851 ], [ -74.98820733534582, 40.124016635540144 ], [ -74.98805750213441, 40.123959342695834 ], [ -74.987838963835557, 40.123941037507002 ], [ -74.987706540608087, 40.123897218787384 ], [ -74.987542663793278, 40.123790254616829 ], [ -74.987385219640302, 40.123664576424169 ], [ -74.987314699696171, 40.123585967407813 ], [ -74.987194845722641, 40.123511985010907 ], [ -74.987045006840233, 40.123477911114598 ], [ -74.98684418576056, 40.123326518802841 ], [ -74.986669449086619, 40.123161245748179 ], [ -74.986547003414984, 40.123058168033474 ], [ -74.986491063815194, 40.123039415201795 ], [ -74.986424550149621, 40.123047971829791 ], [ -74.98624330429621, 40.123135038254446 ], [ -74.986036391807588, 40.123249060131556 ], [ -74.985919593701283, 40.123331872153088 ], [ -74.985674322577481, 40.12348269905533 ], [ -74.98552759662428, 40.123603969643057 ], [ -74.985132763153572, 40.123829565750206 ], [ -74.984998435709457, 40.123901800427625 ], [ -74.984864885458762, 40.123931964851153 ], [ -74.98469840552643, 40.123935215401929 ], [ -74.98455246108864, 40.123898330464996 ], [ -74.984454614078814, 40.123840832238905 ], [ -74.984386162696822, 40.123757918946588 ], [ -74.984357913480423, 40.123662915985705 ], [ -74.984305920960296, 40.123593463913537 ], [ -74.984212744213096, 40.12356074897405 ], [ -74.984078537141656, 40.123560422621175 ], [ -74.983975028057046, 40.123595660683257 ], [ -74.983676765026544, 40.12360880544167 ], [ -74.983543498841527, 40.1236317215808 ], [ -74.983438095388991, 40.123620481644892 ], [ -74.983136971539523, 40.123449252037808 ], [ -74.982905636128137, 40.123327592542921 ], [ -74.982819071317365, 40.123271815055354 ], [ -74.98268134759347, 40.123149506136073 ], [ -74.982610958227198, 40.123021563827791 ], [ -74.982585002237059, 40.122916460521814 ], [ -74.982584488718757, 40.122790199701164 ], [ -74.982601793966865, 40.122736921576625 ], [ -74.982737543193679, 40.122537024722455 ], [ -74.982756268857003, 40.122448954529204 ], [ -74.982722406283699, 40.122352365295882 ], [ -74.982633482627165, 40.122215263655804 ], [ -74.982505397554732, 40.12194952931965 ], [ -74.982446927820874, 40.121900230489722 ], [ -74.982325773279342, 40.121904568289402 ], [ -74.982257905013697, 40.121900033433661 ], [ -74.982190398768097, 40.121840361953751 ], [ -74.982193240519308, 40.12177077787495 ], [ -74.982251434181279, 40.121688009826968 ], [ -74.982378281057848, 40.121521274663174 ], [ -74.982388147748324, 40.121418484132874 ], [ -74.982411951644679, 40.121298611401322 ], [ -74.982454508853408, 40.12122853241501 ], [ -74.98260003326412, 40.121182692141012 ], [ -74.982769589976442, 40.121150495463112 ], [ -74.982930701859615, 40.121093424130066 ], [ -74.983002238998594, 40.121008075372437 ], [ -74.983067514944736, 40.120890651128853 ], [ -74.98308080116233, 40.12079664714414 ], [ -74.983077694797373, 40.120641300581219 ], [ -74.983033278852332, 40.12045592767911 ], [ -74.982982840653534, 40.120348784633585 ], [ -74.982921294634338, 40.120282003381391 ], [ -74.982787644823162, 40.120222191330328 ], [ -74.982714180451495, 40.12016963033453 ], [ -74.982673175861464, 40.120109146126225 ], [ -74.982618066047536, 40.1200468717375 ], [ -74.982514562797277, 40.119989235552161 ], [ -74.982370930130713, 40.119942248214294 ], [ -74.982164100396687, 40.119915500367888 ], [ -74.981980983318792, 40.119909641997964 ], [ -74.981833154087781, 40.119919148990341 ], [ -74.981697248888381, 40.119960858647531 ], [ -74.981587002945076, 40.120022054228599 ], [ -74.981507151172593, 40.120079629296896 ], [ -74.981358080353289, 40.120142791389341 ], [ -74.981203758171006, 40.120172451319512 ], [ -74.981052211833742, 40.120180417106909 ], [ -74.980869401935337, 40.120167310785817 ], [ -74.980725059419072, 40.120137712906214 ], [ -74.980411892404206, 40.120076476241252 ], [ -74.980290983945238, 40.120005362342809 ], [ -74.980104251095042, 40.119850179059675 ], [ -74.979965297381227, 40.119734703082017 ], [ -74.979850397905565, 40.119639215384304 ], [ -74.979761784940337, 40.119564517706529 ], [ -74.97971151035253, 40.119499456891504 ], [ -74.979599400805881, 40.119421300596706 ], [ -74.979468820282378, 40.119378967152699 ], [ -74.979283114624664, 40.119344018679016 ], [ -74.979131925420134, 40.119343286185106 ], [ -74.979007879761141, 40.119372221967481 ], [ -74.978890674097968, 40.119418731085915 ], [ -74.97879907915987, 40.119486176366337 ], [ -74.978687476921209, 40.119534280051511 ], [ -74.978603144290418, 40.11953950122701 ], [ -74.978478108653064, 40.11950021073406 ], [ -74.978366524800379, 40.119455441444472 ], [ -74.978242597149986, 40.11948147781834 ], [ -74.977975249333795, 40.119594028558716 ], [ -74.977736535726621, 40.119653574340539 ], [ -74.97764600678866, 40.119694922458905 ], [ -74.977586621099789, 40.119760250900008 ], [ -74.977547906402762, 40.119828970112785 ], [ -74.977519360144726, 40.120018380308665 ], [ -74.977382442666652, 40.120061520261928 ], [ -74.977246366469259, 40.120061140704244 ], [ -74.977141977982626, 40.120025248049927 ], [ -74.977040723007832, 40.119958956715145 ], [ -74.976928902522943, 40.119919974193877 ], [ -74.976794476844915, 40.119925445790557 ], [ -74.976611349868023, 40.119966010701965 ], [ -74.976398481349932, 40.120040693305171 ], [ -74.976136328190194, 40.120141759417365 ], [ -74.976065673451799, 40.120205355554859 ], [ -74.976028655095391, 40.120278467380395 ], [ -74.976066223417959, 40.120376598965713 ], [ -74.976029738834001, 40.12043666717868 ], [ -74.975930599185119, 40.120457496186404 ], [ -74.97581434958559, 40.120434381697045 ], [ -74.975731036019923, 40.120391733560048 ], [ -74.975732174496031, 40.120317756219499 ], [ -74.975723506217278, 40.120252246616261 ], [ -74.975671240254698, 40.120190037357709 ], [ -74.97556614046718, 40.120171534754299 ], [ -74.975389636569531, 40.120189046002764 ], [ -74.975225991268786, 40.120215571585462 ], [ -74.975100469905129, 40.120211092015083 ], [ -74.974971956505158, 40.120164451153819 ], [ -74.97480549714038, 40.120074814447371 ], [ -74.974687669527071, 40.119997965981113 ], [ -74.974611860791612, 40.119910516736695 ], [ -74.974535933351632, 40.119849186577802 ], [ -74.974426536459475, 40.119797203581669 ], [ -74.974287148319632, 40.119785134794142 ], [ -74.974075359093348, 40.119787276057814 ], [ -74.973607684277383, 40.119806459727009 ], [ -74.973366153404029, 40.1197962758255 ], [ -74.973110684026977, 40.119779951935982 ], [ -74.972991064182281, 40.119793021224616 ], [ -74.972867490163253, 40.119810356074744 ], [ -74.972770891892253, 40.119815276774347 ], [ -74.972671812849441, 40.119788221573565 ], [ -74.972570634085656, 40.11972046829586 ], [ -74.972546807168882, 40.119656042971634 ], [ -74.972505706322536, 40.119552021884282 ], [ -74.972428415668745, 40.119500812412049 ], [ -74.972238891656062, 40.119420778828463 ], [ -74.972055745702136, 40.119300260726078 ], [ -74.971932972425193, 40.119205872159853 ], [ -74.971858402440077, 40.119134408872597 ], [ -74.971784783138659, 40.119039756926064 ], [ -74.971709765603293, 40.118887024182932 ], [ -74.971602748427429, 40.118800269527036 ], [ -74.971494246684372, 40.118726544416837 ], [ -74.971296193081841, 40.118578092050491 ], [ -74.971206762335626, 40.118454034134217 ], [ -74.971141242237849, 40.118346520935475 ], [ -74.971019750329575, 40.118105594109352 ], [ -74.970913880404638, 40.117921640940892 ], [ -74.970842405313107, 40.117751575456467 ], [ -74.970750386958841, 40.117644872292857 ], [ -74.970613575011953, 40.117524020835575 ], [ -74.970451108313924, 40.117383680648096 ], [ -74.970346595119267, 40.117189604607745 ], [ -74.970267733306557, 40.117084660764817 ], [ -74.970178421907235, 40.117004144584087 ], [ -74.97008189033356, 40.11696117261549 ], [ -74.969986068698475, 40.116947250240045 ], [ -74.969915783487224, 40.116955706049957 ], [ -74.969865620620808, 40.116980615307305 ], [ -74.969813272754806, 40.117012725338434 ], [ -74.969737502268742, 40.11701670525585 ], [ -74.969645563616552, 40.11699996602141 ], [ -74.969591878498662, 40.116972545882497 ], [ -74.969478952422193, 40.116914669731997 ], [ -74.969324841789486, 40.116847093192078 ], [ -74.969202285438968, 40.116816556663593 ], [ -74.969085969423162, 40.116841316494522 ], [ -74.968916428716383, 40.116873493296445 ], [ -74.968685207766413, 40.116934661217869 ], [ -74.968439523327291, 40.117025944049495 ], [ -74.968319593656375, 40.117092695755723 ], [ -74.968216296007398, 40.117168563064006 ], [ -74.968124588274051, 40.117215687152296 ], [ -74.968034504687054, 40.117291864975371 ], [ -74.967890195446984, 40.117400115496309 ], [ -74.967732005457179, 40.117523987974558 ], [ -74.967563559775556, 40.117621490014727 ], [ -74.967515849979279, 40.117678382614862 ], [ -74.967483472541971, 40.117799496165418 ], [ -74.967461440554501, 40.117875878537298 ], [ -74.967353429909437, 40.117928410448862 ], [ -74.967122221156018, 40.117943134387296 ], [ -74.966949657949982, 40.118002808035733 ], [ -74.966721034045847, 40.118046608259114 ], [ -74.966532599615846, 40.118078333343163 ], [ -74.966383760331368, 40.118112458336661 ], [ -74.966079164480135, 40.118234235191608 ], [ -74.965919516235587, 40.118301473635363 ], [ -74.965772694335513, 40.118332754257814 ], [ -74.965591970798627, 40.118406735605383 ], [ -74.965430195362572, 40.118479733800726 ], [ -74.965332496106768, 40.118557184935234 ], [ -74.965260195035825, 40.118614931872635 ], [ -74.965147635251725, 40.118662990422386 ], [ -74.964992910772551, 40.118656341768919 ], [ -74.964835364063205, 40.118626403906362 ], [ -74.964732943402709, 40.118589096709847 ], [ -74.964627272021559, 40.118538645123387 ], [ -74.964533761226875, 40.118468177823857 ], [ -74.964487646684546, 40.118394506383417 ], [ -74.964507367279964, 40.118236800747653 ], [ -74.964487521375929, 40.118121685516421 ], [ -74.964416758278986, 40.117980656462493 ], [ -74.964332558074545, 40.117821893110722 ], [ -74.964280361520068, 40.117620365157173 ], [ -74.96420550416822, 40.117395076539076 ], [ -74.964145272677129, 40.117324802376807 ], [ -74.964115313543388, 40.117289853796834 ], [ -74.963997085878418, 40.117223139355886 ], [ -74.963829189283658, 40.117123296304726 ], [ -74.963734548914147, 40.117080373750866 ], [ -74.963574657730319, 40.117038762413564 ], [ -74.963441894069049, 40.117003620164382 ], [ -74.963377302259588, 40.116965777662507 ], [ -74.963293531811317, 40.116888282657683 ], [ -74.963219469700988, 40.116758787648401 ], [ -74.963173836212988, 40.116674620752143 ], [ -74.963149834494601, 40.116498798294202 ], [ -74.963140503269031, 40.116357806452619 ], [ -74.963154741721183, 40.11619562492352 ], [ -74.963132355897358, 40.116096396813475 ], [ -74.963113745146757, 40.115997269202211 ], [ -74.963110442274711, 40.115870939749534 ], [ -74.963145882789462, 40.115790530886159 ], [ -74.963248377037459, 40.11564209413374 ], [ -74.963315879356841, 40.115517480667755 ], [ -74.963329053303184, 40.115472809340829 ], [ -74.963394214365906, 40.115290091945973 ], [ -74.9634126535109, 40.115209270994129 ], [ -74.963348023260835, 40.115126445911635 ], [ -74.963259545886601, 40.115025616081041 ], [ -74.963235729467016, 40.114961188806667 ], [ -74.963144465967488, 40.114767426715723 ], [ -74.963089175514142, 40.114641287958733 ], [ -74.963110674701596, 40.114577958965654 ], [ -74.963247804222306, 40.114460836002962 ], [ -74.963456022849741, 40.11420031781163 ], [ -74.963668718667705, 40.11399215200673 ], [ -74.963999922752521, 40.11368236884384 ], [ -74.964090251902547, 40.113553955887134 ], [ -74.964137492292252, 40.113462226836106 ], [ -74.964155349503926, 40.113372687320805 ], [ -74.964136451898128, 40.113280806563864 ], [ -74.964020970147104, 40.113009542753055 ], [ -74.963918446919962, 40.112629752136073 ], [ -74.963877461991615, 40.112431396920627 ], [ -74.963882509387972, 40.112193536717221 ], [ -74.963878990260014, 40.112003342966055 ], [ -74.963848696660818, 40.11191263672238 ], [ -74.963783098778478, 40.111738356425299 ], [ -74.96377557539077, 40.111645300469142 ], [ -74.963794858823618, 40.11154418973198 ], [ -74.96385070203587, 40.111472979472033 ], [ -74.963934174096522, 40.111373424099682 ], [ -74.964044817557578, 40.111210676975766 ], [ -74.964103877489762, 40.111061187198544 ], [ -74.964119731201961, 40.110951279937204 ], [ -74.964119769349765, 40.110858407220228 ], [ -74.964039115504534, 40.110705532182124 ], [ -74.963901455024455, 40.110559980098941 ], [ -74.963837662962206, 40.110456856272862 ], [ -74.963839350748202, 40.110369826431665 ], [ -74.963811441497, 40.11022113076563 ], [ -74.963745174437108, 40.110086012849798 ], [ -74.963708881041299, 40.109957433183979 ], [ -74.963708800606355, 40.109867459030568 ], [ -74.963770205064122, 40.109752852733507 ], [ -74.963889807283195, 40.109601928721027 ], [ -74.963976813734931, 40.109508261921462 ], [ -74.964073607667189, 40.109452560167647 ], [ -74.964233396779889, 40.109427408250191 ], [ -74.964408128957729, 40.109498393247108 ], [ -74.96450762517631, 40.109468878725394 ], [ -74.964601108303199, 40.109401490503998 ], [ -74.964678437791335, 40.109313391680736 ], [ -74.964736780075668, 40.109181292984658 ], [ -74.964763492266016, 40.109083263536036 ], [ -74.964808602942583, 40.108997285598853 ], [ -74.964875779306212, 40.108926358452862 ], [ -74.964934441114238, 40.108878436669826 ], [ -74.96505777731366, 40.108820475606876 ], [ -74.965116450625032, 40.108772554014607 ], [ -74.965204526398054, 40.108652790134954 ], [ -74.965385523975414, 40.108387257449024 ], [ -74.965514914757676, 40.108227864584705 ], [ -74.965574325752428, 40.108151964299502 ], [ -74.96559071143264, 40.108131023712936 ], [ -74.965607478795221, 40.108090791380775 ], [ -74.96558208785288, 40.108063558767739 ], [ -74.965560417273693, 40.108040317895501 ], [ -74.965502388580973, 40.107980865402283 ], [ -74.965430677725664, 40.107886255026074 ], [ -74.965367231710587, 40.107774427027188 ], [ -74.96529412855017, 40.10762173569217 ], [ -74.965210773059496, 40.107442673860881 ], [ -74.965121963532724, 40.107304118256451 ], [ -74.965055678095354, 40.107215441939836 ], [ -74.964977334985946, 40.107190323564431 ], [ -74.96472482379103, 40.107172591755429 ], [ -74.964420036037623, 40.107139094553339 ], [ -74.964194068494862, 40.107119103218999 ], [ -74.963956776064478, 40.107098846019817 ], [ -74.963708993849508, 40.107058005887389 ], [ -74.963515620880926, 40.106980764948844 ], [ -74.963334884051292, 40.106871904897197 ], [ -74.963248316622213, 40.106771121030903 ], [ -74.963199497667688, 40.106671261099116 ], [ -74.963218255353908, 40.106640872003766 ], [ -74.963268342362298, 40.106559736896941 ], [ -74.963372324536948, 40.106512923427751 ], [ -74.963395474363509, 40.106504717073513 ], [ -74.963464374924783, 40.106480318958887 ], [ -74.963594542477338, 40.106439942859957 ], [ -74.963657585311893, 40.106377620637943 ], [ -74.963669186884374, 40.106279225202485 ], [ -74.9636050496607, 40.106138355769623 ], [ -74.963627034330742, 40.106063423642468 ], [ -74.963691375959854, 40.105969207838207 ], [ -74.963784855073385, 40.105901820263888 ], [ -74.963906080579591, 40.105803170949777 ], [ -74.963962049427181, 40.105729071322216 ], [ -74.963962087787962, 40.105636198571538 ], [ -74.963926234834503, 40.105588888400355 ], [ -74.963795976474586, 40.105539299414311 ], [ -74.963591045077237, 40.105467581296629 ], [ -74.963397915449036, 40.10538453400865 ], [ -74.963182840832062, 40.105283545693588 ], [ -74.96296316962318, 40.105202755743122 ], [ -74.962691919801443, 40.105135231201594 ], [ -74.96255447160398, 40.105076753064751 ], [ -74.962497747799702, 40.104985405491284 ], [ -74.962427605879256, 40.10485310310056 ], [ -74.962431659473481, 40.104754524730197 ], [ -74.962466268957584, 40.104647973838993 ], [ -74.962538410430554, 40.104548144861937 ], [ -74.962537616442063, 40.104475562092397 ], [ -74.962376727136771, 40.104343960843792 ], [ -74.962090432285478, 40.104136754849243 ], [ -74.961991373589171, 40.104018267228021 ], [ -74.961765619115226, 40.103809627026131 ], [ -74.961563307449154, 40.103674109477097 ], [ -74.961401110008907, 40.103574400116237 ], [ -74.961226980719246, 40.103488917394806 ], [ -74.961155748245531, 40.103445118270088 ], [ -74.961109018816273, 40.103416393781878 ], [ -74.961018445570176, 40.103321322784069 ], [ -74.960988278925086, 40.103227717164039 ], [ -74.960993527376175, 40.103100144147675 ], [ -74.961023182500256, 40.10302249707739 ], [ -74.961088065468743, 40.102777374783741 ], [ -74.961197530227395, 40.102597184104482 ], [ -74.961201031419321, 40.102420225835949 ], [ -74.961233417489254, 40.102275893338003 ], [ -74.961288951426184, 40.102120516496797 ], [ -74.961293245351314, 40.102016132008629 ], [ -74.961267667307297, 40.101948759918507 ], [ -74.961176487510883, 40.101868190597799 ], [ -74.961100060633527, 40.101796674467003 ], [ -74.961060002111779, 40.101668002323791 ], [ -74.961124081626934, 40.101396738365921 ], [ -74.961224888872678, 40.101288892234173 ], [ -74.961393085765508, 40.101150755613588 ], [ -74.961476191054246, 40.101059897661962 ], [ -74.961641685288512, 40.100895581995751 ], [ -74.961699799538849, 40.1007692821875 ], [ -74.961742564969782, 40.10064842201816 ], [ -74.961766684374879, 40.100521306678225 ], [ -74.961799080056181, 40.10037697428681 ], [ -74.961845422403698, 40.100169129976443 ], [ -74.961852535441267, 40.100088043559943 ], [ -74.96188848758861, 40.099903158928406 ], [ -74.961931013360584, 40.09978810482373 ], [ -74.961975883042882, 40.099707925083067 ], [ -74.962012238001236, 40.099650759526845 ], [ -74.962018647312547, 40.099587064802463 ], [ -74.961984348889189, 40.099502063592524 ], [ -74.961916426359977, 40.09940754250961 ], [ -74.961814283857393, 40.099317994344062 ], [ -74.961737501179627, 40.099255183336389 ], [ -74.96167192275216, 40.099195545495867 ], [ -74.961684927143551, 40.099155231447682 ], [ -74.961729081064476, 40.099092452221122 ], [ -74.961784319781955, 40.099035744755128 ], [ -74.962069375491311, 40.098766929285702 ], [ -74.962092539690317, 40.098663011426268 ], [ -74.962060716249269, 40.098609995330207 ], [ -74.961906675004684, 40.098495976869273 ], [ -74.961722546972879, 40.098378317966791 ], [ -74.961605189501725, 40.098291301987366 ], [ -74.961577486928334, 40.098229681313484 ], [ -74.961595207941627, 40.098166260979362 ], [ -74.961658602928352, 40.098095235106406 ], [ -74.961773320824307, 40.098016758657486 ], [ -74.961810998394867, 40.09792770016854 ], [ -74.961806538379733, 40.097852126962053 ], [ -74.961787111484554, 40.097773298289191 ], [ -74.961783043240189, 40.097769225874629 ], [ -74.961721773233549, 40.097707854328917 ], [ -74.961617844615944, 40.097661802535669 ], [ -74.961412939325413, 40.097590080498598 ], [ -74.961189270614796, 40.097514992415462 ], [ -74.961058564539243, 40.097476994865197 ], [ -74.960922760512659, 40.097470798573504 ], [ -74.960789549726286, 40.09749368867891 ], [ -74.960678030532577, 40.097540325679489 ], [ -74.96056746561672, 40.09756376501764 ], [ -74.960461641162823, 40.097564098569933 ], [ -74.960076584532743, 40.09746187118418 ], [ -74.959732580566566, 40.097372262820578 ], [ -74.95962523774287, 40.097317412905831 ], [ -74.959474500640923, 40.097215077066274 ], [ -74.959373990705473, 40.097177810569065 ], [ -74.958782434126107, 40.096905137054328 ], [ -74.958757009601683, 40.096895986526597 ], [ -74.958514302617175, 40.096808653768932 ], [ -74.958250662670068, 40.096694861116944 ], [ -74.958166576393126, 40.096626067256764 ], [ -74.95810938775297, 40.096546320735762 ], [ -74.958078392602516, 40.096473004276866 ], [ -74.957994903973429, 40.096389708454964 ], [ -74.957651360701121, 40.096105643541868 ], [ -74.957353171090617, 40.095959093334137 ], [ -74.957207600599602, 40.095914918218547 ], [ -74.95705731179163, 40.095893858031793 ], [ -74.956898018198999, 40.095907396453796 ], [ -74.956638909622797, 40.095959147750399 ], [ -74.956460863581583, 40.095969337428507 ], [ -74.956284980201417, 40.095927325942185 ], [ -74.956185429462252, 40.095866868135481 ], [ -74.956094993016606, 40.095768885645612 ], [ -74.956086179395882, 40.095707722584542 ], [ -74.956107559675772, 40.095647293383117 ], [ -74.95611773666495, 40.095583690417968 ], [ -74.955836408813255, 40.095257591852075 ], [ -74.955758359716981, 40.095133796949568 ], [ -74.955746847783018, 40.095046446033791 ], [ -74.955772252992176, 40.094980311791808 ], [ -74.955879152807682, 40.094724607498691 ], [ -74.956007060737733, 40.09446360180182 ], [ -74.95623346763513, 40.094013439011896 ], [ -74.956390873504134, 40.093724126177371 ], [ -74.956401815588748, 40.093550249961638 ], [ -74.956400957204352, 40.093387701839951 ], [ -74.956380738881762, 40.093236289079776 ], [ -74.956372691023972, 40.09306485280964 ], [ -74.956453023452298, 40.092857836362754 ], [ -74.956690003371875, 40.092471780099018 ], [ -74.956822226889813, 40.092289245171116 ], [ -74.956940858549899, 40.092161516737157 ], [ -74.95706374101853, 40.092022294616527 ], [ -74.957115490735589, 40.091866818698115 ], [ -74.957196989767283, 40.09167724796616 ], [ -74.957285176711821, 40.091554591447483 ], [ -74.957441127350933, 40.091346510137001 ], [ -74.957471605333964, 40.091248573668466 ], [ -74.957642137852787, 40.091145326221074 ], [ -74.957813706955406, 40.090833135015053 ], [ -74.957959060330225, 40.090560945352237 ], [ -74.957978215363369, 40.090462733729886 ], [ -74.957963046774836, 40.090372392771037 ], [ -74.957907535406378, 40.090252048165596 ], [ -74.957822310233894, 40.09011937585921 ], [ -74.95779215387131, 40.09002576931919 ], [ -74.957789143299379, 40.0899154043897 ], [ -74.957826940961994, 40.089823448591531 ], [ -74.957889603856586, 40.089769824880896 ], [ -74.957992035481766, 40.089714265682062 ], [ -74.958065792879466, 40.089666714305693 ], [ -74.958111734571673, 40.089560448908053 ], [ -74.958115554828268, 40.089467667726232 ], [ -74.958107814709891, 40.089380408680938 ], [ -74.958121285378908, 40.089328491451333 ], [ -74.958153517820705, 40.089279931399027 ], [ -74.95823271968267, 40.089191882623744 ], [ -74.95825008306619, 40.089137167474235 ], [ -74.958228787800977, 40.089011842111873 ], [ -74.958180331963035, 40.088720437375486 ], [ -74.958009153997054, 40.088243196130726 ], [ -74.957868229684252, 40.087903103519778 ], [ -74.957712642544138, 40.087643913597582 ], [ -74.957607976958784, 40.087203123038435 ], [ -74.957608859939043, 40.087089951199289 ], [ -74.957636959832257, 40.087049995305833 ], [ -74.958016217239916, 40.086832831041143 ], [ -74.958026006683497, 40.08659507641525 ], [ -74.958032788243543, 40.086476244935135 ], [ -74.958024605946406, 40.086307706990411 ], [ -74.958048022497323, 40.086197993009542 ], [ -74.958080480471935, 40.086143635546328 ], [ -74.958202156316517, 40.086033397841859 ], [ -74.958223828262476, 40.085874298487305 ], [ -74.958214498038899, 40.085641882369039 ], [ -74.958250425078518, 40.085274160527383 ], [ -74.958297126349763, 40.08505761273485 ], [ -74.958339410244974, 40.084948356985869 ], [ -74.958626113868959, 40.084592528899954 ], [ -74.958678234888723, 40.084381924558222 ], [ -74.958628961507216, 40.084293656817799 ], [ -74.958547350927219, 40.084256848097105 ], [ -74.958420923155074, 40.084207335888898 ], [ -74.958364353416002, 40.084113087867436 ], [ -74.958371827284495, 40.084023296872537 ], [ -74.958382119733685, 40.083956795090387 ], [ -74.958421419306546, 40.083920012538663 ], [ -74.958591277575195, 40.083924138080953 ], [ -74.95872068849954, 40.083901167857583 ], [ -74.958901850835588, 40.083722711968704 ], [ -74.958964194160302, 40.083584919480387 ], [ -74.958982903053254, 40.083451861269268 ], [ -74.958942978682671, 40.083320289665643 ], [ -74.958906100474366, 40.083206200822744 ], [ -74.959017045576502, 40.083081194464299 ], [ -74.959133315355473, 40.082918580213644 ], [ -74.95915306299085, 40.082805875496796 ], [ -74.959130347509372, 40.082715351383754 ], [ -74.959037571040227, 40.082582487362679 ], [ -74.958999272475552, 40.08250319967572 ], [ -74.959050390924645, 40.082408665591885 ], [ -74.959101379340808, 40.082363462284 ], [ -74.959248342453833, 40.082372833906383 ], [ -74.959278039832299, 40.082368671185662 ], [ -74.959665120657732, 40.082314399551422 ], [ -74.9597423906188, 40.082303561344126 ], [ -74.959858016315223, 40.082248330102921 ], [ -74.959953256140864, 40.08213744896765 ], [ -74.960009794702586, 40.082048849006505 ], [ -74.960049045865134, 40.081921668773646 ], [ -74.960072051613025, 40.081785326694877 ], [ -74.960076717578033, 40.081671913334937 ], [ -74.960077996517427, 40.081535043828836 ], [ -74.960059712444163, 40.081451124247529 ], [ -74.96003901382754, 40.081320398196766 ], [ -74.960041484036779, 40.081260356358378 ], [ -74.960105711766701, 40.081178439787635 ], [ -74.960179446157852, 40.081076723024637 ], [ -74.960625906834181, 40.080790384826891 ], [ -74.960814184088633, 40.080651376815538 ], [ -74.960882209243977, 40.080582905955971 ], [ -74.960985105274503, 40.080511947321291 ], [ -74.961074969981937, 40.080440672368667 ], [ -74.961120582382478, 40.080388354427491 ], [ -74.961272325662875, 40.080186681365497 ], [ -74.961404837538666, 40.080029622327523 ], [ -74.961522271900463, 40.079922288142335 ], [ -74.961634386864191, 40.07983818968755 ], [ -74.96172832330916, 40.079773690023217 ], [ -74.961748293705853, 40.079760144780593 ], [ -74.961892854588214, 40.079662046608938 ], [ -74.961956374117491, 40.07961894828199 ], [ -74.962014330481267, 40.079583626411392 ], [ -74.96210583854517, 40.079472319723351 ], [ -74.962131529501804, 40.079376113319562 ], [ -74.962129101823507, 40.079329306607413 ], [ -74.962155187652968, 40.079117916227247 ], [ -74.962198793827241, 40.079008781443171 ], [ -74.962268723605007, 40.078893617222995 ], [ -74.96233239802244, 40.078825040039526 ], [ -74.962384208860527, 40.078776260040542 ], [ -74.96239117643799, 40.078769698010419 ], [ -74.962468429750075, 40.078688096183754 ], [ -74.962505219353574, 40.078638906731712 ], [ -74.962533748796147, 40.078579496955449 ], [ -74.962531869209656, 40.07851934960501 ], [ -74.96251697061102, 40.078458886476454 ], [ -74.962480083900147, 40.078404566986258 ], [ -74.962429795219592, 40.078253092786639 ], [ -74.962422603586873, 40.078111007897363 ], [ -74.96242995566611, 40.078037730519831 ], [ -74.962457936570928, 40.077991661404667 ], [ -74.962512366711493, 40.077936213859445 ], [ -74.962628287642758, 40.077865569805375 ], [ -74.963182677848067, 40.077384837929323 ], [ -74.963285742641844, 40.077203688942298 ], [ -74.963393720527748, 40.077114487629892 ], [ -74.963504743604801, 40.077057077922376 ], [ -74.963635972528095, 40.077036885865716 ], [ -74.963778998463496, 40.077047030546808 ], [ -74.96432246366858, 40.077043508486774 ], [ -74.964798442404899, 40.077150360949467 ], [ -74.964911425501242, 40.077175725126594 ], [ -74.964972793074821, 40.077189493995483 ], [ -74.965040910586694, 40.077195992537014 ], [ -74.965148052277286, 40.077206221028923 ], [ -74.965254212638328, 40.077216353554803 ], [ -74.965440380820255, 40.07723421852554 ], [ -74.965735117211054, 40.077254713590762 ], [ -74.96603024089103, 40.077265206336818 ], [ -74.966182430028965, 40.077263883045809 ], [ -74.966297250810513, 40.077219916615249 ], [ -74.96648834798647, 40.077117695913358 ], [ -74.966595979410883, 40.077036827257707 ], [ -74.966669152054962, 40.07694844697226 ], [ -74.966749306400047, 40.076689941642108 ], [ -74.966773790974003, 40.076516906562567 ], [ -74.966820503021012, 40.076437905298647 ], [ -74.966940205088306, 40.076380702559497 ], [ -74.967267649840252, 40.076345218190816 ], [ -74.967551119505913, 40.076322040119635 ], [ -74.967807172164697, 40.076331573386604 ], [ -74.968281702944012, 40.076313009919026 ], [ -74.968744035486225, 40.076274118405948 ], [ -74.968892136811945, 40.076266015692397 ], [ -74.969039919728829, 40.076266249028059 ], [ -74.969125803862838, 40.076291701177645 ], [ -74.969295247418913, 40.076399307668567 ], [ -74.969479909736194, 40.076453866466771 ], [ -74.969626860953085, 40.07647410978327 ], [ -74.969748583184355, 40.076473720692725 ], [ -74.969823625386468, 40.076445485352984 ], [ -74.969899909896938, 40.076387229213822 ], [ -74.970010789749153, 40.076333143890075 ], [ -74.970109049014184, 40.076268742246604 ], [ -74.970250187932038, 40.076218731642363 ], [ -74.970367425838106, 40.076221567409746 ], [ -74.970510177684119, 40.076238374058519 ], [ -74.970692133705441, 40.076252794708445 ], [ -74.970837209311668, 40.076212898538046 ], [ -74.970940350286, 40.076135251346734 ], [ -74.971053142155569, 40.076034472613927 ], [ -74.97117028102565, 40.075933798891725 ], [ -74.971260265802698, 40.075859176285398 ], [ -74.971347281604906, 40.075751088053032 ], [ -74.971380957559049, 40.075671769869714 ], [ -74.971414428747138, 40.075597447683215 ], [ -74.971396541996796, 40.07550352885945 ], [ -74.971348396163094, 40.075405535407548 ], [ -74.971288735700327, 40.075270526753272 ], [ -74.971231634030076, 40.075178993643895 ], [ -74.971235734283837, 40.075078920475285 ], [ -74.971248516988084, 40.0749790662625 ], [ -74.971279622379768, 40.074856272244574 ], [ -74.971318328643306, 40.07476037883059 ], [ -74.971365842698816, 40.074661355392259 ], [ -74.97145107994028, 40.074596637817876 ], [ -74.971591941126732, 40.074553295906377 ], [ -74.971621610809436, 40.074465527857825 ], [ -74.971615524573949, 40.074401936146202 ], [ -74.971574843795977, 40.074334174048438 ], [ -74.971486390447723, 40.074265256870568 ], [ -74.971270132886886, 40.074133147732262 ], [ -74.971078979596314, 40.07402501007833 ], [ -74.971027046414349, 40.073913570952399 ], [ -74.971030190103747, 40.073836848489755 ], [ -74.971041332990197, 40.073777016358967 ], [ -74.971104720429764, 40.073715104640449 ], [ -74.971198639392725, 40.07365059721463 ], [ -74.971537919921673, 40.073431748524783 ], [ -74.971732047326753, 40.073361319585899 ], [ -74.971872484389436, 40.073327978062622 ], [ -74.972012932662722, 40.073294645652773 ], [ -74.972128289359048, 40.073237332694049 ], [ -74.972218815898628, 40.073149368630951 ], [ -74.972271084265799, 40.073040448870778 ], [ -74.97229648518416, 40.072950910506663 ], [ -74.972331115335962, 40.072848232311991 ], [ -74.972412496779484, 40.072452862256668 ], [ -74.97243356189972, 40.072363219067462 ], [ -74.97250014518211, 40.072222918446144 ], [ -74.972573714863216, 40.072124524353654 ], [ -74.972654327526683, 40.072066371157334 ], [ -74.972796411982543, 40.07199300669231 ], [ -74.972916522754488, 40.071925787973562 ], [ -74.97306198592959, 40.071875878676813 ], [ -74.973211795966179, 40.071826074240583 ], [ -74.973380199667744, 40.07174666811801 ], [ -74.973473840675325, 40.071688829176601 ], [ -74.973528268104872, 40.071633385680308 ], [ -74.97356545563467, 40.071574182640845 ], [ -74.973602381763016, 40.071521650223687 ], [ -74.973604976323131, 40.071458268382649 ], [ -74.973616389600068, 40.07139176564251 ], [ -74.973631319031583, 40.07134537870121 ], [ -74.973668244984481, 40.071292846262132 ], [ -74.973806457585198, 40.071207700152073 ], [ -74.973975416803768, 40.071114952733637 ], [ -74.974117622437902, 40.071038255673123 ], [ -74.974258201546007, 40.071001580838228 ], [ -74.974415872185645, 40.070971995616517 ], [ -74.974610330663211, 40.070893226115295 ], [ -74.97480016911129, 40.070821012652914 ], [ -74.974898279569629, 40.070759937571367 ], [ -74.974979844005745, 40.070678431996903 ], [ -74.975039844668743, 40.07059307166088 ], [ -74.97506998583566, 40.070493627329881 ], [ -74.975099990647408, 40.070397513667181 ], [ -74.97512187027678, 40.07028785890833 ], [ -74.975120116394365, 40.070224372056138 ], [ -74.975096341589762, 40.070061857218789 ], [ -74.975104646159025, 40.069965228534151 ], [ -74.975164225161308, 40.069889868879187 ], [ -74.975249316158596, 40.069828488149227 ], [ -74.975347288155717, 40.069770752359815 ], [ -74.975457879988454, 40.069723332117448 ], [ -74.975580545240732, 40.069699586102949 ], [ -74.975722200786805, 40.069636218762874 ], [ -74.97596686767065, 40.069498548763796 ], [ -74.976183304480571, 40.069413621369719 ], [ -74.976400547341143, 40.069308682208188 ], [ -74.976607743676468, 40.069236884883288 ], [ -74.976731908250784, 40.069176437159939 ], [ -74.97682697494642, 40.069083569338346 ], [ -74.976871096147477, 40.068961097207449 ], [ -74.976910325232097, 40.068851851872765 ], [ -74.977005612662268, 40.068647139209212 ], [ -74.977077564145745, 40.06848192498736 ], [ -74.977151805046432, 40.068366847540538 ], [ -74.977203243750651, 40.068277936590803 ], [ -74.977269347596518, 40.068149308839246 ], [ -74.977328513405723, 40.068083958097638 ], [ -74.977458714753908, 40.067981917680001 ], [ -74.977626979154579, 40.067905845282759 ], [ -74.977856971092336, 40.06780788807167 ], [ -74.978008132021941, 40.067724716556334 ], [ -74.978159428691967, 40.06763821416093 ], [ -74.978370555838097, 40.067576528555563 ], [ -74.978616274107821, 40.067519010840726 ], [ -74.978880990857206, 40.067421889165104 ], [ -74.979091844176978, 40.067366872599628 ], [ -74.979181400331399, 40.067302244803948 ], [ -74.979411672160523, 40.067197614394843 ], [ -74.97955549851109, 40.067080879386729 ], [ -74.979605173728729, 40.067035329526028 ], [ -74.979712024237685, 40.066972794304185 ], [ -74.979779732095366, 40.066910991296105 ], [ -74.979803758684838, 40.066854803080794 ], [ -74.979836739467331, 40.066792153798467 ], [ -74.979844083229466, 40.066718875542449 ], [ -74.979908397592055, 40.066633616874618 ], [ -74.980047626179186, 40.066523447388633 ], [ -74.980164179158407, 40.066436095899448 ], [ -74.980267169572997, 40.066361789265791 ], [ -74.980377616043725, 40.066317703966376 ], [ -74.980513574618968, 40.066287587349542 ], [ -74.980675702575425, 40.066254767335607 ], [ -74.980752238639894, 40.06618983359057 ], [ -74.980856862684078, 40.066075486201193 ], [ -74.980921459192288, 40.065983556875082 ], [ -74.980969838358902, 40.065862843960382 ], [ -74.980964016440751, 40.065792582341281 ], [ -74.980946255394826, 40.065695325263903 ], [ -74.980920629670138, 40.065577847846505 ], [ -74.980944382534972, 40.065528329759623 ], [ -74.980979894865769, 40.065499864739422 ], [ -74.981025252486901, 40.065463500299892 ], [ -74.981084684630034, 40.065391477243551 ], [ -74.981122418808098, 40.06531892227575 ], [ -74.981146273423192, 40.065260585122942 ], [ -74.981156214484116, 40.065236261494519 ], [ -74.981150800671998, 40.065155998825695 ], [ -74.981099254640455, 40.065034553852819 ], [ -74.981062564945702, 40.064931560367022 ], [ -74.981052475780047, 40.064903203828244 ], [ -74.980966419149766, 40.064669068205291 ], [ -74.980925473567922, 40.064501131050939 ], [ -74.980906521135481, 40.064220198013793 ], [ -74.980913193541099, 40.064056751406461 ], [ -74.980936832246755, 40.063903724582971 ], [ -74.980981078993906, 40.063777911151746 ], [ -74.981019696386511, 40.063576830765676 ], [ -74.981039124096739, 40.063420368482419 ], [ -74.981083098053873, 40.063301225380648 ], [ -74.981096136698895, 40.063194690631384 ], [ -74.981091268055536, 40.063101078203978 ], [ -74.981015733791651, 40.062928973532209 ], [ -74.980933391009231, 40.062816797123162 ], [ -74.980864496280887, 40.062694933864023 ], [ -74.980803386442943, 40.062594955971633 ], [ -74.980807199143229, 40.062501561763405 ], [ -74.980828795064582, 40.062398567239399 ], [ -74.980867877648549, 40.062292660200498 ], [ -74.980911578510515, 40.062180196530832 ], [ -74.980985261434512, 40.062078457311792 ], [ -74.98100725348273, 40.061965461411596 ], [ -74.981028984888496, 40.061859136161523 ], [ -74.981014878608349, 40.061778663972646 ], [ -74.981001192691082, 40.061688182004083 ], [ -74.980953042789608, 40.061590192497526 ], [ -74.980908241001018, 40.061410475435878 ], [ -74.98091693314386, 40.061303835942056 ], [ -74.980934318072684, 40.061197405952548 ], [ -74.980942885901285, 40.061094097423286 ], [ -74.980925670698312, 40.060983499571563 ], [ -74.980916864315915, 40.060879781313965 ], [ -74.980885680656158, 40.060792211562742 ], [ -74.980842274847546, 40.060684316416889 ], [ -74.980767265914352, 40.060605710252219 ], [ -74.980547516153408, 40.060453502870203 ], [ -74.980480848484078, 40.060383441484156 ], [ -74.980424155265339, 40.060281911806371 ], [ -74.980432315066395, 40.060188613368673 ], [ -74.98048456063394, 40.06007968079205 ], [ -74.980556334916827, 40.060024652444305 ], [ -74.980666498572461, 40.059987237223872 ], [ -74.980815187220898, 40.05996411333691 ], [ -74.980933622957551, 40.059936917152271 ], [ -74.981087611229569, 40.059890537856532 ], [ -74.981207952909912, 40.059816639772336 ], [ -74.981311204750853, 40.059735652799958 ], [ -74.981401156528136, 40.05966103118871 ], [ -74.981524492690781, 40.059513740650033 ], [ -74.981611198597975, 40.059412323924597 ], [ -74.981989678611455, 40.058975683405343 ], [ -74.982103650484305, 40.05884487253882 ], [ -74.982185736261414, 40.058750021044062 ], [ -74.982296985539236, 40.058685922751941 ], [ -74.982475115655745, 40.058580021856798 ], [ -74.982608752612563, 40.058499765723496 ], [ -74.982754327460299, 40.058446513718337 ], [ -74.982957954288523, 40.058354580083297 ], [ -74.983327588403043, 40.058134763228956 ], [ -74.983513987943653, 40.058039079832625 ], [ -74.983685194983508, 40.057996463799519 ], [ -74.983839312784454, 40.057946750122724 ], [ -74.983996812741324, 40.057920491428938 ], [ -74.984111033602588, 40.057889847638499 ], [ -74.984207768552139, 40.057862125758099 ], [ -74.984286994561216, 40.057837316265996 ], [ -74.984371642385412, 40.057785938533677 ], [ -74.984538519453693, 40.057636359145953 ], [ -74.984913499019598, 40.057391616329532 ], [ -74.985065307588371, 40.057291764027461 ], [ -74.985151665630482, 40.057198680348236 ], [ -74.98518586032354, 40.057106008267908 ], [ -74.985180986108418, 40.057012404984341 ], [ -74.985166468308208, 40.056941934359259 ], [ -74.985121030719839, 40.056884073471835 ], [ -74.984949711947479, 40.056716343132685 ], [ -74.984819632818684, 40.056603029544235 ], [ -74.984693073178477, 40.056509822284468 ], [ -74.984588764446073, 40.056403805631163 ], [ -74.984493408443441, 40.056291327454211 ], [ -74.984409991595626, 40.056205844310753 ], [ -74.98433763531979, 40.056062192972774 ], [ -74.984295054582731, 40.055934288237268 ], [ -74.984283760078569, 40.055875383708504 ], [ -74.984269970997616, 40.055803461736367 ], [ -74.984263200292489, 40.055649702333717 ], [ -74.98425941558925, 40.055529408471379 ], [ -74.984249503696361, 40.055418185048104 ], [ -74.984247494416834, 40.055395564870388 ], [ -74.984252254318861, 40.055278810669066 ], [ -74.984243307805031, 40.055178423324676 ], [ -74.98421062622559, 40.055127555056345 ], [ -74.984178205295734, 40.055070007112128 ], [ -74.984064063170734, 40.054992136873473 ], [ -74.983955913311917, 40.054926917644856 ], [ -74.983919874630132, 40.054905190163836 ], [ -74.983796849073912, 40.054832106696438 ], [ -74.983735549626232, 40.054737135639087 ], [ -74.983679672607835, 40.054615587389229 ], [ -74.983619585625007, 40.054490603770496 ], [ -74.98347539871942, 40.054403656500853 ], [ -74.982791243313216, 40.053919712701408 ], [ -74.982539015375821, 40.053818474830358 ], [ -74.982322520528783, 40.053799905475593 ], [ -74.982205359213694, 40.053769987621166 ], [ -74.982120401264908, 40.053748288380135 ], [ -74.981827134969777, 40.053694474690197 ], [ -74.981590987884431, 40.053625348875215 ], [ -74.981392398968595, 40.053593846357671 ], [ -74.981205474739298, 40.053596018324789 ], [ -74.981010142625493, 40.053591310395248 ], [ -74.98083108133531, 40.053613711099111 ], [ -74.980643612454273, 40.0536292229027 ], [ -74.980491135946096, 40.05363891005932 ], [ -74.980286851305394, 40.053640662017898 ], [ -74.980087309561682, 40.053632508054626 ], [ -74.979836572218645, 40.053601421459312 ], [ -74.9796575238815, 40.053516962569304 ], [ -74.979510099528753, 40.05340322431168 ], [ -74.979380432921616, 40.053279894205176 ], [ -74.979250233650376, 40.053169904977317 ], [ -74.979141320236351, 40.053070448916195 ], [ -74.979007060040132, 40.052953684502093 ], [ -74.978864381031272, 40.052830039898005 ], [ -74.978703377334497, 40.05272931784738 ], [ -74.978555138819544, 40.0526355894714 ], [ -74.978402827371156, 40.052535085685548 ], [ -74.978272906774876, 40.052446187085089 ], [ -74.975661539918761, 40.050103320227997 ], [ -74.974784138483415, 40.049316088328709 ], [ -74.975760902157532, 40.048149931666259 ], [ -74.976214020419661, 40.047699515493981 ], [ -74.976639962619402, 40.047407534985297 ], [ -74.977188016244924, 40.047166221462405 ], [ -74.97825631975013, 40.046857922247398 ], [ -74.979198580765782, 40.046594293867386 ], [ -74.979892037798564, 40.046340571135921 ], [ -74.980591328084515, 40.045943804682729 ], [ -74.981167174420392, 40.045528154758131 ], [ -74.98174497084598, 40.045064819354351 ], [ -74.982348618507032, 40.044474827792847 ], [ -74.983133235535973, 40.043507390822526 ], [ -74.983827991711507, 40.042712781919953 ], [ -74.984430304832259, 40.042154564958558 ], [ -74.984942773279911, 40.041769188178186 ], [ -74.9855599129057, 40.041354502687611 ], [ -74.986280449055528, 40.040942311000897 ], [ -74.987023577730355, 40.040482928797303 ], [ -74.987675602104332, 40.039982767210013 ], [ -74.987707270485316, 40.039958479086408 ], [ -74.992555418383546, 40.035763712188505 ], [ -74.997729850150179, 40.031162957444366 ], [ -74.998758974862199, 40.030280818787809 ], [ -74.999759019843964, 40.02960479686179 ], [ -75.000467230425215, 40.029192388048671 ], [ -75.000861132662237, 40.028963017747245 ], [ -75.006229879675004, 40.025671063459903 ], [ -75.009692030882547, 40.023462887657537 ], [ -75.01062985636274, 40.022785291064132 ], [ -75.01259453635771, 40.021273097988491 ], [ -75.013229225705189, 40.020877810893751 ], [ -75.013676996408194, 40.02059892579426 ], [ -75.014864077931136, 40.019895410516732 ], [ -75.016277881094567, 40.019213194280795 ], [ -75.018256181028079, 40.018385301280546 ], [ -75.019369010818266, 40.017982244642404 ], [ -75.020414708917613, 40.017704847412489 ], [ -75.021478507683668, 40.017491503845122 ], [ -75.022500970611034, 40.017277168682064 ], [ -75.023771460230293, 40.017068704818875 ], [ -75.026581158116699, 40.016658127566771 ], [ -75.029452997781036, 40.016278599584645 ], [ -75.030970055199688, 40.016078079556159 ], [ -75.033053019605532, 40.015729679060875 ], [ -75.034782649086694, 40.015420606080603 ], [ -75.036580631238223, 40.014954041477111 ], [ -75.03787934132518, 40.014555193026482 ], [ -75.038484120288913, 40.014332995303945 ], [ -75.039181197652198, 40.014076868449116 ], [ -75.040379059723037, 40.013611987951485 ], [ -75.041663375808284, 40.013053677087512 ], [ -75.042634470383419, 40.012567511824926 ], [ -75.043188251896211, 40.012299485397143 ], [ -75.043598178116369, 40.01210108683032 ], [ -75.043731466021271, 40.012036577590457 ], [ -75.045950499922128, 40.010863916613317 ], [ -75.047007370744922, 40.010300191115242 ], [ -75.048023520128154, 40.00971958536082 ], [ -75.048831061348722, 40.009181800835307 ], [ -75.049938699854849, 40.008380618530218 ], [ -75.050920410701764, 40.007624185293942 ], [ -75.051711021100758, 40.006990526226495 ], [ -75.052355700014218, 40.006385249140337 ], [ -75.052664271382852, 40.006006867919162 ], [ -75.052877603555601, 40.005745277232876 ], [ -75.054221002135264, 40.003692827953543 ], [ -75.054355780106604, 40.003506889434057 ], [ -75.055162041063156, 40.002394532715194 ], [ -75.056027318300792, 40.000919450742366 ], [ -75.056935148867353, 39.999413554334687 ], [ -75.057804130625058, 39.997843099373085 ], [ -75.058430008410951, 39.996664652562863 ], [ -75.0588191051813, 39.995719276415343 ], [ -75.059396803757011, 39.994189710119365 ], [ -75.059785243412037, 39.993260219370143 ], [ -75.060081587786897, 39.992567193987099 ], [ -75.060530732346095, 39.991670948784851 ], [ -75.061112663547789, 39.990555091803884 ], [ -75.062613989486962, 39.988156279815676 ], [ -75.063183908834006, 39.987342388962745 ], [ -75.063946676064859, 39.98635801664949 ], [ -75.064464557625755, 39.985813342611827 ], [ -75.064978660297257, 39.985364034974296 ], [ -75.065141706785823, 39.985242982228009 ], [ -75.06580958587405, 39.984747134145479 ], [ -75.065877022556435, 39.984697865258646 ], [ -75.067816183080538, 39.983281009907415 ], [ -75.068088125217187, 39.983082305041499 ], [ -75.068878914531069, 39.98242558318411 ], [ -75.069392349579644, 39.981999200072124 ], [ -75.070138046005894, 39.98144391078435 ], [ -75.071199900110813, 39.980736926694007 ], [ -75.072237307416003, 39.980124801564727 ], [ -75.073231498079139, 39.979559387805786 ], [ -75.074496751407992, 39.978936654033426 ], [ -75.075822712725, 39.978347137416193 ], [ -75.077228784125339, 39.9778231126066 ], [ -75.07829803200255, 39.977450299901122 ], [ -75.079260230882426, 39.977170442660054 ], [ -75.080304431529754, 39.976908388702796 ], [ -75.081495100813953, 39.976602012326858 ], [ -75.086391099609543, 39.975665822351019 ], [ -75.091345809492452, 39.974810321702996 ], [ -75.093469136246455, 39.974445884383229 ], [ -75.094015345122656, 39.974338428669071 ], [ -75.096073785728947, 39.973933463058067 ], [ -75.099181013907071, 39.973257604322249 ], [ -75.101352382491029, 39.972719142767559 ], [ -75.103171286618235, 39.972204326843112 ], [ -75.105076516680114, 39.971596025912064 ], [ -75.106755098991485, 39.970966561049082 ], [ -75.108451940096089, 39.970308821770928 ], [ -75.11051267960417, 39.969509975213342 ], [ -75.112887028279161, 39.968530552651352 ], [ -75.112999081233056, 39.96848177806217 ], [ -75.118822268608824, 39.965947046927113 ], [ -75.119448247006417, 39.965674539083622 ], [ -75.123367060679399, 39.963775817527555 ], [ -75.125929040909597, 39.962465994256668 ], [ -75.127774820637754, 39.961522262570668 ], [ -75.129087904334853, 39.960709138320048 ], [ -75.129830426960922, 39.960217044674046 ], [ -75.130478027725502, 39.959611970751617 ], [ -75.130495226576215, 39.959595910678445 ], [ -75.130879851598706, 39.959144185736484 ], [ -75.131079839500728, 39.958909303048031 ], [ -75.13153807059922, 39.958283447805016 ], [ -75.132268025517334, 39.957043370914299 ], [ -75.133822091622349, 39.954263111706368 ], [ -75.134482499186902, 39.952943975156231 ], [ -75.134538645839612, 39.952831825021192 ], [ -75.134688285908254, 39.952498324717631 ], [ -75.134877789261239, 39.952075981740222 ], [ -75.135319101999741, 39.950813404394978 ], [ -75.135740976545208, 39.949518567441622 ], [ -75.135891031389008, 39.948885159602753 ], [ -75.136037087851903, 39.948268581785129 ], [ -75.136170914407472, 39.947476241230021 ], [ -75.136287750964755, 39.946588049680592 ], [ -75.136316484146676, 39.945841032641397 ], [ -75.136227434398421, 39.944932255439376 ], [ -75.136025486744359, 39.943734558990414 ], [ -75.135971823389411, 39.943381331930368 ], [ -75.135860575261262, 39.942649054992515 ], [ -75.135762975922646, 39.941962789050088 ], [ -75.135696415318733, 39.941006796287589 ], [ -75.135698830757846, 39.940794911831489 ], [ -75.135713817326206, 39.939480024666878 ], [ -75.135944497784834, 39.934013941801588 ], [ -75.135947215326553, 39.93394937309305 ], [ -75.135929298503058, 39.932803597448753 ], [ -75.135912477576937, 39.932445182009516 ], [ -75.135872525745555, 39.931593296518855 ], [ -75.135722783038261, 39.93065131031679 ], [ -75.135456513433269, 39.929515775538967 ], [ -75.135178023662931, 39.928698122951523 ], [ -75.135146019820425, 39.928617679319863 ], [ -75.134801207012941, 39.927750957049383 ], [ -75.13442440051513, 39.926803798898383 ], [ -75.134118929816452, 39.926085731002459 ], [ -75.134007553075051, 39.925823901503016 ], [ -75.133569445042042, 39.924859429339953 ], [ -75.132235191160774, 39.92193240621998 ], [ -75.131378526337414, 39.920052924472564 ], [ -75.130757350275104, 39.918479758567905 ], [ -75.130441355403249, 39.917565780266095 ], [ -75.130186672326587, 39.91666911403825 ], [ -75.129989634905627, 39.915885122558393 ], [ -75.129698779353163, 39.914319488351296 ], [ -75.129682796530545, 39.914224145605317 ], [ -75.129514007230796, 39.913217613727952 ], [ -75.12938320006883, 39.912323776406247 ], [ -75.129298575633101, 39.911303733218304 ], [ -75.129238875357373, 39.910172901488188 ], [ -75.129196758076461, 39.909122005476867 ], [ -75.129231679771223, 39.908216053165702 ], [ -75.129284169510584, 39.907390036319242 ], [ -75.129396126072564, 39.906629009580307 ], [ -75.129649066849055, 39.905425781817165 ], [ -75.129691553380852, 39.905254106812059 ], [ -75.129844788546777, 39.904634863192122 ], [ -75.13012733985336, 39.903734561656307 ], [ -75.130408670727419, 39.902866047026023 ], [ -75.131232396192004, 39.900785021215334 ], [ -75.131755373685863, 39.899540231577262 ], [ -75.133203299613413, 39.896264441703948 ], [ -75.134590175366768, 39.893621341727986 ], [ -75.135521031530345, 39.891847192256655 ], [ -75.135853151491631, 39.891266171936003 ], [ -75.136285968743223, 39.890751077791897 ], [ -75.136889959151873, 39.890080808770868 ], [ -75.137730057329662, 39.88917729982802 ], [ -75.139554615088684, 39.887373553330221 ], [ -75.140389155699779, 39.886613072879541 ], [ -75.141117466969462, 39.885929702074783 ], [ -75.142342751118804, 39.885209918002737 ], [ -75.143306427630563, 39.884850050384252 ], [ -75.144606277498099, 39.884338742313638 ], [ -75.14616396937646, 39.884103712141773 ], [ -75.149247148605397, 39.883935106401054 ], [ -75.152372181302269, 39.883751454735787 ], [ -75.15763130472898, 39.88337739679303 ], [ -75.15997169528994, 39.883191698639017 ], [ -75.16217129291897, 39.882907328730845 ], [ -75.16418700458614, 39.882571040938558 ], [ -75.166995125797357, 39.882029877223658 ], [ -75.169655155578937, 39.881580755979023 ], [ -75.172144097223537, 39.881286799660884 ], [ -75.173366713985914, 39.881171124910622 ], [ -75.174723871951585, 39.881047270213244 ], [ -75.175045017409602, 39.881017959673585 ], [ -75.176887139958254, 39.88090025438899 ], [ -75.178232932599727, 39.880803205728832 ], [ -75.179287498059537, 39.880763238193005 ], [ -75.184567707594866, 39.880913382994599 ], [ -75.184827779310382, 39.880894832540058 ], [ -75.185416557493298, 39.880852841692736 ], [ -75.186266004784969, 39.880776404639093 ], [ -75.18703532538585, 39.880634539821727 ], [ -75.187661424555131, 39.88045764381507 ], [ -75.188330576000155, 39.880233989304855 ], [ -75.188979697259001, 39.879993980487505 ], [ -75.190135295244048, 39.87946303013959 ], [ -75.19341345330345, 39.878020426372508 ], [ -75.194164567962787, 39.877689860563244 ], [ -75.194229255044519, 39.877661398828877 ], [ -75.195427224375393, 39.877099527322521 ], [ -75.197007254870627, 39.876259824992147 ], [ -75.198185150192543, 39.875681566657178 ], [ -75.199428480771985, 39.875009309411134 ], [ -75.200648781407978, 39.874400165027922 ], [ -75.202102523700091, 39.873621214581526 ], [ -75.2029885641291, 39.873115959582215 ], [ -75.205095998413114, 39.871969717886984 ], [ -75.205792169663923, 39.871571580250581 ], [ -75.206656928472057, 39.871081737305296 ], [ -75.207312433048003, 39.870666776369596 ], [ -75.207946108555021, 39.870283151079853 ], [ -75.211974840139604, 39.867463813097018 ], [ -75.216038145522631, 39.871116310035319 ], [ -75.21578921770103, 39.875042234085285 ], [ -75.215727269645299, 39.876019191599518 ], [ -75.215722913706315, 39.876088400448616 ], [ -75.215722282815975, 39.876105334370941 ], [ -75.215900382748401, 39.87606078118705 ], [ -75.216047823093973, 39.876025893256049 ], [ -75.216204129935321, 39.875992192302164 ], [ -75.216348845235615, 39.875958874549212 ], [ -75.216371318327859, 39.875953614041769 ], [ -75.21670070538589, 39.87587791423433 ], [ -75.216845894281178, 39.87584442613425 ], [ -75.217013880119652, 39.875808279270032 ], [ -75.217516606157503, 39.87574670721056 ], [ -75.217701496579906, 39.875721042211708 ], [ -75.217859928704129, 39.875702144427606 ], [ -75.218034362603262, 39.875684068532486 ], [ -75.218319422966005, 39.875679464885295 ], [ -75.21833038593229, 39.875679626010594 ], [ -75.218794654017586, 39.875673520369546 ], [ -75.21882518978687, 39.87567313171391 ], [ -75.218885723858136, 39.875674856303249 ], [ -75.218921524777201, 39.875670619513023 ], [ -75.219241091311105, 39.875592848519041 ], [ -75.219444412914001, 39.875545107792547 ], [ -75.219621911670529, 39.875503716173966 ], [ -75.219648156084475, 39.875492627738666 ], [ -75.219704865156217, 39.875477400669617 ], [ -75.219735273262287, 39.87547446812804 ], [ -75.21977156957459, 39.875480801761796 ], [ -75.220865392582823, 39.87557153373681 ], [ -75.221041008958167, 39.875587041712009 ], [ -75.221230946753337, 39.875603279932221 ], [ -75.221280849115857, 39.875607570744648 ], [ -75.222083882465739, 39.875675619371989 ], [ -75.222699194930414, 39.875731359090857 ], [ -75.222870564665484, 39.875751969359548 ], [ -75.223067490854532, 39.875775278330401 ], [ -75.223153586446912, 39.875785547226464 ], [ -75.223765933954482, 39.875859136707263 ], [ -75.22465414472407, 39.876024379930769 ], [ -75.224857675181525, 39.876061346355783 ], [ -75.225028585903345, 39.876094674390721 ], [ -75.225952709818912, 39.876267933799504 ], [ -75.22684484951553, 39.876403819687567 ], [ -75.226890179177857, 39.876405619698566 ], [ -75.227119140937404, 39.876437060272522 ], [ -75.228471676471955, 39.876632398695428 ], [ -75.228725557692329, 39.876668628087614 ], [ -75.22890678382025, 39.876693806945575 ], [ -75.229986337866578, 39.876848180275985 ], [ -75.230476794190196, 39.876890067722577 ], [ -75.230644762588341, 39.876902554552764 ], [ -75.230847279417503, 39.87692030565691 ], [ -75.230997363530236, 39.876934164751596 ], [ -75.231056210972312, 39.876939783170414 ], [ -75.231870346411597, 39.877011178236806 ], [ -75.231929058170294, 39.877017622141587 ], [ -75.232310480257809, 39.877057610196793 ], [ -75.232549375226, 39.877083032166126 ], [ -75.232657827409682, 39.87709439769111 ], [ -75.232814891015764, 39.877112435180543 ], [ -75.232991684351518, 39.877129482249345 ], [ -75.23327104827321, 39.87715598983408 ], [ -75.233956542318964, 39.877178638699313 ], [ -75.234018954021153, 39.877180540645256 ], [ -75.234122269078412, 39.877182205362665 ], [ -75.234303042865548, 39.877137168924641 ], [ -75.234481915526757, 39.877095784564247 ], [ -75.234653501456648, 39.877054744537837 ], [ -75.234685106953293, 39.877046941893816 ], [ -75.235025556357698, 39.876965729267141 ], [ -75.235538974259782, 39.876752873300326 ], [ -75.235796748940402, 39.876580402213598 ], [ -75.235928336674348, 39.876489432403126 ], [ -75.236050864685964, 39.876405012160298 ], [ -75.236370658099858, 39.876188652361535 ], [ -75.236641159947126, 39.875737753136555 ], [ -75.236714521928207, 39.875615421040571 ], [ -75.236774018989905, 39.875476197444783 ], [ -75.236933297596721, 39.875117985421355 ], [ -75.23750019046264, 39.875081582884228 ], [ -75.237591553220881, 39.874983142978373 ], [ -75.237536670739999, 39.874912950264225 ], [ -75.237501339266132, 39.874868432153598 ], [ -75.237460892423456, 39.874805376474214 ], [ -75.238111006519517, 39.874594173323914 ], [ -75.238246210366469, 39.874447832925682 ], [ -75.238326418053617, 39.874363572911768 ], [ -75.238377678256839, 39.874302897136005 ], [ -75.238689848296161, 39.873960287666293 ], [ -75.238993723247631, 39.873837564077697 ], [ -75.239172310769447, 39.873610011486008 ], [ -75.239261282478552, 39.873491641966176 ], [ -75.239348526297633, 39.873373189474137 ], [ -75.239404658044492, 39.873300871021307 ], [ -75.240099776619871, 39.873031204380453 ], [ -75.240105316466583, 39.872859821070257 ], [ -75.240102040359247, 39.872732150202289 ], [ -75.240100395501216, 39.872630625941007 ], [ -75.240102442266547, 39.872598604314234 ], [ -75.240471888444389, 39.872382906916961 ], [ -75.240898149650775, 39.87240118884236 ], [ -75.240938218284981, 39.872406382027009 ], [ -75.241089386536672, 39.87243912768799 ], [ -75.241216664479325, 39.872467142416014 ], [ -75.241371279007808, 39.872502837333144 ], [ -75.241419929022086, 39.872512831325075 ], [ -75.241556094459938, 39.872541472724777 ], [ -75.241746890631063, 39.872586626795524 ], [ -75.242219140322845, 39.872778180860365 ], [ -75.242290246141707, 39.872809632118255 ], [ -75.242568207123369, 39.872956279467786 ], [ -75.242695331986056, 39.873022752672306 ], [ -75.242730538416495, 39.873040587912151 ], [ -75.246735121245649, 39.87506951776033 ], [ -75.246776779671819, 39.875104332247879 ], [ -75.246825075406534, 39.875144679660124 ], [ -75.248431161128906, 39.876486519408132 ], [ -75.251770081207752, 39.876008269767752 ], [ -75.252257275023467, 39.875938476840517 ], [ -75.252725996436979, 39.875966974029254 ], [ -75.253436266251128, 39.876010165625495 ], [ -75.253979009248908, 39.876043171569052 ], [ -75.256128366938015, 39.876173825160734 ], [ -75.257421198577333, 39.8762524012079 ], [ -75.259521085382914, 39.876379986651564 ], [ -75.261249866247212, 39.876484995124223 ], [ -75.262529979808988, 39.87656274152301 ], [ -75.262539302933718, 39.876579287863038 ], [ -75.264832054727108, 39.880647356988149 ], [ -75.265003451550996, 39.880982836062607 ], [ -75.265112414901196, 39.881656913293185 ], [ -75.264545061437801, 39.882113664692469 ], [ -75.26429795207649, 39.882242192054392 ], [ -75.263081780923386, 39.882355793048738 ], [ -75.262262891128017, 39.88257184426984 ], [ -75.261945609572351, 39.882888889198455 ], [ -75.261885561713356, 39.883068711531486 ], [ -75.261964839123578, 39.883240179243451 ], [ -75.26243256860721, 39.883634289791864 ], [ -75.264134348163765, 39.884133775455474 ], [ -75.264444109053102, 39.884314916676779 ], [ -75.264638231802252, 39.884733762018577 ], [ -75.264227374017224, 39.88500222972899 ], [ -75.263153220591747, 39.885300642479713 ], [ -75.262729535746232, 39.885554059459253 ], [ -75.262616970047929, 39.885805001758655 ], [ -75.262682864006536, 39.886025958078299 ], [ -75.262803765965614, 39.886083082866804 ], [ -75.26368382036911, 39.886145291026047 ], [ -75.263981476398584, 39.886096904933318 ], [ -75.264283663893579, 39.886193008920458 ], [ -75.264798486601123, 39.886445422800804 ], [ -75.26485152245084, 39.886537077225242 ], [ -75.264934093136318, 39.886673781802351 ], [ -75.265037720219979, 39.886833431560738 ], [ -75.265105296397905, 39.886981055223686 ], [ -75.265135396705759, 39.887155968161025 ], [ -75.26512903477348, 39.887330099543419 ], [ -75.265095918134833, 39.887537374862255 ], [ -75.264978539205117, 39.887754067511842 ], [ -75.264877591902689, 39.887920516800975 ], [ -75.264725813291776, 39.888080250589887 ], [ -75.2645967326646, 39.888217987730009 ], [ -75.264446583482894, 39.888332779125932 ], [ -75.264261214420188, 39.888413082431597 ], [ -75.263996460089302, 39.888469174823314 ], [ -75.263725850337721, 39.888485784365848 ], [ -75.263376471356253, 39.888461347074106 ], [ -75.262976878660126, 39.888413321370159 ], [ -75.262679768984313, 39.888356283115755 ], [ -75.262473148286233, 39.888419255827763 ], [ -75.26229322017204, 39.888550264684987 ], [ -75.262199968326385, 39.888705643475603 ], [ -75.262133820005019, 39.888917823311559 ], [ -75.262096031678198, 39.889153098446627 ], [ -75.262080930966903, 39.889366386368607 ], [ -75.262087849841762, 39.889675711281157 ], [ -75.262101303200964, 39.889906485570208 ], [ -75.26212328237078, 39.890103711859631 ], [ -75.262109619730595, 39.890277684770211 ], [ -75.262102428071685, 39.890474277846899 ], [ -75.262035878720923, 39.890697684309373 ], [ -75.261882221496379, 39.891307085000506 ], [ -75.261854999938379, 39.891452652662416 ], [ -75.26179029796694, 39.891625517540824 ], [ -75.261733505498043, 39.891781678559198 ], [ -75.261605427522966, 39.89189133249829 ], [ -75.261504929891373, 39.891945363337271 ], [ -75.261313488052238, 39.891991797240067 ], [ -75.261098534174351, 39.892082697695855 ], [ -75.26073002912824, 39.892181498321413 ], [ -75.260141730060568, 39.892303634196047 ], [ -75.259929035892753, 39.892332746617065 ], [ -75.259745707650296, 39.892356865492388 ], [ -75.259541323011632, 39.892358046831234 ], [ -75.25934987867079, 39.892404477454953 ], [ -75.259107600547949, 39.892444189856775 ], [ -75.258958473316582, 39.892530885760209 ], [ -75.258778115986445, 39.892673124520385 ], [ -75.258568791762329, 39.892809111176497 ], [ -75.258387198295068, 39.892985046580669 ], [ -75.258212690746618, 39.893166766960753 ], [ -75.258022978961009, 39.89336501407503 ], [ -75.257829413670493, 39.893568799296524 ], [ -75.257670107274564, 39.893733973870503 ], [ -75.257433751426845, 39.89400990740495 ], [ -75.256910623007428, 39.894543809971339 ], [ -75.256743195071763, 39.894731295451543 ], [ -75.256665744285115, 39.894853280782357 ], [ -75.256662655106226, 39.894937537382219 ], [ -75.256710194830845, 39.895034139679183 ], [ -75.25679193596865, 39.895193311940879 ], [ -75.256968271831553, 39.895360172831978 ], [ -75.257124993652241, 39.895464771811248 ], [ -75.2572746289256, 39.895563585255033 ], [ -75.257389809246803, 39.895706626712453 ], [ -75.257362782226906, 39.89584657559648 ], [ -75.257277008361072, 39.895996491274424 ], [ -75.257147280165896, 39.896151064142629 ], [ -75.256935264970693, 39.89636006901074 ], [ -75.256762392597935, 39.896496845521995 ], [ -75.256450423555862, 39.896844212009164 ], [ -75.256236768004499, 39.897098148487444 ], [ -75.256090994592242, 39.897291726492611 ], [ -75.255982305517094, 39.897469253669001 ], [ -75.255805102094655, 39.897723982546566 ], [ -75.255618193093852, 39.897944775849659 ], [ -75.255507235603261, 39.898184079322981 ], [ -75.25533064680387, 39.898421954352244 ], [ -75.25522586945614, 39.89849275343083 ], [ -75.255156735449944, 39.898586816962499 ], [ -75.25509592540044, 39.898652950682539 ], [ -75.255092421886999, 39.898748442646053 ], [ -75.255097340153526, 39.898769344589667 ], [ -75.255117669288424, 39.89885579575553 ], [ -75.255167076174558, 39.898901839609223 ], [ -75.255234642919405, 39.899049469081902 ], [ -75.255339914478213, 39.899164194966659 ], [ -75.255487494850215, 39.899319178781205 ], [ -75.255620293799879, 39.899479471936608 ], [ -75.255666052748495, 39.899518471509403 ], [ -75.255518083604429, 39.89967031225877 ], [ -75.255520464963439, 39.899673319334063 ], [ -75.25371257007717, 39.901659726725228 ], [ -75.251289304447994, 39.90440464900886 ], [ -75.253490305390983, 39.905589312964445 ], [ -75.252476501664873, 39.9066293116907 ], [ -75.25239433913174, 39.906632792486938 ], [ -75.252152419344498, 39.906661245786772 ], [ -75.251990932764443, 39.906685838069563 ], [ -75.251755263347661, 39.906742537713335 ], [ -75.251628597737223, 39.906812856867454 ], [ -75.251497653645103, 39.906899949228965 ], [ -75.251303066511738, 39.907030622864568 ], [ -75.25105680970195, 39.907177027478596 ], [ -75.250870341053613, 39.907285397603154 ], [ -75.250714082748217, 39.907366306059593 ], [ -75.25044490689929, 39.907540329753601 ], [ -75.250317607499198, 39.907627491286938 ], [ -75.250270754182182, 39.907710793633768 ], [ -75.2502232694453, 39.907810948790733 ], [ -75.250204756699773, 39.907917348865396 ], [ -75.250184798100719, 39.908063072799635 ], [ -75.250198421248953, 39.90828823076221 ], [ -75.250192432512293, 39.90845111689945 ], [ -75.250166211468155, 39.908568602297791 ], [ -75.250116672832434, 39.90872491660528 ], [ -75.250045043015191, 39.908886380378526 ], [ -75.250002786885261, 39.909042853451822 ], [ -75.249933015231292, 39.909153766908823 ], [ -75.249891997768387, 39.909276542778684 ], [ -75.249918078502049, 39.909361435505495 ], [ -75.249991719990064, 39.909440878222874 ], [ -75.25003449438266, 39.909470777917605 ], [ -75.250149752882137, 39.909512646605506 ], [ -75.250280014455655, 39.909543588897606 ], [ -75.250469654856744, 39.909547723678223 ], [ -75.250650749778032, 39.909585405031166 ], [ -75.250881887866086, 39.909652278961978 ], [ -75.251105306994489, 39.909730228561592 ], [ -75.251226829403578, 39.909800334648281 ], [ -75.251296875566439, 39.90988056307399 ], [ -75.25128483291823, 39.910009593098046 ], [ -75.251236327782479, 39.910137828407123 ], [ -75.251121755961819, 39.910275868088 ], [ -75.251000301784913, 39.910402513252521 ], [ -75.250870531512646, 39.910557088004211 ], [ -75.250719896830788, 39.910683096795339 ], [ -75.250613650518005, 39.910793206517774 ], [ -75.250536376966593, 39.910909569997898 ], [ -75.250399309748587, 39.911063985175943 ], [ -75.250192939979669, 39.911216889129506 ], [ -75.249926639589219, 39.911312263877591 ], [ -75.249748692293366, 39.911387085087711 ], [ -75.249518440540143, 39.911494489461809 ], [ -75.24933320903358, 39.911569151177716 ], [ -75.249162130429724, 39.911655365724044 ], [ -75.248982941809558, 39.911763882898683 ], [ -75.248855023998161, 39.911867905139474 ], [ -75.248762742835765, 39.9119951845137 ], [ -75.248720481823739, 39.91215165710971 ], [ -75.248685320350958, 39.912313915796759 ], [ -75.248597646736357, 39.912514375184237 ], [ -75.248557451598344, 39.912614679806531 ], [ -75.248509340829443, 39.912731687323415 ], [ -75.248432061474702, 39.912848049383278 ], [ -75.248377493719033, 39.912942427161319 ], [ -75.248294365762192, 39.913019306113348 ], [ -75.248211650727399, 39.913084958626051 ], [ -75.24805515717695, 39.913171489893145 ], [ -75.247831790048579, 39.913290285711973 ], [ -75.247601735264581, 39.913392077548188 ], [ -75.247400458946146, 39.913505732512888 ], [ -75.247200617572673, 39.913580072048795 ], [ -75.24711666025479, 39.91367942090254 ], [ -75.247069166705032, 39.913779574747458 ], [ -75.247064410565883, 39.913908763582732 ], [ -75.247117809475569, 39.91404484417567 ], [ -75.247222872388349, 39.914165185928681 ], [ -75.247334084942381, 39.91429965425182 ], [ -75.247412085371735, 39.91441967538286 ], [ -75.247486432787028, 39.914534048577586 ], [ -75.247495020581852, 39.914550589064056 ], [ -75.247552845041696, 39.914583322893733 ], [ -75.247632590721125, 39.914637510278858 ], [ -75.247706631219856, 39.914723044811005 ], [ -75.247715996426166, 39.914838630495211 ], [ -75.247654909945879, 39.914956183439109 ], [ -75.247555008654388, 39.915079871889134 ], [ -75.247486474457375, 39.915214741483766 ], [ -75.247347955754933, 39.915400530321094 ], [ -75.247188409205606, 39.915633063071979 ], [ -75.247137229826393, 39.915728099954819 ], [ -75.247057739300885, 39.915852242580854 ], [ -75.246988993564855, 39.91593115555871 ], [ -75.246920375947454, 39.916006584448184 ], [ -75.246842428398821, 39.916088801324442 ], [ -75.246782819044967, 39.916166165725187 ], [ -75.246753080941488, 39.916233703709388 ], [ -75.246764297900725, 39.916330102711683 ], [ -75.246787142009012, 39.916449478635606 ], [ -75.246835268790321, 39.916560675890629 ], [ -75.246877508976155, 39.916708451112981 ], [ -75.246940145661, 39.916871438885963 ], [ -75.246940177420996, 39.916871529678708 ], [ -75.246961946759498, 39.91692794764954 ], [ -75.247001326588062, 39.916968144736842 ], [ -75.247040162794534, 39.916992598584265 ], [ -75.24710353126504, 39.917028940471795 ], [ -75.247155622917234, 39.917063297243622 ], [ -75.247188487767502, 39.917095486368495 ], [ -75.247201731227335, 39.917136860786094 ], [ -75.247210233766737, 39.917183375500692 ], [ -75.247193263460943, 39.917212719850134 ], [ -75.247172257918834, 39.917237570252006 ], [ -75.247239428013913, 39.917403630073288 ], [ -75.247304868730453, 39.917616674980664 ], [ -75.247347466220447, 39.917786892542686 ], [ -75.247358152738428, 39.917994039082735 ], [ -75.24734816865157, 39.918431163676388 ], [ -75.2473328972914, 39.918680072336329 ], [ -75.247334156987179, 39.918811771102895 ], [ -75.247390802261521, 39.91901521756747 ], [ -75.247497398837993, 39.919271489283545 ], [ -75.247584265341018, 39.919400353205589 ], [ -75.247622663930372, 39.919518752919998 ], [ -75.247623232254497, 39.919669249334831 ], [ -75.24759627404525, 39.919903793390823 ], [ -75.247581126991449, 39.919983408012655 ], [ -75.24752781525531, 39.920104509392871 ], [ -75.247487389899064, 39.920207088254024 ], [ -75.247476789298375, 39.920329121780419 ], [ -75.247466015659711, 39.920455854718575 ], [ -75.247461172312967, 39.920587420274749 ], [ -75.247468535637537, 39.920719252242641 ], [ -75.247468349621528, 39.920973193339854 ], [ -75.247460787513376, 39.921344535149558 ], [ -75.247485596152174, 39.92150026379656 ], [ -75.247516496972935, 39.921656116383389 ], [ -75.247514358683304, 39.921680189325258 ], [ -75.24750606886775, 39.921773459500017 ], [ -75.247471584956031, 39.921880862222402 ], [ -75.247392115913954, 39.922048424584297 ], [ -75.247289974422856, 39.922168460161629 ], [ -75.247163603016389, 39.922283272607913 ], [ -75.247068602459137, 39.922375244735406 ], [ -75.246935942388788, 39.922494613857609 ], [ -75.246641781850457, 39.922770356571093 ], [ -75.246521327335984, 39.922889991711976 ], [ -75.246362531971556, 39.92305582151112 ], [ -75.246266663802601, 39.923171290028911 ], [ -75.246188413645143, 39.923305955932662 ], [ -75.246158807081429, 39.923446387152225 ], [ -75.246140542097166, 39.923610581970969 ], [ -75.246133792187692, 39.92379383198071 ], [ -75.246129638098566, 39.923906608834749 ], [ -75.246095312341794, 39.924009311474215 ], [ -75.246072685819513, 39.924126388153773 ], [ -75.24603190999099, 39.924238356314909 ], [ -75.24599078780453, 39.924359723282272 ], [ -75.245944784960315, 39.924448070333362 ], [ -75.245866532695985, 39.924582736015125 ], [ -75.245795064634791, 39.924698737042441 ], [ -75.245726313282972, 39.924824212752355 ], [ -75.245680108637075, 39.924883714471257 ], [ -75.245636545260609, 39.924939814038936 ], [ -75.245553226619634, 39.925046158746163 ], [ -75.245438869898337, 39.925165926054021 ], [ -75.245264742770331, 39.925416059066059 ], [ -75.245198695593672, 39.925550990935783 ], [ -75.2451273982185, 39.925662301138985 ], [ -75.245050182021217, 39.92576876980722 ], [ -75.244992488952818, 39.92584275157828 ], [ -75.244868346660809, 39.925896468919454 ], [ -75.244762342067887, 39.925955294588192 ], [ -75.244626176663388, 39.926004045813997 ], [ -75.244520172025062, 39.926062862256117 ], [ -75.244401439876697, 39.926135510086766 ], [ -75.244336071519314, 39.926251643571234 ], [ -75.244301753230729, 39.926354354928741 ], [ -75.244330809322946, 39.92647725482454 ], [ -75.244412799111061, 39.92657310116676 ], [ -75.244507678064977, 39.926650416289966 ], [ -75.24457710275756, 39.926755385345153 ], [ -75.244597696206995, 39.926859296502968 ], [ -75.244580131093912, 39.927004693688055 ], [ -75.244579826663369, 39.92717868714319 ], [ -75.244551774060866, 39.927276823267107 ], [ -75.244498093071286, 39.927407321787499 ], [ -75.244426457839722, 39.927528030623463 ], [ -75.244342268295327, 39.927657862483656 ], [ -75.244269939896867, 39.927797359849656 ], [ -75.24419933195648, 39.927889862839152 ], [ -75.244121591693101, 39.928010438103946 ], [ -75.244055366472239, 39.928150068717621 ], [ -75.244001617512055, 39.92836521402559 ], [ -75.243985251869375, 39.928477715010615 ], [ -75.24396681871518, 39.928646609133921 ], [ -75.243967020803595, 39.928806504106326 ], [ -75.243971647227596, 39.9291781034254 ], [ -75.243967010281537, 39.929469564044055 ], [ -75.243968060037361, 39.929602024223804 ], [ -75.243968090392173, 39.929605962234817 ], [ -75.243982418058266, 39.929714439769015 ], [ -75.244009993657542, 39.929794987639134 ], [ -75.244099292259492, 39.929858071485164 ], [ -75.24418928402946, 39.929902357632223 ], [ -75.244278582606924, 39.929965450341328 ], [ -75.244355153946302, 39.930042356456021 ], [ -75.244405749270257, 39.930161032719084 ], [ -75.244428541438452, 39.93028849887731 ], [ -75.244381654666512, 39.93040034207656 ], [ -75.244274603817672, 39.930487345730675 ], [ -75.244131285229841, 39.930564159434333 ], [ -75.243950821138313, 39.93065427082788 ], [ -75.243813594375524, 39.930731217271585 ], [ -75.243694172197038, 39.930822653244753 ], [ -75.24363594179647, 39.930910732291835 ], [ -75.243605286885781, 39.931079359275003 ], [ -75.243558236942661, 39.931195892795593 ], [ -75.243516412929367, 39.931336056488284 ], [ -75.243475120349359, 39.931462122202596 ], [ -75.243434508818126, 39.931569399024553 ], [ -75.243418314774075, 39.931677200516965 ], [ -75.243402640275747, 39.931770912791571 ], [ -75.243400560889967, 39.931827296661062 ], [ -75.243343034199327, 39.931896578189665 ], [ -75.243279576363619, 39.931961026854978 ], [ -75.243185942967742, 39.932015418512215 ], [ -75.243104680102007, 39.932065368305729 ], [ -75.243049511748936, 39.932153514027938 ], [ -75.242935138661949, 39.932273278826621 ], [ -75.242844489308723, 39.932412374941286 ], [ -75.242722277442397, 39.932579000126275 ], [ -75.242624656335963, 39.932741450629877 ], [ -75.242529461319634, 39.932838127390731 ], [ -75.242453099463063, 39.932921106278435 ], [ -75.242350932916509, 39.933041137437748 ], [ -75.242286259340261, 39.933138481382628 ], [ -75.242239887592135, 39.933236216485916 ], [ -75.242169456001918, 39.933324028072249 ], [ -75.242124991051327, 39.933370078687147 ], [ -75.242012706572766, 39.933433458974655 ], [ -75.241889067989206, 39.933473083876329 ], [ -75.241717125389187, 39.933497542606254 ], [ -75.241557727152298, 39.933512860055018 ], [ -75.241397819847506, 39.933542284749372 ], [ -75.241188903376596, 39.933575331311808 ], [ -75.240973893575159, 39.933608253201065 ], [ -75.240759739689153, 39.933617668419402 ], [ -75.240516462433405, 39.933588838412327 ], [ -75.240244051226185, 39.933521744733191 ], [ -75.240161149694316, 39.933493621408019 ], [ -75.239903174669337, 39.933406119925699 ], [ -75.239612972138602, 39.933324525719527 ], [ -75.239420950301067, 39.933230979512089 ], [ -75.239284042917134, 39.933133927365404 ], [ -75.239111550641624, 39.933007885764056 ], [ -75.238855692340792, 39.932823580103694 ], [ -75.238652332350455, 39.932706268284782 ], [ -75.238495898711562, 39.932641700959024 ], [ -75.238314005489727, 39.932604804043372 ], [ -75.238126182083974, 39.932563064735831 ], [ -75.237950567348022, 39.932521601548565 ], [ -75.23778680282922, 39.932489795071049 ], [ -75.237559586043048, 39.932522443118977 ], [ -75.237436120577954, 39.932557354822116 ], [ -75.237323821376336, 39.932620730264652 ], [ -75.237217278885325, 39.932693638141728 ], [ -75.237121555007406, 39.932804408604525 ], [ -75.23701327480299, 39.932924301253557 ], [ -75.236910056077292, 39.93307252394446 ], [ -75.236790197649, 39.933257998529186 ], [ -75.236717488550582, 39.933406889655565 ], [ -75.236657347341591, 39.933546649763272 ], [ -75.236642207226382, 39.933790857547869 ], [ -75.236647237601787, 39.933898528806537 ], [ -75.236649029655297, 39.933936788370552 ], [ -75.236661782855592, 39.934087552369093 ], [ -75.236651334440836, 39.934204885473342 ], [ -75.236603389789323, 39.934344912856666 ], [ -75.236553371487219, 39.934541324218614 ], [ -75.236523740127851, 39.934681752926153 ], [ -75.236468647507039, 39.934849842835867 ], [ -75.236392569973376, 39.93517266052374 ], [ -75.236319696175684, 39.935326242041974 ], [ -75.236170068244249, 39.93540761113195 ], [ -75.236013304021071, 39.935517042835187 ], [ -75.235862991968276, 39.935617200356234 ], [ -75.235664015646989, 39.935711596627819 ], [ -75.235458238953754, 39.935824647281535 ], [ -75.235263801536348, 39.93596146224376 ], [ -75.23497921449912, 39.936223268586708 ], [ -75.234920110338351, 39.936334840422099 ], [ -75.234921868038001, 39.93645244111061 ], [ -75.234916651457638, 39.936593404889415 ], [ -75.23484619523515, 39.93668121171762 ], [ -75.234773219901953, 39.936754853640672 ], [ -75.234743931743068, 39.936885883097943 ], [ -75.234787031278657, 39.937042016100001 ], [ -75.234781640454031, 39.937187679263687 ], [ -75.234800483240008, 39.937338577084851 ], [ -75.234869393811422, 39.937457650430858 ], [ -75.234920847648368, 39.937552833898813 ], [ -75.234968476326358, 39.937751385979411 ], [ -75.234975643375478, 39.937887918106014 ], [ -75.234982810453459, 39.938024450231801 ], [ -75.235003404346273, 39.938128363348817 ], [ -75.23507386916296, 39.938205150781457 ], [ -75.235162996623686, 39.938272940967813 ], [ -75.235295554132392, 39.938322870494794 ], [ -75.23548967049328, 39.938360048882615 ], [ -75.23578161641106, 39.938394659316579 ], [ -75.235945915742931, 39.938412370470807 ], [ -75.236146821247686, 39.93843088373221 ], [ -75.236347390928287, 39.938458795687659 ], [ -75.236500002138769, 39.9384621402683 ], [ -75.236683821419845, 39.938447355710785 ], [ -75.236879850450165, 39.938432838397759 ], [ -75.237144411495152, 39.93838220565496 ], [ -75.237449001515301, 39.938323042819 ], [ -75.237621826152932, 39.938275102507411 ], [ -75.237769362710083, 39.938250115032965 ], [ -75.237965738343831, 39.938226197070485 ], [ -75.238173281506946, 39.938230742558723 ], [ -75.238326227621485, 39.938224694661386 ], [ -75.238498009732766, 39.938204940414067 ], [ -75.23873711924945, 39.938181956904884 ], [ -75.238872445074264, 39.938156709673102 ], [ -75.239007435566919, 39.938140852332758 ], [ -75.239184280454737, 39.938149427106843 ], [ -75.239336705808014, 39.938157467057032 ], [ -75.239452860716341, 39.938155306473732 ], [ -75.239563084313843, 39.938148312746819 ], [ -75.23970957839532, 39.938151519175349 ], [ -75.239819281239377, 39.938158623402082 ], [ -75.239922532076591, 39.938174992717236 ], [ -75.24003729885969, 39.938210417741388 ], [ -75.240139682069596, 39.938250283863198 ], [ -75.240258633325894, 39.938337535411776 ], [ -75.240409959245341, 39.938458408598784 ], [ -75.240592768895425, 39.938636408792931 ], [ -75.240711548227893, 39.938728350269791 ], [ -75.240764063962274, 39.938795334962215 ], [ -75.240761288131822, 39.938870516382877 ], [ -75.24073932982995, 39.938968794120477 ], [ -75.240698709829289, 39.939076060957319 ], [ -75.240627229075486, 39.93919206799572 ], [ -75.240544406041593, 39.939284301833403 ], [ -75.240424952412312, 39.939375743136395 ], [ -75.240342302088607, 39.939463286429657 ], [ -75.240240642627128, 39.939569217493464 ], [ -75.240143872995688, 39.939708177865782 ], [ -75.240016751293851, 39.939841770748437 ], [ -75.239951200059537, 39.939962610366393 ], [ -75.239904658667939, 39.940035248240576 ], [ -75.239879891004747, 39.94007390853448 ], [ -75.239797065549936, 39.940166150833825 ], [ -75.239636190735752, 39.940303707811822 ], [ -75.239527555821724, 39.940433001617414 ], [ -75.239411090998985, 39.94060915593424 ], [ -75.239399951890448, 39.940745286872065 ], [ -75.239431189803682, 39.94089175179289 ], [ -75.23946278675858, 39.941028818162209 ], [ -75.239494545749011, 39.941161184867099 ], [ -75.239562774020428, 39.941299052982679 ], [ -75.239631511657933, 39.941422822602775 ], [ -75.239735144863801, 39.94159438788683 ], [ -75.239846260764935, 39.941728491233839 ], [ -75.239986873514979, 39.941891459151975 ], [ -75.240074622182661, 39.941996840717835 ], [ -75.24015068163618, 39.942087847823316 ], [ -75.240252550423548, 39.942141803039497 ], [ -75.240367497289526, 39.942172537333029 ], [ -75.240519584732908, 39.942189974512125 ], [ -75.240790192603569, 39.942224113940256 ], [ -75.240954317626944, 39.942246508063164 ], [ -75.241179668592352, 39.942265546972351 ], [ -75.241448091818157, 39.94227612106954 ], [ -75.24158326335268, 39.942255561297358 ], [ -75.241828132421404, 39.942242112418057 ], [ -75.242035861534774, 39.942241951515477 ], [ -75.242292247677042, 39.942247557244308 ], [ -75.242609166710167, 39.942268586268483 ], [ -75.243066830218027, 39.942283293304762 ], [ -75.24317583497637, 39.94230919168416 ], [ -75.243333867077354, 39.942331458227009 ], [ -75.2434154142328, 39.942397895733841 ], [ -75.243434698749283, 39.942413607047683 ], [ -75.243531331981643, 39.942443928905909 ], [ -75.24384466772122, 39.942478994772529 ], [ -75.244069846975876, 39.942502727410599 ], [ -75.244410137635285, 39.942552481185039 ], [ -75.244659207091999, 39.942590844102156 ], [ -75.245013279639409, 39.942598577392268 ], [ -75.245226410930655, 39.942617332421264 ], [ -75.245409892820433, 39.942611941701848 ], [ -75.245562686988237, 39.942610574818438 ], [ -75.245740063858079, 39.942605041261025 ], [ -75.245886914166348, 39.942598840983955 ], [ -75.246051560904121, 39.942607138591043 ], [ -75.246191798143812, 39.942614903125111 ], [ -75.246349474311813, 39.942646555074681 ], [ -75.246470876353044, 39.942668017698892 ], [ -75.246567337850976, 39.942703045412301 ], [ -75.246662761106435, 39.94276626050199 ], [ -75.246744935240827, 39.942857405485356 ], [ -75.246823191748817, 39.942971971838226 ], [ -75.246872243449076, 39.943132932675752 ], [ -75.246965071535428, 39.943266629665111 ], [ -75.247021971755274, 39.943380729820987 ], [ -75.247028322072637, 39.943411078717013 ], [ -75.247042747066729, 39.943479941099653 ], [ -75.24705201569131, 39.943560088532202 ], [ -75.247108570135111, 39.9436835874655 ], [ -75.247210310444984, 39.943906830247776 ], [ -75.247304178348941, 39.944012339499082 ], [ -75.247378876903241, 39.944140937350852 ], [ -75.2474221714279, 39.944292365916972 ], [ -75.247509588937547, 39.944407131610369 ], [ -75.247633639306642, 39.94452270542704 ], [ -75.247757159608483, 39.944652368085976 ], [ -75.247898662533487, 39.944791829240025 ], [ -75.248091878246356, 39.944937121354329 ], [ -75.248168124406263, 39.945023432729769 ], [ -75.248213670065837, 39.945113777640294 ], [ -75.248233421614501, 39.945241176425107 ], [ -75.248320841714033, 39.945355941498192 ], [ -75.248414540344896, 39.945466149250265 ], [ -75.248563697091214, 39.945563447770311 ], [ -75.248706068128968, 39.94567941986562 ], [ -75.248895716392411, 39.945838742292104 ], [ -75.249079260258199, 39.945997922282054 ], [ -75.249244314811861, 39.946161411062015 ], [ -75.249427860034075, 39.946320599495948 ], [ -75.249493454464044, 39.946364349060175 ], [ -75.249553288834917, 39.946398575666876 ], [ -75.249613653715585, 39.946418704254896 ], [ -75.24970994957593, 39.946458419734853 ], [ -75.249810795075732, 39.946540562944833 ], [ -75.249917389004082, 39.946632237715811 ], [ -75.249966348393883, 39.946713249891062 ], [ -75.250035802008085, 39.946818215604992 ], [ -75.25011556551712, 39.946975140969954 ], [ -75.250153119683418, 39.947117036857009 ], [ -75.250203219534697, 39.947249799767633 ], [ -75.25022856254472, 39.947391429508201 ], [ -75.250270482488062, 39.947580452308884 ], [ -75.250308037312152, 39.947722348143444 ], [ -75.250339993421207, 39.947850012412403 ], [ -75.250365682679202, 39.947982243290738 ], [ -75.250416474717881, 39.948096217448175 ], [ -75.250474421950429, 39.948182119389543 ], [ -75.25055729917203, 39.948254463971317 ], [ -75.250723745196908, 39.948380364295176 ], [ -75.251063552178692, 39.948693429140448 ], [ -75.251193031030454, 39.948827929776975 ], [ -75.251317257171337, 39.948938790926555 ], [ -75.251442013477231, 39.949035562948943 ], [ -75.251506402269186, 39.949112207276201 ], [ -75.251557209093249, 39.949226172177973 ], [ -75.251567913384292, 39.949433318216713 ], [ -75.251517754428789, 39.949634435460183 ], [ -75.251412641139169, 39.949834364734357 ], [ -75.25130994656439, 39.949968502082797 ], [ -75.251243023458827, 39.950126934454715 ], [ -75.25119509763833, 39.95026696789148 ], [ -75.251152944024383, 39.950416524401795 ], [ -75.251150121763615, 39.950576353046507 ], [ -75.251140127551921, 39.950681947894068 ], [ -75.251173814493413, 39.950762626765467 ], [ -75.25126755464089, 39.95095512045431 ], [ -75.251349399232055, 39.95105566095652 ], [ -75.251425656723555, 39.951141961153304 ], [ -75.25149126845902, 39.951185718828384 ], [ -75.251542122069978, 39.951215036487426 ], [ -75.251585498648581, 39.951281825727847 ], [ -75.251609163628586, 39.951385793070315 ], [ -75.251609516309756, 39.951501010638665 ], [ -75.251626309080279, 39.951626001623765 ], [ -75.25164623001119, 39.951748700131979 ], [ -75.251648707882339, 39.951847511862255 ], [ -75.251644734351828, 39.951955580439453 ], [ -75.251613887499829, 39.952046611631197 ], [ -75.251577291681116, 39.952128111249223 ], [ -75.251511996986707, 39.952241899059004 ], [ -75.251410744963792, 39.952378419573783 ], [ -75.25128249839571, 39.952542571109028 ], [ -75.251186337756167, 39.952665092801396 ], [ -75.251152621378665, 39.952751358202633 ], [ -75.251152045449885, 39.952850103436532 ], [ -75.25117910908844, 39.952944738537276 ], [ -75.25120644340555, 39.953032333765123 ], [ -75.251182911523188, 39.953090601934434 ], [ -75.251149713415941, 39.953162769086582 ], [ -75.251101410692087, 39.953229904028539 ], [ -75.251048534013549, 39.953296939316203 ], [ -75.250922790758807, 39.953392957922915 ], [ -75.250790607175006, 39.95349823344533 ], [ -75.250648819535371, 39.953615066546206 ], [ -75.2504884651769, 39.95373854071233 ], [ -75.250352523845933, 39.953862546610623 ], [ -75.250137239064259, 39.954067120078527 ], [ -75.250048563486132, 39.954152187566351 ], [ -75.250004325857901, 39.954233520215631 ], [ -75.24995490899822, 39.954331201118698 ], [ -75.249888988514357, 39.954379138926654 ], [ -75.24983814925892, 39.954432108555395 ], [ -75.24979909037485, 39.954497092859398 ], [ -75.249768856842124, 39.954571675857323 ], [ -75.249747944068645, 39.95464175880565 ], [ -75.249760789392795, 39.954707874301938 ], [ -75.249767960654651, 39.954762108179793 ], [ -75.249750273626432, 39.954827567259066 ], [ -75.24969588945433, 39.954976856794651 ], [ -75.249613494615645, 39.955181983012118 ], [ -75.249596067072645, 39.955240383944506 ], [ -75.249557526324821, 39.95529126992551 ], [ -75.249494139012711, 39.955353372292208 ], [ -75.249422802232218, 39.955382388083827 ], [ -75.249357733446274, 39.955406828265886 ], [ -75.249280981939265, 39.95541691321278 ], [ -75.24923467625328, 39.955430013377203 ], [ -75.24919970727035, 39.955466867555756 ], [ -75.249164305488591, 39.95551547925767 ], [ -75.24914392241979, 39.955571464111884 ], [ -75.249122403281632, 39.95565799488822 ], [ -75.249135558474165, 39.955757030489096 ], [ -75.249174844836219, 39.955851941547252 ], [ -75.249217605288948, 39.955935170361691 ], [ -75.249262479820587, 39.956044303736796 ], [ -75.24927479434217, 39.956124517268101 ], [ -75.249234707833125, 39.956217698108091 ], [ -75.249114544556164, 39.956327937073219 ], [ -75.249045654427249, 39.956373467131925 ], [ -75.248988619974767, 39.956428652966032 ], [ -75.248957865727505, 39.956517333983271 ], [ -75.248926235077647, 39.95662950279457 ], [ -75.248947858085657, 39.956747535754637 ], [ -75.24900608465785, 39.956908695321843 ], [ -75.249065334327113, 39.956959370372402 ], [ -75.249194700519894, 39.957013916416237 ], [ -75.249314918699227, 39.957068262908408 ], [ -75.249401550671053, 39.957121877213922 ], [ -75.249508940894046, 39.957197441578302 ], [ -75.249532598848489, 39.957214084984464 ], [ -75.249638615538615, 39.957322208192636 ], [ -75.249778380688923, 39.957426354591902 ], [ -75.250037304702914, 39.957655371152882 ], [ -75.250178914136185, 39.95779247949298 ], [ -75.250243136897168, 39.957873823927628 ], [ -75.250360159204774, 39.958015099477358 ], [ -75.250463211550326, 39.958120805688715 ], [ -75.250559898504818, 39.958233418884994 ], [ -75.250666350607403, 39.958329792605333 ], [ -75.250736076149366, 39.958427717749025 ], [ -75.250793415862745, 39.958530067205203 ], [ -75.250839815147188, 39.958639242089141 ], [ -75.25087622536546, 39.958729377627698 ], [ -75.250882447204518, 39.958809458211704 ], [ -75.250892776238999, 39.958943714833275 ], [ -75.250883656736562, 39.959025803816559 ], [ -75.250850357281209, 39.95910032032458 ], [ -75.250753553046579, 39.95915699232031 ], [ -75.25060685689445, 39.959240796421405 ], [ -75.250454238153793, 39.959319768128964 ], [ -75.250292458821747, 39.959398540050699 ], [ -75.250081565088578, 39.959483296341872 ], [ -75.249826143024961, 39.959574127666691 ], [ -75.249652581038902, 39.959640883992236 ], [ -75.249553240145858, 39.959683399194361 ], [ -75.249443701402342, 39.959753902132043 ], [ -75.249318290208649, 39.959840511138218 ], [ -75.249214437086565, 39.959922895749514 ], [ -75.249123304725245, 39.95999144801177 ], [ -75.248973637818537, 39.960072833758552 ], [ -75.248837049363544, 39.960130988518962 ], [ -75.248690879494234, 39.960200692189389 ], [ -75.248547762774734, 39.960270462247699 ], [ -75.248459844061202, 39.960334380890437 ], [ -75.248384645050535, 39.960426795916852 ], [ -75.248335469222951, 39.960517426736757 ], [ -75.248282732693028, 39.960622080438512 ], [ -75.248199460970937, 39.960726077288633 ], [ -75.248059063846966, 39.96088760014662 ], [ -75.247975531855289, 39.960998645948905 ], [ -75.24792338811838, 39.961086860296533 ], [ -75.247892371093215, 39.961182581130466 ], [ -75.247872740632772, 39.961342043271756 ], [ -75.247872506017757, 39.9614313896491 ], [ -75.247867116314353, 39.96149475608766 ], [ -75.247841340646403, 39.961614107140477 ], [ -75.247823217609977, 39.961691305433725 ], [ -75.247808234589385, 39.961766220612951 ], [ -75.247775016960873, 39.961838386518586 ], [ -75.247741984047579, 39.961905853259971 ], [ -75.247708766280454, 39.961978019146173 ], [ -75.247702770567699, 39.962057833509597 ], [ -75.247727706012952, 39.962168893168823 ], [ -75.247762271726288, 39.962226076227132 ], [ -75.247777737379536, 39.962304007052303 ], [ -75.247753878028789, 39.96245397058501 ], [ -75.247692127634792, 39.962802966043853 ], [ -75.247688260786759, 39.962818622060787 ], [ -75.24765981129066, 39.962933932381631 ], [ -75.247605650678835, 39.962993883526522 ], [ -75.247489453116316, 39.963120668730383 ], [ -75.24741960322828, 39.963192035552666 ], [ -75.247399118163173, 39.963250369535729 ], [ -75.247405422875246, 39.96332810059463 ], [ -75.247435711839145, 39.963418112752457 ], [ -75.247480501896291, 39.963529596508785 ], [ -75.24756506342267, 39.96363960510056 ], [ -75.247685218546096, 39.963778599998143 ], [ -75.247779374270479, 39.963877059698817 ], [ -75.247903893673822, 39.96398087564539 ], [ -75.248057762811982, 39.964075934093763 ], [ -75.248615891112138, 39.964353797061158 ], [ -75.248968189377138, 39.964495499657644 ], [ -75.249465546713168, 39.96472265924713 ], [ -75.249849795885211, 39.96490973559105 ], [ -75.249912527813422, 39.96494871894474 ], [ -75.249990008981044, 39.96500214218441 ], [ -75.250055708273322, 39.965043541701753 ], [ -75.250134238936297, 39.965068768622373 ], [ -75.250222524192381, 39.965077746877974 ], [ -75.250314468347881, 39.965070343646858 ], [ -75.250447740741478, 39.965019169476953 ], [ -75.250606145520948, 39.964949729910288 ], [ -75.250758430958911, 39.964880156839577 ], [ -75.250914265503354, 39.964838870942529 ], [ -75.251048862326584, 39.964834747723394 ], [ -75.251102963849846, 39.964859441918165 ], [ -75.251201821808763, 39.964913320878068 ], [ -75.251284028813146, 39.965004462564153 ], [ -75.251342584489464, 39.965073924829582 ], [ -75.251337111309937, 39.965139641132396 ], [ -75.251341231257086, 39.965193808398013 ], [ -75.251369693866323, 39.965250866368272 ], [ -75.251428854783128, 39.965303880637769 ], [ -75.251497868177495, 39.965338296704466 ], [ -75.251604130392366, 39.965357071699273 ], [ -75.251708375909701, 39.965347583614502 ], [ -75.251812880287304, 39.965331055314763 ], [ -75.251923319498388, 39.965319350301357 ], [ -75.252094906958106, 39.965306624830063 ], [ -75.252335714284456, 39.965281305399969 ], [ -75.25263623538369, 39.965252573007326 ], [ -75.252844282225254, 39.965245343155807 ], [ -75.252972956814844, 39.965236385598153 ], [ -75.253077633439744, 39.965215156729599 ], [ -75.253222341842942, 39.965185383526801 ], [ -75.253315526044148, 39.96522738822491 ], [ -75.253408969745976, 39.965262334717927 ], [ -75.25358324354994, 39.965301400411292 ], [ -75.253713590702731, 39.965330094804884 ], [ -75.253937456422577, 39.965391394152014 ], [ -75.254047032069465, 39.965403184187814 ], [ -75.254141684628479, 39.965405243155871 ], [ -75.254223571815473, 39.96533883735863 ], [ -75.25430231884171, 39.965274714791427 ], [ -75.25433823961751, 39.965212012261532 ], [ -75.254381044536302, 39.965128295171702 ], [ -75.254457341704423, 39.965047658111445 ], [ -75.254544903926856, 39.964993133466379 ], [ -75.254632897552867, 39.964926860205303 ], [ -75.254739558199191, 39.964851586494731 ], [ -75.254938334118393, 39.964764215332146 ], [ -75.255113597558577, 39.964692784673382 ], [ -75.25526773547746, 39.964656159212886 ], [ -75.255409215184798, 39.964631025280283 ], [ -75.255544944622613, 39.964596350807085 ], [ -75.255687286821797, 39.964547719426363 ], [ -75.25581226757852, 39.964472843021575 ], [ -75.255853247262252, 39.964438460049578 ], [ -75.255892306070805, 39.964373473700817 ], [ -75.255967824241552, 39.964313983032142 ], [ -75.256083470837694, 39.964243606622844 ], [ -75.256193613706287, 39.96415664937836 ], [ -75.256281949644048, 39.964080976007317 ], [ -75.256383620767338, 39.963975030788561 ], [ -75.256587017605284, 39.963803100220666 ], [ -75.256687825475439, 39.96372065184535 ], [ -75.256747051395109, 39.963689016662947 ], [ -75.256817703915047, 39.963678794016531 ], [ -75.256900398398244, 39.96367353615797 ], [ -75.256982316835007, 39.963689425644802 ], [ -75.257127585181436, 39.963727855759082 ], [ -75.257251898099952, 39.963754063477474 ], [ -75.257336784117598, 39.963772368765632 ], [ -75.257419478674507, 39.963767110533063 ], [ -75.257487519971804, 39.963745081833153 ], [ -75.257543938847391, 39.963706330512949 ], [ -75.257630979643864, 39.963665901784047 ], [ -75.257705547626827, 39.963632247801833 ], [ -75.25778911533412, 39.96360350143766 ], [ -75.257859681412839, 39.963595627861999 ], [ -75.257934975934646, 39.963625473287223 ], [ -75.257994140227822, 39.963678493177305 ], [ -75.258014795851608, 39.963740073989534 ], [ -75.258013626797876, 39.963855258215624 ], [ -75.258014649458914, 39.963994005887855 ], [ -75.257992547308291, 39.96409698655021 ], [ -75.257962651568434, 39.964162172585411 ], [ -75.257944625544198, 39.964237022759072 ], [ -75.257945266096783, 39.964302872026337 ], [ -75.257976098311005, 39.964378783379502 ], [ -75.258008900967639, 39.964400660087826 ], [ -75.258059778979657, 39.964429975103037 ], [ -75.258120236885361, 39.964447749240556 ], [ -75.258190372876598, 39.964451624024171 ], [ -75.258272809647067, 39.964453414314384 ], [ -75.258340162245318, 39.964450173807336 ], [ -75.258407244604285, 39.964453982144782 ], [ -75.258470239217175, 39.964485920685846 ], [ -75.258511180974111, 39.964536183984706 ], [ -75.258547851016601, 39.96461927668588 ], [ -75.258591902960575, 39.964709575405323 ], [ -75.258638693424359, 39.964767029413146 ], [ -75.258684610911985, 39.964847971273791 ], [ -75.258706972536729, 39.964904885813048 ], [ -75.258713893511484, 39.964966168256552 ], [ -75.258716554477346, 39.965060280376449 ], [ -75.258712974215911, 39.965241247563483 ], [ -75.258700711429952, 39.965325629312424 ], [ -75.258710944636505, 39.965379928920797 ], [ -75.258738983004662, 39.965448724624551 ], [ -75.258767009729581, 39.965517520067294 ], [ -75.25879861890327, 39.96557228378105 ], [ -75.258839808020142, 39.965615506571183 ], [ -75.258890514975207, 39.965649520643076 ], [ -75.258975059163774, 39.965677223570516 ], [ -75.259078356426471, 39.965693575635107 ], [ -75.259215663545135, 39.965698907984702 ], [ -75.259334832453533, 39.965699143276161 ], [ -75.259401399231905, 39.965717049312239 ], [ -75.259424192463953, 39.965762215143656 ], [ -75.259428405039472, 39.965814032404481 ], [ -75.259428530179733, 39.965893979940944 ], [ -75.259450978915339, 39.965948544620289 ], [ -75.259552553905095, 39.966011890525529 ], [ -75.259649216186631, 39.966042198537409 ], [ -75.259779136330138, 39.966082643611898 ], [ -75.259909315341858, 39.966116030395412 ], [ -75.260065243857255, 39.966197007465702 ], [ -75.26031049427398, 39.966258758251918 ], [ -75.260478715084943, 39.966311070694523 ], [ -75.260491021671825, 39.966314905627321 ], [ -75.260584195578701, 39.966274589676154 ], [ -75.260662276924066, 39.966270994897442 ], [ -75.260751284383943, 39.966281746597048 ], [ -75.260829624347252, 39.966271093558731 ], [ -75.260933800170761, 39.966243368566744 ], [ -75.26102710268583, 39.966199532185612 ], [ -75.26111646445203, 39.966137968881199 ], [ -75.261162055176825, 39.966082510824513 ], [ -75.26121680698931, 39.966027251461078 ], [ -75.261284337646487, 39.965998731300594 ], [ -75.261387339298196, 39.966002722290774 ], [ -75.261445871160603, 39.966032219770732 ], [ -75.261480901856388, 39.966077073941072 ], [ -75.261548196141788, 39.966117339020336 ], [ -75.261662390089569, 39.966160387104026 ], [ -75.2617372095512, 39.966183182907727 ], [ -75.261812545765679, 39.966191871369105 ], [ -75.261893489785066, 39.966172453397661 ], [ -75.262014016952904, 39.966136261327726 ], [ -75.262093711627401, 39.966088606162671 ], [ -75.262104099287612, 39.966055314607431 ], [ -75.262117296461938, 39.96600797448216 ], [ -75.262139461242498, 39.965966117602086 ], [ -75.262163326590837, 39.965940173016051 ], [ -75.262243408306347, 39.965881939526042 ], [ -75.262271438818587, 39.965854805822481 ], [ -75.262273502334807, 39.965852814327512 ], [ -75.262273854493728, 39.965852470577111 ], [ -75.262343220669862, 39.965785319159572 ], [ -75.262383848091218, 39.965740339654587 ], [ -75.262422816021356, 39.965677682795821 ], [ -75.262458792307626, 39.965634368367262 ], [ -75.262512316427774, 39.965612598585317 ], [ -75.262560221683742, 39.965618925938657 ], [ -75.262618370054639, 39.965627241265743 ], [ -75.262679829032905, 39.965639160206507 ], [ -75.262766619084246, 39.965648096347429 ], [ -75.262837949186505, 39.965640821882332 ], [ -75.262919279195799, 39.965610833966799 ], [ -75.262961671503106, 39.965580002006682 ], [ -75.263029910889287, 39.965532088909406 ], [ -75.263093434591781, 39.965487605439726 ], [ -75.263144858646669, 39.965460501048334 ], [ -75.263195379685044, 39.965458064152841 ], [ -75.26325205877167, 39.965475167994597 ], [ -75.263270271081723, 39.965485284376562 ], [ -75.2633082335296, 39.965506370359698 ], [ -75.263384689436378, 39.965546832906519 ], [ -75.263468347309541, 39.965578639806758 ], [ -75.26353151932959, 39.965606461821444 ], [ -75.263615758250523, 39.965622396774656 ], [ -75.263696249019318, 39.965615329298075 ], [ -75.263771394228797, 39.96559755031074 ], [ -75.263855404099175, 39.965557033195665 ], [ -75.263929736510349, 39.965530424828295 ], [ -75.263990720165154, 39.965492940578741 ], [ -75.264017200365174, 39.965458231603925 ], [ -75.264057492262339, 39.965422064941421 ], [ -75.264132598604292, 39.965374299987978 ], [ -75.264242583514658, 39.965313181139493 ], [ -75.264373494331508, 39.96524369484046 ], [ -75.264496698413041, 39.965196980614863 ], [ -75.264554550016229, 39.96518235838321 ], [ -75.264644008218511, 39.965180764296562 ], [ -75.26475847444685, 39.965185009627263 ], [ -75.264919892584615, 39.965190271764492 ], [ -75.265059625083083, 39.965193298085879 ], [ -75.265253937391847, 39.965208083811689 ], [ -75.265388567936213, 39.965225108718066 ], [ -75.265449253620105, 39.965258173636769 ], [ -75.265528362935257, 39.965351616226329 ], [ -75.265567660045193, 39.965405382153179 ], [ -75.265657192859621, 39.965527269287108 ], [ -75.265745206118353, 39.965627959236947 ], [ -75.265806111681201, 39.965717466598882 ], [ -75.265858383159809, 39.965792686534854 ], [ -75.265922366881, 39.965861105275437 ], [ -75.266049461302543, 39.965927358373662 ], [ -75.266194645630591, 39.965969306847448 ], [ -75.26631482133854, 39.966005424997903 ], [ -75.266396832697438, 39.966019543730695 ], [ -75.26654572814401, 39.966022766539886 ], [ -75.266708488196159, 39.966022766362414 ], [ -75.266796040902577, 39.966010542730821 ], [ -75.266910701823463, 39.966009501298103 ], [ -75.267024718792896, 39.966026078142313 ], [ -75.267139109199306, 39.966063836159684 ], [ -75.2672159546171, 39.96609371791611 ], [ -75.26729380490913, 39.966158904032362 ], [ -75.267365431561274, 39.966206314097803 ], [ -75.267382955605413, 39.966215099475804 ], [ -75.267475738785862, 39.966261615745196 ], [ -75.267532624432988, 39.966273433107823 ], [ -75.267599046159518, 39.966274870152176 ], [ -75.267671510361168, 39.966299368010937 ], [ -75.267779987116484, 39.966342286229889 ], [ -75.267910781653697, 39.966401562522371 ], [ -75.268130959316778, 39.966492756922577 ], [ -75.268393322655925, 39.966590152074836 ], [ -75.268461019328555, 39.966619844114412 ], [ -75.268514828027065, 39.966652758621343 ], [ -75.268568390990424, 39.966692722516569 ], [ -75.268702087936447, 39.966797920886769 ], [ -75.268773136862194, 39.966861192935283 ], [ -75.268847935269193, 39.966947485144225 ], [ -75.268917825786815, 39.967042482829065 ], [ -75.269017317096598, 39.967236904715818 ], [ -75.269045292322602, 39.967286892692819 ], [ -75.269080340053051, 39.967331753797687 ], [ -75.269125052689915, 39.967362705393114 ], [ -75.269158966167325, 39.967375782159294 ], [ -75.26920687295636, 39.967382115740698 ], [ -75.269272985648968, 39.96739236577217 ], [ -75.269357421104203, 39.967403011889544 ], [ -75.269445039215768, 39.967389030699131 ], [ -75.269498240984163, 39.967376062361218 ], [ -75.269549406525101, 39.967356004264069 ], [ -75.269614448785759, 39.967332714249807 ], [ -75.269670007840531, 39.96731803986701 ], [ -75.269741145683895, 39.967316054736116 ], [ -75.269802607767531, 39.967327960859279 ], [ -75.269856996810447, 39.967345011868595 ], [ -75.269919850990107, 39.967381653073112 ], [ -75.269961767782576, 39.967426653354813 ], [ -75.270003362542766, 39.967480476329079 ], [ -75.27003164879747, 39.967553400880384 ], [ -75.270055465194631, 39.96765446573788 ], [ -75.270073314688787, 39.967730696573405 ], [ -75.270098868783023, 39.967784163811871 ], [ -75.270141470510836, 39.967873282117814 ], [ -75.270192654738921, 39.967978461272132 ], [ -75.270298580733964, 39.96818536451481 ], [ -75.270389828278695, 39.968323160124207 ], [ -75.270402289531134, 39.96835871204236 ], [ -75.270413464284104, 39.968429509780641 ], [ -75.270423041880804, 39.968480865753726 ], [ -75.270448801125269, 39.968529048543452 ], [ -75.270501711605235, 39.968586638693793 ], [ -75.270570868233065, 39.968639291078148 ], [ -75.270599874316545, 39.968661082015856 ], [ -75.270604369777629, 39.968662395485161 ], [ -75.270652035716523, 39.968676318552163 ], [ -75.270718664430248, 39.968672469420937 ], [ -75.270773967075897, 39.96866484366921 ], [ -75.270838869675146, 39.968645081792985 ], [ -75.270913138663005, 39.968620224444237 ], [ -75.270987085959717, 39.968604180755044 ], [ -75.271044167024939, 39.968610711752966 ], [ -75.271110269489441, 39.968620960472954 ], [ -75.27116937529415, 39.968634580862407 ], [ -75.271241650139871, 39.968664370092029 ], [ -75.271328884595405, 39.96869270748391 ], [ -75.271408670979753, 39.968705017555692 ], [ -75.271491008227216, 39.968710318938541 ], [ -75.27159166826894, 39.968716025032407 ], [ -75.271698887053333, 39.968730684340287 ], [ -75.271803350592705, 39.968757636560603 ], [ -75.271863463875192, 39.96880656096176 ], [ -75.271923384137239, 39.968860778959154 ], [ -75.271986798532623, 39.968945048188061 ], [ -75.272024259416142, 39.96898642858001 ], [ -75.272087502143805, 39.969012490342692 ], [ -75.272197378101708, 39.96904837972469 ], [ -75.272344673474009, 39.969095654562274 ], [ -75.272506091091842, 39.969132656548339 ], [ -75.272625890299395, 39.969179337339199 ], [ -75.272727623154793, 39.969218582255316 ], [ -75.27281605792507, 39.969245187479174 ], [ -75.272958703143232, 39.969294127052599 ], [ -75.273054532500709, 39.969306773269729 ], [ -75.273186375498426, 39.969306096346095 ], [ -75.27328074693952, 39.969295780817994 ], [ -75.273416479902181, 39.969282835079646 ], [ -75.273492335019043, 39.969277417531728 ], [ -75.273570214778871, 39.969279098346838 ], [ -75.273682202490775, 39.969288569910219 ], [ -75.273810231551096, 39.96929839654274 ], [ -75.273912929379321, 39.969311190259241 ], [ -75.274013590514514, 39.969316894228939 ], [ -75.27415109117814, 39.96931809519927 ], [ -75.27432649292497, 39.969317473848584 ], [ -75.274488350960823, 39.969311262247295 ], [ -75.274808202313523, 39.969294349178085 ], [ -75.274890957784606, 39.969288196590114 ], [ -75.275027291294094, 39.969290254301271 ], [ -75.275085444331921, 39.969298563310993 ], [ -75.275197904625102, 39.969326567837555 ], [ -75.275267567877549, 39.969365109786025 ], [ -75.275320880153259, 39.969412119701843 ], [ -75.275363922825107, 39.969504777266671 ], [ -75.275395719645729, 39.969576019137826 ], [ -75.275456513478758, 39.96977929500099 ], [ -75.275494550910707, 39.969930931166523 ], [ -75.275568235745794, 39.970126556278174 ], [ -75.275607534613641, 39.970212069278467 ], [ -75.275652756724384, 39.970260670495477 ], [ -75.275705404669367, 39.970294439426112 ], [ -75.275819430973996, 39.970311007531357 ], [ -75.276005620683051, 39.970313265063758 ], [ -75.27618744423242, 39.970325122761992 ], [ -75.276245674256828, 39.970331666890964 ], [ -75.276303379193934, 39.970352309092412 ], [ -75.276371961365214, 39.970389070107387 ], [ -75.27641220066721, 39.970417273419038 ], [ -75.27643893924693, 39.970469890690872 ], [ -75.276468003700572, 39.970521666117548 ], [ -75.276508454555568, 39.970591337270413 ], [ -75.27661288047311, 39.970777037702007 ], [ -75.276640766372068, 39.970829670640271 ], [ -75.276656735688007, 39.970863531481164 ], [ -75.276668836277565, 39.970908769456884 ], [ -75.276675483464984, 39.970946835177138 ], [ -75.276662648182722, 39.970984489976651 ], [ -75.276637371861923, 39.971017452779954 ], [ -75.276588334182662, 39.971057850090503 ], [ -75.276529613755628, 39.971096272735629 ], [ -75.276471987409707, 39.971136484866072 ], [ -75.276486477376793, 39.971179134482313 ], [ -75.276524896505876, 39.971225822753048 ], [ -75.276583150967795, 39.971263234955671 ], [ -75.276689477328816, 39.971254940194861 ], [ -75.276760907866304, 39.971245019262852 ], [ -75.276826143781634, 39.971216440531485 ], [ -75.276897518689466, 39.971176524539267 ], [ -75.277073739915224, 39.971106234403486 ], [ -75.277136201055541, 39.971090822156107 ], [ -75.277198373113976, 39.971083350329181 ], [ -75.277267169077803, 39.971083066906637 ], [ -75.277339329206512, 39.971084621864911 ], [ -75.277422495685386, 39.971098757426574 ], [ -75.277491945291032, 39.97111172341485 ], [ -75.277541764193771, 39.971128672200635 ], [ -75.277577609963487, 39.971151491638878 ], [ -75.277611109833629, 39.971176026450131 ], [ -75.277657993843803, 39.971210553222797 ], [ -75.27768757266054, 39.971248229979651 ], [ -75.277705696185777, 39.971285659922785 ], [ -75.277713522476944, 39.971322877018359 ], [ -75.277689745807436, 39.97134617776301 ], [ -75.277647837929067, 39.97136379006816 ], [ -75.277596864105575, 39.971378567139091 ], [ -75.277551836541036, 39.97138730056556 ], [ -75.277524920069951, 39.971402595953414 ], [ -75.27750919065376, 39.971425187089146 ], [ -75.277504723898446, 39.971453318686713 ], [ -75.277505734417545, 39.971488614000421 ], [ -75.277514920420103, 39.971519679655472 ], [ -75.277530793994941, 39.971556187192448 ], [ -75.277554992265024, 39.971584044446871 ], [ -75.277592778788843, 39.971616609292944 ], [ -75.277641066367366, 39.971644111599375 ], [ -75.277676380485147, 39.971660955028625 ], [ -75.277766253777486, 39.971679703706606 ], [ -75.277887520005038, 39.971694335392307 ], [ -75.277967956727963, 39.971715286241796 ], [ -75.278019699134944, 39.971752440273193 ], [ -75.27829745935037, 39.971929024874974 ], [ -75.278353691529588, 39.972014333952281 ], [ -75.278450229821615, 39.972107719007958 ], [ -75.278537931498306, 39.972186497911586 ], [ -75.278610023953107, 39.972264940569715 ], [ -75.278657507329612, 39.972333239687678 ], [ -75.278698229987057, 39.972415808929199 ], [ -75.278725232803311, 39.972531725430429 ], [ -75.278760488761577, 39.972635809541693 ], [ -75.278777114663981, 39.972693830565888 ], [ -75.278781429874627, 39.972746784228271 ], [ -75.278784184681498, 39.972842951519752 ], [ -75.278795851948033, 39.972951329868685 ], [ -75.278810905530534, 39.973052573267431 ], [ -75.278831858555719, 39.973163548195451 ], [ -75.278860009094927, 39.973248252252084 ], [ -75.278916854530294, 39.973316752846934 ], [ -75.278952726668336, 39.973360781549765 ], [ -75.278971429186186, 39.973447678740762 ], [ -75.278999742872301, 39.973527584024858 ], [ -75.279047922095415, 39.973619927176543 ], [ -75.279082746844651, 39.973692755755501 ], [ -75.279109587648833, 39.973813479902581 ], [ -75.279124642217354, 39.97391471425486 ], [ -75.279171952391053, 39.97398782064537 ], [ -75.279242145948629, 39.974032579222005 ], [ -75.279359331965495, 39.974073547259657 ], [ -75.279466807514112, 39.974123919616446 ], [ -75.279601942192443, 39.974186897423174 ], [ -75.279806299043244, 39.974321047233801 ], [ -75.279955548323869, 39.974425179035158 ], [ -75.280027645118082, 39.974503611795022 ], [ -75.280045787573272, 39.974541546276988 ], [ -75.280085696168896, 39.974625007428038 ], [ -75.280131611379488, 39.974736519324331 ], [ -75.280193561418358, 39.974836366195504 ], [ -75.280304945616749, 39.974992831572948 ], [ -75.279428810972433, 39.975437772082493 ], [ -75.276379777881445, 39.977005709761499 ], [ -75.273572982821136, 39.978260767073742 ], [ -75.272267018879774, 39.978841473461124 ], [ -75.271337296137744, 39.979254870196584 ], [ -75.269270408608818, 39.980171545289252 ], [ -75.26559186542957, 39.981802829671416 ], [ -75.264382991013548, 39.982338879755076 ], [ -75.263714477542365, 39.982635303245907 ], [ -75.262184439633813, 39.983482268649894 ], [ -75.260729517257033, 39.984282073142325 ], [ -75.259509604376987, 39.984952667278002 ], [ -75.258727535129708, 39.98538255788668 ], [ -75.258567739959346, 39.985513102418693 ], [ -75.258500930941551, 39.98556768468174 ], [ -75.25683781011837, 39.986800604888074 ], [ -75.256296603895834, 39.987201798245465 ], [ -75.256119107799535, 39.987313025169797 ], [ -75.255697417127493, 39.987510666094167 ], [ -75.254000642373398, 39.988305889477175 ], [ -75.25146797355481, 39.989493603685034 ], [ -75.250821574332122, 39.989796716074977 ], [ -75.249189692133825, 39.990563668083496 ], [ -75.248011205006208, 39.991117503919789 ], [ -75.245684402939062, 39.992210950453 ], [ -75.241651313609694, 39.994106038273863 ], [ -75.239025114110277, 39.995336970613245 ], [ -75.235286124704714, 39.997089295884919 ], [ -75.234308825672173, 39.997544968807624 ], [ -75.233228992771018, 39.99804843610471 ], [ -75.232151313667075, 39.998550877652946 ], [ -75.230887728645911, 39.999139969403096 ], [ -75.229453436073612, 39.999812191871548 ], [ -75.228739873316172, 40.000147415756622 ], [ -75.228375863647031, 40.000318421753569 ], [ -75.226414705941735, 40.001239710012179 ], [ -75.223629941698491, 40.00254779810242 ], [ -75.220696488353369, 40.003925607268236 ], [ -75.219224678906798, 40.004616845906682 ], [ -75.218345900364696, 40.005029554367923 ], [ -75.214570365641407, 40.00680255065852 ], [ -75.213755402272938, 40.007147050109523 ], [ -75.213045739759437, 40.007447036766692 ], [ -75.210766797510018, 40.008552471197504 ], [ -75.208920426837921, 40.009448024366996 ], [ -75.208299032342694, 40.009742620066987 ], [ -75.208027531636787, 40.009871327352954 ], [ -75.207315254230011, 40.010209000942389 ], [ -75.207309181071011, 40.010272918789198 ], [ -75.207297646735327, 40.010394424970094 ], [ -75.207292173516109, 40.010452022047566 ], [ -75.207285011746933, 40.010527484670646 ], [ -75.207262146594559, 40.010768185956152 ], [ -75.207251812726057, 40.010877032589505 ], [ -75.207238672867462, 40.011015433066461 ], [ -75.206992267792103, 40.011197204326379 ], [ -75.206162870447798, 40.011809029420149 ], [ -75.206511434210597, 40.01202565829486 ], [ -75.206716438660493, 40.012156222877174 ], [ -75.20705432057116, 40.012377514871098 ], [ -75.207556691405671, 40.012713767237344 ], [ -75.207562363804371, 40.012712487277305 ], [ -75.20759014828495, 40.01273621324885 ], [ -75.207930832158837, 40.012963249906278 ], [ -75.208166103549203, 40.013117115076035 ], [ -75.208400986412855, 40.013266988705055 ], [ -75.208642979631747, 40.013416325435173 ], [ -75.208784163167152, 40.013498747519492 ], [ -75.208928025264314, 40.013578489652659 ], [ -75.209147496577486, 40.013694395177332 ], [ -75.209666299423077, 40.013958119362648 ], [ -75.210033741466049, 40.014149629301116 ], [ -75.210550933082303, 40.014414944504722 ], [ -75.210770324543986, 40.014530935137394 ], [ -75.21095044972482, 40.014630325542207 ], [ -75.211516621949613, 40.014961339203658 ], [ -75.211796822569667, 40.015130894229507 ], [ -75.212035651282164, 40.015284379234224 ], [ -75.212168131532835, 40.015375074021691 ], [ -75.212265128466655, 40.015444801981815 ], [ -75.212390794246431, 40.015540382489803 ], [ -75.212482085699577, 40.015614164812284 ], [ -75.212601234091366, 40.015714520515338 ], [ -75.21274683708539, 40.015842607840987 ], [ -75.213000752332732, 40.016079478433142 ], [ -75.213272996003468, 40.016349919209482 ], [ -75.213616443044032, 40.016708148968121 ], [ -75.21403021914449, 40.017152228569721 ], [ -75.214303725499107, 40.017463437868848 ], [ -75.214666450382097, 40.017892530202431 ], [ -75.215055016050286, 40.018351519330601 ], [ -75.215329257386642, 40.018661814156069 ], [ -75.215483447450779, 40.018828253686685 ], [ -75.215615145645685, 40.018964995140429 ], [ -75.215750309624781, 40.019099632497905 ], [ -75.215863376086119, 40.019206553779178 ], [ -75.216005873398132, 40.019334694254944 ], [ -75.216184030356743, 40.019486723064588 ], [ -75.216366986357087, 40.019635785054582 ], [ -75.216553569043796, 40.019782521077168 ], [ -75.217629181332569, 40.020598577336266 ], [ -75.217948877241966, 40.020836003824968 ], [ -75.2182399032597, 40.021046920558931 ], [ -75.218468902889569, 40.021208481880485 ], [ -75.218667331071913, 40.02134483459357 ], [ -75.218901643168721, 40.021501007002882 ], [ -75.21907990794314, 40.0216155788573 ], [ -75.219246892735754, 40.021715873263936 ], [ -75.219396501426658, 40.021798800656079 ], [ -75.219503249352968, 40.021853861498869 ], [ -75.219616730182793, 40.021908448909699 ], [ -75.219810380810358, 40.021991994815046 ], [ -75.219889368321518, 40.02202248604835 ], [ -75.220009433229222, 40.022064883440947 ], [ -75.220131458828121, 40.022104044262171 ], [ -75.220255214871329, 40.022140486013583 ], [ -75.220422455356683, 40.022185571038946 ], [ -75.220591652561339, 40.022227527398393 ], [ -75.22119003578112, 40.022364052941121 ], [ -75.22144498348473, 40.022424573819706 ], [ -75.221576157709109, 40.022449725763693 ], [ -75.221843963835795, 40.022491950260203 ], [ -75.221974028860402, 40.022517942282853 ], [ -75.222057065826107, 40.022540123827568 ], [ -75.222097117284321, 40.022553159975111 ], [ -75.222173668825789, 40.022583965385493 ], [ -75.222280085827776, 40.022641394921095 ], [ -75.222382909116163, 40.022703439456713 ], [ -75.222483198703699, 40.022768698754561 ], [ -75.222613648231672, 40.022859921788495 ], [ -75.222835507926476, 40.023027975266317 ], [ -75.223303805024756, 40.023399373143882 ], [ -75.223431750007364, 40.023495288350261 ], [ -75.223529648683154, 40.023565017092416 ], [ -75.223629856558063, 40.023632219693006 ], [ -75.223698572402938, 40.023675231377076 ], [ -75.223804060700488, 40.023737540431895 ], [ -75.223874125612596, 40.023776743430439 ], [ -75.223926529596639, 40.023805547808344 ], [ -75.224660149848233, 40.024209886898362 ], [ -75.226134750221618, 40.025029659295001 ], [ -75.226712157159625, 40.025347389382574 ], [ -75.227438276301797, 40.025739688034406 ], [ -75.228080547503964, 40.026076486265133 ], [ -75.228839392948515, 40.026461511535388 ], [ -75.229587468171843, 40.026828761836455 ], [ -75.229930604478469, 40.026986307921639 ], [ -75.230740188189756, 40.027343088089872 ], [ -75.230968285044938, 40.027448534542458 ], [ -75.231155606678143, 40.027539499199548 ], [ -75.231412613489653, 40.027672869976904 ], [ -75.231702260296714, 40.027831237725522 ], [ -75.231987166038238, 40.027995492384569 ], [ -75.232225259318227, 40.028140880318915 ], [ -75.232401474073043, 40.028254268411175 ], [ -75.23260102346967, 40.028389800617774 ], [ -75.232762655197078, 40.028506148090685 ], [ -75.232919342500423, 40.028626261236226 ], [ -75.23307138919229, 40.028750164752758 ], [ -75.233249132320495, 40.028902697176278 ], [ -75.233884157828271, 40.029475696916371 ], [ -75.234030803192823, 40.029604075818227 ], [ -75.234180457912444, 40.029730015676179 ], [ -75.234334136743513, 40.029852700780808 ], [ -75.234460633154058, 40.029947958659967 ], [ -75.234655828433105, 40.030086419061014 ], [ -75.234860816575505, 40.030224733175061 ], [ -75.235058827003598, 40.030353055245108 ], [ -75.235299638006069, 40.03050393798631 ], [ -75.236207761676155, 40.031053585089246 ], [ -75.236587606952611, 40.03128996704892 ], [ -75.237364685214672, 40.031798876877616 ], [ -75.238179566991491, 40.032343467401432 ], [ -75.239231357265254, 40.033060653669125 ], [ -75.23970295815505, 40.033375164552346 ], [ -75.239869762527221, 40.033488884518995 ], [ -75.240096981086992, 40.03365228077412 ], [ -75.240282700433596, 40.03379812841056 ], [ -75.240400380730506, 40.033899241418105 ], [ -75.240484762410361, 40.033977507368157 ], [ -75.240565446527654, 40.034058143165488 ], [ -75.240667931802378, 40.034168906887651 ], [ -75.240765686806839, 40.034282711633907 ], [ -75.240859900288029, 40.034398790512242 ], [ -75.241201890331197, 40.034841440621534 ], [ -75.241295466300187, 40.034958000727265 ], [ -75.241417180821387, 40.035100691437769 ], [ -75.241519795228967, 40.035211529229592 ], [ -75.241656376499137, 40.035344939772799 ], [ -75.241801967081102, 40.035473411224835 ], [ -75.241986679994412, 40.035621666606993 ], [ -75.242180149289069, 40.035763905024027 ], [ -75.242413896616199, 40.035922897939486 ], [ -75.242687658214535, 40.03609627873972 ], [ -75.242969515077732, 40.036261564443954 ], [ -75.243258322473153, 40.036420550014483 ], [ -75.243662281955636, 40.036632602269407 ], [ -75.244105204583448, 40.036860901061736 ], [ -75.244217590438268, 40.036916493421131 ], [ -75.244412275341176, 40.037003172230058 ], [ -75.244931845262926, 40.037216705611058 ], [ -75.245048411617987, 40.0372683158228 ], [ -75.245161662562111, 40.037322421436727 ], [ -75.245270609113589, 40.037379775748747 ], [ -75.245374296763828, 40.037441150829665 ], [ -75.245471724486592, 40.037507308728827 ], [ -75.245561938103293, 40.037579012519565 ], [ -75.245647130062181, 40.037654661207348 ], [ -75.245756441893889, 40.037759000686535 ], [ -75.245861283604384, 40.037866954683096 ], [ -75.245962092781426, 40.037978100273151 ], [ -75.246059306015468, 40.038092041538846 ], [ -75.246153348516373, 40.038208373302481 ], [ -75.246244693008109, 40.038326673400647 ], [ -75.246355708131873, 40.038476720628019 ], [ -75.246485442556917, 40.038658890621868 ], [ -75.246908759883425, 40.039265815661437 ], [ -75.246989188580898, 40.039387436140927 ], [ -75.247045256144006, 40.039480531932909 ], [ -75.24711586638557, 40.039606488365742 ], [ -75.247369110941918, 40.040083269447358 ], [ -75.247442135452133, 40.040207683496483 ], [ -75.247500677580717, 40.040299193144101 ], [ -75.247563346877811, 40.040388774452431 ], [ -75.247630919629543, 40.040476038880264 ], [ -75.247827726756256, 40.040701384207743 ], [ -75.248060324198718, 40.040950556065773 ], [ -75.248330808074158, 40.041222041159749 ], [ -75.248583877317046, 40.041461332370908 ], [ -75.248874352795383, 40.04172134935154 ], [ -75.24917314470521, 40.041974924327718 ], [ -75.249478587462434, 40.042222084046728 ], [ -75.249912840587584, 40.042563100515082 ], [ -75.250361347606216, 40.042905848978648 ], [ -75.250703896710277, 40.043161723377665 ], [ -75.251062852854787, 40.04342480114051 ], [ -75.251545028639001, 40.043770700810612 ], [ -75.252070540604066, 40.044138795043914 ], [ -75.252634412384253, 40.044524497115688 ], [ -75.253103544944778, 40.044837247257902 ], [ -75.25351197877842, 40.045099680508137 ], [ -75.253959977312235, 40.04537910862458 ], [ -75.254447117151528, 40.045675909352987 ], [ -75.255130984973576, 40.046085982181154 ], [ -75.255848204822669, 40.046515749688652 ], [ -75.256354269694384, 40.046823737671453 ], [ -75.256801787766264, 40.047155464106801 ], [ -75.257961206122673, 40.048002339649074 ], [ -75.25831168169168, 40.048263786009478 ], [ -75.258601126267351, 40.04848469671964 ], [ -75.25896677065947, 40.048772823800547 ], [ -75.259299367319358, 40.049046943596345 ], [ -75.259622380603872, 40.049327981426245 ], [ -75.259965650639529, 40.049641090988558 ], [ -75.260413029783095, 40.050065763300985 ], [ -75.261239850129911, 40.050869139874457 ], [ -75.261508689499408, 40.051140637271743 ], [ -75.261943868642376, 40.051595438173806 ], [ -75.262301047043934, 40.051963729510312 ], [ -75.262574979962494, 40.05223211798581 ], [ -75.263445801293685, 40.053050990048831 ], [ -75.264466533147711, 40.053996181891826 ], [ -75.264505232757685, 40.054034031587058 ], [ -75.264505831899328, 40.054034639198946 ], [ -75.263868772838379, 40.054550887060579 ], [ -75.26364284889398, 40.054758891858462 ], [ -75.263519227027004, 40.054872695871147 ], [ -75.243458175097132, 40.073335608291131 ], [ -75.243288766544424, 40.073496127706562 ], [ -75.243066986816345, 40.073706275271476 ], [ -75.242115263586598, 40.074646551887398 ], [ -75.227752605942044, 40.088832462905096 ], [ -75.223586280494644, 40.092946073429708 ], [ -75.219633798495863, 40.090671845537351 ], [ -75.216788411828233, 40.089034449192724 ], [ -75.214131604318354, 40.087505439272469 ], [ -75.213751967272501, 40.087291905993958 ], [ -75.211776766211258, 40.086142925060642 ], [ -75.210352877976646, 40.085314611514541 ], [ -75.209971689675925, 40.085169119435719 ], [ -75.209779744246731, 40.085090031544006 ], [ -75.209636204337244, 40.08502297832954 ], [ -75.209481770370886, 40.084943322426973 ], [ -75.209284215752277, 40.084834268595365 ], [ -75.209155700984255, 40.084755374377039 ], [ -75.208910720324681, 40.084575326872958 ], [ -75.208435029481507, 40.084198877262168 ], [ -75.206324277520551, 40.082970837634562 ], [ -75.20414582759274, 40.081722787430095 ], [ -75.20267381549678, 40.080879604217074 ], [ -75.200453052232888, 40.079607450374738 ], [ -75.196434395143712, 40.077305160983727 ], [ -75.195003411682052, 40.076489339288543 ], [ -75.190832792819734, 40.074115476965616 ], [ -75.189677034777446, 40.073460345139452 ], [ -75.189614736461991, 40.073514044680401 ], [ -75.188476957258388, 40.072870671538503 ], [ -75.18229983587409, 40.078920680903067 ], [ -75.179343994639424, 40.081842656002792 ], [ -75.177145694104567, 40.084044755743598 ], [ -75.176508017947924, 40.084693100050785 ], [ -75.17643825355259, 40.08465274054641 ], [ -75.1761708591863, 40.084498032507874 ], [ -75.175871628662264, 40.084324212218611 ], [ -75.175653776706298, 40.084195363174665 ], [ -75.175343686795316, 40.08401196376343 ], [ -75.175132410255316, 40.08388700917628 ], [ -75.174785692118618, 40.083681938264078 ], [ -75.174512822819011, 40.08352055317981 ], [ -75.174158100564838, 40.083310750830684 ], [ -75.173924836581747, 40.083172777119096 ], [ -75.173573754855497, 40.082965117789733 ], [ -75.173304791596919, 40.082806042755728 ], [ -75.172937526586495, 40.082588810259807 ], [ -75.17206911595531, 40.08207514932181 ], [ -75.171712596804014, 40.081864253593523 ], [ -75.169932337523278, 40.080811188578998 ], [ -75.168266912957421, 40.079825988678316 ], [ -75.167660832303284, 40.079467437990481 ], [ -75.164088290851467, 40.07735384020301 ], [ -75.163405869780107, 40.076971743771189 ], [ -75.163391902238473, 40.076964014066448 ], [ -75.159121490608612, 40.074599264190233 ], [ -75.158383672523883, 40.074181856352183 ], [ -75.156627642939569, 40.073184687684915 ], [ -75.155834057720782, 40.072734018170934 ], [ -75.154694963144436, 40.072085588168811 ], [ -75.154076092049252, 40.071733278108773 ], [ -75.153333060052844, 40.071310285465891 ], [ -75.152756326177283, 40.070981950100517 ], [ -75.152185577647941, 40.070657017709159 ], [ -75.151589549641088, 40.070317689136502 ], [ -75.150724762617656, 40.069825349522347 ], [ -75.150040708040351, 40.069435880027108 ], [ -75.148355331931072, 40.068476290560817 ], [ -75.147678695386318, 40.068091019885898 ], [ -75.146621550230677, 40.067489070605127 ], [ -75.145219067448906, 40.066690474792281 ], [ -75.144554573725387, 40.066312082635044 ], [ -75.143944449511622, 40.065964635199855 ], [ -75.140902343448985, 40.064232189832353 ], [ -75.139415578883614, 40.063386501042061 ], [ -75.13683755951196, 40.061973365475616 ], [ -75.13306980741541, 40.059648164745148 ], [ -75.130110071670302, 40.057869911611327 ], [ -75.125353977068073, 40.055012050120624 ], [ -75.122122453257617, 40.053160885220983 ], [ -75.120806708958128, 40.052414329069954 ], [ -75.119990358837654, 40.051950895943349 ], [ -75.118565230766222, 40.051141863374653 ], [ -75.117060385800485, 40.050287519669446 ], [ -75.114507493488546, 40.048807471566157 ], [ -75.112364438136254, 40.04756481690724 ], [ -75.112056554367797, 40.047386281061989 ], [ -75.111063572807936, 40.046814620249691 ], [ -75.109432086865425, 40.04587532291071 ], [ -75.109264832331135, 40.045779023249999 ], [ -75.108905878452731, 40.046128327210866 ], [ -75.10904548714565, 40.046210809708477 ], [ -75.108103721011773, 40.047167837028489 ], [ -75.108212334327334, 40.04723130771017 ], [ -75.107427740979645, 40.048022730623401 ], [ -75.107645313418516, 40.048140535598371 ], [ -75.107491184357386, 40.048329072218834 ], [ -75.106311541474028, 40.049291732572861 ], [ -75.10075136036123, 40.052588974950879 ], [ -75.100748645769286, 40.052590633325693 ], [ -75.100164623042275, 40.052947966511766 ], [ -75.09983040350356, 40.053153838220091 ], [ -75.099375400278134, 40.053300031027824 ], [ -75.099110472946876, 40.053563489697268 ], [ -75.098802560975756, 40.053714984465351 ], [ -75.098463393361783, 40.053888850577572 ], [ -75.097665605813489, 40.054366499562462 ], [ -75.097487834922831, 40.054479971298449 ], [ -75.096505014592935, 40.055172075581837 ], [ -75.09575755493087, 40.055630637085883 ], [ -75.095119346270621, 40.055937821769831 ], [ -75.094680715996304, 40.056370751085055 ], [ -75.093615859331081, 40.057421728580742 ], [ -75.092075011327353, 40.058966834214438 ], [ -75.089762998571331, 40.06128623264231 ], [ -75.08971872148642, 40.061334620334179 ], [ -75.087464535075796, 40.06358530417905 ], [ -75.087897020618016, 40.063836956225728 ], [ -75.088765085218611, 40.064342056842541 ], [ -75.089537850886089, 40.064791683812849 ], [ -75.090370591893745, 40.065276194105749 ], [ -75.096738270340083, 40.068980690221629 ], [ -75.094042596877671, 40.071633288411284 ], [ -75.093820555586063, 40.071852261711676 ], [ -75.089519949193942, 40.07609603154399 ], [ -75.087938306801846, 40.077598609881257 ], [ -75.086947697170373, 40.078660498855889 ], [ -75.086876792864587, 40.078607019217657 ], [ -75.083415710909904, 40.081954448122048 ], [ -75.08245788024594, 40.082885131783442 ], [ -75.081189151947129, 40.084117843692432 ], [ -75.077802378146245, 40.085770607771565 ], [ -75.076285037590225, 40.087341838699565 ], [ -75.076211018954467, 40.087418489303126 ], [ -75.071233630383091, 40.092572000789552 ], [ -75.070708812761566, 40.093115324165993 ], [ -75.069456109883333, 40.094412172559011 ], [ -75.067174598724421, 40.096773920622155 ], [ -75.065670272663013, 40.098331026011977 ], [ -75.064933621489189, 40.099093494655342 ], [ -75.063745025278934, 40.100322627704244 ], [ -75.061417012153157, 40.102729884414707 ], [ -75.060315640165143, 40.10386867648004 ], [ -75.05922801007317, 40.104993192491868 ], [ -75.058424176425106, 40.105823881048273 ], [ -75.058291280398407, 40.105916803056161 ], [ -75.055339624356677, 40.10798242602872 ], [ -75.054272958219471, 40.108728851630673 ], [ -75.052973310189941, 40.10963827153234 ], [ -75.04854232572022, 40.112730469297965 ], [ -75.039043581632299, 40.119357714824822 ], [ -75.038337686291868, 40.119871122737258 ], [ -75.037908705253656, 40.120168543507589 ], [ -75.031653686255467, 40.124504745924959 ], [ -75.025786978331723, 40.128570939374498 ], [ -75.02535537990903, 40.128890383602638 ], [ -75.024892880602508, 40.129217735228288 ], [ -75.020572277727567, 40.132275601792401 ], [ -75.017950792242218, 40.134849316694101 ], [ -75.014965685116906, 40.137926733756956 ] ] ] } }
]
}
