image,panoid,heading,lat,lon,class,class_id,score,bbox,origin
-3bEdzJq4LqrwBM7wNp2Rg_284.jpg,-3bEdzJq4LqrwBM7wNp2Rg,284,39.92801990029306,-75.24120403660788,Directed Camera,0,0.9635,"[376, 273, 388, 281]",philly_surveillance
-6sjprVBjltQMuk30jQCqQ_279.jpg,-6sjprVBjltQMuk30jQCqQ,279,39.93454808047225,-75.17684899561067,Dome Camera,1,0.56,"[548, 229, 554, 236]",philly_surveillance
-BnCLVmw8ezL2XjX2cmK-A_188.jpg,-BnCLVmw8ezL2XjX2cmK-A,188,39.94153800809462,-75.1816435489044,Dome Camera,1,0.8159,"[145, 201, 162, 212]",philly_surveillance
-IUQDwxb6YAm5XIJ_uaNkQ_197.jpg,-IUQDwxb6YAm5XIJ_uaNkQ,197,39.93906962810669,-75.16180074478314,Directed Camera,0,0.53,"[136, 200, 148, 212]",philly_surveillance
-IaI0ShyiIb4ZXCdzH40eA_279.jpg,-IaI0ShyiIb4ZXCdzH40eA,279,39.91603520725039,-75.16765203405122,Dome Camera,1,0.7588,"[484, 244, 492, 252]",philly_surveillance
-OCLdLg-VhTYqHyDbwvUJA_279.jpg,-OCLdLg-VhTYqHyDbwvUJA,279,39.97828138045294,-75.13414502998731,Dome Camera,1,0.8191,"[395, 371, 405, 382]",philly_surveillance
-OCLdLg-VhTYqHyDbwvUJA_279.jpg,-OCLdLg-VhTYqHyDbwvUJA,279,39.97828138045294,-75.13414502998731,Dome Camera,1,0.7716,"[383, 167, 397, 186]",philly_surveillance
-ZG7i0i1JNhXHPmTQ1N0rw_99.jpg,-ZG7i0i1JNhXHPmTQ1N0rw,99,39.9890341721471,-75.14416299798846,Dome Camera,1,0.6103,"[564, 247, 573, 255]",philly_surveillance
-dl8w5ScYE-UOXcLEoACcQ_9.jpg,-dl8w5ScYE-UOXcLEoACcQ,9,39.93081005542938,-75.17420880285931,Directed Camera,0,0.7614,"[151, 142, 170, 169]",philly_surveillance
-oCvljAwzuN-iSitTWStWg_47.jpg,-oCvljAwzuN-iSitTWStWg,47,39.93669519462296,-75.21936754249907,Dome Camera,1,0.4334,"[362, 106, 370, 122]",philly_surveillance
0O-0mFAktBJGC7OyNbgQzw_189.jpg,0O-0mFAktBJGC7OyNbgQzw,189,39.96895406680098,-75.15196310888548,Dome Camera,1,0.8544,"[103, 257, 110, 263]",philly_surveillance
0P5QihG1_NwUF76wsP1-sA_203.jpg,0P5QihG1_NwUF76wsP1-sA,203,39.95823904902207,-75.14300760100106,Dome Camera,1,0.5484,"[514, 153, 524, 162]",philly_surveillance
0PZbkx8K1uGJ9UJ5_A3k4g_279.jpg,0PZbkx8K1uGJ9UJ5_A3k4g,279,39.97071447456993,-75.169428806343,Dome Camera,1,0.4771,"[9, 256, 20, 269]",philly_surveillance
0VnVeWFYI1g1Ibxtrvt6vA_279.jpg,0VnVeWFYI1g1Ibxtrvt6vA,279,39.93663903693695,-75.16924792382758,Dome Camera,1,0.903,"[152, 150, 161, 159]",philly_surveillance
0VnVeWFYI1g1Ibxtrvt6vA_279.jpg,0VnVeWFYI1g1Ibxtrvt6vA,279,39.93663903693695,-75.16924792382758,Dome Camera,1,0.8947,"[156, 164, 165, 174]",philly_surveillance
0VnVeWFYI1g1Ibxtrvt6vA_279.jpg,0VnVeWFYI1g1Ibxtrvt6vA,279,39.93663903693695,-75.16924792382758,Dome Camera,1,0.6877,"[351, 152, 358, 161]",philly_surveillance
0WlgADd8BPZakpOvR5fy0A_279.jpg,0WlgADd8BPZakpOvR5fy0A,279,39.9243071167727,-75.17467421954235,Dome Camera,1,0.6207,"[417, 295, 425, 308]",philly_surveillance
0dSvxz8WiDk7jw4MmrFEfw_129.jpg,0dSvxz8WiDk7jw4MmrFEfw,129,40.00060063446788,-75.0978280807943,Directed Camera,0,0.9644,"[607, 180, 623, 190]",philly_surveillance
0iGdY7cFKBl8RlKpPj--dQ_63.jpg,0iGdY7cFKBl8RlKpPj--dQ,63,39.9661610209484,-75.13852123830674,Dome Camera,1,0.8041,"[37, 255, 43, 260]",philly_surveillance
0jedEPBUxE-eqrGPv5_PoQ_99.jpg,0jedEPBUxE-eqrGPv5_PoQ,99,39.94933238840029,-75.15399408497441,Dome Camera,1,0.945,"[541, 287, 551, 297]",philly_surveillance
0qvBPLrVm8cElC6dwp9nWg_305.jpg,0qvBPLrVm8cElC6dwp9nWg,305,40.02009276298767,-75.17479569431616,Dome Camera,1,0.9477,"[246, 104, 260, 120]",philly_surveillance
0qvBPLrVm8cElC6dwp9nWg_305.jpg,0qvBPLrVm8cElC6dwp9nWg,305,40.02009276298767,-75.17479569431616,Directed Camera,0,0.6517,"[616, 148, 627, 157]",philly_surveillance
16hX3WartmxL7KjQgn0log_5.jpg,16hX3WartmxL7KjQgn0log,5,40.03692025628981,-75.1619632884868,Dome Camera,1,0.8243,"[265, 210, 277, 221]",philly_surveillance
16hX3WartmxL7KjQgn0log_5.jpg,16hX3WartmxL7KjQgn0log,5,40.03692025628981,-75.1619632884868,Dome Camera,1,0.7813,"[387, 264, 394, 270]",philly_surveillance
17ayab9X4b95zEBtH-pNTQ_99.jpg,17ayab9X4b95zEBtH-pNTQ,99,39.9742448373491,-75.14313640444604,Dome Camera,1,0.9404,"[226, 289, 235, 302]",philly_surveillance
1ABGww1KUzxFEy4rDFoiWQ_236.jpg,1ABGww1KUzxFEy4rDFoiWQ,236,40.02860111232307,-75.04771744757704,Directed Camera,0,0.7779,"[325, 72, 336, 84]",philly_surveillance
1CVD3ncD-WpUiSb3-kIqHg_309.jpg,1CVD3ncD-WpUiSb3-kIqHg,309,40.06560966076594,-75.08338510485247,Dome Camera,1,0.4201,"[42, 180, 51, 189]",philly_surveillance
1JTvoCzVNyfrZEXbI2X0-g_306.jpg,1JTvoCzVNyfrZEXbI2X0-g,306,40.06985876594774,-75.17247599079433,Directed Camera,0,0.9462,"[602, 82, 626, 102]",philly_surveillance
1SqhiHeKxGdcIuIprtH8vQ_99.jpg,1SqhiHeKxGdcIuIprtH8vQ,99,39.93744485305942,-75.19312091982759,Dome Camera,1,0.4702,"[40, 234, 48, 242]",philly_surveillance
1aKJHaCeP8s_xkiGSrSjfQ_99.jpg,1aKJHaCeP8s_xkiGSrSjfQ,99,39.94988802415128,-75.14737314178963,Dome Camera,1,0.5178,"[545, 214, 563, 226]",philly_surveillance
1ttuodmo0cxUAnsVjDk6bQ_54.jpg,1ttuodmo0cxUAnsVjDk6bQ,54,39.9951333508329,-75.07494703560593,Dome Camera,1,0.9035,"[288, 241, 295, 249]",philly_surveillance
1zQDgprCfV2kq-vyhhuU-g_99.jpg,1zQDgprCfV2kq-vyhhuU-g,99,39.98218177492643,-75.16288430692234,Dome Camera,1,0.6689,"[89, 202, 103, 211]",philly_surveillance
21gtr4JiGekn0XIp7Ex-NQ_279.jpg,21gtr4JiGekn0XIp7Ex-NQ,279,39.94160891738391,-75.15404904085291,Dome Camera,1,0.8937,"[501, 85, 509, 94]",philly_surveillance
21gtr4JiGekn0XIp7Ex-NQ_279.jpg,21gtr4JiGekn0XIp7Ex-NQ,279,39.94160891738391,-75.15404904085291,Dome Camera,1,0.6153,"[332, 85, 338, 93]",philly_surveillance
2AtK6FQmSIPeZeFFCdAwmg_277.jpg,2AtK6FQmSIPeZeFFCdAwmg,277,39.99366289436845,-75.17291754486612,Dome Camera,1,0.6961,"[267, 218, 275, 229]",philly_surveillance
2G6vo5igkQ577YRz0de2AQ_146.jpg,2G6vo5igkQ577YRz0de2AQ,146,39.97908469590406,-75.11495311380608,Dome Camera,1,0.6844,"[306, 160, 314, 172]",philly_surveillance
2Qwk_ut-0CJDD6uaXPf3jA_346.jpg,2Qwk_ut-0CJDD6uaXPf3jA,346,40.11787872060482,-75.04055566793826,Directed Camera,0,0.7218,"[109, 241, 123, 255]",philly_surveillance
2YdhkPvGNj-WYFhSLx4kNA_234.jpg,2YdhkPvGNj-WYFhSLx4kNA,234,39.99205617838585,-75.11880939435947,Directed Camera,0,0.8617,"[120, 225, 141, 236]",philly_surveillance
2hYwcbvY_lPgcMmU1M5PHg_279.jpg,2hYwcbvY_lPgcMmU1M5PHg,279,40.05591996482587,-75.14100035584649,Dome Camera,1,0.7158,"[379, 251, 384, 256]",philly_surveillance
2qeNjNkRjEgWoN9pA9qDFg_16.jpg,2qeNjNkRjEgWoN9pA9qDFg,16,39.93279738158886,-75.2036594013172,Dome Camera,1,0.9693,"[196, 151, 205, 163]",philly_surveillance
3JrTDLX9fBPnwkT5dN61eg_352.jpg,3JrTDLX9fBPnwkT5dN61eg,352,40.01047437911404,-75.17995917576252,Dome Camera,1,0.927,"[491, 112, 504, 126]",philly_surveillance
3NVK4YWps3r00pJz2er7VQ_189.jpg,3NVK4YWps3r00pJz2er7VQ,189,40.0226517770783,-75.1203740633046,Directed Camera,0,0.6133,"[333, 197, 345, 209]",philly_surveillance
3OdEW91enLVMQt8ML_GnKw_273.jpg,3OdEW91enLVMQt8ML_GnKw,273,40.0523638525859,-75.15376660127961,Dome Camera,1,0.7578,"[583, 203, 593, 214]",philly_surveillance
3yQh7tZzpCzYr3qQhaGfAg_10.jpg,3yQh7tZzpCzYr3qQhaGfAg,10,39.926406489456,-75.15312699089864,Dome Camera,1,0.7066,"[406, 215, 422, 236]",philly_surveillance
4-gBQl9vdoIOwHBwB6vwHQ_100.jpg,4-gBQl9vdoIOwHBwB6vwHQ,100,39.99692928637653,-75.15390234335163,Dome Camera,1,0.4726,"[31, 252, 46, 260]",philly_surveillance
4BZaWW_WEXHCr8tycC4VGQ_187.jpg,4BZaWW_WEXHCr8tycC4VGQ,187,39.91330429350951,-75.2427006306442,Dome Camera,1,0.7634,"[250, 267, 256, 274]",philly_surveillance
4D40yIwIEfiTe4Gvq-lIgQ_262.jpg,4D40yIwIEfiTe4Gvq-lIgQ,262,39.96471205362717,-75.20727942214535,Dome Camera,1,0.842,"[363, 87, 378, 106]",philly_surveillance
4Ky_qLTA1ydEImIh_oTeUQ_19.jpg,4Ky_qLTA1ydEImIh_oTeUQ,19,39.93320010968205,-75.14716889667974,Dome Camera,1,0.7756,"[37, 262, 47, 271]",philly_surveillance
4Ky_qLTA1ydEImIh_oTeUQ_19.jpg,4Ky_qLTA1ydEImIh_oTeUQ,19,39.93320010968205,-75.14716889667974,Dome Camera,1,0.5886,"[220, 287, 229, 296]",philly_surveillance
4Ky_qLTA1ydEImIh_oTeUQ_19.jpg,4Ky_qLTA1ydEImIh_oTeUQ,19,39.93320010968205,-75.14716889667974,Dome Camera,1,0.4107,"[18, 245, 30, 254]",philly_surveillance
4Ky_qLTA1ydEImIh_oTeUQ_19.jpg,4Ky_qLTA1ydEImIh_oTeUQ,19,39.93320010968205,-75.14716889667974,Dome Camera,1,0.4017,"[512, 288, 525, 296]",philly_surveillance
4YUSfThvDTmEdMckMqSREA_215.jpg,4YUSfThvDTmEdMckMqSREA,215,40.03011229560182,-75.1652653385562,Directed Camera,0,0.5987,"[18, 269, 34, 282]",philly_surveillance
4caWbR8ddkzvM6tCyCfTPQ_74.jpg,4caWbR8ddkzvM6tCyCfTPQ,74,40.01505260224688,-75.07424410290452,Dome Camera,1,0.9415,"[182, 224, 194, 238]",philly_surveillance
4iRKT4ercTfVlDX1Dinw9A_251.jpg,4iRKT4ercTfVlDX1Dinw9A,251,40.00515730007813,-75.1786285135233,Dome Camera,1,0.8291,"[39, 197, 49, 205]",philly_surveillance
4xobFSnnn_cOfzYofF2y0g_278.jpg,4xobFSnnn_cOfzYofF2y0g,278,39.93256093642401,-75.14597121156517,Dome Camera,1,0.4557,"[265, 54, 296, 71]",philly_surveillance
56w3J4ugLQiVwHZkUKnLkA_280.jpg,56w3J4ugLQiVwHZkUKnLkA,280,39.97390624032892,-75.17886771652284,Dome Camera,1,0.8985,"[176, 265, 184, 275]",philly_surveillance
56w3J4ugLQiVwHZkUKnLkA_280.jpg,56w3J4ugLQiVwHZkUKnLkA,280,39.97390624032892,-75.17886771652284,Dome Camera,1,0.7314,"[151, 263, 162, 272]",philly_surveillance
5JxCEaDpUkL5kDsL7P6XOw_279.jpg,5JxCEaDpUkL5kDsL7P6XOw,279,39.9607620826844,-75.16184777114317,Directed Camera,0,0.915,"[9, 149, 21, 163]",philly_surveillance
5eOP05_1UJkoOObQ75cVkw_216.jpg,5eOP05_1UJkoOObQ75cVkw,216,40.02830192570391,-75.06601489015758,Dome Camera,1,0.7682,"[266, 94, 273, 102]",philly_surveillance
5kfGUHt6Qs7btrbJfRuyCQ_63.jpg,5kfGUHt6Qs7btrbJfRuyCQ,63,39.98784747793684,-75.11292617909064,Directed Camera,0,0.6103,"[455, 245, 467, 257]",philly_surveillance
5rBHCKCV3fUU38oypSZt1g_236.jpg,5rBHCKCV3fUU38oypSZt1g,236,39.99143377824927,-75.10892069949377,Dome Camera,1,0.4585,"[432, 269, 439, 275]",philly_surveillance
5ydZUyA2I1u_w1P-mQwSaQ_99.jpg,5ydZUyA2I1u_w1P-mQwSaQ,99,39.98863359601511,-75.16389269167307,Directed Camera,0,0.538,"[236, 273, 245, 284]",philly_surveillance
69vYdVGN2qqgmCHZsUYHXQ_189.jpg,69vYdVGN2qqgmCHZsUYHXQ,189,39.92273283996175,-75.15688115760489,Dome Camera,1,0.7186,"[225, 262, 233, 272]",philly_surveillance
6MNhVFqltwcH0gvHZj_DCA_354.jpg,6MNhVFqltwcH0gvHZj_DCA,354,39.96420317409641,-75.13565850432532,Dome Camera,1,0.5361,"[337, 142, 347, 154]",philly_surveillance
6Rc3gBHmxjaLnrD9czMpLQ_294.jpg,6Rc3gBHmxjaLnrD9czMpLQ,294,39.99604992007142,-75.13440318573035,Dome Camera,1,0.9383,"[599, 111, 614, 130]",philly_surveillance
6ZKG8FX0zuXpQtkebTQgDA_189.jpg,6ZKG8FX0zuXpQtkebTQgDA,189,39.94742053974566,-75.1682230970929,Dome Camera,1,0.834,"[215, 296, 223, 305]",philly_surveillance
6ZKG8FX0zuXpQtkebTQgDA_189.jpg,6ZKG8FX0zuXpQtkebTQgDA,189,39.94742053974566,-75.1682230970929,Directed Camera,0,0.6203,"[525, 292, 537, 300]",philly_surveillance
6eIJirbVCVXUNm8HNEGc4w_244.jpg,6eIJirbVCVXUNm8HNEGc4w,244,40.01871119798246,-75.15546212180136,Dome Camera,1,0.5115,"[84, 177, 102, 202]",philly_surveillance
6kKXgXGTV2rRJQpWhwgVbw_132.jpg,6kKXgXGTV2rRJQpWhwgVbw,132,39.92940702992376,-75.16400366525755,Directed Camera,0,0.7379,"[375, 270, 386, 281]",philly_surveillance
6uafCBJUT5BitjYmfkZShQ_254.jpg,6uafCBJUT5BitjYmfkZShQ,254,40.01325091915747,-75.07284152546019,Dome Camera,1,0.663,"[412, 259, 420, 270]",philly_surveillance
6unHlpQ3bUNkT6C8YZZWRw_307.jpg,6unHlpQ3bUNkT6C8YZZWRw,307,39.97897223024143,-75.13008699428164,Dome Camera,1,0.8987,"[573, 96, 581, 105]",philly_surveillance
6vhsAQb64FM6zOBojGMLrg_279.jpg,6vhsAQb64FM6zOBojGMLrg,279,39.93212492192352,-75.18937563468869,Dome Camera,1,0.9743,"[292, 214, 303, 225]",philly_surveillance
6vvme8BBHUAdu72WSid6lg_326.jpg,6vvme8BBHUAdu72WSid6lg,326,39.98926043528679,-75.17247741573888,Dome Camera,1,0.5284,"[182, 188, 188, 196]",philly_surveillance
6yFRp_prCW8Osfom3vrzmQ_98.jpg,6yFRp_prCW8Osfom3vrzmQ,98,39.922308861131,-75.1472576137334,Dome Camera,1,0.794,"[476, 255, 483, 267]",philly_surveillance
78Io2Dr4WbbyduiOs9Fo8g_9.jpg,78Io2Dr4WbbyduiOs9Fo8g,9,39.9321260549188,-75.1810744939149,Directed Camera,0,0.5196,"[234, 243, 240, 251]",philly_surveillance
7DnYiWhqGsmBbKQ6rFpx3w_279.jpg,7DnYiWhqGsmBbKQ6rFpx3w,279,39.9313260145472,-75.17420123292482,Directed Camera,0,0.7998,"[407, 202, 422, 216]",philly_surveillance
7I2swaN0FOygOIBgBMl1oA_9.jpg,7I2swaN0FOygOIBgBMl1oA,9,39.96898588857567,-75.14146738512461,Dome Camera,1,0.9724,"[247, 195, 255, 205]",philly_surveillance
7I2swaN0FOygOIBgBMl1oA_9.jpg,7I2swaN0FOygOIBgBMl1oA,9,39.96898588857567,-75.14146738512461,Dome Camera,1,0.9713,"[349, 195, 357, 204]",philly_surveillance
7I2swaN0FOygOIBgBMl1oA_9.jpg,7I2swaN0FOygOIBgBMl1oA,9,39.96898588857567,-75.14146738512461,Dome Camera,1,0.8427,"[73, 22, 84, 35]",philly_surveillance
7I2swaN0FOygOIBgBMl1oA_9.jpg,7I2swaN0FOygOIBgBMl1oA,9,39.96898588857567,-75.14146738512461,Dome Camera,1,0.8321,"[550, 193, 558, 203]",philly_surveillance
7I2swaN0FOygOIBgBMl1oA_9.jpg,7I2swaN0FOygOIBgBMl1oA,9,39.96898588857567,-75.14146738512461,Directed Camera,0,0.4374,"[2, 200, 9, 209]",philly_surveillance
7MbXCrAFlqDF3xj8OPaBhA_325.jpg,7MbXCrAFlqDF3xj8OPaBhA,325,39.97918433320628,-75.11360987488338,Directed Camera,0,0.5017,"[617, 212, 630, 225]",philly_surveillance
7RlsZtSpnAt-GPlQZaSB4Q_119.jpg,7RlsZtSpnAt-GPlQZaSB4Q,119,40.12207297110666,-75.02800611692082,Directed Camera,0,0.813,"[248, 266, 262, 274]",philly_surveillance
7XwrzwU5i9Kymugnx0Vxpw_8.jpg,7XwrzwU5i9Kymugnx0Vxpw,8,39.94699560224187,-75.16175995296699,Directed Camera,0,0.8991,"[481, 245, 491, 252]",philly_surveillance
7XwrzwU5i9Kymugnx0Vxpw_8.jpg,7XwrzwU5i9Kymugnx0Vxpw,8,39.94699560224187,-75.16175995296699,Directed Camera,0,0.6273,"[476, 274, 487, 282]",philly_surveillance
7hUHrA26r9xnKedWyVPYdQ_99.jpg,7hUHrA26r9xnKedWyVPYdQ,99,39.92191645922376,-75.17096438452045,Dome Camera,1,0.507,"[292, 244, 303, 252]",philly_surveillance
8KsEh3iJAeKxvBkqtjEwtQ_351.jpg,8KsEh3iJAeKxvBkqtjEwtQ,351,39.97343561476705,-75.22800334942221,Directed Camera,0,0.5938,"[486, 244, 496, 253]",philly_surveillance
8W_eacI-GHjeV7w9-r1mng_279.jpg,8W_eacI-GHjeV7w9-r1mng,279,39.95745843456363,-75.22743838061136,Dome Camera,1,0.6209,"[340, 214, 345, 222]",philly_surveillance
8pq1uzFWbnVcB04wXXCnWw_279.jpg,8pq1uzFWbnVcB04wXXCnWw,279,39.98669896512129,-75.13336352281263,Dome Camera,1,0.4475,"[579, 379, 586, 388]",philly_surveillance
8vsPF4JZfn-ILYT6R9hzpg_106.jpg,8vsPF4JZfn-ILYT6R9hzpg,106,39.98220869357677,-75.10197800260444,Dome Camera,1,0.6318,"[136, 257, 147, 268]",philly_surveillance
948PLTwzI30FdBvJ5CCVcw_215.jpg,948PLTwzI30FdBvJ5CCVcw,215,40.06217907738267,-75.04490691219547,Directed Camera,0,0.4825,"[59, 276, 89, 290]",philly_surveillance
97fXnE7uV9zmJ9nfPiFWLg_190.jpg,97fXnE7uV9zmJ9nfPiFWLg,190,39.92320242307709,-75.17674666959962,Directed Camera,0,0.8902,"[441, 280, 457, 290]",philly_surveillance
99y38he-Ea22bxTWRkB2Gw_99.jpg,99y38he-Ea22bxTWRkB2Gw,99,39.97316257056495,-75.1590173470376,Dome Camera,1,0.6892,"[100, 288, 107, 294]",philly_surveillance
99y38he-Ea22bxTWRkB2Gw_99.jpg,99y38he-Ea22bxTWRkB2Gw,99,39.97316257056495,-75.1590173470376,Dome Camera,1,0.4224,"[103, 289, 108, 294]",philly_surveillance
9AS5ZFSFB9GQjawYnHcjyQ_189.jpg,9AS5ZFSFB9GQjawYnHcjyQ,189,39.95446933624636,-75.15597871929505,Directed Camera,0,0.8738,"[415, 260, 428, 270]",philly_surveillance
9Bt6hu-g4p0dl1L8alSzSQ_55.jpg,9Bt6hu-g4p0dl1L8alSzSQ,55,39.98474876098519,-75.09022988591417,Dome Camera,1,0.9809,"[35, 228, 47, 240]",philly_surveillance
9GhnXklQrJ2XbkslWehUmg_246.jpg,9GhnXklQrJ2XbkslWehUmg,246,39.96885663204342,-75.12972576222641,Dome Camera,1,0.8093,"[506, 222, 514, 229]",philly_surveillance
9KzSc2OCJw-P2BfeYDq13A_279.jpg,9KzSc2OCJw-P2BfeYDq13A,279,40.00132473419946,-75.12669636910753,Dome Camera,1,0.9589,"[441, 187, 453, 201]",philly_surveillance
9Q8iYKbjkr-X9u8y6ApSeA_99.jpg,9Q8iYKbjkr-X9u8y6ApSeA,99,40.0118067054613,-75.15884607174517,Dome Camera,1,0.4479,"[564, 280, 576, 288]",philly_surveillance
9TgK3p2OUgdRxq3P79adMQ_279.jpg,9TgK3p2OUgdRxq3P79adMQ,279,39.97726755697679,-75.16799759334519,Dome Camera,1,0.4895,"[517, 157, 522, 166]",philly_surveillance
9_WJvuMeinTvyrlptrMtoQ_9.jpg,9_WJvuMeinTvyrlptrMtoQ,9,39.98733956765673,-75.14747334917146,Directed Camera,0,0.8041,"[342, 250, 357, 263]",philly_surveillance
9_WJvuMeinTvyrlptrMtoQ_9.jpg,9_WJvuMeinTvyrlptrMtoQ,9,39.98733956765673,-75.14747334917146,Directed Camera,0,0.5591,"[615, 267, 626, 278]",philly_surveillance
9a-38PAy8U7Lk60YY29yHg_216.jpg,9a-38PAy8U7Lk60YY29yHg,216,40.08115956391734,-75.0292775178672,Directed Camera,0,0.5621,"[237, 175, 249, 189]",philly_surveillance
9nWXgZrHLI0Wme0UZmH-PQ_189.jpg,9nWXgZrHLI0Wme0UZmH-PQ,189,39.9649500894549,-75.17040214841238,Dome Camera,1,0.8578,"[469, 224, 476, 229]",philly_surveillance
9q9Wa96pjQ8WbTneijhbtw_137.jpg,9q9Wa96pjQ8WbTneijhbtw,137,39.94668882943658,-75.22601312950087,Dome Camera,1,0.6341,"[17, 92, 23, 100]",philly_surveillance
9xXZHws4md5EhRuNC2C44Q_53.jpg,9xXZHws4md5EhRuNC2C44Q,53,40.06475445744144,-75.17100241308992,Directed Camera,0,0.4927,"[609, 299, 629, 309]",philly_surveillance
A5RhP4EQ4Bosl3lIP3c_AA_280.jpg,A5RhP4EQ4Bosl3lIP3c_AA,280,39.92968414116731,-75.15183520336551,Dome Camera,1,0.7753,"[484, 269, 495, 279]",philly_surveillance
A8peRPsVBVyXyzkvjvtwfw_9.jpg,A8peRPsVBVyXyzkvjvtwfw,9,40.0131791858773,-75.14514290980325,Dome Camera,1,0.7916,"[456, 291, 463, 298]",philly_surveillance
A9nN3L4n-JSRSrY1jY_73g_9.jpg,A9nN3L4n-JSRSrY1jY_73g,9,40.00352939022269,-75.1027983334978,Directed Camera,0,0.9918,"[350, 123, 373, 140]",philly_surveillance
ABxRJ15xaO7JKJlxrtApxw_268.jpg,ABxRJ15xaO7JKJlxrtApxw,268,39.93893478704506,-75.20331472209224,Dome Camera,1,0.7759,"[354, 172, 363, 186]",philly_surveillance
ABxRJ15xaO7JKJlxrtApxw_268.jpg,ABxRJ15xaO7JKJlxrtApxw,268,39.93893478704506,-75.20331472209224,Dome Camera,1,0.6895,"[359, 172, 369, 187]",philly_surveillance
ABxRJ15xaO7JKJlxrtApxw_268.jpg,ABxRJ15xaO7JKJlxrtApxw,268,39.93893478704506,-75.20331472209224,Directed Camera,0,0.5458,"[49, 250, 73, 259]",philly_surveillance
AIgk4RSA-04UNQLbEdV_hA_189.jpg,AIgk4RSA-04UNQLbEdV_hA,189,39.9391629735748,-75.17724520770766,Directed Camera,0,0.4536,"[203, 187, 213, 201]",philly_surveillance
AVcMFf_0_AzfVfESKWNsoA_121.jpg,AVcMFf_0_AzfVfESKWNsoA,121,39.97556062532421,-75.22371929267753,Directed Camera,0,0.4261,"[161, 167, 178, 196]",philly_surveillance
AXzsy_pt3jskoMFg91Ef4A_57.jpg,AXzsy_pt3jskoMFg91Ef4A,57,39.98441597992178,-75.09393244077863,Directed Camera,0,0.6424,"[564, 192, 579, 201]",philly_surveillance
AbkJYAyxTY9NaugCBSQ2mA_189.jpg,AbkJYAyxTY9NaugCBSQ2mA,189,39.94994513629367,-75.16274438656974,Dome Camera,1,0.5714,"[370, 231, 382, 242]",philly_surveillance
Ae8CpPi1fIlAwE3jZhjubA_308.jpg,Ae8CpPi1fIlAwE3jZhjubA,308,40.05623006641037,-75.18315229158057,Directed Camera,0,0.9042,"[523, 258, 537, 269]",philly_surveillance
AfLSyiuewPE8yloDlgPbcQ_322.jpg,AfLSyiuewPE8yloDlgPbcQ,322,40.04294587811551,-74.99030735976818,Dome Camera,1,0.9767,"[449, 206, 458, 219]",philly_surveillance
AnCxTW_kuP1VPUXDb3HWWA_316.jpg,AnCxTW_kuP1VPUXDb3HWWA,316,40.11188351901131,-74.9676907076088,Directed Camera,0,0.4864,"[318, 178, 328, 191]",philly_surveillance
Anpi6gYFxwU3OdQV-IeyEw_209.jpg,Anpi6gYFxwU3OdQV-IeyEw,209,39.94859778671545,-75.19252697322278,Dome Camera,1,0.5067,"[360, 95, 373, 112]",philly_surveillance
AoAPxeTIT_-Q2JJcVIZ9Ww_143.jpg,AoAPxeTIT_-Q2JJcVIZ9Ww,143,39.98902352449795,-75.12685066413253,Directed Camera,0,0.9297,"[62, 227, 92, 250]",philly_surveillance
AvBBKgxsURnkSOsSIyhf7A_327.jpg,AvBBKgxsURnkSOsSIyhf7A,327,39.98882880955525,-75.17575030108564,Directed Camera,0,0.6942,"[341, 256, 349, 262]",philly_surveillance
AvBBKgxsURnkSOsSIyhf7A_327.jpg,AvBBKgxsURnkSOsSIyhf7A,327,39.98882880955525,-75.17575030108564,Dome Camera,1,0.5331,"[341, 162, 349, 171]",philly_surveillance
AvK9W3OSfv_-l6hjKa0MTg_188.jpg,AvK9W3OSfv_-l6hjKa0MTg,188,40.02912136375083,-75.13474080078196,Directed Camera,0,0.91,"[578, 176, 606, 195]",philly_surveillance
AvK9W3OSfv_-l6hjKa0MTg_188.jpg,AvK9W3OSfv_-l6hjKa0MTg,188,40.02912136375083,-75.13474080078196,Directed Camera,0,0.8821,"[219, 185, 231, 200]",philly_surveillance
Aw0hyHG56XDhGeLPYdRCbA_189.jpg,Aw0hyHG56XDhGeLPYdRCbA,189,39.98693799299871,-75.14855843515576,Directed Camera,0,0.534,"[152, 217, 160, 226]",philly_surveillance
BLe2SPZt9miqqrHhmgwrOQ_238.jpg,BLe2SPZt9miqqrHhmgwrOQ,238,40.02487872905961,-75.03413688114571,Dome Camera,1,0.4989,"[390, 216, 399, 225]",philly_surveillance
BWtEWhjrGsrGuW8O9Fc48A_145.jpg,BWtEWhjrGsrGuW8O9Fc48A,145,39.99506087211799,-75.07351291771562,Dome Camera,1,0.8385,"[126, 264, 133, 271]",philly_surveillance
BfOB2L2TUUntbkwZVnfelw_328.jpg,BfOB2L2TUUntbkwZVnfelw,328,40.01240945515352,-75.16413378747471,Dome Camera,1,0.8184,"[63, 255, 72, 264]",philly_surveillance
Bh2F3z5f4i712iNFZmPuMA_319.jpg,Bh2F3z5f4i712iNFZmPuMA,319,39.98574734473927,-75.17809863216108,Dome Camera,1,0.9551,"[181, 228, 190, 236]",philly_surveillance
Bh2F3z5f4i712iNFZmPuMA_319.jpg,Bh2F3z5f4i712iNFZmPuMA,319,39.98574734473927,-75.17809863216108,Directed Camera,0,0.5283,"[617, 26, 630, 43]",philly_surveillance
BtP2kcrH3IWbiTeuEj7Hmw_189.jpg,BtP2kcrH3IWbiTeuEj7Hmw,189,39.92474935192813,-75.15668814739888,Directed Camera,0,0.6472,"[69, 233, 81, 245]",philly_surveillance
BvoXMydUZQMyKLsR7bPJmw_9.jpg,BvoXMydUZQMyKLsR7bPJmw,9,39.93730505595256,-75.1920659729315,Dome Camera,1,0.8351,"[445, 276, 451, 284]",philly_surveillance
BzeaTZOiGUP3i-nQoPiQmA_138.jpg,BzeaTZOiGUP3i-nQoPiQmA,138,40.02222993689333,-75.16427905041115,Directed Camera,0,0.493,"[139, 291, 147, 300]",philly_surveillance
C09H7A_Ffxfxyi7ECQC0GA_295.jpg,C09H7A_Ffxfxyi7ECQC0GA,295,40.00810150575831,-75.0885938126644,Dome Camera,1,0.7506,"[567, 226, 576, 236]",philly_surveillance
C1VQfcYVW-7wYBuKWc7dnw_279.jpg,C1VQfcYVW-7wYBuKWc7dnw,279,39.95677193836686,-75.16272505956026,Dome Camera,1,0.8216,"[256, 270, 264, 278]",philly_surveillance
CGaDP-ugtW8LMr6CE7vnUA_165.jpg,CGaDP-ugtW8LMr6CE7vnUA,165,39.98445141118076,-75.23259077387873,Dome Camera,1,0.463,"[389, 267, 398, 277]",philly_surveillance
CJPgqOHd_MkEpO0TAHMLDQ_254.jpg,CJPgqOHd_MkEpO0TAHMLDQ,254,40.00496936633056,-75.07558286265372,Directed Camera,0,0.4816,"[242, 44, 256, 56]",philly_surveillance
Cd98eg_1LeQQn-oZVa44bw_166.jpg,Cd98eg_1LeQQn-oZVa44bw,166,40.07073981699536,-75.15738946715257,Directed Camera,0,0.6788,"[342, 119, 347, 128]",philly_surveillance
CjVLVr1nf65Lz7k5yuxntw_190.jpg,CjVLVr1nf65Lz7k5yuxntw,190,39.94169521510914,-75.16748272753192,Directed Camera,0,0.9776,"[483, 168, 497, 180]",philly_surveillance
DBsn-QxPJje330jdfQYoUw_279.jpg,DBsn-QxPJje330jdfQYoUw,279,39.99181593544481,-75.14095252156615,Dome Camera,1,0.7361,"[117, 207, 129, 215]",philly_surveillance
DBsn-QxPJje330jdfQYoUw_279.jpg,DBsn-QxPJje330jdfQYoUw,279,39.99181593544481,-75.14095252156615,Dome Camera,1,0.6507,"[552, 219, 562, 232]",philly_surveillance
DBsn-QxPJje330jdfQYoUw_279.jpg,DBsn-QxPJje330jdfQYoUw,279,39.99181593544481,-75.14095252156615,Directed Camera,0,0.6114,"[389, 208, 398, 217]",philly_surveillance
DKO2AYaIAslCF_biOxwKkw_189.jpg,DKO2AYaIAslCF_biOxwKkw,189,39.99349708782788,-75.15132598516385,Directed Camera,0,0.7579,"[611, 194, 625, 208]",philly_surveillance
DLX9gX5JcM3Ohgy55z_E_Q_66.jpg,DLX9gX5JcM3Ohgy55z_E_Q,66,39.8888098290271,-75.23307417756554,Directed Camera,0,0.4964,"[365, 159, 372, 168]",philly_surveillance
DXvr9Zbb49gMFTZ8SI0pdg_184.jpg,DXvr9Zbb49gMFTZ8SI0pdg,184,40.04120712085341,-75.21943689866436,Directed Camera,0,0.8172,"[11, 131, 28, 152]",philly_surveillance
D_tlUy4UOY1uT4EqKqCZRQ_333.jpg,D_tlUy4UOY1uT4EqKqCZRQ,333,40.059978566977,-75.00286003084527,Directed Camera,0,0.5093,"[304, 301, 314, 312]",philly_surveillance
DboOqaq4M-h3Cnvz42SHzg_171.jpg,DboOqaq4M-h3Cnvz42SHzg,171,39.96972062063099,-75.21101528534068,Dome Camera,1,0.9305,"[177, 184, 189, 195]",philly_surveillance
Dchvi6AMF1ailK5E-DBEXQ_10.jpg,Dchvi6AMF1ailK5E-DBEXQ,10,39.98022569877253,-75.17386699768791,Dome Camera,1,0.8456,"[499, 111, 505, 121]",philly_surveillance
DjJNRlShM9wNEgF4NNp_vQ_8.jpg,DjJNRlShM9wNEgF4NNp_vQ,8,39.95550919415866,-75.15687723861829,Dome Camera,1,0.7903,"[178, 277, 187, 286]",philly_surveillance
DjJNRlShM9wNEgF4NNp_vQ_8.jpg,DjJNRlShM9wNEgF4NNp_vQ,8,39.95550919415866,-75.15687723861829,Directed Camera,0,0.6072,"[73, 143, 81, 155]",philly_surveillance
Dr51x9Yx3xGWrxneWBUwZQ_259.jpg,Dr51x9Yx3xGWrxneWBUwZQ,259,39.90560832867534,-75.19383596799507,Directed Camera,0,0.4462,"[271, 211, 278, 216]",philly_surveillance
E0yQ5WYbJmQavn6K-HAhmg_99.jpg,E0yQ5WYbJmQavn6K-HAhmg,99,39.99824131298079,-75.13041464128575,Dome Camera,1,0.813,"[126, 278, 134, 285]",philly_surveillance
E0yQ5WYbJmQavn6K-HAhmg_99.jpg,E0yQ5WYbJmQavn6K-HAhmg,99,39.99824131298079,-75.13041464128575,Dome Camera,1,0.5293,"[140, 283, 147, 292]",philly_surveillance
E321Jo5nM-0Dl370wjZHUQ_10.jpg,E321Jo5nM-0Dl370wjZHUQ,10,39.99499016338383,-75.12622502003518,Dome Camera,1,0.7397,"[139, 232, 146, 239]",philly_surveillance
E9VVtzkcN3R8FxYoL-YQQg_279.jpg,E9VVtzkcN3R8FxYoL-YQQg,279,39.96007038233975,-75.23710791349714,Dome Camera,1,0.5481,"[511, 226, 519, 234]",philly_surveillance
EGFcXoHBJB0-PSy2dUfbXg_279.jpg,EGFcXoHBJB0-PSy2dUfbXg,279,40.00542143021814,-75.13729079551716,Directed Camera,0,0.8395,"[529, 181, 539, 191]",philly_surveillance
EP1qP0vTDak7QhG9SJRimw_279.jpg,EP1qP0vTDak7QhG9SJRimw,279,40.00653494556783,-75.13608706702331,Dome Camera,1,0.9622,"[244, 222, 251, 232]",philly_surveillance
EP1qP0vTDak7QhG9SJRimw_279.jpg,EP1qP0vTDak7QhG9SJRimw,279,40.00653494556783,-75.13608706702331,Dome Camera,1,0.9095,"[35, 218, 45, 231]",philly_surveillance
EQ5Asv0--tCVNDUCA2TN7g_305.jpg,EQ5Asv0--tCVNDUCA2TN7g,305,40.01597286149983,-75.07808150024128,Directed Camera,0,0.9344,"[391, 279, 404, 287]",philly_surveillance
EUz18vprUrmFvOFq5rqbcQ_9.jpg,EUz18vprUrmFvOFq5rqbcQ,9,40.03919966908774,-75.12721787143253,Directed Camera,0,0.4,"[105, 238, 125, 253]",philly_surveillance
EagaScKaxhGv_9nf-He1eg_99.jpg,EagaScKaxhGv_9nf-He1eg,99,39.95470072983835,-75.22801376562589,Dome Camera,1,0.8095,"[426, 187, 433, 197]",philly_surveillance
EagaScKaxhGv_9nf-He1eg_99.jpg,EagaScKaxhGv_9nf-He1eg,99,39.95470072983835,-75.22801376562589,Directed Camera,0,0.7815,"[565, 188, 573, 196]",philly_surveillance
Eavlt2BcB7vQSop38u74OA_235.jpg,Eavlt2BcB7vQSop38u74OA,235,39.9984488931271,-75.1001512876831,Directed Camera,0,0.986,"[348, 276, 367, 287]",philly_surveillance
Ef1x4gUIQL9Jn9nSMWcWAA_279.jpg,Ef1x4gUIQL9Jn9nSMWcWAA,279,39.97970997950451,-75.14100525507364,Dome Camera,1,0.5984,"[408, 236, 419, 250]",philly_surveillance
ElZXOCDzbiEUiUVRxI-Q3g_99.jpg,ElZXOCDzbiEUiUVRxI-Q3g,99,39.96508650149754,-75.2367372247369,Directed Camera,0,0.9526,"[74, 265, 93, 276]",philly_surveillance
EpUEl6Vq9GoaWDyfEmSr7g_66.jpg,EpUEl6Vq9GoaWDyfEmSr7g,66,40.0375463584272,-75.10914913875052,Directed Camera,0,0.6964,"[10, 31, 30, 45]",philly_surveillance
EpUEl6Vq9GoaWDyfEmSr7g_66.jpg,EpUEl6Vq9GoaWDyfEmSr7g,66,40.0375463584272,-75.10914913875052,Dome Camera,1,0.5981,"[41, 56, 55, 68]",philly_surveillance
ErwSkhRjbLAXLl9matGHdA_279.jpg,ErwSkhRjbLAXLl9matGHdA,279,39.91348836554546,-75.17566329220105,Dome Camera,1,0.4628,"[413, 273, 419, 280]",philly_surveillance
EyxvFFDZvU8q7he-7c6RUg_77.jpg,EyxvFFDZvU8q7he-7c6RUg,77,40.07013848026815,-75.15721151001053,Dome Camera,1,0.4815,"[528, 133, 543, 145]",philly_surveillance
F22bQkDAU_zA1Bq19gS6Eg_326.jpg,F22bQkDAU_zA1Bq19gS6Eg,326,40.00105197893817,-75.06623955895387,Dome Camera,1,0.9601,"[200, 292, 207, 300]",philly_surveillance
F5OT7lNXPHViSRsApkVlFw_218.jpg,F5OT7lNXPHViSRsApkVlFw,218,40.04617610877583,-75.1722100602919,Directed Camera,0,0.428,"[243, 195, 250, 202]",philly_surveillance
FITdgahE7OADTNAb7s81uQ_168.jpg,FITdgahE7OADTNAb7s81uQ,168,40.02775752113731,-75.06065197617056,Dome Camera,1,0.4644,"[369, 108, 379, 120]",philly_surveillance
FSXCiwIGC-FNB524t80irQ_190.jpg,FSXCiwIGC-FNB524t80irQ,190,40.02612178065301,-75.151531917229,Directed Camera,0,0.6702,"[578, 218, 593, 228]",philly_surveillance
Fmt5NGYOqzM0xbwApB7JlQ_145.jpg,Fmt5NGYOqzM0xbwApB7JlQ,145,39.99097749219003,-75.10481016212835,Directed Camera,0,0.7125,"[250, 238, 261, 246]",philly_surveillance
Fq1oRblfMm4MXpFgwnhSJg_279.jpg,Fq1oRblfMm4MXpFgwnhSJg,279,39.97061960633793,-75.14893262864628,Dome Camera,1,0.7219,"[390, 224, 397, 235]",philly_surveillance
FsY7mn_gM_RV6qB6gy7F0Q_9.jpg,FsY7mn_gM_RV6qB6gy7F0Q,9,39.96066256339869,-75.23658953653339,Dome Camera,1,0.67,"[532, 213, 541, 221]",philly_surveillance
G2ZnrVoViSbNM3MzyYQt7A_307.jpg,G2ZnrVoViSbNM3MzyYQt7A,307,40.03410557272404,-75.10475465453285,Dome Camera,1,0.7248,"[428, 213, 436, 220]",philly_surveillance
G76Q8pNIc1Irju2Fb-cUUA_279.jpg,G76Q8pNIc1Irju2Fb-cUUA,279,39.97732641194389,-75.15223922768982,Dome Camera,1,0.9474,"[373, 217, 380, 227]",philly_surveillance
G9aCEH5J6UAAreypwAINwg_227.jpg,G9aCEH5J6UAAreypwAINwg,227,39.92446835110869,-75.23639831615536,Directed Camera,0,0.7319,"[366, 198, 378, 209]",philly_surveillance
GF-KxPvjmnNTBSR7syzV5w_325.jpg,GF-KxPvjmnNTBSR7syzV5w,325,39.9894771259568,-75.09937674066478,Directed Camera,0,0.5689,"[448, 246, 460, 256]",philly_surveillance
GF7VO_I4ZJ0V6ubDoXaUuQ_351.jpg,GF7VO_I4ZJ0V6ubDoXaUuQ,351,39.97385991577613,-75.24460152995633,Dome Camera,1,0.8307,"[520, 252, 527, 261]",philly_surveillance
GFagO8joCNfpcDUEsSuj3A_9.jpg,GFagO8joCNfpcDUEsSuj3A,9,40.00839320851205,-75.14409120346448,Dome Camera,1,0.7617,"[102, 208, 111, 218]",philly_surveillance
GYao8JVMgsGwi0aF_W06mg_279.jpg,GYao8JVMgsGwi0aF_W06mg,279,39.97777757836415,-75.1336966860389,Dome Camera,1,0.8802,"[148, 276, 156, 286]",philly_surveillance
GYao8JVMgsGwi0aF_W06mg_279.jpg,GYao8JVMgsGwi0aF_W06mg,279,39.97777757836415,-75.1336966860389,Dome Camera,1,0.8705,"[81, 179, 87, 186]",philly_surveillance
GZ7DJ3jy8DuL3-Gs_yJhFA_234.jpg,GZ7DJ3jy8DuL3-Gs_yJhFA,234,40.01156047861592,-75.17955112620862,Dome Camera,1,0.6244,"[559, 256, 566, 264]",philly_surveillance
GkOOCm5lWYWtxpKf1NP3jw_171.jpg,GkOOCm5lWYWtxpKf1NP3jw,171,39.96027459281654,-75.19048572094275,Dome Camera,1,0.777,"[175, 278, 184, 287]",philly_surveillance
GrgK3qOKRwpb4Ny2WqjzZg_189.jpg,GrgK3qOKRwpb4Ny2WqjzZg,189,39.99400222963583,-75.13046630932115,Directed Camera,0,0.7486,"[308, 216, 319, 226]",philly_surveillance
H1A7fsu5P6HurAbHE4gJFQ_164.jpg,H1A7fsu5P6HurAbHE4gJFQ,164,39.96511272606755,-75.22265885468748,Directed Camera,0,0.4001,"[150, 90, 158, 98]",philly_surveillance
H2bQYbK3MBeT-2widzGWxw_138.jpg,H2bQYbK3MBeT-2widzGWxw,138,40.09781017444052,-75.01181646912681,Dome Camera,1,0.7613,"[292, 187, 300, 200]",philly_surveillance
H2eF4FMNxNjmVVkxXiENvQ_189.jpg,H2eF4FMNxNjmVVkxXiENvQ,189,39.9870749838514,-75.16228098301016,Directed Camera,0,0.4409,"[395, 281, 406, 289]",philly_surveillance
H7IXrbqSYeOmVoka0_vZyg_9.jpg,H7IXrbqSYeOmVoka0_vZyg,9,40.00278843623594,-75.18626715537452,Dome Camera,1,0.9516,"[230, 253, 236, 262]",philly_surveillance
H7IXrbqSYeOmVoka0_vZyg_9.jpg,H7IXrbqSYeOmVoka0_vZyg,9,40.00278843623594,-75.18626715537452,Dome Camera,1,0.8954,"[308, 87, 316, 100]",philly_surveillance
H7IXrbqSYeOmVoka0_vZyg_9.jpg,H7IXrbqSYeOmVoka0_vZyg,9,40.00278843623594,-75.18626715537452,Dome Camera,1,0.5235,"[281, 107, 287, 117]",philly_surveillance
H83J8p6O42tgcRlLHsUKXA_129.jpg,H83J8p6O42tgcRlLHsUKXA,129,40.04304004859648,-75.161603554552,Directed Camera,0,0.5483,"[514, 277, 528, 287]",philly_surveillance
H83J8p6O42tgcRlLHsUKXA_129.jpg,H83J8p6O42tgcRlLHsUKXA,129,40.04304004859648,-75.161603554552,Dome Camera,1,0.5127,"[45, 250, 57, 262]",philly_surveillance
H83J8p6O42tgcRlLHsUKXA_129.jpg,H83J8p6O42tgcRlLHsUKXA,129,40.04304004859648,-75.161603554552,Directed Camera,0,0.4693,"[193, 286, 214, 307]",philly_surveillance
H9vsg5y4fCMIP7adhlkp-w_30.jpg,H9vsg5y4fCMIP7adhlkp-w,30,39.94935648614435,-75.1997366378953,Dome Camera,1,0.5381,"[176, 183, 183, 191]",philly_surveillance
HDXIeuL8KhBrwucGDM6-jg_191.jpg,HDXIeuL8KhBrwucGDM6-jg,191,40.01100943738384,-75.2019330591892,Dome Camera,1,0.6947,"[484, 197, 492, 205]",philly_surveillance
HJ3RLClc4d9v1QjX9gacbQ_145.jpg,HJ3RLClc4d9v1QjX9gacbQ,145,39.98580720148975,-75.11154657284698,Dome Camera,1,0.7909,"[117, 99, 124, 110]",philly_surveillance
HWSTnBqbIsNpxbfiRufMbw_9.jpg,HWSTnBqbIsNpxbfiRufMbw,9,39.92762036994023,-75.16564661733253,Dome Camera,1,0.9425,"[335, 272, 341, 281]",philly_surveillance
HWSTnBqbIsNpxbfiRufMbw_9.jpg,HWSTnBqbIsNpxbfiRufMbw,9,39.92762036994023,-75.16564661733253,Dome Camera,1,0.8844,"[197, 251, 205, 260]",philly_surveillance
HXpRxUmiPwvEnNGJUwiXFQ_189.jpg,HXpRxUmiPwvEnNGJUwiXFQ,189,39.9922079834064,-75.15820078172133,Dome Camera,1,0.9811,"[219, 126, 232, 141]",philly_surveillance
Hlb8Sq6Hgj0v1kKRtW1U2g_189.jpg,Hlb8Sq6Hgj0v1kKRtW1U2g,189,40.02634593624972,-75.1371582459783,Directed Camera,0,0.9454,"[357, 249, 369, 260]",philly_surveillance
I8dyNWcNn0oIKxOgQK8Rag_189.jpg,I8dyNWcNn0oIKxOgQK8Rag,189,39.98676466264192,-75.15987033618616,Dome Camera,1,0.5135,"[76, 267, 91, 276]",philly_surveillance
I8dyNWcNn0oIKxOgQK8Rag_189.jpg,I8dyNWcNn0oIKxOgQK8Rag,189,39.98676466264192,-75.15987033618616,Directed Camera,0,0.513,"[186, 264, 203, 272]",philly_surveillance
IDIEuDjtO9w6aU07t6xJzA_100.jpg,IDIEuDjtO9w6aU07t6xJzA,100,39.92347737793612,-75.15484344953612,Dome Camera,1,0.7093,"[422, 204, 430, 216]",philly_surveillance
IF4ndLmEkg_ugwaW0k-jCg_189.jpg,IF4ndLmEkg_ugwaW0k-jCg,189,39.9333563925107,-75.16148082265723,Dome Camera,1,0.9577,"[345, 232, 355, 241]",philly_surveillance
IMz9Q7gP7AkacFi6-kO1lQ_25.jpg,IMz9Q7gP7AkacFi6-kO1lQ,25,39.97715615067298,-75.13020592006727,Dome Camera,1,0.7087,"[68, 54, 86, 70]",philly_surveillance
I_K9vVunSn0PlLw1ELueow_9.jpg,I_K9vVunSn0PlLw1ELueow,9,39.95360731337419,-75.15259898304402,Dome Camera,1,0.7019,"[151, 275, 163, 294]",philly_surveillance
I_vkr6czquTEl0HdfRPqyw_149.jpg,I_vkr6czquTEl0HdfRPqyw,149,40.01129294159484,-75.16599396229367,Dome Camera,1,0.583,"[201, 276, 210, 285]",philly_surveillance
Ibh85DyhAJBGwCB73e7KsQ_99.jpg,Ibh85DyhAJBGwCB73e7KsQ,99,39.95205533360469,-75.2285679600728,Dome Camera,1,0.8922,"[291, 212, 302, 222]",philly_surveillance
Ij6_IZRbXTMkzYwufE3sjQ_243.jpg,Ij6_IZRbXTMkzYwufE3sjQ,243,40.0460753117168,-75.02585862716533,Dome Camera,1,0.5721,"[314, 167, 320, 172]",philly_surveillance
ImzFj3Rg39_Xel0Adu7luQ_308.jpg,ImzFj3Rg39_Xel0Adu7luQ,308,40.03830940080258,-75.16194663333147,Dome Camera,1,0.4479,"[201, 266, 212, 285]",philly_surveillance
IsQctbo1B7b_pd34q51drw_35.jpg,IsQctbo1B7b_pd34q51drw,35,40.05101778790219,-75.09407081822908,Dome Camera,1,0.9199,"[96, 137, 107, 151]",philly_surveillance
Ixahxi3ewHu__rXVLLPAog_328.jpg,Ixahxi3ewHu__rXVLLPAog,328,40.01825000095581,-75.15626596458134,Dome Camera,1,0.4242,"[112, 294, 124, 307]",philly_surveillance
J6TKAoCRf2q_7BUl8tqa_A_279.jpg,J6TKAoCRf2q_7BUl8tqa_A,279,39.9832480389539,-75.17192800959805,Directed Camera,0,0.9308,"[620, 267, 629, 276]",philly_surveillance
J6TKAoCRf2q_7BUl8tqa_A_279.jpg,J6TKAoCRf2q_7BUl8tqa_A,279,39.9832480389539,-75.17192800959805,Dome Camera,1,0.9008,"[482, 166, 492, 181]",philly_surveillance
JGdwdTsJiqi2KST1-gXP2g_98.jpg,JGdwdTsJiqi2KST1-gXP2g,98,39.95542206446528,-75.19436410421224,Directed Camera,0,0.8249,"[259, 221, 279, 233]",philly_surveillance
JSEoNq_cXPTMcDSuFDJevA_11.jpg,JSEoNq_cXPTMcDSuFDJevA,11,39.99727303133098,-75.11937751627991,Directed Camera,0,0.8328,"[90, 105, 100, 114]",philly_surveillance
Ja2cF2B_Cgw1hJ7BUPT_GA_164.jpg,Ja2cF2B_Cgw1hJ7BUPT_GA,164,40.01376661127243,-75.06782551024689,Dome Camera,1,0.8011,"[233, 180, 239, 190]",philly_surveillance
JoCnPE1D9pJ_KgReRjm3uA_216.jpg,JoCnPE1D9pJ_KgReRjm3uA,216,40.02601245827545,-75.0808164203901,Directed Camera,0,0.4769,"[559, 159, 570, 168]",philly_surveillance
JoQhGbF_z3_eRNpm3-4N6Q_189.jpg,JoQhGbF_z3_eRNpm3-4N6Q,189,39.93607137518113,-75.17240812779535,Directed Camera,0,0.9044,"[436, 232, 450, 240]",philly_surveillance
JvUL1RGkVX53Ss8E9eyrrw_308.jpg,JvUL1RGkVX53Ss8E9eyrrw,308,40.03457816311214,-75.16019756500191,Dome Camera,1,0.5278,"[504, 282, 516, 298]",philly_surveillance
KFaWo5MTVV7N5lkR0_lFoA_291.jpg,KFaWo5MTVV7N5lkR0_lFoA,291,40.02848685095022,-75.12711168250966,Dome Camera,1,0.8247,"[271, 253, 277, 263]",philly_surveillance
KLhtOVPIw-Ytq0Q8CZb9rw_279.jpg,KLhtOVPIw-Ytq0Q8CZb9rw,279,40.04060373744178,-75.1202859547602,Directed Camera,0,0.4348,"[274, 168, 289, 177]",philly_surveillance
KO9KiY4q22YMCYRy_EydQg_85.jpg,KO9KiY4q22YMCYRy_EydQg,85,40.05802375590428,-75.15257609197516,Directed Camera,0,0.8712,"[458, 19, 472, 30]",philly_surveillance
KQCb9pzD4VdD0JN_u7XnKA_49.jpg,KQCb9pzD4VdD0JN_u7XnKA,49,39.99257533632618,-75.07869209611228,Dome Camera,1,0.8834,"[139, 147, 147, 159]",philly_surveillance
KTdf3z-DSpX6qJjr6hMJjw_235.jpg,KTdf3z-DSpX6qJjr6hMJjw,235,40.00738215028202,-75.16945392147638,Dome Camera,1,0.8797,"[168, 192, 179, 204]",philly_surveillance
KbwKzrEwO2M-ZlEy8xC1ew_71.jpg,KbwKzrEwO2M-ZlEy8xC1ew,71,40.0447308313621,-75.1816617158841,Directed Camera,0,0.5742,"[229, 288, 236, 295]",philly_surveillance
KgJw0eD2zPnUPUE8WXW7uA_99.jpg,KgJw0eD2zPnUPUE8WXW7uA,99,39.96730411913067,-75.14465210844699,Directed Camera,0,0.6184,"[496, 168, 504, 178]",philly_surveillance
KlzBhVQxuUjDF_lDEw_VGQ_171.jpg,KlzBhVQxuUjDF_lDEw_VGQ,171,39.97408749286461,-75.20462451690716,Dome Camera,1,0.6917,"[252, 267, 262, 276]",philly_surveillance
KwmCe29R43MveHyWucvyWA_143.jpg,KwmCe29R43MveHyWucvyWA,143,40.0693986554876,-75.00713705236207,Dome Camera,1,0.7108,"[191, 212, 201, 221]",philly_surveillance
L-4JHCIRaCWJ0Kj4N34fCA_98.jpg,L-4JHCIRaCWJ0Kj4N34fCA,98,39.94900641240204,-75.16212957274833,Directed Camera,0,0.837,"[257, 232, 275, 243]",philly_surveillance
L-4JHCIRaCWJ0Kj4N34fCA_98.jpg,L-4JHCIRaCWJ0Kj4N34fCA,98,39.94900641240204,-75.16212957274833,Dome Camera,1,0.4401,"[561, 230, 579, 240]",philly_surveillance
L3w3s9u0WLF72RVkBVRpIA_326.jpg,L3w3s9u0WLF72RVkBVRpIA,326,40.02338447377215,-75.04677205148143,Dome Camera,1,0.4445,"[372, 75, 382, 88]",philly_surveillance
L8GB5rxTiEPK8WGPvQtVMA_96.jpg,L8GB5rxTiEPK8WGPvQtVMA,96,40.06949571998324,-75.05205566287779,Dome Camera,1,0.652,"[533, 216, 544, 226]",philly_surveillance
LGAhh9yCLtfJXddwEFQ5IQ_279.jpg,LGAhh9yCLtfJXddwEFQ5IQ,279,40.00635072363923,-75.1361252821814,Directed Camera,0,0.4816,"[625, 212, 635, 222]",philly_surveillance
LUuX7pR4PXHNrYYJjJpcKw_9.jpg,LUuX7pR4PXHNrYYJjJpcKw,9,40.00054390114735,-75.15734092530947,Dome Camera,1,0.631,"[59, 214, 69, 226]",philly_surveillance
LX0mHXYJqpMh4YOiXF2IiQ_99.jpg,LX0mHXYJqpMh4YOiXF2IiQ,99,40.00181669257297,-75.11836020509625,Dome Camera,1,0.9303,"[335, 112, 344, 126]",philly_surveillance
Lvg-ttTC9lPhlXRGvbNKjA_279.jpg,Lvg-ttTC9lPhlXRGvbNKjA,279,39.91962003036922,-75.15785368673748,Directed Camera,0,0.8878,"[472, 6, 498, 34]",philly_surveillance
Lvg-ttTC9lPhlXRGvbNKjA_279.jpg,Lvg-ttTC9lPhlXRGvbNKjA,279,39.91962003036922,-75.15785368673748,Dome Camera,1,0.4548,"[167, 139, 178, 152]",philly_surveillance
LzhJFQLv4NM83b028AS36w_236.jpg,LzhJFQLv4NM83b028AS36w,236,40.02123639894261,-75.06443204006133,Directed Camera,0,0.4449,"[266, 255, 274, 263]",philly_surveillance
M-fFnVViPw-JBq6s8SAwHA_98.jpg,M-fFnVViPw-JBq6s8SAwHA,98,39.93939642621845,-75.18834773374492,Dome Camera,1,0.5739,"[49, 261, 58, 269]",philly_surveillance
M-fFnVViPw-JBq6s8SAwHA_98.jpg,M-fFnVViPw-JBq6s8SAwHA,98,39.93939642621845,-75.18834773374492,Dome Camera,1,0.449,"[485, 228, 494, 237]",philly_surveillance
MHOEKxhjprc0hptF85Cy7w_15.jpg,MHOEKxhjprc0hptF85Cy7w,15,40.10708714071851,-75.0383054851185,Dome Camera,1,0.4196,"[397, 177, 408, 187]",philly_surveillance
MNtWCLIvXKW5AjbBMZQaZQ_180.jpg,MNtWCLIvXKW5AjbBMZQaZQ,180,40.04127393825598,-75.15739374239676,Dome Camera,1,0.6947,"[529, 166, 538, 174]",philly_surveillance
MUtZu42LStTIXHE2eYbGZQ_65.jpg,MUtZu42LStTIXHE2eYbGZQ,65,40.041569045926,-75.0441756818219,Dome Camera,1,0.967,"[343, 97, 351, 113]",philly_surveillance
MV8NG04U70kjvqq9AJhPbQ_346.jpg,MV8NG04U70kjvqq9AJhPbQ,346,39.92367575968378,-75.17959289300575,Dome Camera,1,0.6324,"[186, 253, 196, 262]",philly_surveillance
MX-SyXMm9wsOa-HJOTHGLQ_200.jpg,MX-SyXMm9wsOa-HJOTHGLQ,200,40.00695217783746,-75.17355395764484,Dome Camera,1,0.5659,"[310, 92, 316, 100]",philly_surveillance
MX-SyXMm9wsOa-HJOTHGLQ_200.jpg,MX-SyXMm9wsOa-HJOTHGLQ,200,40.00695217783746,-75.17355395764484,Directed Camera,0,0.4093,"[325, 92, 331, 99]",philly_surveillance
Mabl9JPvixZrv6kVHTROjw_125.jpg,Mabl9JPvixZrv6kVHTROjw,125,40.06075995105678,-75.07936488949343,Directed Camera,0,0.8912,"[431, 274, 442, 284]",philly_surveillance
Mk6VLLpKIUh6Fcs77AOPqA_236.jpg,Mk6VLLpKIUh6Fcs77AOPqA,236,39.98526422163575,-75.10346478797004,Dome Camera,1,0.488,"[447, 90, 454, 99]",philly_surveillance
MlBmopvc3Sg9RfI0sAsJZg_99.jpg,MlBmopvc3Sg9RfI0sAsJZg,99,39.9891227020404,-75.15014917444006,Dome Camera,1,0.7482,"[86, 256, 93, 262]",philly_surveillance
MnY-qzWoHpAVBcxjnse_Qw_231.jpg,MnY-qzWoHpAVBcxjnse_Qw,231,39.99568757795551,-75.08117678367445,Dome Camera,1,0.888,"[590, 88, 605, 98]",philly_surveillance
Muk4BTtwWw1p1Px8vYViWA_55.jpg,Muk4BTtwWw1p1Px8vYViWA,55,39.98662280678898,-75.12545434212028,Dome Camera,1,0.659,"[87, 66, 96, 77]",philly_surveillance
N3w6ODrYDg0Wp5WPpI0E3Q_100.jpg,N3w6ODrYDg0Wp5WPpI0E3Q,100,39.93388189226444,-75.19519089961439,Directed Camera,0,0.5449,"[424, 274, 433, 283]",philly_surveillance
N4cF21wg7BmLhs8HS_upgg_61.jpg,N4cF21wg7BmLhs8HS_upgg,61,40.01772333618726,-75.21339077695961,Directed Camera,0,0.4037,"[40, 193, 58, 203]",philly_surveillance
N6kcVyAFXc_8bGGFbxD2oA_279.jpg,N6kcVyAFXc_8bGGFbxD2oA,279,39.97666469249934,-75.18193030196572,Directed Camera,0,0.8324,"[187, 136, 193, 145]",philly_surveillance
NIt-5KUowjHMbWqEsNuFuQ_9.jpg,NIt-5KUowjHMbWqEsNuFuQ,9,39.95380549968931,-75.24096163544272,Directed Camera,0,0.9037,"[433, 250, 449, 260]",philly_surveillance
NPadXBOAf9azyfaju0ML0w_36.jpg,NPadXBOAf9azyfaju0ML0w,36,40.02169220493305,-75.08808439085257,Dome Camera,1,0.6228,"[297, 250, 306, 258]",philly_surveillance
NUHVOjvZP6HvDwBmd_ufLg_280.jpg,NUHVOjvZP6HvDwBmd_ufLg,280,39.92657696320504,-75.15199775736848,Directed Camera,0,0.845,"[439, 235, 450, 246]",philly_surveillance
NdizYLWnFvLIA5onupekZA_215.jpg,NdizYLWnFvLIA5onupekZA,215,40.02102582142751,-75.173495000958,Dome Camera,1,0.8034,"[120, 213, 130, 220]",philly_surveillance
NfV9lOt2OpOekGeRLqqcmw_355.jpg,NfV9lOt2OpOekGeRLqqcmw,355,40.09711515188235,-75.01840436588336,Dome Camera,1,0.535,"[17, 89, 39, 100]",philly_surveillance
Ngq1aD5GAd_Tu3isMa2XOA_99.jpg,Ngq1aD5GAd_Tu3isMa2XOA,99,39.95311055627769,-75.21212913542969,Dome Camera,1,0.7551,"[245, 300, 253, 308]",philly_surveillance
NnMo5yiJoyqaUnA2ADU0gQ_236.jpg,NnMo5yiJoyqaUnA2ADU0gQ,236,40.02816675482432,-75.03563936308532,Directed Camera,0,0.7005,"[393, 269, 402, 277]",philly_surveillance
NpskTzh4Twqm2EHsS_I-rQ_278.jpg,NpskTzh4Twqm2EHsS_I-rQ,278,40.0072765646065,-75.13150420967253,Directed Camera,0,0.936,"[583, 126, 596, 140]",philly_surveillance
Nron0I3Pmf-VlowStrMJsA_215.jpg,Nron0I3Pmf-VlowStrMJsA,215,40.08310263237532,-75.05412847076119,Dome Camera,1,0.712,"[497, 269, 504, 278]",philly_surveillance
NsoZUjqA_oX8I737Yz1yyQ_9.jpg,NsoZUjqA_oX8I737Yz1yyQ,9,39.95680996931281,-75.21187823048436,Dome Camera,1,0.8984,"[117, 149, 125, 161]",philly_surveillance
Nz1xJhTCr9-dbhHv12_jrQ_126.jpg,Nz1xJhTCr9-dbhHv12_jrQ,126,40.0597669783268,-75.17139855089552,Dome Camera,1,0.4609,"[309, 224, 314, 232]",philly_surveillance
O3FpxzMWfyNkVYPqYScYjA_174.jpg,O3FpxzMWfyNkVYPqYScYjA,174,39.88962721223692,-75.18150818702851,Dome Camera,1,0.5314,"[45, 142, 51, 153]",philly_surveillance
OAvOiKD3LFthwWoXXf-Znw_142.jpg,OAvOiKD3LFthwWoXXf-Znw,142,40.13131985201529,-75.00871048342644,Dome Camera,1,0.4014,"[423, 278, 432, 289]",philly_surveillance
OCZ5q-VTf9e2Q2yr9JVv2A_171.jpg,OCZ5q-VTf9e2Q2yr9JVv2A,171,39.98012933275204,-75.24213767369557,Directed Camera,0,0.977,"[139, 237, 155, 252]",philly_surveillance
ORHrfvyG1p8fbWFdfPenHg_9.jpg,ORHrfvyG1p8fbWFdfPenHg,9,39.90299280498833,-75.15486696375824,Directed Camera,0,0.4054,"[9, 83, 29, 111]",philly_surveillance
Obosi6fKBgjYDv0591GdFw_99.jpg,Obosi6fKBgjYDv0591GdFw,99,39.93248525705423,-75.17774401139854,Dome Camera,1,0.874,"[524, 235, 533, 243]",philly_surveillance
OcntEN8GPVO36J98J4lQGA_81.jpg,OcntEN8GPVO36J98J4lQGA,81,39.97296934915561,-75.23795201942411,Directed Camera,0,0.959,"[605, 161, 623, 176]",philly_surveillance
OfZolFIraT6OOMlW2n527A_189.jpg,OfZolFIraT6OOMlW2n527A,189,39.9483683012668,-75.24744411166316,Directed Camera,0,0.8028,"[284, 275, 294, 290]",philly_surveillance
OwFvIiia8o65G7rvdc-CpA_318.jpg,OwFvIiia8o65G7rvdc-CpA,318,39.92678432035527,-75.23540464297133,Directed Camera,0,0.4898,"[425, 245, 433, 254]",philly_surveillance
Oz3UXY9JrDSxwwWglJO2UA_279.jpg,Oz3UXY9JrDSxwwWglJO2UA,279,39.98025642582872,-75.14182903568464,Directed Camera,0,0.9054,"[212, 218, 224, 234]",philly_surveillance
P38j3q_S0_ZqqxZpXXjSbQ_279.jpg,P38j3q_S0_ZqqxZpXXjSbQ,279,39.90980951831476,-75.16342172104574,Dome Camera,1,0.7243,"[571, 191, 579, 200]",philly_surveillance
P38j3q_S0_ZqqxZpXXjSbQ_279.jpg,P38j3q_S0_ZqqxZpXXjSbQ,279,39.90980951831476,-75.16342172104574,Dome Camera,1,0.4413,"[297, 134, 307, 145]",philly_surveillance
PGMebHGRHywmDbsXuquc-Q_154.jpg,PGMebHGRHywmDbsXuquc-Q,154,40.0972415001746,-75.01792556479771,Directed Camera,0,0.8279,"[413, 132, 433, 140]",philly_surveillance
PTy92tUNqemcmKX5Bh5IiQ_9.jpg,PTy92tUNqemcmKX5Bh5IiQ,9,39.95020951536562,-75.22474028348934,Dome Camera,1,0.8687,"[573, 177, 586, 191]",philly_surveillance
PV6RY8ZBX-Iamtz4SeA9yQ_279.jpg,PV6RY8ZBX-Iamtz4SeA9yQ,279,40.01214350361237,-75.10991187758069,Dome Camera,1,0.621,"[272, 282, 278, 288]",philly_surveillance
PYa2FLhJRJysoqat-52MfA_283.jpg,PYa2FLhJRJysoqat-52MfA,283,39.95610080464359,-75.13989027612674,Dome Camera,1,0.4789,"[521, 304, 530, 312]",philly_surveillance
PhsjMI7uYq0xcyozIkdkdg_307.jpg,PhsjMI7uYq0xcyozIkdkdg,307,40.0613905975266,-75.08393357144557,Directed Camera,0,0.8213,"[513, 239, 520, 248]",philly_surveillance
PihQ2Ld8FtvUI3S_e7Shig_126.jpg,PihQ2Ld8FtvUI3S_e7Shig,126,40.06622489988154,-75.1613786647588,Directed Camera,0,0.4611,"[490, 114, 504, 125]",philly_surveillance
PmEy92acLekgCaNFcBOIWw_9.jpg,PmEy92acLekgCaNFcBOIWw,9,39.9390767049912,-75.17652759018691,Dome Camera,1,0.5414,"[493, 155, 501, 166]",philly_surveillance
PnEVXb958Org0y_HdxgfTw_9.jpg,PnEVXb958Org0y_HdxgfTw,9,39.92341103982113,-75.1559133430853,Directed Camera,0,0.8444,"[478, 174, 495, 193]",philly_surveillance
PnEVXb958Org0y_HdxgfTw_9.jpg,PnEVXb958Org0y_HdxgfTw,9,39.92341103982113,-75.1559133430853,Dome Camera,1,0.6651,"[256, 274, 270, 293]",philly_surveillance
Pwy9nE56TZCXd7Yx4lcfdw_9.jpg,Pwy9nE56TZCXd7Yx4lcfdw,9,40.00081688793746,-75.09880729962558,Dome Camera,1,0.6302,"[162, 281, 170, 287]",philly_surveillance
Pwy9nE56TZCXd7Yx4lcfdw_9.jpg,Pwy9nE56TZCXd7Yx4lcfdw,9,40.00081688793746,-75.09880729962558,Dome Camera,1,0.4435,"[53, 284, 63, 290]",philly_surveillance
Q7LvpiwZ26b4ljGqpCWBLA_279.jpg,Q7LvpiwZ26b4ljGqpCWBLA,279,39.93948317011986,-75.15897432783193,Directed Camera,0,0.7965,"[554, 216, 562, 225]",philly_surveillance
QVGvvWxP-orDncoNT9jPGg_128.jpg,QVGvvWxP-orDncoNT9jPGg,128,40.04946575356474,-75.16401853891823,Directed Camera,0,0.4194,"[76, 272, 94, 291]",philly_surveillance
QWGH7G-9G_ozCrtxsTtYMA_351.jpg,QWGH7G-9G_ozCrtxsTtYMA,351,39.97264153692767,-75.19982087305121,Directed Camera,0,0.6303,"[174, 219, 184, 233]",philly_surveillance
QZvWfDtLcVukzBJ9l6RJyw_189.jpg,QZvWfDtLcVukzBJ9l6RJyw,189,40.00424922558247,-75.18629137729857,Dome Camera,1,0.9511,"[454, 99, 463, 113]",philly_surveillance
Q_Xh3WYBO8Z6iSrdMvYMDQ_189.jpg,Q_Xh3WYBO8Z6iSrdMvYMDQ,189,40.00707236471112,-75.1338724427196,Dome Camera,1,0.5902,"[378, 148, 386, 157]",philly_surveillance
QjTxTNMTgwN255_tS1l89g_9.jpg,QjTxTNMTgwN255_tS1l89g,9,39.97712715513093,-75.14573373997071,Directed Camera,0,0.4013,"[609, 308, 614, 315]",philly_surveillance
QllnIXrtE0BUmo5XAm3q4Q_51.jpg,QllnIXrtE0BUmo5XAm3q4Q,51,40.05912581838727,-75.00319177287045,Dome Camera,1,0.8363,"[299, 272, 307, 283]",philly_surveillance
QmRA4mDhcKsoPMFB5rqyCw_189.jpg,QmRA4mDhcKsoPMFB5rqyCw,189,39.99707341639275,-75.11772312388904,Directed Camera,0,0.5644,"[489, 142, 501, 153]",philly_surveillance
QmkwsH83fqkMAW3qSxYVPA_323.jpg,QmkwsH83fqkMAW3qSxYVPA,323,40.01599389423492,-75.17605630124208,Directed Camera,0,0.5447,"[105, 166, 112, 173]",philly_surveillance
Qp5Jnos5ZlYZwuwWosfE9w_98.jpg,Qp5Jnos5ZlYZwuwWosfE9w,98,39.96777224106434,-75.1548032793985,Dome Camera,1,0.9907,"[272, 79, 284, 97]",philly_surveillance
R3Don6SGU66O1RDuABGcZg_308.jpg,R3Don6SGU66O1RDuABGcZg,308,40.03205978612682,-75.17863332252242,Dome Camera,1,0.644,"[44, 260, 54, 267]",philly_surveillance
R9HEbhc5Ar23Y7CujoirLw_351.jpg,R9HEbhc5Ar23Y7CujoirLw,351,39.96795898720508,-75.20293255555218,Directed Camera,0,0.9692,"[615, 208, 629, 222]",philly_surveillance
RF1MdUZCOdeo3dDN5-la3w_128.jpg,RF1MdUZCOdeo3dDN5-la3w,128,40.05966273311567,-75.16613628444306,Directed Camera,0,0.7328,"[563, 195, 569, 201]",philly_surveillance
RJGx4pYPHFel5IV1VDBg6A_99.jpg,RJGx4pYPHFel5IV1VDBg6A,99,40.02559011958431,-75.13660016487715,Directed Camera,0,0.5079,"[37, 271, 44, 279]",philly_surveillance
RRvhKMaLWjeHxiGgA-hYPg_54.jpg,RRvhKMaLWjeHxiGgA-hYPg,54,39.97912121194432,-75.11168315306462,Dome Camera,1,0.8318,"[467, 271, 475, 282]",philly_surveillance
Ri8MmoWAAgwtHPhKgQ-yBw_189.jpg,Ri8MmoWAAgwtHPhKgQ-yBw,189,39.98588356149009,-75.16042423780237,Dome Camera,1,0.505,"[368, 136, 383, 151]",philly_surveillance
RmU8G_6sLcx9gKEahYp3uQ_236.jpg,RmU8G_6sLcx9gKEahYp3uQ,236,40.02249333419581,-75.04767493294844,Dome Camera,1,0.6868,"[417, 222, 430, 233]",philly_surveillance
RmU8G_6sLcx9gKEahYp3uQ_236.jpg,RmU8G_6sLcx9gKEahYp3uQ,236,40.02249333419581,-75.04767493294844,Directed Camera,0,0.4398,"[36, 236, 46, 245]",philly_surveillance
RmkTbbcnPo6M6JyntYJDNA_307.jpg,RmkTbbcnPo6M6JyntYJDNA,307,40.02261849118369,-75.11425784186181,Dome Camera,1,0.429,"[531, 249, 539, 258]",philly_surveillance
RtOFFXAF40EpofEmI4jE4g_218.jpg,RtOFFXAF40EpofEmI4jE4g,218,39.96421011691848,-75.20404165511935,Dome Camera,1,0.9152,"[130, 131, 144, 151]",philly_surveillance
S3qjlxpL5t4Apec-5JaZfQ_9.jpg,S3qjlxpL5t4Apec-5JaZfQ,9,39.99923610856102,-75.11009790653867,Dome Camera,1,0.5973,"[341, 252, 348, 260]",philly_surveillance
S8WjpJLMR_s3r3zQjObfTQ_45.jpg,S8WjpJLMR_s3r3zQjObfTQ,45,40.11222008040409,-74.96810099432938,Directed Camera,0,0.4839,"[525, 218, 529, 225]",philly_surveillance
S9keNY-fjA0Dpy0WaJt6Bg_272.jpg,S9keNY-fjA0Dpy0WaJt6Bg,272,39.9350938327852,-75.20031070047341,Dome Camera,1,0.4045,"[364, 257, 368, 264]",philly_surveillance
SG7aXu8yypYnzCAk-TmbGg_108.jpg,SG7aXu8yypYnzCAk-TmbGg,108,39.92651525508591,-75.24370467228984,Dome Camera,1,0.9367,"[136, 246, 144, 258]",philly_surveillance
SIELsGmoh0juXEdZAjMlqA_9.jpg,SIELsGmoh0juXEdZAjMlqA,9,40.01418323879968,-75.12843128861257,Dome Camera,1,0.8993,"[528, 194, 535, 205]",philly_surveillance
SPx4gjojL7_VvHvcfp7vbA_81.jpg,SPx4gjojL7_VvHvcfp7vbA,81,39.97498636760735,-75.23921434181115,Dome Camera,1,0.559,"[412, 319, 417, 326]",philly_surveillance
STkmj391d_eyMXUlSgGw1Q_55.jpg,STkmj391d_eyMXUlSgGw1Q,55,39.98977471683667,-75.11637527575188,Dome Camera,1,0.8201,"[10, 23, 47, 51]",philly_surveillance
STkmj391d_eyMXUlSgGw1Q_55.jpg,STkmj391d_eyMXUlSgGw1Q,55,39.98977471683667,-75.11637527575188,Directed Camera,0,0.4263,"[206, 65, 218, 78]",philly_surveillance
Sa72En02qCvXU1Z-tsVZtA_9.jpg,Sa72En02qCvXU1Z-tsVZtA,9,39.99393197437819,-75.15416109021838,Dome Camera,1,0.6398,"[81, 228, 94, 239]",philly_surveillance
SgPhp6bNA4hz0Czq0dQofg_352.jpg,SgPhp6bNA4hz0Czq0dQofg,352,39.97516957439765,-75.16912795879472,Dome Camera,1,0.8476,"[546, 239, 556, 254]",philly_surveillance
Sn5PD11mcB_WKlfpESXhCQ_279.jpg,Sn5PD11mcB_WKlfpESXhCQ,279,39.99352019159417,-75.14124211025549,Directed Camera,0,0.8099,"[116, 167, 131, 178]",philly_surveillance
SqTsJzfZZXCJA7QLaKplSg_35.jpg,SqTsJzfZZXCJA7QLaKplSg,35,40.01815646754027,-75.0831090441038,Dome Camera,1,0.5464,"[386, 192, 400, 204]",philly_surveillance
SrVLF8iEfUwOb8rLlQ9i3g_189.jpg,SrVLF8iEfUwOb8rLlQ9i3g,189,39.97931033589345,-75.1667737934644,Dome Camera,1,0.8822,"[315, 155, 321, 165]",philly_surveillance
SxxVjuQJXLNk5tsNQAtpkQ_236.jpg,SxxVjuQJXLNk5tsNQAtpkQ,236,39.99834969635994,-75.07438240836669,Directed Camera,0,0.5671,"[424, 269, 431, 276]",philly_surveillance
SyjLSrSaRVlxGY3Oozf-Sw_189.jpg,SyjLSrSaRVlxGY3Oozf-Sw,189,39.99974602856521,-75.1258933555002,Dome Camera,1,0.8001,"[309, 218, 319, 230]",philly_surveillance
Sywg6EoTFjRm4KruufQm4A_278.jpg,Sywg6EoTFjRm4KruufQm4A,278,39.97832595929755,-75.13357892093606,Directed Camera,0,0.6378,"[266, 303, 276, 311]",philly_surveillance
TIpKyJBkJv6OIgg79ZJTpg_228.jpg,TIpKyJBkJv6OIgg79ZJTpg,228,39.92443805032937,-75.23525428280406,Dome Camera,1,0.7549,"[32, 256, 41, 264]",philly_surveillance
TNH5o6r-c8UmN4uFsPQAZw_279.jpg,TNH5o6r-c8UmN4uFsPQAZw,279,39.94871329901805,-75.16447294193247,Dome Camera,1,0.7367,"[554, 231, 567, 241]",philly_surveillance
T_8_jJ_o4xrQT9nzYMOmjQ_36.jpg,T_8_jJ_o4xrQT9nzYMOmjQ,36,40.04084355938085,-75.05259398767019,Directed Camera,0,0.9193,"[381, 213, 390, 221]",philly_surveillance
TkyhWgAW3CZb0v3Aa8KmFw_10.jpg,TkyhWgAW3CZb0v3Aa8KmFw,10,39.99081884213153,-75.16675598100943,Dome Camera,1,0.9855,"[258, 227, 266, 235]",philly_surveillance
TkyhWgAW3CZb0v3Aa8KmFw_10.jpg,TkyhWgAW3CZb0v3Aa8KmFw,10,39.99081884213153,-75.16675598100943,Dome Camera,1,0.7585,"[48, 228, 57, 236]",philly_surveillance
TlUL-DVn7KrCqgxKgohiDQ_9.jpg,TlUL-DVn7KrCqgxKgohiDQ,9,39.94014081371568,-75.14453292632618,Dome Camera,1,0.4936,"[546, 286, 558, 298]",philly_surveillance
TynOmmacYgvllqLqtKpipA_3.jpg,TynOmmacYgvllqLqtKpipA,3,40.0496028719409,-75.15605879175473,Dome Camera,1,0.4176,"[127, 269, 135, 278]",philly_surveillance
U3_VVqXGl_AlIlpMp5vHGA_190.jpg,U3_VVqXGl_AlIlpMp5vHGA,190,40.02224386189199,-75.12996682124327,Dome Camera,1,0.9637,"[76, 143, 87, 157]",philly_surveillance
U6OMcmwMv2n6v7K5XdpXDg_43.jpg,U6OMcmwMv2n6v7K5XdpXDg,43,39.95938798726677,-75.17205554252905,Dome Camera,1,0.6572,"[461, 81, 475, 96]",philly_surveillance
U6OMcmwMv2n6v7K5XdpXDg_43.jpg,U6OMcmwMv2n6v7K5XdpXDg,43,39.95938798726677,-75.17205554252905,Dome Camera,1,0.504,"[416, 96, 424, 107]",philly_surveillance
UAW-ORzqdlhvvRYyl1GUsg_36.jpg,UAW-ORzqdlhvvRYyl1GUsg,36,40.03172148069227,-75.16810927652138,Dome Camera,1,0.6573,"[427, 276, 435, 289]",philly_surveillance
UNWlRZXGP1EmG1W9gieSug_105.jpg,UNWlRZXGP1EmG1W9gieSug,105,40.00657534748623,-75.18633127222415,Directed Camera,0,0.9702,"[214, 237, 225, 246]",philly_surveillance
UPugZgC0ALjhBMDO-_euug_23.jpg,UPugZgC0ALjhBMDO-_euug,23,40.01677380755579,-75.21029087784805,Dome Camera,1,0.4269,"[536, 153, 545, 166]",philly_surveillance
USe-KGeBcgFSOxg_pBxfKw_128.jpg,USe-KGeBcgFSOxg_pBxfKw,128,40.04410407096626,-75.16825079520072,Dome Camera,1,0.5002,"[401, 207, 411, 219]",philly_surveillance
UTQKmrbDG3liH8QhZkmF0g_99.jpg,UTQKmrbDG3liH8QhZkmF0g,99,40.03843704777661,-75.14099011200742,Dome Camera,1,0.4827,"[456, 274, 465, 280]",philly_surveillance
U_JKAo85x-CNp22wJaVb0A_277.jpg,U_JKAo85x-CNp22wJaVb0A,277,40.03877126781084,-75.1446815031266,Directed Camera,0,0.7525,"[127, 118, 140, 136]",philly_surveillance
UbyRgL9_DVm7OfufbcepXw_352.jpg,UbyRgL9_DVm7OfufbcepXw,352,39.96259709382014,-75.18749302937042,Directed Camera,0,0.6613,"[125, 151, 131, 158]",philly_surveillance
UbyRgL9_DVm7OfufbcepXw_352.jpg,UbyRgL9_DVm7OfufbcepXw,352,39.96259709382014,-75.18749302937042,Directed Camera,0,0.6275,"[13, 152, 19, 159]",philly_surveillance
UmxGK45veRVkBw4GHeGrOg_125.jpg,UmxGK45veRVkBw4GHeGrOg,125,40.08973686664062,-75.0491529558481,Directed Camera,0,0.813,"[338, 94, 346, 101]",philly_surveillance
UqFpcM6kexO1W72bMPP0Vg_27.jpg,UqFpcM6kexO1W72bMPP0Vg,27,40.02607116510259,-75.22512880666045,Directed Camera,0,0.9415,"[491, 41, 510, 56]",philly_surveillance
UqFpcM6kexO1W72bMPP0Vg_27.jpg,UqFpcM6kexO1W72bMPP0Vg,27,40.02607116510259,-75.22512880666045,Directed Camera,0,0.7643,"[483, 240, 494, 247]",philly_surveillance
V-g9t8Gx0vFZPKx_mcgJrQ_246.jpg,V-g9t8Gx0vFZPKx_mcgJrQ,246,39.96697402271503,-75.13026400214126,Dome Camera,1,0.4428,"[452, 216, 459, 224]",philly_surveillance
V9pqC9H0UYr9sJKOyePD9A_175.jpg,V9pqC9H0UYr9sJKOyePD9A,175,39.93099559362886,-75.15948352127752,Dome Camera,1,0.9754,"[491, 244, 504, 262]",philly_surveillance
V9pqC9H0UYr9sJKOyePD9A_175.jpg,V9pqC9H0UYr9sJKOyePD9A,175,39.93099559362886,-75.15948352127752,Dome Camera,1,0.7922,"[320, 255, 331, 269]",philly_surveillance
VCq0YWxjQOEAt58ZKOJh4A_10.jpg,VCq0YWxjQOEAt58ZKOJh4A,10,40.00039131454418,-75.11901946696482,Dome Camera,1,0.5608,"[318, 268, 325, 276]",philly_surveillance
VD-kXCjD-0z-KvLVYwKhyA_55.jpg,VD-kXCjD-0z-KvLVYwKhyA,55,39.9836114639827,-75.09508632503805,Dome Camera,1,0.5515,"[608, 283, 616, 289]",philly_surveillance
VOWGkIuFK2hUJHtaq3LLVQ_9.jpg,VOWGkIuFK2hUJHtaq3LLVQ,9,39.92016866540969,-75.1567896848695,Dome Camera,1,0.471,"[182, 255, 189, 263]",philly_surveillance
VU2JM3XcAytxGru8EGh4Rw_279.jpg,VU2JM3XcAytxGru8EGh4Rw,279,40.00810349813538,-75.15143304849433,Dome Camera,1,0.5915,"[212, 257, 220, 263]",philly_surveillance
VoS5KQdx18B41NlG_2M5YQ_255.jpg,VoS5KQdx18B41NlG_2M5YQ,255,40.00585350513935,-75.14975895089796,Dome Camera,1,0.8439,"[299, 91, 310, 104]",philly_surveillance
VsN4Yoj-ZWdS34Nkb54LYw_16.jpg,VsN4Yoj-ZWdS34Nkb54LYw,16,40.03765030950525,-75.13841674947439,Directed Camera,0,0.9185,"[112, 320, 124, 329]",philly_surveillance
WCBi-uw096EVOiIk6xkHRA_317.jpg,WCBi-uw096EVOiIk6xkHRA,317,39.93963762759961,-75.21434942181672,Directed Camera,0,0.9115,"[413, 219, 428, 235]",philly_surveillance
WHQOF0NcYeSyuwhIn6Xb9Q_120.jpg,WHQOF0NcYeSyuwhIn6Xb9Q,120,40.01677644588966,-75.07535455335967,Dome Camera,1,0.7763,"[459, 141, 467, 153]",philly_surveillance
WHhW0A7RcLzTvUSHD8-Zag_10.jpg,WHhW0A7RcLzTvUSHD8-Zag,10,39.99277398104647,-75.14545565012415,Dome Camera,1,0.7231,"[202, 160, 208, 168]",philly_surveillance
WS9LSWO99B2WfcZKv1p_Iw_9.jpg,WS9LSWO99B2WfcZKv1p_Iw,9,39.9516792805547,-75.15793144249331,Directed Camera,0,0.867,"[35, 162, 45, 173]",philly_surveillance
W_HeFZKyIiCbtwWMJinrtw_9.jpg,W_HeFZKyIiCbtwWMJinrtw,9,40.01188129498087,-75.09804851693431,Dome Camera,1,0.4945,"[213, 253, 218, 260]",philly_surveillance
Ws2EzJvpQ9DdVSUHVwSvLg_279.jpg,Ws2EzJvpQ9DdVSUHVwSvLg,279,39.93316516269526,-75.16126724399354,Directed Camera,0,0.865,"[601, 227, 623, 248]",philly_surveillance
Wu2Cdx1OGHyH951Nx8pIRw_76.jpg,Wu2Cdx1OGHyH951Nx8pIRw,76,39.91209597402174,-75.24208613151997,Dome Camera,1,0.4554,"[95, 185, 109, 208]",philly_surveillance
WuX8TzACe9aScs503kMG7Q_235.jpg,WuX8TzACe9aScs503kMG7Q,235,39.9982887902249,-75.10889575290912,Dome Camera,1,0.8121,"[563, 189, 576, 199]",philly_surveillance
Wyuyo7evFGcb2h4fgYbf4Q_61.jpg,Wyuyo7evFGcb2h4fgYbf4Q,61,39.9907942189416,-75.14750799864244,Directed Camera,0,0.89,"[615, 220, 625, 230]",philly_surveillance
X-wN84BXQF_OPfbqOKW5Ng_279.jpg,X-wN84BXQF_OPfbqOKW5Ng,279,40.02468949145227,-75.12170192172323,Dome Camera,1,0.7245,"[450, 288, 457, 297]",philly_surveillance
XK5EHINOGXGPjLIZc71ORA_279.jpg,XK5EHINOGXGPjLIZc71ORA,279,39.97711176626152,-75.18183225385069,Directed Camera,0,0.9753,"[574, 202, 587, 211]",philly_surveillance
XK5EHINOGXGPjLIZc71ORA_279.jpg,XK5EHINOGXGPjLIZc71ORA,279,39.97711176626152,-75.18183225385069,Dome Camera,1,0.868,"[161, 200, 178, 217]",philly_surveillance
XNl4FMVxIZqgGUczVBG2Ig_9.jpg,XNl4FMVxIZqgGUczVBG2Ig,9,39.97111333692089,-75.16673816855244,Dome Camera,1,0.8726,"[327, 278, 335, 287]",philly_surveillance
XNl4FMVxIZqgGUczVBG2Ig_9.jpg,XNl4FMVxIZqgGUczVBG2Ig,9,39.97111333692089,-75.16673816855244,Dome Camera,1,0.8057,"[232, 275, 240, 283]",philly_surveillance
Xr0NylzSHmprpeJC11FicA_9.jpg,Xr0NylzSHmprpeJC11FicA,9,40.02405563973192,-75.1192204521989,Dome Camera,1,0.5634,"[461, 237, 472, 251]",philly_surveillance
Y6jTppKN-0nwl_M1ehhkkQ_131.jpg,Y6jTppKN-0nwl_M1ehhkkQ,131,40.04450044976914,-75.17741165389342,Dome Camera,1,0.8414,"[213, 266, 223, 276]",philly_surveillance
Y6jTppKN-0nwl_M1ehhkkQ_131.jpg,Y6jTppKN-0nwl_M1ehhkkQ,131,40.04450044976914,-75.17741165389342,Dome Camera,1,0.4633,"[164, 245, 174, 256]",philly_surveillance
YDP7BrxH_Xlk5Ln5-mN4xA_12.jpg,YDP7BrxH_Xlk5Ln5-mN4xA,12,39.93750451472506,-75.14580437578245,Directed Camera,0,0.4518,"[295, 288, 303, 295]",philly_surveillance
YLisTaNZw69RgRuCPirjMQ_279.jpg,YLisTaNZw69RgRuCPirjMQ,279,39.98495221015181,-75.13272133534798,Directed Camera,0,0.8928,"[490, 202, 511, 218]",philly_surveillance
YaVxMjJbxsHO_bZFL40qpA_279.jpg,YaVxMjJbxsHO_bZFL40qpA,279,39.97324966599389,-75.13935696831801,Directed Camera,0,0.7325,"[353, 278, 362, 288]",philly_surveillance
YuooxG6lP_SINsbEb3ksRg_259.jpg,YuooxG6lP_SINsbEb3ksRg,259,40.00265082913253,-75.09972093475068,Dome Camera,1,0.6266,"[81, 243, 90, 254]",philly_surveillance
Yy2rbhoxFwMzfqQrpinE1A_239.jpg,Yy2rbhoxFwMzfqQrpinE1A,239,40.05594951637547,-75.1536207051425,Dome Camera,1,0.4477,"[234, 296, 239, 302]",philly_surveillance
Z8I9_O39yJdR5ZpF31rszQ_189.jpg,Z8I9_O39yJdR5ZpF31rszQ,189,40.06579020176952,-75.1461787539634,Directed Camera,0,0.9068,"[394, 180, 408, 198]",philly_surveillance
ZAB1sk2B0v18KwwKEsZA7w_189.jpg,ZAB1sk2B0v18KwwKEsZA7w,189,39.92099669450409,-75.15326282259232,Directed Camera,0,0.8175,"[231, 210, 251, 220]",philly_surveillance
ZCBtCkIuOXUrnFoLWksIHA_279.jpg,ZCBtCkIuOXUrnFoLWksIHA,279,40.00838131633852,-75.09979622432307,Directed Camera,0,0.8727,"[550, 131, 562, 145]",philly_surveillance
ZGqFBJVBJlIBX59BrgMZDA_34.jpg,ZGqFBJVBJlIBX59BrgMZDA,34,39.90740447085552,-75.24257297739747,Directed Camera,0,0.5386,"[204, 236, 215, 248]",philly_surveillance
ZJWSkA41N8wUv8ZBdsAv3A_76.jpg,ZJWSkA41N8wUv8ZBdsAv3A,76,40.00707000079947,-75.15014872908164,Directed Camera,0,0.5541,"[359, 118, 373, 132]",philly_surveillance
ZLol8SzCDo2TRE3wZsdOtg_203.jpg,ZLol8SzCDo2TRE3wZsdOtg,203,40.04158732152951,-75.13115776854046,Directed Camera,0,0.6739,"[29, 236, 43, 245]",philly_surveillance
ZNLOgSsTeqVIlZyVkiN3rA_99.jpg,ZNLOgSsTeqVIlZyVkiN3rA,99,39.97905376128394,-75.18580177312066,Dome Camera,1,0.7922,"[519, 211, 529, 220]",philly_surveillance
ZORl9g84SmiuLpQutcAV8g_239.jpg,ZORl9g84SmiuLpQutcAV8g,239,39.96137677738512,-75.18232943998045,Dome Camera,1,0.4476,"[444, 158, 455, 168]",philly_surveillance
ZPN-SbQ_7hFgYoA29j9dXw_55.jpg,ZPN-SbQ_7hFgYoA29j9dXw,55,39.9853278172321,-75.13022480565195,Directed Camera,0,0.9166,"[459, 223, 482, 240]",philly_surveillance
ZcrKEdCDj7BjE_DOn0lRjg_322.jpg,ZcrKEdCDj7BjE_DOn0lRjg,322,39.90432500780027,-75.1949290147587,Dome Camera,1,0.7211,"[145, 257, 162, 262]",philly_surveillance
ZeluxbEi5VfA4e7HYwWtfQ_124.jpg,ZeluxbEi5VfA4e7HYwWtfQ,124,40.01287643050129,-75.08859033751676,Dome Camera,1,0.6082,"[422, 228, 431, 236]",philly_surveillance
ZeluxbEi5VfA4e7HYwWtfQ_124.jpg,ZeluxbEi5VfA4e7HYwWtfQ,124,40.01287643050129,-75.08859033751676,Dome Camera,1,0.4287,"[88, 251, 100, 261]",philly_surveillance
Zj8LDOgIFgkbvoNFinUfgA_245.jpg,Zj8LDOgIFgkbvoNFinUfgA,245,39.96863506990933,-75.13344307227788,Dome Camera,1,0.6853,"[325, 187, 333, 196]",philly_surveillance
ZwIsnhXBPeSw3l_SIqkoOg_2.jpg,ZwIsnhXBPeSw3l_SIqkoOg,2,40.10611441423313,-75.05166412849218,Directed Camera,0,0.9772,"[13, 256, 36, 269]",philly_surveillance
_31qpqHk46LHnDSSEFgERg_122.jpg,_31qpqHk46LHnDSSEFgERg,122,40.03094197070997,-75.11788402032188,Dome Camera,1,0.6884,"[281, 244, 286, 251]",philly_surveillance
_31qpqHk46LHnDSSEFgERg_122.jpg,_31qpqHk46LHnDSSEFgERg,122,40.03094197070997,-75.11788402032188,Dome Camera,1,0.5907,"[130, 244, 135, 250]",philly_surveillance
_Foz9kwT-S7YSCOJDCM3vg_56.jpg,_Foz9kwT-S7YSCOJDCM3vg,56,39.98734591167104,-75.09079739739488,Dome Camera,1,0.8927,"[518, 130, 531, 137]",philly_surveillance
_JJ2UrfvKUqW5C5qq5y6Ew_41.jpg,_JJ2UrfvKUqW5C5qq5y6Ew,41,40.06225752772893,-75.02262026777154,Dome Camera,1,0.8103,"[109, 183, 115, 190]",philly_surveillance
_TL-_XLt7eyTnZt_oCx_DQ_99.jpg,_TL-_XLt7eyTnZt_oCx_DQ,99,40.00596154647668,-75.09701841640342,Dome Camera,1,0.976,"[248, 188, 255, 202]",philly_surveillance
_TyfxuGLXSvSK2APYYl7Mg_279.jpg,_TyfxuGLXSvSK2APYYl7Mg,279,39.98361302058834,-75.13963435630262,Dome Camera,1,0.7792,"[531, 208, 546, 224]",philly_surveillance
_c8EkSvh5JgOljvAISFWCA_81.jpg,_c8EkSvh5JgOljvAISFWCA,81,39.9790112653703,-75.23413926281391,Dome Camera,1,0.4207,"[489, 178, 497, 190]",philly_surveillance
_cHHTPVa_6mMryUoW4kNqQ_261.jpg,_cHHTPVa_6mMryUoW4kNqQ,261,39.97458329466695,-75.23649561780171,Dome Camera,1,0.9459,"[513, 294, 526, 301]",philly_surveillance
_g4g2HIz7TS0xLqk2q7cuw_150.jpg,_g4g2HIz7TS0xLqk2q7cuw,150,40.03182170452783,-75.20716278071326,Dome Camera,1,0.6531,"[492, 122, 504, 133]",philly_surveillance
_gMO3FrL8495Qu_hvQsxig_326.jpg,_gMO3FrL8495Qu_hvQsxig,326,39.98497051905474,-75.10677946638107,Dome Camera,1,0.7081,"[99, 260, 108, 271]",philly_surveillance
_vuouFCpyucN4SB4huCQzg_285.jpg,_vuouFCpyucN4SB4huCQzg,285,39.9047289844523,-75.13992501634235,Directed Camera,0,0.9477,"[300, 231, 310, 239]",philly_surveillance
a9h7N440in6LX4NeckwvOQ_8.jpg,a9h7N440in6LX4NeckwvOQ,8,39.95028292875915,-75.17173635376938,Directed Camera,0,0.5006,"[610, 177, 618, 185]",philly_surveillance
aA4krRh-NHy_eh4zwJ5Vsg_126.jpg,aA4krRh-NHy_eh4zwJ5Vsg,126,40.06951026675815,-75.18234600391892,Dome Camera,1,0.5667,"[151, 248, 159, 256]",philly_surveillance
aDCwg14LDQ0hi7m56B8cbg_49.jpg,aDCwg14LDQ0hi7m56B8cbg,49,40.05176572621505,-75.07924325222511,Dome Camera,1,0.71,"[264, 202, 274, 213]",philly_surveillance
aUosbhXWopO_XjglZyYM8w_189.jpg,aUosbhXWopO_XjglZyYM8w,189,39.92185196216963,-75.15008397395205,Directed Camera,0,0.5505,"[104, 113, 119, 136]",philly_surveillance
aqUv545KuDAKvmf2TiodOQ_36.jpg,aqUv545KuDAKvmf2TiodOQ,36,40.00330940767616,-75.06721130800935,Dome Camera,1,0.5972,"[512, 250, 522, 259]",philly_surveillance
aqUv545KuDAKvmf2TiodOQ_36.jpg,aqUv545KuDAKvmf2TiodOQ,36,40.00330940767616,-75.06721130800935,Dome Camera,1,0.581,"[544, 236, 551, 244]",philly_surveillance
aspZn9119lg-zLqXIqfXxg_98.jpg,aspZn9119lg-zLqXIqfXxg,98,39.93072718417372,-75.19023246595617,Dome Camera,1,0.8613,"[422, 215, 430, 227]",philly_surveillance
bAHX_TlJPluTZlsBKKyaIw_99.jpg,bAHX_TlJPluTZlsBKKyaIw,99,39.95966703450053,-75.23649570682424,Directed Camera,0,0.6375,"[427, 242, 435, 251]",philly_surveillance
bCBQ_ZfdSRpZY_wYKYGnuw_48.jpg,bCBQ_ZfdSRpZY_wYKYGnuw,48,39.91607349358111,-75.23053010413655,Dome Camera,1,0.7255,"[70, 238, 81, 247]",philly_surveillance
bQsMwnnFX2bnANXw9d8xfQ_279.jpg,bQsMwnnFX2bnANXw9d8xfQ,279,39.98225188977393,-75.17215021250786,Dome Camera,1,0.8013,"[370, 250, 379, 260]",philly_surveillance
bQsMwnnFX2bnANXw9d8xfQ_279.jpg,bQsMwnnFX2bnANXw9d8xfQ,279,39.98225188977393,-75.17215021250786,Dome Camera,1,0.7545,"[420, 234, 429, 241]",philly_surveillance
bU0XAu98u_oAB0-i-170YA_188.jpg,bU0XAu98u_oAB0-i-170YA,188,39.979623396827,-75.17630209837418,Dome Camera,1,0.8549,"[467, 275, 479, 290]",philly_surveillance
bUKH7XBk2KvyxmXysJGv_A_289.jpg,bUKH7XBk2KvyxmXysJGv_A,289,39.96857204867688,-75.23663947812967,Dome Camera,1,0.901,"[96, 229, 109, 246]",philly_surveillance
byOGM69PhowyRECQE8VUIg_279.jpg,byOGM69PhowyRECQE8VUIg,279,40.02447519562243,-75.14242477745832,Directed Camera,0,0.549,"[165, 252, 170, 259]",philly_surveillance
c2b6o44OXpH_tTDN9Zj9qg_98.jpg,c2b6o44OXpH_tTDN9Zj9qg,98,39.94623035035981,-75.23999015756618,Directed Camera,0,0.6337,"[75, 265, 83, 274]",philly_surveillance
cGihqV6I8Mz1AxkhF8-j0g_354.jpg,cGihqV6I8Mz1AxkhF8-j0g,354,39.96460075905887,-75.20976885005804,Directed Camera,0,0.7047,"[19, 184, 30, 195]",philly_surveillance
c_WTYJpz38i2NSxi69-9IA_0.jpg,c_WTYJpz38i2NSxi69-9IA,0,39.95768376531446,-75.14914087972053,Dome Camera,1,0.7286,"[217, 53, 226, 67]",philly_surveillance
cjn3oo7FuhaVFEraz91nVw_310.jpg,cjn3oo7FuhaVFEraz91nVw,310,39.96316984728877,-75.13597509388447,Directed Camera,0,0.4239,"[129, 125, 145, 140]",philly_surveillance
ckh9LrbDZGxlweDkgM8CKA_354.jpg,ckh9LrbDZGxlweDkgM8CKA,354,39.88972214340053,-75.18015830213422,Dome Camera,1,0.597,"[147, 242, 154, 248]",philly_surveillance
ckh9LrbDZGxlweDkgM8CKA_354.jpg,ckh9LrbDZGxlweDkgM8CKA,354,39.88972214340053,-75.18015830213422,Dome Camera,1,0.591,"[184, 275, 195, 282]",philly_surveillance
d1j8taNcHxItyIM1ezO4jw_55.jpg,d1j8taNcHxItyIM1ezO4jw,55,39.98175034311768,-75.1279047124903,Dome Camera,1,0.8617,"[361, 262, 368, 271]",philly_surveillance
dKRimJwLeGmZV9QnorhIFQ_331.jpg,dKRimJwLeGmZV9QnorhIFQ,331,39.90375949239321,-75.19622872868798,Directed Camera,0,0.7402,"[556, 238, 562, 245]",philly_surveillance
dcY7s4KSASpNur6HR6ndKw_296.jpg,dcY7s4KSASpNur6HR6ndKw,296,40.03522493929103,-75.07088106884073,Dome Camera,1,0.5758,"[345, 253, 353, 260]",philly_surveillance
dekAnx3pUwgTsGHB30P4qg_279.jpg,dekAnx3pUwgTsGHB30P4qg,279,39.95856193758701,-75.22522656050448,Dome Camera,1,0.9841,"[272, 211, 280, 222]",philly_surveillance
e0ZaY6vTgLfmTWz9Wy852Q_99.jpg,e0ZaY6vTgLfmTWz9Wy852Q,99,39.9475308855617,-75.16473648082834,Dome Camera,1,0.4492,"[138, 192, 166, 208]",philly_surveillance
e3CnK-fIYlSTNapPGsP7ug_282.jpg,e3CnK-fIYlSTNapPGsP7ug,282,39.90640402675876,-75.223718491409,Dome Camera,1,0.4544,"[363, 220, 370, 227]",philly_surveillance
eAl-HZpoXMNdV1Mzgkfzcg_215.jpg,eAl-HZpoXMNdV1Mzgkfzcg,215,40.02782559295436,-75.16579624294842,Dome Camera,1,0.7133,"[143, 245, 151, 255]",philly_surveillance
eOER3lJSY3rFMF9U3VlfqA_55.jpg,eOER3lJSY3rFMF9U3VlfqA,55,39.99967213150477,-75.0703753332448,Dome Camera,1,0.7741,"[454, 240, 464, 252]",philly_surveillance
edTlFRAUoR7d9yt__iJo5A_99.jpg,edTlFRAUoR7d9yt__iJo5A,99,39.98749066107047,-75.1432387523366,Directed Camera,0,0.4819,"[29, 287, 38, 295]",philly_surveillance
egW0FcE8yAsQxbeHVwuofA_226.jpg,egW0FcE8yAsQxbeHVwuofA,226,39.91173368252152,-75.23101556182137,Dome Camera,1,0.9137,"[319, 140, 328, 156]",philly_surveillance
erQ1UVe68iWAaSbufurnVg_128.jpg,erQ1UVe68iWAaSbufurnVg,128,40.04217230992845,-75.18198524806692,Directed Camera,0,0.5585,"[584, 299, 594, 309]",philly_surveillance
eweJrj20kHtBtR8uq-dYEQ_145.jpg,eweJrj20kHtBtR8uq-dYEQ,145,40.02560644801704,-75.03071916364262,Dome Camera,1,0.7417,"[512, 273, 521, 283]",philly_surveillance
eweJrj20kHtBtR8uq-dYEQ_145.jpg,eweJrj20kHtBtR8uq-dYEQ,145,40.02560644801704,-75.03071916364262,Directed Camera,0,0.6542,"[476, 245, 488, 253]",philly_surveillance
f9xlhqvZU89VQXtAmaPVZg_55.jpg,f9xlhqvZU89VQXtAmaPVZg,55,39.98557586589659,-75.08923199105307,Dome Camera,1,0.6884,"[365, 172, 372, 183]",philly_surveillance
fCGipWzOow4rDlkWPvQFMg_169.jpg,fCGipWzOow4rDlkWPvQFMg,169,40.02570463526963,-75.12190103270876,Directed Camera,0,0.4085,"[60, 223, 66, 229]",philly_surveillance
fFckmpIXHtij3CU0p1OwLw_279.jpg,fFckmpIXHtij3CU0p1OwLw,279,39.97150954818305,-75.18175050251442,Dome Camera,1,0.6341,"[41, 100, 59, 119]",philly_surveillance
fIx2M08XkAwisanYynapDQ_189.jpg,fIx2M08XkAwisanYynapDQ,189,39.95303925705866,-75.20333235230615,Dome Camera,1,0.5429,"[500, 319, 508, 326]",philly_surveillance
fJlXkFDtoUSVFNJlWLpECw_176.jpg,fJlXkFDtoUSVFNJlWLpECw,176,40.1168183429637,-75.0365265303432,Dome Camera,1,0.634,"[128, 252, 140, 260]",philly_surveillance
fRWTaEI7RTM4Co4mLx2d4g_189.jpg,fRWTaEI7RTM4Co4mLx2d4g,189,39.93821486919241,-75.1695482367818,Dome Camera,1,0.5578,"[391, 252, 397, 259]",philly_surveillance
fkrfU5FerAWv6STuJQUe9Q_188.jpg,fkrfU5FerAWv6STuJQUe9Q,188,39.95118777471116,-75.15969692423222,Dome Camera,1,0.6156,"[578, 264, 586, 271]",philly_surveillance
fkrfU5FerAWv6STuJQUe9Q_188.jpg,fkrfU5FerAWv6STuJQUe9Q,188,39.95118777471116,-75.15969692423222,Dome Camera,1,0.583,"[383, 262, 390, 271]",philly_surveillance
focMbSi8IZfQ3XjJkN2m_Q_99.jpg,focMbSi8IZfQ3XjJkN2m_Q,99,39.9948113900976,-75.13671097954179,Dome Camera,1,0.941,"[187, 222, 199, 235]",philly_surveillance
fpcJ3VvdxNx_YjmajcVtPQ_99.jpg,fpcJ3VvdxNx_YjmajcVtPQ,99,39.97055340078492,-75.17632204711,Dome Camera,1,0.4364,"[493, 125, 502, 134]",philly_surveillance
fppSZ75U4RrYoVETT8NdQQ_246.jpg,fppSZ75U4RrYoVETT8NdQQ,246,39.97289229727519,-75.13348351510376,Dome Camera,1,0.602,"[139, 263, 147, 273]",philly_surveillance
g-6gn7bgi_oyPkplnaYPng_304.jpg,g-6gn7bgi_oyPkplnaYPng,304,39.89888159823656,-75.25126962649081,Directed Camera,0,0.7202,"[466, 307, 479, 316]",philly_surveillance
g1GICAuFnB40iA5KS0VS6w_9.jpg,g1GICAuFnB40iA5KS0VS6w,9,39.92170187681509,-75.1524672480147,Directed Camera,0,0.7181,"[92, 268, 103, 281]",philly_surveillance
g1GICAuFnB40iA5KS0VS6w_9.jpg,g1GICAuFnB40iA5KS0VS6w,9,39.92170187681509,-75.1524672480147,Dome Camera,1,0.607,"[579, 347, 588, 356]",philly_surveillance
g4r3Or3p9SW4HejCfRw14Q_299.jpg,g4r3Or3p9SW4HejCfRw14Q,299,39.96287548845289,-75.13601571422087,Dome Camera,1,0.6424,"[547, 213, 557, 221]",philly_surveillance
g6Iox__hXM3Chcrm5V426g_305.jpg,g6Iox__hXM3Chcrm5V426g,305,40.07945546816489,-75.1712817936561,Directed Camera,0,0.5859,"[491, 216, 498, 223]",philly_surveillance
g9-e5JDyIE3CcGWhF0zmhw_193.jpg,g9-e5JDyIE3CcGWhF0zmhw,193,39.93933171379454,-75.14816125999259,Directed Camera,0,0.9455,"[351, 196, 386, 215]",philly_surveillance
g9-e5JDyIE3CcGWhF0zmhw_193.jpg,g9-e5JDyIE3CcGWhF0zmhw,193,39.93933171379454,-75.14816125999259,Directed Camera,0,0.5496,"[341, 200, 356, 219]",philly_surveillance
gB5yJK09qYEPdoRUqvtyGA_8.jpg,gB5yJK09qYEPdoRUqvtyGA,8,39.91263503600144,-75.17895810773256,Dome Camera,1,0.4146,"[296, 118, 301, 126]",philly_surveillance
gJiog7sJyFUDE3G5VH3n7A_36.jpg,gJiog7sJyFUDE3G5VH3n7A,36,40.04729991612309,-75.08125520089827,Dome Camera,1,0.7911,"[200, 251, 207, 258]",philly_surveillance
gQoYr5z8yS6FhNRuQVgyXg_279.jpg,gQoYr5z8yS6FhNRuQVgyXg,279,39.99005674341035,-75.14064983801816,Directed Camera,0,0.5919,"[265, 204, 278, 212]",philly_surveillance
gdn-JKdja6mGIdL_KIZ13w_189.jpg,gdn-JKdja6mGIdL_KIZ13w,189,39.96025754047248,-75.23953392673971,Dome Camera,1,0.4078,"[348, 251, 358, 259]",philly_surveillance
ggdSQuDJVtws0kWAnEtGNA_99.jpg,ggdSQuDJVtws0kWAnEtGNA,99,39.97770960105444,-75.16147512247981,Directed Camera,0,0.9473,"[613, 252, 623, 259]",philly_surveillance
hBKoK-X7ggcR-Ivnqv_TUA_99.jpg,hBKoK-X7ggcR-Ivnqv_TUA,99,39.98258930050732,-75.13375868639058,Directed Camera,0,0.952,"[373, 251, 387, 261]",philly_surveillance
hFX5OP_GkPgUWbEy7g36yQ_279.jpg,hFX5OP_GkPgUWbEy7g36yQ,279,40.00020965678874,-75.13547437611571,Dome Camera,1,0.9454,"[281, 63, 294, 84]",philly_surveillance
hFX5OP_GkPgUWbEy7g36yQ_279.jpg,hFX5OP_GkPgUWbEy7g36yQ,279,40.00020965678874,-75.13547437611571,Directed Camera,0,0.8284,"[466, 220, 481, 236]",philly_surveillance
hFX5OP_GkPgUWbEy7g36yQ_279.jpg,hFX5OP_GkPgUWbEy7g36yQ,279,40.00020965678874,-75.13547437611571,Dome Camera,1,0.7188,"[36, 74, 48, 86]",philly_surveillance
hMHxLR-WVq9w59DgylrDuQ_145.jpg,hMHxLR-WVq9w59DgylrDuQ,145,40.0342384217657,-75.04567717831597,Dome Camera,1,0.5028,"[316, 237, 324, 245]",philly_surveillance
hWt7NT18-DiPyVmoHEc3eg_319.jpg,hWt7NT18-DiPyVmoHEc3eg,319,39.94343500502256,-75.18848647360628,Dome Camera,1,0.6052,"[619, 151, 627, 159]",philly_surveillance
ha5xIEGa0JdrKFLva7youA_59.jpg,ha5xIEGa0JdrKFLva7youA,59,40.01231737298788,-75.15664263365174,Dome Camera,1,0.9789,"[240, 264, 249, 275]",philly_surveillance
hnM7WpAaCwfSLwHxtle89A_99.jpg,hnM7WpAaCwfSLwHxtle89A,99,39.93661497378957,-75.19541627517945,Directed Camera,0,0.5602,"[435, 215, 446, 226]",philly_surveillance
i69SNSKHK-9-8EjOaZu_iw_99.jpg,i69SNSKHK-9-8EjOaZu_iw,99,39.97155154151028,-75.16277921080663,Dome Camera,1,0.6686,"[60, 268, 67, 275]",philly_surveillance
iFHgl3w3iMhMwsx6aSs-mw_218.jpg,iFHgl3w3iMhMwsx6aSs-mw,218,40.02678276529366,-75.17432903118184,Dome Camera,1,0.4554,"[37, 249, 46, 256]",philly_surveillance
iHvVZPyluRk8ECQKR_w9GQ_99.jpg,iHvVZPyluRk8ECQKR_w9GQ,99,39.92497913271526,-75.17833569863228,Directed Camera,0,0.6021,"[6, 230, 16, 242]",philly_surveillance
iKHWLRrq3YJANrqnJa5a7A_286.jpg,iKHWLRrq3YJANrqnJa5a7A,286,39.98694790210585,-75.20778872569761,Directed Camera,0,0.5536,"[600, 106, 611, 116]",philly_surveillance
iPmYKRu96Wvramxcz7j-xQ_9.jpg,iPmYKRu96Wvramxcz7j-xQ,9,39.94877426131976,-75.15396620621509,Dome Camera,1,0.5253,"[25, 181, 36, 194]",philly_surveillance
iVEtHrebukeuuGolc4DPhA_96.jpg,iVEtHrebukeuuGolc4DPhA,96,39.91431169516246,-75.13728224393738,Dome Camera,1,0.9882,"[287, 195, 294, 204]",philly_surveillance
iXSRsJ5D4nMdFDvg5mlCVg_35.jpg,iXSRsJ5D4nMdFDvg5mlCVg,35,40.04462376260738,-75.0628220815553,Directed Camera,0,0.4342,"[343, 254, 354, 266]",philly_surveillance
iwXId9WKGhRjlbQjyrCRXg_190.jpg,iwXId9WKGhRjlbQjyrCRXg,190,40.00610802056118,-75.15119611956213,Directed Camera,0,0.8666,"[239, 229, 253, 238]",philly_surveillance
iwo8PD7ZQTLG6i5p8JRKsg_188.jpg,iwo8PD7ZQTLG6i5p8JRKsg,188,39.94483852419218,-75.17503356729942,Dome Camera,1,0.7944,"[106, 239, 115, 251]",philly_surveillance
ixd1zKHZrNv2eKuG0I5N1Q_356.jpg,ixd1zKHZrNv2eKuG0I5N1Q,356,39.88863251729371,-75.1775838885513,Directed Camera,0,0.6439,"[471, 223, 479, 232]",philly_surveillance
izhO_85GVkAK78ur0EaBoA_279.jpg,izhO_85GVkAK78ur0EaBoA,279,39.96447000856575,-75.16593909965344,Directed Camera,0,0.7803,"[468, 175, 483, 186]",philly_surveillance
j6OOi-53AImziwqyNETHFw_279.jpg,j6OOi-53AImziwqyNETHFw,279,39.94839562991605,-75.15742135334594,Dome Camera,1,0.7944,"[555, 214, 566, 225]",philly_surveillance
j84Lmk8-zQ6tjtD109q3zA_10.jpg,j84Lmk8-zQ6tjtD109q3zA,10,39.9308531646942,-75.1711779499972,Directed Camera,0,0.8632,"[87, 203, 104, 225]",philly_surveillance
j84Lmk8-zQ6tjtD109q3zA_10.jpg,j84Lmk8-zQ6tjtD109q3zA,10,39.9308531646942,-75.1711779499972,Directed Camera,0,0.8408,"[96, 142, 116, 163]",philly_surveillance
jPSsJKQ5pJrVHr6IGHA7Pg_339.jpg,jPSsJKQ5pJrVHr6IGHA7Pg,339,40.02009594960438,-75.16113373491498,Dome Camera,1,0.67,"[362, 207, 368, 216]",philly_surveillance
jXN94ccxmxwxZ9WeXFFD_A_245.jpg,jXN94ccxmxwxZ9WeXFFD_A,245,39.90528748255762,-75.22689985107179,Directed Camera,0,0.4199,"[622, 167, 631, 178]",philly_surveillance
jrPH2Ff9h1kkvE40gMzyAw_139.jpg,jrPH2Ff9h1kkvE40gMzyAw,139,39.95903947007209,-75.17286072535173,Directed Camera,0,0.64,"[73, 147, 82, 154]",philly_surveillance
jxGNYqnzVM0A0UAnx_kklg_99.jpg,jxGNYqnzVM0A0UAnx_kklg,99,39.99173401875417,-75.16380059956992,Directed Camera,0,0.469,"[613, 398, 632, 417]",philly_surveillance
k2nAn6W7yj30KigsbF6ZgA_9.jpg,k2nAn6W7yj30KigsbF6ZgA,9,39.9454673618179,-75.16930812896172,Directed Camera,0,0.8516,"[33, 364, 48, 378]",philly_surveillance
kOiW4ukOOeG57JIXV5j1YQ_279.jpg,kOiW4ukOOeG57JIXV5j1YQ,279,40.01258755245836,-75.10315125178305,Dome Camera,1,0.8881,"[400, 197, 409, 209]",philly_surveillance
kOiW4ukOOeG57JIXV5j1YQ_279.jpg,kOiW4ukOOeG57JIXV5j1YQ,279,40.01258755245836,-75.10315125178305,Directed Camera,0,0.6481,"[598, 294, 609, 303]",philly_surveillance
kXB9SIFAwNyvv7ksbAY_ng_189.jpg,kXB9SIFAwNyvv7ksbAY_ng,189,39.95422610159991,-75.16994143926217,Dome Camera,1,0.7165,"[44, 239, 50, 245]",philly_surveillance
kb4d1b9lBMEw_15zPsVcjw_99.jpg,kb4d1b9lBMEw_15zPsVcjw,99,39.94823881348876,-75.23552651561114,Dome Camera,1,0.5008,"[326, 221, 332, 229]",philly_surveillance
keokAADPBFu6U5Hz6-APTw_9.jpg,keokAADPBFu6U5Hz6-APTw,9,39.91524141594036,-75.14842669674552,Directed Camera,0,0.7158,"[232, 229, 236, 236]",philly_surveillance
kfe2nv_FjduEVo6ogoH13w_55.jpg,kfe2nv_FjduEVo6ogoH13w,55,39.98948521847316,-75.11076744860985,Dome Camera,1,0.6087,"[534, 260, 546, 270]",philly_surveillance
khZrxlZ5tnldxlO0-Sgj4w_11.jpg,khZrxlZ5tnldxlO0-Sgj4w,11,39.92474628359169,-75.17257636029413,Directed Camera,0,0.515,"[454, 254, 462, 259]",philly_surveillance
l0qYv3Z80FlFdDkwuZgIGQ_279.jpg,l0qYv3Z80FlFdDkwuZgIGQ,279,39.98703666986011,-75.17272918542517,Dome Camera,1,0.9671,"[35, 183, 45, 194]",philly_surveillance
l5G08SIQnPXVFvVOA6Z67g_279.jpg,l5G08SIQnPXVFvVOA6Z67g,279,39.92338675702983,-75.16451987842922,Dome Camera,1,0.6751,"[540, 254, 548, 262]",philly_surveillance
l6N60qgl_jiADNCHzpm70Q_171.jpg,l6N60qgl_jiADNCHzpm70Q,171,39.97424360226189,-75.20317804334624,Dome Camera,1,0.5813,"[177, 272, 185, 281]",philly_surveillance
lBwu9PVGsRehdk6Hr1q_XA_125.jpg,lBwu9PVGsRehdk6Hr1q_XA,125,40.04687962445572,-75.08974096365893,Directed Camera,0,0.4015,"[519, 250, 530, 257]",philly_surveillance
lUwPkyAMSFAS2g9U7gUC3w_267.jpg,lUwPkyAMSFAS2g9U7gUC3w,267,39.94847027501731,-75.20708522746855,Directed Camera,0,0.6062,"[616, 284, 627, 290]",philly_surveillance
ld7Dts6cMsuiX0FO-rhDng_306.jpg,ld7Dts6cMsuiX0FO-rhDng,306,39.93211859009325,-75.18177828728709,Dome Camera,1,0.9838,"[445, 189, 456, 199]",philly_surveillance
ldmPFCsimaDvbbkuJJ6ciA_155.jpg,ldmPFCsimaDvbbkuJJ6ciA,155,39.97486193017855,-75.12585674140331,Directed Camera,0,0.8678,"[461, 305, 479, 314]",philly_surveillance
lncWqgUKY5gf7waWcyq42A_37.jpg,lncWqgUKY5gf7waWcyq42A,37,40.05519473843948,-75.19282946774999,Dome Camera,1,0.9242,"[134, 283, 141, 291]",philly_surveillance
m6utKiVb4UWMDDtn6Pi5Hg_189.jpg,m6utKiVb4UWMDDtn6Pi5Hg,189,39.9443574412021,-75.16276968090115,Directed Camera,0,0.6198,"[445, 224, 458, 232]",philly_surveillance
mXMZyTWMfMeWiGIETvSFMg_99.jpg,mXMZyTWMfMeWiGIETvSFMg,99,39.97709326557347,-75.16803588981807,Dome Camera,1,0.8277,"[480, 207, 492, 221]",philly_surveillance
m_zdE5g0OTy9A-nSTfVkzA_199.jpg,m_zdE5g0OTy9A-nSTfVkzA,199,39.9352720236794,-75.15884348880901,Dome Camera,1,0.5278,"[304, 203, 316, 218]",philly_surveillance
mdPxqOpN-ngkIlrHzJoJbA_99.jpg,mdPxqOpN-ngkIlrHzJoJbA,99,39.97741675408782,-75.15108576043777,Dome Camera,1,0.5841,"[172, 243, 196, 254]",philly_surveillance
me79VHqYBDwd_oYMFwaE1w_15.jpg,me79VHqYBDwd_oYMFwaE1w,15,39.95914898993583,-75.13855099044241,Directed Camera,0,0.9689,"[586, 143, 600, 158]",philly_surveillance
mhzw2J-NyydZaVn-_UUOog_189.jpg,mhzw2J-NyydZaVn-_UUOog,189,39.91260707165152,-75.13863944511205,Dome Camera,1,0.6435,"[351, 189, 361, 202]",philly_surveillance
mhzw2J-NyydZaVn-_UUOog_189.jpg,mhzw2J-NyydZaVn-_UUOog,189,39.91260707165152,-75.13863944511205,Dome Camera,1,0.5207,"[330, 264, 337, 272]",philly_surveillance
mkdF_NlqAIMf5fr3a0ye5w_9.jpg,mkdF_NlqAIMf5fr3a0ye5w,9,40.05331647871017,-75.12675071090605,Dome Camera,1,0.6132,"[539, 283, 546, 293]",philly_surveillance
n1vGxkxOWlNVvEQuu6_Sww_247.jpg,n1vGxkxOWlNVvEQuu6_Sww,247,40.09990103788045,-75.01711915036233,Dome Camera,1,0.9598,"[492, 266, 501, 279]",philly_surveillance
nLVQu5uXp4_9_OLLFvco-w_279.jpg,nLVQu5uXp4_9_OLLFvco-w,279,40.02502956250041,-75.1330102264949,Dome Camera,1,0.5811,"[175, 307, 187, 321]",philly_surveillance
nM8fdCZBwCYcpFD5ZqfwyA_120.jpg,nM8fdCZBwCYcpFD5ZqfwyA,120,40.04406856879189,-75.00241443809051,Directed Camera,0,0.4944,"[541, 76, 551, 92]",philly_surveillance
nXFbzbZLSatEOcuTBNf8Cw_282.jpg,nXFbzbZLSatEOcuTBNf8Cw,282,39.9056979124699,-75.22391898647183,Dome Camera,1,0.6603,"[395, 241, 403, 249]",philly_surveillance
nXFbzbZLSatEOcuTBNf8Cw_282.jpg,nXFbzbZLSatEOcuTBNf8Cw,282,39.9056979124699,-75.22391898647183,Directed Camera,0,0.5113,"[458, 66, 469, 76]",philly_surveillance
naHxaagBRS58bJ9dW2teVw_2.jpg,naHxaagBRS58bJ9dW2teVw,2,40.02492187309833,-75.11356497235737,Directed Camera,0,0.9631,"[70, 192, 87, 209]",philly_surveillance
ngtdQvTT2onx09M5Vk1pBw_280.jpg,ngtdQvTT2onx09M5Vk1pBw,280,39.94610793464013,-75.16490400904158,Directed Camera,0,0.6955,"[501, 279, 514, 289]",philly_surveillance
nj8Jxuy-Q9SUr5hzR_qzPA_343.jpg,nj8Jxuy-Q9SUr5hzR_qzPA,343,40.00092560756361,-75.20892414609429,Directed Camera,0,0.7158,"[303, 276, 308, 282]",philly_surveillance
noui-6L4PkObRUMg0zw_SQ_238.jpg,noui-6L4PkObRUMg0zw_SQ,238,39.99843978326487,-75.2283691625168,Dome Camera,1,0.532,"[362, 231, 372, 238]",philly_surveillance
nqJD7fiIt63Z5Ww-1xsLzg_9.jpg,nqJD7fiIt63Z5Ww-1xsLzg,9,39.94318176062593,-75.14592783249718,Dome Camera,1,0.7286,"[133, 281, 145, 295]",philly_surveillance
nx83_GjONitcaCCFBvQfig_246.jpg,nx83_GjONitcaCCFBvQfig,246,39.98766716654998,-75.17403923623893,Dome Camera,1,0.903,"[351, 204, 359, 213]",philly_surveillance
o-hgoBQYseEux_vFxsvC5Q_189.jpg,o-hgoBQYseEux_vFxsvC5Q,189,39.90263364243025,-75.15234424177892,Dome Camera,1,0.6237,"[475, 97, 482, 106]",philly_surveillance
o9oiLHFIdz-WScrbnvszzA_99.jpg,o9oiLHFIdz-WScrbnvszzA,99,39.97541836698293,-75.17688622124479,Dome Camera,1,0.8161,"[565, 237, 577, 247]",philly_surveillance
oACE8313keyZXyWhF_N4Tg_279.jpg,oACE8313keyZXyWhF_N4Tg,279,40.01062740467133,-75.10001175723286,Directed Camera,0,0.4185,"[316, 204, 326, 212]",philly_surveillance
oDLKqZN3vuFfRHHTnUUmKg_228.jpg,oDLKqZN3vuFfRHHTnUUmKg,228,39.91644956979435,-75.23097523319191,Dome Camera,1,0.844,"[363, 140, 375, 159]",philly_surveillance
oGUN1ltfWgYCNzMLhErB3g_43.jpg,oGUN1ltfWgYCNzMLhErB3g,43,40.03571697341969,-75.17027078454545,Directed Camera,0,0.7393,"[525, 194, 541, 213]",philly_surveillance
okcMPw1G1l1NVkdQh31tWw_189.jpg,okcMPw1G1l1NVkdQh31tWw,189,39.91620668350641,-75.16611197034281,Dome Camera,1,0.7823,"[417, 173, 426, 184]",philly_surveillance
osSaBYa_mwbh9qWbtpC5tw_325.jpg,osSaBYa_mwbh9qWbtpC5tw,325,39.98760535450851,-75.09596861760126,Dome Camera,1,0.9022,"[41, 461, 63, 479]",philly_surveillance
ouJZXJ5qAX0lT1N83EUm9g_26.jpg,ouJZXJ5qAX0lT1N83EUm9g,26,40.01220966548927,-75.08706901751327,Directed Camera,0,0.5568,"[32, 262, 47, 270]",philly_surveillance
p5GXIEzs1RA8w7pSVzeiyg_318.jpg,p5GXIEzs1RA8w7pSVzeiyg,318,40.01181820566068,-75.18041379977808,Dome Camera,1,0.7472,"[459, 174, 469, 187]",philly_surveillance
pFqHAAIVCZJwDkFunbVbcw_279.jpg,pFqHAAIVCZJwDkFunbVbcw,279,39.98661483563718,-75.16788599915118,Dome Camera,1,0.7857,"[552, 221, 561, 230]",philly_surveillance
pKaMjsTHoo5jD9B8uPqtQQ_189.jpg,pKaMjsTHoo5jD9B8uPqtQQ,189,39.97423956456507,-75.18088988455177,Dome Camera,1,0.6858,"[453, 260, 460, 269]",philly_surveillance
pKaMjsTHoo5jD9B8uPqtQQ_189.jpg,pKaMjsTHoo5jD9B8uPqtQQ,189,39.97423956456507,-75.18088988455177,Dome Camera,1,0.4301,"[308, 259, 314, 269]",philly_surveillance
pMIvDfFjaayYlY1hKU0GIw_9.jpg,pMIvDfFjaayYlY1hKU0GIw,9,39.9965495613111,-75.17490585867412,Dome Camera,1,0.6976,"[60, 268, 78, 280]",philly_surveillance
pPKVpA53V2pnCeSXoXBylA_188.jpg,pPKVpA53V2pnCeSXoXBylA,188,39.95240769163269,-75.16908066743139,Dome Camera,1,0.8731,"[268, 133, 281, 149]",philly_surveillance
pXaTy5MLjikG8x5-uQBEwA_98.jpg,pXaTy5MLjikG8x5-uQBEwA,98,39.95392566351876,-75.15133159663806,Dome Camera,1,0.6008,"[488, 201, 500, 211]",philly_surveillance
p_FSh2k3Z8CdlBIZufjypw_279.jpg,p_FSh2k3Z8CdlBIZufjypw,279,40.00390914065405,-75.13281291113726,Directed Camera,0,0.9027,"[188, 97, 201, 109]",philly_surveillance
pm-e76lu6Ce9oYm2aJDtwA_145.jpg,pm-e76lu6Ce9oYm2aJDtwA,145,39.98538453392277,-75.12207056638388,Directed Camera,0,0.9599,"[478, 192, 489, 202]",philly_surveillance
puhkWS-Ovkls-L2uKUDt9Q_215.jpg,puhkWS-Ovkls-L2uKUDt9Q,215,40.03023681391407,-75.0574826781119,Directed Camera,0,0.6403,"[556, 135, 574, 149]",philly_surveillance
q8EoJ_g1xmMXjd19LvBdbA_324.jpg,q8EoJ_g1xmMXjd19LvBdbA,324,40.03120342457417,-75.02186219270912,Directed Camera,0,0.5973,"[553, 209, 561, 219]",philly_surveillance
qGN4TMx5UGH8Ef-GtqlbPg_124.jpg,qGN4TMx5UGH8Ef-GtqlbPg,124,39.90394012098513,-75.25047677635834,Directed Camera,0,0.406,"[512, 291, 523, 300]",philly_surveillance
qGjM4_qbaJMfBbyxi3kAvQ_56.jpg,qGjM4_qbaJMfBbyxi3kAvQ,56,40.03504548874775,-75.0340746636854,Dome Camera,1,0.5985,"[166, 268, 172, 275]",philly_surveillance
qYGsLBJcAZVk1qXN_Pj2qA_67.jpg,qYGsLBJcAZVk1qXN_Pj2qA,67,40.05538833497038,-75.18726550517513,Directed Camera,0,0.975,"[616, 308, 627, 316]",philly_surveillance
qYGsLBJcAZVk1qXN_Pj2qA_67.jpg,qYGsLBJcAZVk1qXN_Pj2qA,67,40.05538833497038,-75.18726550517513,Dome Camera,1,0.7029,"[314, 286, 324, 300]",philly_surveillance
qYRwSsYqfk19Jx39P-I_Ag_9.jpg,qYRwSsYqfk19Jx39P-I_Ag,9,39.9959013033365,-75.1182811825771,Dome Camera,1,0.9653,"[41, 26, 71, 51]",philly_surveillance
qYRwSsYqfk19Jx39P-I_Ag_9.jpg,qYRwSsYqfk19Jx39P-I_Ag,9,39.9959013033365,-75.1182811825771,Dome Camera,1,0.7159,"[301, 337, 308, 352]",philly_surveillance
qZKVVssxiO9muYn8qq0PuA_189.jpg,qZKVVssxiO9muYn8qq0PuA,189,40.01102606885317,-75.14040826085547,Dome Camera,1,0.539,"[201, 103, 216, 135]",philly_surveillance
qjAuLFYACQknjlQFxFu7Sw_99.jpg,qjAuLFYACQknjlQFxFu7Sw,99,39.95949523888087,-75.2229571954148,Dome Camera,1,0.7167,"[87, 313, 97, 321]",philly_surveillance
qm-2nDjROcTVwBkmTZfOuQ_0.jpg,qm-2nDjROcTVwBkmTZfOuQ,0,39.96736099994722,-75.17600464817258,Dome Camera,1,0.5462,"[388, 267, 395, 277]",philly_surveillance
qq_FQ3GMjQDyVcQZyGCu7A_99.jpg,qq_FQ3GMjQDyVcQZyGCu7A,99,39.95210821281973,-75.1734792376105,Dome Camera,1,0.416,"[438, 276, 445, 282]",philly_surveillance
qwFIjnjuTUtroB0p_7FYPA_27.jpg,qwFIjnjuTUtroB0p_7FYPA,27,40.10728203787893,-75.03924451355982,Dome Camera,1,0.6939,"[424, 189, 432, 197]",philly_surveillance
qwmHC44eUgV2KIbHOqEtig_308.jpg,qwmHC44eUgV2KIbHOqEtig,308,40.07263334563662,-75.05531820417808,Directed Camera,0,0.4069,"[454, 205, 469, 219]",philly_surveillance
r2M2PSpGDUh02YoS37QSGg_306.jpg,r2M2PSpGDUh02YoS37QSGg,306,40.12331424780045,-75.00572809237626,Dome Camera,1,0.6538,"[90, 181, 101, 191]",philly_surveillance
r7NsIhFZbmvtP-wqhJaysQ_348.jpg,r7NsIhFZbmvtP-wqhJaysQ,348,40.02756679424075,-75.11711347994083,Dome Camera,1,0.5374,"[390, 248, 402, 258]",philly_surveillance
rP8_QH2fELiSS6zqRuPP6w_47.jpg,rP8_QH2fELiSS6zqRuPP6w,47,39.96509391153,-75.17728563927464,Dome Camera,1,0.4049,"[391, 253, 398, 262]",philly_surveillance
rQpdAO9Y8t8Y1uT2hg4Xcw_48.jpg,rQpdAO9Y8t8Y1uT2hg4Xcw,48,39.96806800794887,-75.16204300163895,Dome Camera,1,0.7675,"[241, 138, 247, 148]",philly_surveillance
r_q1viW7qkf4gM12oWvYRQ_112.jpg,r_q1viW7qkf4gM12oWvYRQ,112,40.03527551755617,-75.10833231543002,Dome Camera,1,0.9222,"[594, 148, 612, 167]",philly_surveillance
rd-oDw5KXHxUoNI-5kfU8A_47.jpg,rd-oDw5KXHxUoNI-5kfU8A,47,39.91395988811984,-75.24146237191702,Dome Camera,1,0.9092,"[116, 276, 122, 284]",philly_surveillance
rgd-dazArcrEtf7hSs4B2w_9.jpg,rgd-dazArcrEtf7hSs4B2w,9,39.93817116192835,-75.15849710777952,Directed Camera,0,0.7014,"[61, 293, 86, 314]",philly_surveillance
rn86pnUwdcm3fXb4IGKV4w_279.jpg,rn86pnUwdcm3fXb4IGKV4w,279,39.92393244683093,-75.16009879077954,Directed Camera,0,0.5034,"[212, 174, 226, 184]",philly_surveillance
rrGBGf_xds-hGJXTo9Po3w_100.jpg,rrGBGf_xds-hGJXTo9Po3w,100,39.97426582343629,-75.16056977136523,Dome Camera,1,0.8018,"[547, 165, 560, 176]",philly_surveillance
sG2dxZSC8e6vxOtKV8NCzQ_328.jpg,sG2dxZSC8e6vxOtKV8NCzQ,328,39.99137383231735,-75.16707054866707,Dome Camera,1,0.9842,"[400, 232, 408, 244]",philly_surveillance
sG2dxZSC8e6vxOtKV8NCzQ_328.jpg,sG2dxZSC8e6vxOtKV8NCzQ,328,39.99137383231735,-75.16707054866707,Directed Camera,0,0.7782,"[613, 168, 625, 178]",philly_surveillance
sM7Y-jsIlQsp0pklajHE-Q_97.jpg,sM7Y-jsIlQsp0pklajHE-Q,97,39.93383441001223,-75.15736158899497,Directed Camera,0,0.8728,"[323, 236, 334, 247]",philly_surveillance
sQLJcz22oPgvzuFg5yOMiA_227.jpg,sQLJcz22oPgvzuFg5yOMiA,227,39.93654390012914,-75.21918725193778,Dome Camera,1,0.8518,"[414, 311, 424, 320]",philly_surveillance
sQQseBfNleQ39vY3ZFImBQ_139.jpg,sQQseBfNleQ39vY3ZFImBQ,139,40.01083613392416,-75.08122329935053,Dome Camera,1,0.7502,"[251, 259, 258, 266]",philly_surveillance
sgewCvZuFmaWDXAICLSEiQ_99.jpg,sgewCvZuFmaWDXAICLSEiQ,99,39.92768536025526,-75.16971255367991,Directed Camera,0,0.4529,"[100, 180, 118, 195]",philly_surveillance
t5jtJ9cHOL-Qs8V3o1pAww_126.jpg,t5jtJ9cHOL-Qs8V3o1pAww,126,40.04860577564807,-75.10606874486487,Dome Camera,1,0.795,"[145, 178, 156, 190]",philly_surveillance
tAjmGwNQr-s8scPLL9343A_99.jpg,tAjmGwNQr-s8scPLL9343A,99,40.00579936565542,-75.10927404962447,Dome Camera,1,0.4562,"[480, 264, 487, 269]",philly_surveillance
tLw72c4nEVDnz03U3gbbJQ_125.jpg,tLw72c4nEVDnz03U3gbbJQ,125,40.05290014010473,-75.05308507377244,Directed Camera,0,0.4628,"[559, 183, 573, 195]",philly_surveillance
tM6xO6nizPRpB8OrmWTC5A_189.jpg,tM6xO6nizPRpB8OrmWTC5A,189,39.92408549842636,-75.18719640187072,Dome Camera,1,0.9654,"[202, 79, 215, 94]",philly_surveillance
tTpq_eoFhlLQZD_UZ-qWiA_329.jpg,tTpq_eoFhlLQZD_UZ-qWiA,329,39.90091242731063,-75.20453307203793,Dome Camera,1,0.866,"[541, 182, 553, 189]",philly_surveillance
ta-yk8_hwJNkJpu1jJ9hyQ_301.jpg,ta-yk8_hwJNkJpu1jJ9hyQ,301,40.01186300046862,-75.06971212653082,Directed Camera,0,0.5214,"[159, 194, 168, 203]",philly_surveillance
tbwjWuPn2uD0-j-LTmStuw_137.jpg,tbwjWuPn2uD0-j-LTmStuw,137,39.94034224190715,-75.21612183530117,Dome Camera,1,0.5924,"[315, 272, 325, 285]",philly_surveillance
tmM9Qbrjswbzcm5wPitJ5A_99.jpg,tmM9Qbrjswbzcm5wPitJ5A,99,39.97157246971883,-75.16116000922558,Dome Camera,1,0.9523,"[335, 221, 343, 235]",philly_surveillance
tmM9Qbrjswbzcm5wPitJ5A_99.jpg,tmM9Qbrjswbzcm5wPitJ5A,99,39.97157246971883,-75.16116000922558,Dome Camera,1,0.9032,"[590, 143, 603, 161]",philly_surveillance
tu29m3RE3um7XL-8ZaTfpQ_99.jpg,tu29m3RE3um7XL-8ZaTfpQ,99,39.98635505096683,-75.1572048299337,Dome Camera,1,0.7489,"[446, 244, 457, 255]",philly_surveillance
tuhJ_kTMNK2b89wAcqzEqg_278.jpg,tuhJ_kTMNK2b89wAcqzEqg,278,39.99182284309104,-75.17003477461003,Dome Camera,1,0.7976,"[611, 87, 623, 97]",philly_surveillance
uDkpKxUNpYi9ZKP1r_OuJQ_306.jpg,uDkpKxUNpYi9ZKP1r_OuJQ,306,40.03268301724992,-75.0548060022562,Directed Camera,0,0.7398,"[522, 67, 542, 80]",philly_surveillance
uHoWPNf3JrdHZ1m1vGSIyA_193.jpg,uHoWPNf3JrdHZ1m1vGSIyA,193,39.96572936725034,-75.13765459354481,Directed Camera,0,0.5171,"[231, 54, 248, 81]",philly_surveillance
u_r7nlimy_6w9iwdypOXvQ_279.jpg,u_r7nlimy_6w9iwdypOXvQ,279,40.00958930426825,-75.14304554725513,Directed Camera,0,0.8114,"[206, 179, 217, 192]",philly_surveillance
uacORFsJqec3fjGjdeNWKw_189.jpg,uacORFsJqec3fjGjdeNWKw,189,39.94960259176833,-75.15376588872249,Directed Camera,0,0.9342,"[542, 223, 573, 241]",philly_surveillance
uvNnMeWeADlgWrTHubGw1g_137.jpg,uvNnMeWeADlgWrTHubGw1g,137,39.93688852021638,-75.22103582125888,Dome Camera,1,0.8549,"[294, 186, 310, 196]",philly_surveillance
v3Z25mgKq6ecoZdJQbwBjA_9.jpg,v3Z25mgKq6ecoZdJQbwBjA,9,39.94428784419161,-75.15048764648492,Directed Camera,0,0.7258,"[570, 265, 578, 275]",philly_surveillance
v3hl0MbcDXPtKnfHGKmBRA_38.jpg,v3hl0MbcDXPtKnfHGKmBRA,38,40.0154148241363,-75.0924579516127,Dome Camera,1,0.8924,"[356, 196, 364, 205]",philly_surveillance
v3hl0MbcDXPtKnfHGKmBRA_38.jpg,v3hl0MbcDXPtKnfHGKmBRA,38,40.0154148241363,-75.0924579516127,Directed Camera,0,0.6935,"[216, 201, 224, 210]",philly_surveillance
v9fs9HpqzzmPkpXgxL5OsQ_227.jpg,v9fs9HpqzzmPkpXgxL5OsQ,227,39.9150583656528,-75.23584851174596,Directed Camera,0,0.9093,"[600, 247, 612, 255]",philly_surveillance
vBTLZIfgdayneBJY4tzbTA_235.jpg,vBTLZIfgdayneBJY4tzbTA,235,39.98069329989967,-75.11664299321323,Dome Camera,1,0.5686,"[192, 211, 200, 219]",philly_surveillance
vTisaq4wlQHFxRldobMHJg_191.jpg,vTisaq4wlQHFxRldobMHJg,191,39.9349699948794,-75.16290381204116,Dome Camera,1,0.9385,"[362, 223, 371, 238]",philly_surveillance
vZgbh_0XWG_LMBuzZ2urOQ_330.jpg,vZgbh_0XWG_LMBuzZ2urOQ,330,40.04486231204802,-75.22717379003731,Dome Camera,1,0.7567,"[464, 251, 472, 258]",philly_surveillance
vo6Y6TU1XmyxKDO404fFbg_180.jpg,vo6Y6TU1XmyxKDO404fFbg,180,40.03293199546718,-75.15780523410503,Directed Camera,0,0.842,"[382, 238, 404, 262]",philly_surveillance
vrRZRuZ_2ZiabqdLwfAMXg_144.jpg,vrRZRuZ_2ZiabqdLwfAMXg,144,40.03534327727243,-75.02755578024332,Dome Camera,1,0.733,"[387, 243, 394, 255]",philly_surveillance
vtdHkYBHQPQ7PV_XLpvidQ_189.jpg,vtdHkYBHQPQ7PV_XLpvidQ,189,39.94245222680116,-75.15937548369462,Directed Camera,0,0.7695,"[153, 226, 168, 236]",philly_surveillance
vzwk-fjqfkf6cCIK7lXiqg_125.jpg,vzwk-fjqfkf6cCIK7lXiqg,125,40.01969354585091,-75.07690913534809,Directed Camera,0,0.7145,"[204, 268, 213, 278]",philly_surveillance
w-yXGI0q_dH6EqaYQogvUg_17.jpg,w-yXGI0q_dH6EqaYQogvUg,17,39.96281646798178,-75.14502862715575,Dome Camera,1,0.4231,"[63, 210, 74, 218]",philly_surveillance
w5z3sybSOQDT7XwdkTwbnA_99.jpg,w5z3sybSOQDT7XwdkTwbnA,99,39.97528491095382,-75.13956843884245,Directed Camera,0,0.4823,"[115, 256, 121, 263]",philly_surveillance
wMfqXgcTiITrztwDwd0uNQ_343.jpg,wMfqXgcTiITrztwDwd0uNQ,343,40.03241869381753,-75.0832228367945,Directed Camera,0,0.8596,"[142, 134, 163, 158]",philly_surveillance
wp2a1jbfd53UG42RQd3YcA_221.jpg,wp2a1jbfd53UG42RQd3YcA,221,39.94870522583478,-75.18941722076687,Directed Camera,0,0.6486,"[372, 254, 378, 264]",philly_surveillance
wzTwX7NfrCR1vhRFsRlLZA_99.jpg,wzTwX7NfrCR1vhRFsRlLZA,99,40.03605547879707,-75.14151985123021,Directed Camera,0,0.4219,"[499, 183, 510, 192]",philly_surveillance
xE24m1_G0X7nh0GEKrNGHQ_251.jpg,xE24m1_G0X7nh0GEKrNGHQ,251,40.01312638917572,-75.15134771849141,Directed Camera,0,0.7136,"[177, 246, 187, 258]",philly_surveillance
xF_8u3GViv1CtEuLHG-08w_99.jpg,xF_8u3GViv1CtEuLHG-08w,99,39.99908644858964,-75.12915714299209,Dome Camera,1,0.9843,"[320, 288, 328, 299]",philly_surveillance
xXraJuEoRvk8KWNjAR01PA_189.jpg,xXraJuEoRvk8KWNjAR01PA,189,39.94449461603017,-75.1696047012529,Directed Camera,0,0.4752,"[456, 217, 470, 235]",philly_surveillance
xdWlvAvUZ3IS3U0GvMOC3w_279.jpg,xdWlvAvUZ3IS3U0GvMOC3w,279,39.9219879533058,-75.17411938855082,Directed Camera,0,0.7848,"[349, 268, 359, 277]",philly_surveillance
xgwrliaHRz6nEYVn-HDjYQ_279.jpg,xgwrliaHRz6nEYVn-HDjYQ,279,39.94947885568234,-75.22910336790079,Dome Camera,1,0.8669,"[438, 139, 446, 149]",philly_surveillance
xgwrliaHRz6nEYVn-HDjYQ_279.jpg,xgwrliaHRz6nEYVn-HDjYQ,279,39.94947885568234,-75.22910336790079,Dome Camera,1,0.5173,"[50, 141, 56, 148]",philly_surveillance
xkI2-VKU69E1p8mrZLk2LQ_148.jpg,xkI2-VKU69E1p8mrZLk2LQ,148,39.97469050912053,-75.2706098354787,Dome Camera,1,0.406,"[539, 281, 553, 290]",philly_surveillance
xlyFpW8OoJH_Ekxm4KXlMg_35.jpg,xlyFpW8OoJH_Ekxm4KXlMg,35,40.06560138623609,-75.0224283424736,Directed Camera,0,0.41,"[542, 184, 550, 193]",philly_surveillance
xzL_BrUBHRRd5ly8fnphDg_99.jpg,xzL_BrUBHRRd5ly8fnphDg,99,39.9893903086847,-75.17712284426737,Dome Camera,1,0.4438,"[177, 231, 187, 237]",philly_surveillance
y9Yeq2EtkAo936sfaYtkAw_357.jpg,y9Yeq2EtkAo936sfaYtkAw,357,40.00557583637796,-75.10272277805471,Dome Camera,1,0.9576,"[242, 142, 254, 157]",philly_surveillance
yA6XUkmXSCugxLpugUJiKw_279.jpg,yA6XUkmXSCugxLpugUJiKw,279,40.00169807145938,-75.17116797530251,Dome Camera,1,0.4228,"[310, 259, 319, 270]",philly_surveillance
yBDocnshbY1QJZ_y424r8Q_137.jpg,yBDocnshbY1QJZ_y424r8Q,137,39.93021949082006,-75.23052324913913,Dome Camera,1,0.4459,"[419, 239, 432, 251]",philly_surveillance
yIZqtG7gw87ctnEJiHwhfw_240.jpg,yIZqtG7gw87ctnEJiHwhfw,240,39.96892567125499,-75.13832170288049,Dome Camera,1,0.8946,"[482, 226, 491, 235]",philly_surveillance
yRpDT7d0pio9bLEDuv9YXA_145.jpg,yRpDT7d0pio9bLEDuv9YXA,145,39.98923485418761,-75.09770485382921,Dome Camera,1,0.8522,"[114, 148, 130, 159]",philly_surveillance
yRpDT7d0pio9bLEDuv9YXA_145.jpg,yRpDT7d0pio9bLEDuv9YXA,145,39.98923485418761,-75.09770485382921,Dome Camera,1,0.5665,"[121, 149, 132, 159]",philly_surveillance
yiJMRLYS90j4EQ2Vz_vk2Q_233.jpg,yiJMRLYS90j4EQ2Vz_vk2Q,233,40.03185441979097,-75.02235274898166,Dome Camera,1,0.733,"[154, 278, 163, 288]",philly_surveillance
ynMRmoP3k4piKEFUhyUbZw_9.jpg,ynMRmoP3k4piKEFUhyUbZw,9,39.99259525297956,-75.1745666376993,Directed Camera,0,0.6461,"[115, 242, 130, 255]",philly_surveillance
ypY4m944_fAY0rWwPYxWyA_162.jpg,ypY4m944_fAY0rWwPYxWyA,162,40.00954877567482,-75.07786370978735,Dome Camera,1,0.4696,"[41, 231, 49, 236]",philly_surveillance
z0TRvHvkij55vQTk7sP-ng_28.jpg,z0TRvHvkij55vQTk7sP-ng,28,39.92193271675251,-75.2176249030658,Dome Camera,1,0.8348,"[40, 221, 46, 228]",philly_surveillance
zFKFnDtyOCqMqBNSQ_KAJA_307.jpg,zFKFnDtyOCqMqBNSQ_KAJA,307,39.98632303760527,-75.13183292272072,Dome Camera,1,0.704,"[252, 267, 259, 273]",philly_surveillance
zIe16jMM-4Bj73y-2WSR6A_270.jpg,zIe16jMM-4Bj73y-2WSR6A,270,39.9381137779219,-75.19860506862847,Dome Camera,1,0.6986,"[237, 166, 243, 173]",philly_surveillance
zLCAfeIDm5LFcoPUIKtZeg_16.jpg,zLCAfeIDm5LFcoPUIKtZeg,16,39.93269670297641,-75.20320306402465,Dome Camera,1,0.6634,"[260, 223, 272, 234]",philly_surveillance
zZpRYbq7jyH-o6j3XXtIsQ_324.jpg,zZpRYbq7jyH-o6j3XXtIsQ,324,40.00064439004232,-75.104698879626,Directed Camera,0,0.9138,"[460, 230, 469, 239]",philly_surveillance
zaUa2PlgLP9T4l9oZ9mpTw_100.jpg,zaUa2PlgLP9T4l9oZ9mpTw,100,40.01046949762651,-75.13618656894239,Dome Camera,1,0.6823,"[170, 250, 175, 257]",philly_surveillance
zbiUmMyC0jK9FkcWOaDmzg_305.jpg,zbiUmMyC0jK9FkcWOaDmzg,305,40.0745842635761,-75.17613315741572,Dome Camera,1,0.8018,"[82, 242, 91, 249]",philly_surveillance
zcQRjG95I6c6wDh9Qy0g5Q_305.jpg,zcQRjG95I6c6wDh9Qy0g5Q,305,40.05046740299449,-75.06574236407684,Directed Camera,0,0.9372,"[118, 275, 136, 286]",philly_surveillance
zqRnbgbdFvp8I15_ZuwsAg_279.jpg,zqRnbgbdFvp8I15_ZuwsAg,279,39.94897979567292,-75.23537553239967,Dome Camera,1,0.7064,"[486, 86, 494, 93]",philly_surveillance
zqwAtnK5Ia0PP1tGusEFAQ_38.jpg,zqwAtnK5Ia0PP1tGusEFAQ,38,40.04746204651497,-75.15984219126982,Dome Camera,1,0.7025,"[41, 268, 50, 275]",philly_surveillance
zrUTNc1ukjQt54qqPA098w_47.jpg,zrUTNc1ukjQt54qqPA098w,47,39.98603791104684,-75.17652180149909,Directed Camera,0,0.8123,"[469, 249, 481, 259]",philly_surveillance
4fc2ZVKpb5iBnc1lNItdPg_0.jpg,4fc2ZVKpb5iBnc1lNItdPg,0,39.9228756365638,-75.03956022554051,Dome Camera,1,0.578315,"[298, 194, 317, 213]",alpr
4fc2ZVKpb5iBnc1lNItdPg_90.jpg,4fc2ZVKpb5iBnc1lNItdPg,90,39.9228756365638,-75.03956022554051,Dome Camera,1,0.886925,"[275, 244, 290, 252]",alpr
5SQSUEFJqAGBB7OO1fGlpQ_90.jpg,5SQSUEFJqAGBB7OO1fGlpQ,90,39.9175189539818,-75.25437618554565,Dome Camera,1,0.418857,"[137, 130, 149, 153]",alpr
GV1m563_Mp37U2YPZvNqFA_90.jpg,GV1m563_Mp37U2YPZvNqFA,90,39.94394538603206,-75.02844245736972,Dome Camera,1,0.403508,"[470, 250, 480, 255]",alpr
H9VEd7RXJA28LCvwkSC_3Q_0.jpg,H9VEd7RXJA28LCvwkSC_3Q,0,39.89429078109296,-74.96788225215792,Directed Camera,0,0.969999,"[192, 162, 208, 170]",alpr
LmchcsKF6z3pL5MR7Nql7w_270.jpg,LmchcsKF6z3pL5MR7Nql7w,270,40.01732622631302,-75.14944087479591,Directed Camera,0,0.555432,"[327, 239, 336, 247]",alpr
Tqp-CZrQnh78bwOjSdbo0A_90.jpg,Tqp-CZrQnh78bwOjSdbo0A,90,39.94888756265101,-74.98496866589794,Dome Camera,1,0.924039,"[279, 207, 289, 220]",alpr
UoXLYgwe2s1A7FW-buvqPg_0.jpg,UoXLYgwe2s1A7FW-buvqPg,0,40.04382051380014,-74.95835343904879,Dome Camera,1,0.601371,"[199, 260, 204, 267]",alpr
Wh6TA8mK0grjMLprF11l-w_0.jpg,Wh6TA8mK0grjMLprF11l-w,0,39.90137094938027,-75.065422426063,Dome Camera,1,0.781521,"[140, 106, 163, 121]",alpr
Wh6TA8mK0grjMLprF11l-w_0.jpg,Wh6TA8mK0grjMLprF11l-w,0,39.90137094938027,-75.065422426063,Directed Camera,0,0.718576,"[12, 241, 18, 249]",alpr
ZNnFjaeNna3i9cHslb50lQ_90.jpg,ZNnFjaeNna3i9cHslb50lQ,90,40.02981330259841,-75.09912271550603,Dome Camera,1,0.487651,"[614, 204, 626, 215]",alpr
_RuAUCiuglfF2EZZ0ZVXlA_270.jpg,_RuAUCiuglfF2EZZ0ZVXlA,270,39.98404954290625,-75.15286236370171,Dome Camera,1,0.817736,"[532, 169, 544, 183]",alpr
_RuAUCiuglfF2EZZ0ZVXlA_270.jpg,_RuAUCiuglfF2EZZ0ZVXlA,270,39.98404954290625,-75.15286236370171,Dome Camera,1,0.814606,"[186, 223, 197, 236]",alpr
_lLyzReuF3Pzj6njWW1DDA_180.jpg,_lLyzReuF3Pzj6njWW1DDA,180,39.98254881499179,-75.15175682110134,Dome Camera,1,0.746562,"[133, 202, 144, 214]",alpr
c5Z4pvIoTQONkbzK7dH8SA_0.jpg,c5Z4pvIoTQONkbzK7dH8SA,0,39.8753360200583,-75.26210928868517,Dome Camera,1,0.630219,"[338, 120, 348, 129]",alpr
c5Z4pvIoTQONkbzK7dH8SA_270.jpg,c5Z4pvIoTQONkbzK7dH8SA,270,39.8753360200583,-75.26210928868517,Dome Camera,1,0.423349,"[431, 120, 439, 128]",alpr
eXG2-xAXtT-2SMxaJEfDCQ_90.jpg,eXG2-xAXtT-2SMxaJEfDCQ,90,40.12024749574418,-74.97925609669018,Directed Camera,0,0.646629,"[201, 191, 208, 197]",alpr
gOUAwU9pZuj1rCHBLMFQ6g_0.jpg,gOUAwU9pZuj1rCHBLMFQ6g,0,39.99180444687287,-75.15593391788994,Dome Camera,1,0.401009,"[130, 171, 137, 184]",alpr
h_7h7zq5m0okgFYvG_eqWQ_0.jpg,h_7h7zq5m0okgFYvG_eqWQ,0,40.07437034226975,-75.15381318469416,Directed Camera,0,0.90064,"[107, 200, 131, 220]",alpr
iS4oU1f54MiMCTDeSpdVcA_0.jpg,iS4oU1f54MiMCTDeSpdVcA,0,39.97831959887646,-75.22351763996811,Dome Camera,1,0.594085,"[131, 83, 140, 89]",alpr
jEaEdHT4pk-sG9jOYSdU1A_90.jpg,jEaEdHT4pk-sG9jOYSdU1A,90,39.96208457889877,-75.16807668000448,Directed Camera,0,0.522469,"[53, 259, 63, 272]",alpr
kHzSoUwB1nF3ifyyw5sLcA_270.jpg,kHzSoUwB1nF3ifyyw5sLcA,270,40.02753688164626,-75.19224584958307,Dome Camera,1,0.592084,"[439, 180, 448, 189]",alpr
kUrXrXVO06lbeEETw25EsA_270.jpg,kUrXrXVO06lbeEETw25EsA,270,39.89486612862287,-75.10136357581811,Directed Camera,0,0.683131,"[438, 84, 449, 94]",alpr
mJedU6mDToIkKY8H7mDleg_0.jpg,mJedU6mDToIkKY8H7mDleg,0,40.01592654140443,-75.21477189322901,Dome Camera,1,0.824305,"[179, 202, 194, 213]",alpr
s3EKI0qkuJzfqG46P6dbtg_270.jpg,s3EKI0qkuJzfqG46P6dbtg,270,39.90170271077617,-75.06533954508015,Dome Camera,1,0.556773,"[332, 213, 340, 220]",alpr
wc1eDQUrZqJ6bbayrl2Txw_270.jpg,wc1eDQUrZqJ6bbayrl2Txw,270,39.90594377727898,-75.04388368787274,Dome Camera,1,0.883643,"[111, 101, 123, 117]",alpr
wc1eDQUrZqJ6bbayrl2Txw_270.jpg,wc1eDQUrZqJ6bbayrl2Txw,270,39.90594377727898,-75.04388368787274,Dome Camera,1,0.654692,"[154, 40, 171, 61]",alpr
